{"type":"FeatureCollection","features":[{"type":"Feature","properties":{"id":"15-436","name":"Saiha","source_name":"Saiha","state_id":"15","source_agency":"Survey of India (SOI)","district_code":"267"},"geometry":{"type":"MultiPolygon","coordinates":[[[[93.10946719318537,22.540812175128348],[93.10924246160955,22.536642845545792],[93.11185067442648,22.535177173005003],[93.11228982248028,22.53237761540146],[93.10730105669958,22.528732395808223],[93.10655038678622,22.527025056474717],[93.10740502749333,22.525582970563864],[93.10958781917422,22.524732479962093],[93.11499774363455,22.525763131896383],[93.11806986094074,22.52535109640243],[93.12509320243726,22.525494813670598],[93.12820711661023,22.523653354780883],[93.1279771469539,22.520061425052738],[93.12650201103018,22.51527035929185],[93.1237323974495,22.51036499615469],[93.12378500747643,22.508379826337162],[93.12499526547882,22.503575918174363],[93.12652672587053,22.500576237693988],[93.13039158600547,22.496186897702344],[93.13337512108122,22.493872621422266],[93.1345600453077,22.491751905962357],[93.13454429445615,22.489987068059538],[93.13300549321183,22.488922532870887],[93.13294550767712,22.486266730486076],[93.13400207419389,22.482079810277792],[93.13170751229381,22.47711368990906],[93.13247481882863,22.47366247081419],[93.13091095551967,22.46910100979207],[93.13197014091806,22.465379511858153],[93.13568291104076,22.462492394929562],[93.13700854084954,22.45960790688755],[93.13811420092225,22.455439604925154],[93.13927109195342,22.454034165531297],[93.14556633249202,22.453764609152586],[93.15089993470411,22.45454869064492],[93.15462116857377,22.453315597384638],[93.15870389750636,22.453387859707885],[93.16126187550002,22.451794824638437],[93.16346904975389,22.45129824569069],[93.1665726319068,22.44717658995196],[93.16755565360288,22.444221647718695],[93.16912876688563,22.442757515683986],[93.17343055782858,22.441034771065045],[93.1760918487865,22.440945368265595],[93.17773402807877,22.43938983088954],[93.1786010455981,22.43640587637198],[93.17764219933372,22.434645311565436],[93.17811168772788,22.432802115278545],[93.18114272310241,22.430926822729436],[93.1823239936042,22.42927227628564],[93.18529009962279,22.428153074928517],[93.1857280012908,22.4240051948534],[93.18336488120886,22.423158710766607],[93.18153622782984,22.418867326958683],[93.18355024209771,22.409464712327082],[93.18636189026067,22.40711101343428],[93.18748136650302,22.404194189542604],[93.18692285024103,22.402468371098063],[93.18432886824307,22.401941666406827],[93.1833994882316,22.398116828788687],[93.18162147114238,22.395312555024173],[93.18421257390474,22.39231821778825],[93.18480819889159,22.390894595318986],[93.18505538514366,22.387171252777705],[93.18899862244639,22.384443958099986],[93.18977209090278,22.382694162682515],[93.18607053159162,22.38103610556501],[93.18498422861585,22.378962321584407],[93.18354381320381,22.37435942295722],[93.183605614131,22.371012703281632],[93.18702530728834,22.367708076376406],[93.18800538199616,22.365493102233657],[93.18667720397474,22.359883318811363],[93.18729600595931,22.35661259314786],[93.18690896147275,22.350833398945095],[93.18813014303393,22.34510658257784],[93.18607701457614,22.34199267933599],[93.18596688093936,22.339463315719726],[93.18760934287162,22.337824007533857],[93.19165016613894,22.335828721433952],[93.1951430105834,22.332746839623116],[93.19667736606984,22.32875557890584],[93.19634821032786,22.327333952336957],[93.18926315028871,22.32354047926174],[93.18956686629399,22.320444032762506],[93.19432900541354,22.31709635938461],[93.19574835749464,22.314324530919098],[93.1949890550262,22.312729518350054],[93.19075230183252,22.310442859467845],[93.19058868518955,22.30878577408264],[93.19269587710411,22.306825772805087],[93.19553603394762,22.303126047495212],[93.19412590799377,22.30120495863485],[93.19120572508378,22.30267137925038],[93.19006391264398,22.302503213938646],[93.18987856182159,22.30004014274026],[93.1924094470273,22.297419861315433],[93.19407187626085,22.296605824386962],[93.19725020436957,22.296358523570497],[93.19886007896193,22.29513236092307],[93.19929200658495,22.293077171173138],[93.19740986399741,22.291071271132807],[93.1952446335248,22.291320699308006],[93.19368243094992,22.29061801920765],[93.19405620512454,22.286175032840877],[93.19642964673115,22.28172415837835],[93.19737744059337,22.278771349620406],[93.19729119456974,22.272706387703497],[93.19805411669343,22.269689645009226],[93.2005745365974,22.2666669199786],[93.20204162790222,22.263974944143488],[93.20178944896887,22.262566381790315],[93.19927143031673,22.261474472167837],[93.19806123560429,22.260214273271494],[93.19927916710196,22.256403273217742],[93.1973864920069,22.255002488945244],[93.19275601521649,22.25460424152255],[93.18736487580524,22.251638044289244],[93.18626763516168,22.25047932960783],[93.18130174317783,22.24886687052977],[93.17761910810515,22.245724969000843],[93.17564880828364,22.24553952336748],[93.17106619593194,22.24649781952603],[93.16755832398199,22.2460764599141],[93.16653880895227,22.246710438972155],[93.1645888838278,22.24977901522697],[93.16003412659816,22.2492636929219],[93.15652974481387,22.247578921135343],[93.15182316241687,22.247481952244794],[93.14958398550789,22.2495311499234],[93.14548954579624,22.248601980906553],[93.14209542864899,22.24546408947293],[93.1418322229767,22.2431054785112],[93.14357036939788,22.239306303508734],[93.14221049469339,22.236240431948275],[93.13981719576299,22.235607322264702],[93.14074167870896,22.233498117910145],[93.14740005495973,22.229340347871787],[93.14896573699613,22.224868326021078],[93.15017883253145,22.222706423766233],[93.15089786240785,22.21950275201186],[93.15222852328814,22.217101130129446],[93.15202359224503,22.215722022948444],[93.14884576331659,22.213264875438206],[93.14864429730773,22.211706377788044],[93.14996455451269,22.210520011101963],[93.15343667535156,22.208998404187035],[93.15458005420105,22.20563184829947],[93.15786328408376,22.20053014102996],[93.16060649471022,22.19881690280031],[93.16148563966337,22.19514685318411],[93.16040052071067,22.192090374939333],[93.15783498489567,22.189196512003402],[93.15696634073043,22.187125540423633],[93.15751533584722,22.185933315957357],[93.15563992064938,22.184710626292624],[93.15586559215397,22.181533319477396],[93.15337385873258,22.178003523770407],[93.15082749217457,22.17626031873563],[93.14768854029407,22.176371673627706],[93.14584665878095,22.175024492117622],[93.14176464295932,22.175888921587333],[93.136819988492,22.175460709602827],[93.13509849383891,22.17429801109598],[93.1321402824917,22.174133387763614],[93.12943318739738,22.17325211853558],[93.12387415456256,22.17336461657669],[93.12251225569646,22.17525113818288],[93.12343568936572,22.178675662048136],[93.12323896704291,22.179928868921554],[93.12049480517308,22.18235211347375],[93.11957538554063,22.185265256129835],[93.1168916309626,22.1893403397517],[93.1144610765064,22.190677717492694],[93.11446262769049,22.19458244590218],[93.11329991781936,22.196515287013348],[93.11126438443188,22.203716277929892],[93.10682615161264,22.20242997793278],[93.10419603532073,22.201098914532814],[93.10353449234063,22.199837466775936],[93.09784523179933,22.19808058799912],[93.09247612399683,22.197721757961954],[93.08872239808157,22.196538540111057],[93.08490484883066,22.19823005265332],[93.08299739597273,22.199860565802172],[93.08030868459394,22.200054214064586],[93.07814969852426,22.201405258010897],[93.07598538205556,22.20171540982858],[93.07077295296082,22.20416287343827],[93.06775720657973,22.204649829006385],[93.06486015977357,22.20581859765029],[93.06343311717397,22.207315582922355],[93.06155389918571,22.20439987060484],[93.05797989645315,22.201432343584727],[93.05566628919556,22.200842464022035],[93.05334894282343,22.202393860948902],[93.05052338847497,22.20040743703224],[93.04724476980037,22.202492562535696],[93.0429630206358,22.19879422983703],[93.04354509374389,22.19729689563217],[93.04198324323107,22.195080813635848],[93.03930147384393,22.195573013339846],[93.03814612544507,22.193591187804984],[93.04184244322676,22.190520478813],[93.04195391091939,22.18943375661445],[93.04014198972452,22.18687838107631],[93.04214835926626,22.185263188833265],[93.04563597082976,22.178446742120947],[93.04810570045895,22.17515143883014],[93.04878572803997,22.173110234940587],[93.04823507377256,22.170559813200803],[93.04910015154542,22.168902209221116],[93.04813713824139,22.166940469671232],[93.04811467975499,22.16340137457218],[93.04756705921896,22.162257864536898],[93.04488324141303,22.161587289939764],[93.04282851265677,22.160281476362936],[93.04224166951825,22.158397944093164],[93.0445454009514,22.15724601370473],[93.04312361407382,22.155111255726442],[93.04121561152317,22.15068552791689],[93.03691343300981,22.148874380867372],[93.03719532732283,22.144378644489297],[93.04022425397592,22.144725102914126],[93.04031076157112,22.14308283256495],[93.04148306745842,22.142636438165173],[93.04359228486133,22.14351253916139],[93.0442276639156,22.14255443429158],[93.04190515801342,22.141487722363646],[93.03949313565016,22.138661466488323],[93.04220615854148,22.136475796202323],[93.0438635985873,22.137595356535563],[93.04520995405746,22.136527442284752],[93.04486460551476,22.134124049869992],[93.04940824260225,22.129550723715912],[93.05078955342215,22.12709800258733],[93.0539142809461,22.125306816914883],[93.0542913957879,22.121422777986407],[93.0564828632305,22.121632584300915],[93.05719572227623,22.120252245507636],[93.0564809698283,22.11860341148357],[93.05678697522669,22.11558668760713],[93.0580763805223,22.114266458226112],[93.05841479630863,22.112465729198732],[93.05776215903086,22.11007749002084],[93.05886172693643,22.107169105101196],[93.05779150614089,22.10304184269203],[93.05956656847141,22.101727466197655],[93.05905609355756,22.10034400158488],[93.05761918728324,22.100817095136886],[93.056074649801,22.09997713019103],[93.05505377325066,22.100706168337183],[93.05301505141485,22.099407879817225],[93.04944748819767,22.09907869675951],[93.04735292852155,22.098140680807415],[93.04433544355255,22.099208612892685],[93.04054357585397,22.09931564755088],[93.03851320526596,22.10032150834326],[93.03521596448547,22.09995601086552],[93.03302184874912,22.100671859047857],[93.0270667418328,22.101100153309062],[93.02533472758208,22.101816716627475],[93.02346548574033,22.100915804302723],[93.01940161808278,22.101139689999957],[93.01617326967468,22.10231022667605],[93.01367068293209,22.102387588032844],[93.01082494024378,22.103803314183494],[93.00771584817464,22.104638759923915],[93.00481231331557,22.104229287069558],[93.00426613931234,22.09997030135415],[93.00623693199921,22.09772197932317],[93.00660622927657,22.094670506322966],[93.00959229385958,22.09325813607225],[93.01107892940675,22.09133152764424],[93.01162551607575,22.088395579087866],[93.00872025868338,22.084755940913492],[93.00845311163356,22.080791307066114],[93.00518230606427,22.08002848621581],[93.0053168726858,22.077159539651262],[93.00368256641013,22.074487067024272],[93.00557842681347,22.07371854097167],[93.00659640030437,22.070960682408277],[93.00363114230923,22.069054624968746],[93.00140427461886,22.066814447316116],[93.00144881049145,22.065236004217777],[93.00286536830912,22.06308330206596],[93.00126583890494,22.06092583912621],[93.00186545996968,22.05790945213867],[92.99750514654909,22.054345157856392],[92.99808104619525,22.051955453079994],[92.99573998310642,22.047608740494358],[92.99635315198422,22.046455985935886],[92.99588035390668,22.04401500353006],[92.99484126887488,22.042653549008925],[92.99501355339342,22.039166132761835],[92.99714452950556,22.037714261028324],[92.99708540836323,22.03458440212089],[92.99481351304105,22.032192372392004],[92.99560815530396,22.029911042408408],[92.99907963696542,22.02524026639112],[92.99936386987379,22.023339391860745],[93.00162479055429,22.020890061735972],[93.00426762474048,22.017045633269177],[93.00445303443752,22.013494219707912],[93.00296213540797,22.008615841493214],[93.00181169206454,22.00678965942346],[93.00270379747784,22.005551109485914],[93.00275706620953,21.99692365089064],[93.00448851125203,21.993601900077863],[93.00511765179678,21.98681174838093],[93.00744316090548,21.98240085367786],[93.00324755099243,21.981885268825447],[92.99850591679466,21.97954482740559],[92.99382301942688,21.977801495404968],[92.99067486706278,21.979177847387536],[92.98780217015232,21.979306233981703],[92.9859132333923,21.980095279191794],[92.98292254441567,21.97904906881692],[92.98056133806736,21.980058241018188],[92.98032505097814,21.981948443735735],[92.97880976427672,21.983966997166814],[92.9780418145825,21.989142090938],[92.97892702516262,21.991784807860725],[92.97819840418502,21.99688649469445],[92.97661446587938,21.998675403409425],[92.97353996965366,22.000435360813785],[92.97390822257616,22.001008496912178],[92.97213132266582,22.003813437770827],[92.97237015758594,22.00608027457245],[92.96958919263044,22.007252489462854],[92.9681881713566,22.00670760960786],[92.96745232473056,22.00928654682677],[92.9649952709758,22.010794058077472],[92.96467154023068,22.014952412634436],[92.96349587883431,22.016185103303297],[92.96395491496052,22.017701629533487],[92.96075178889868,22.021713446112635],[92.9617855883263,22.02353757471593],[92.96097911758135,22.02565845127938],[92.95702838486702,22.02944451491542],[92.95462476640331,22.02998616393505],[92.95224920533433,22.029710341300753],[92.95038017166627,22.02694717018775],[92.94762374901397,22.02524109446589],[92.94676909154614,22.02246402775],[92.94534593720816,22.021025921500545],[92.94213601258443,22.020055265641403],[92.9425158379779,22.0176400676607],[92.94070982560349,22.016821837712417],[92.94113500125808,22.01441806662345],[92.93953553915986,22.01352914179582],[92.93748100115471,22.014278601592526],[92.93553340852898,22.015922251125733],[92.93333355556695,22.015978593614758],[92.93076042044669,22.017568529771925],[92.9272457675081,22.015636109280397],[92.92854860727626,22.01211143426079],[92.92922900535527,22.008384410621556],[92.93245184472043,22.01065151633854],[92.93575713970377,22.010014725293885],[92.93505148339504,22.008318438192187],[92.93589702495001,22.006527665069775],[92.9333356148665,22.00126138938719],[92.9299479514993,21.997393254145255],[92.92996910245348,21.995921500922694],[92.92781726351569,21.995500147324492],[92.92642411973857,21.994333642625655],[92.92380080226582,21.994160524171946],[92.9218337066227,21.993261329034343],[92.92074819400518,21.99182731559445],[92.9217427520252,21.990728710126216],[92.92013429827682,21.989973003729954],[92.91952509334395,21.987943523357256],[92.92032640475114,21.986100400887928],[92.91881036043368,21.98123660765978],[92.91710995676937,21.981396816896392],[92.91534114058994,21.97895521507818],[92.9140349570545,21.975462768992216],[92.91293127781904,21.97028237812394],[92.91343459056004,21.967364308345587],[92.91156129602541,21.96595059073101],[92.9115807125858,21.96433806640313],[92.91293396059834,21.965523029408843],[92.91323563248835,21.96403791605087],[92.91135669052242,21.960957703105823],[92.91190535294501,21.955511746766756],[92.91115777978735,21.953642598049814],[92.91146034534898,21.95079448856952],[92.90950235824403,21.94694261385324],[92.90593939316938,21.943614933368906],[92.90711753140484,21.943491316314212],[92.9057570523585,21.940269900905655],[92.90301141950127,21.94074626159316],[92.90116353689719,21.94693814054229],[92.90152914533616,21.951888844816605],[92.89880820682741,21.955954808498014],[92.90052144632294,21.957622442903485],[92.9003764102457,21.960088051920376],[92.89893994544703,21.963317472549534],[92.90035335344234,21.964025494452546],[92.89926646325962,21.96534373032247],[92.89862715177695,21.97149802394577],[92.89700727399946,21.97298795955532],[92.89794937998963,21.973791292171335],[92.8977609385331,21.979773810683998],[92.89665300805586,21.981684542389175],[92.89685690789942,21.98321376956158],[92.89539678338315,21.990590833319505],[92.89414130679616,21.99819736590782],[92.89450613760444,22.00334790953618],[92.89388144908384,22.00507134439317],[92.89203554916324,22.00631091964648],[92.89133044935026,22.011252736659387],[92.88913296707608,22.01266063753377],[92.88293958173473,22.013783883868978],[92.87864356845891,22.015053715668635],[92.87872355409922,22.018911494194434],[92.87999024807162,22.021705067585174],[92.87908365023767,22.022175318106388],[92.87574546505252,22.021153677681074],[92.87167166668934,22.022664496721713],[92.86859748945432,22.02245872591718],[92.86766621918186,22.023465107267004],[92.86506479661492,22.023692212735824],[92.86388957052426,22.026753320506092],[92.86388717821413,22.034515818171474],[92.86473492222692,22.035579608515462],[92.86444115363739,22.038095191562356],[92.86516470855605,22.043162762794772],[92.8652509078545,22.0467086253101],[92.86592545378059,22.0515631172987],[92.86451425494324,22.05369735158686],[92.86301983050951,22.05796217002729],[92.86352980714318,22.062364373235926],[92.86187580788483,22.062708566973765],[92.85869858503243,22.06704339789607],[92.85513189190456,22.065705219222615],[92.85237407763611,22.066328632641962],[92.85020022932319,22.062614492476254],[92.84796369467122,22.06668706171732],[92.84733204505639,22.071297742720297],[92.84645707308214,22.0742649131011],[92.84604236635484,22.08190717545351],[92.84648884984284,22.08889102678001],[92.84467400943369,22.10065968654715],[92.84283552186805,22.106569403210063],[92.84266072589318,22.109928999227524],[92.84130742656438,22.114893538884356],[92.84021108753812,22.12113449791682],[92.84168883116345,22.12618816382135],[92.84286157201778,22.12836237943007],[92.84381300263627,22.134715133135035],[92.8430101128,22.141362326453706],[92.84191185454793,22.144650166926628],[92.84153548143249,22.147454466411116],[92.84208272204114,22.1500866092295],[92.8413320162084,22.153204035404766],[92.83978690484655,22.15641796307571],[92.83937890960885,22.160723011331918],[92.84027270034333,22.167612113888993],[92.83948977058806,22.171036726400924],[92.83936585251972,22.175311417681748],[92.83787436332534,22.180044341198247],[92.8369340934695,22.187732280518954],[92.83838318803022,22.1920712875763],[92.83853856259793,22.19646531431832],[92.83820461269111,22.200224165397955],[92.83596023338234,22.20555300718067],[92.83591106519026,22.208735793040642],[92.83520948895917,22.215731142417276],[92.8365023478015,22.22079680967327],[92.8368383050247,22.22409785516671],[92.83614286244743,22.232273965845412],[92.83447236960086,22.24207470271687],[92.83328583304113,22.245127419106346],[92.83208622849375,22.250880788177884],[92.82962472548721,22.25594091231518],[92.83296507534835,22.263837098724327],[92.83503280629554,22.26683316108606],[92.83483593552876,22.269516021381257],[92.83384731714087,22.27142800832311],[92.8318478735989,22.27189526146803],[92.8306912625204,22.273526615137452],[92.83055998514972,22.27564432148351],[92.83204079438406,22.280064205544477],[92.83300487365291,22.284435105210207],[92.83249596539412,22.286672760828637],[92.83292415053342,22.288755915206604],[92.83578634205138,22.289555228800257],[92.83650105409262,22.291757498074542],[92.83178195584607,22.297099786101814],[92.829775819033,22.3008746467597],[92.82685777774131,22.303351400253902],[92.82343076009701,22.305567328668317],[92.82243237684149,22.307016406291325],[92.82287047272973,22.30993103410264],[92.82558164028332,22.312299010848974],[92.82620561605097,22.317598455622043],[92.82240662309496,22.3211955565753],[92.8207960776041,22.324077367530453],[92.82139841122196,22.32921758900081],[92.82288259915134,22.332602131677014],[92.82528273607863,22.33389114662204],[92.82796682696943,22.3333185679548],[92.83310475860628,22.330501466371302],[92.8376818003359,22.32918810220654],[92.84114295438718,22.330175474798207],[92.84394493118361,22.33001495924569],[92.84475352991159,22.32600171158229],[92.84800944732417,22.321714861772048],[92.84867181181133,22.319600665297337],[92.85007083971,22.319002069843663],[92.85312502730183,22.319478706762997],[92.85526949548347,22.322256418335897],[92.85758369135145,22.32158013608793],[92.85944639155551,22.319718058715395],[92.86196057079268,22.322562945126133],[92.86286390478024,22.326254130238596],[92.86568780939152,22.33176440601164],[92.86756526434213,22.333601434963825],[92.86903227077877,22.337297392901885],[92.86896757233437,22.34094456759287],[92.8731913512195,22.347996347396602],[92.87609805159983,22.354821803825832],[92.88023094320201,22.359089659292035],[92.88773947267082,22.3641089467928],[92.89050842543357,22.365000983776035],[92.8951127353192,22.368638466791904],[92.90465057361865,22.37401622328684],[92.90918896852098,22.38104654421372],[92.9131178644136,22.385098980428335],[92.91954561271781,22.39094673213995],[92.92455166337537,22.393986245066415],[92.9280046794392,22.39567770836835],[92.93198703498236,22.396481821796577],[92.93575534506657,22.39468713443056],[92.93795632862329,22.39192639874115],[92.93758110972466,22.390560766868518],[92.93460374747443,22.38830520266296],[92.93160210377012,22.384883524657315],[92.93165747702699,22.383208427049034],[92.93382896958128,22.38005594877081],[92.93985845251972,22.374617502305853],[92.94328620319321,22.373388180475928],[92.9500647179069,22.37298617876905],[92.9535558897174,22.372178132323192],[92.95726999348457,22.373955650948606],[92.95907503937863,22.377809383771258],[92.95926780982586,22.380802076783407],[92.9623576315565,22.38731941396738],[92.96508359836243,22.391399869091362],[92.96529951597108,22.39356954597882],[92.96302874721614,22.39773133072728],[92.95968599405134,22.39867623950858],[92.95752116308306,22.398711996531542],[92.95387799937458,22.39992944136366],[92.95111120137234,22.40212241026401],[92.95014143828247,22.403554888522493],[92.94295691533505,22.421364887483566],[92.94219530985367,22.429056044713487],[92.94013674307486,22.435126331142552],[92.93724749510376,22.441048737369677],[92.93762278515935,22.444784520039068],[92.9360287708697,22.450468929459976],[92.9358881739945,22.45249341775475],[92.9346175570787,22.45736442506137],[92.93567915407056,22.46007208462061],[92.93933498052712,22.46183795899752],[92.9436201840757,22.46300631208599],[92.9442860377517,22.465700921031644],[92.94374952202419,22.467861458590967],[92.94109243079431,22.471332938873537],[92.93946775242945,22.475201721468203],[92.93667699708067,22.477772373176187],[92.93520135081754,22.477474909172418],[92.93264674764691,22.47872020846199],[92.9313463156785,22.48060045385537],[92.93080020804256,22.48587870779799],[92.93234376995012,22.491123340939303],[92.93320924496221,22.496410518574756],[92.93374344973091,22.503408001723514],[92.93451392975955,22.505714454240604],[92.93462492764506,22.50843924225515],[92.93623895149145,22.512185328365717],[92.93566369287694,22.51539998733736],[92.93463954491077,22.517628499161955],[92.93422975024292,22.52047230950741],[92.93529910852375,22.523825920049454],[92.93800787855123,22.528508039617456],[92.9378779588019,22.533042009085612],[92.93874326828947,22.536945785217267],[92.93500723061959,22.54427002626351],[92.93119637896939,22.548562845496487],[92.93079395343037,22.550845001066072],[92.93104574715676,22.55555798637417],[92.93162048437814,22.55872526135022],[92.93270280604739,22.560424912221126],[92.93484949009573,22.561221143553496],[92.93889581932811,22.564028909540188],[92.94047291725205,22.56584394148731],[92.94218479374169,22.570759176913008],[92.94500173823,22.57493465113851],[92.94513926247393,22.577946246848917],[92.94466903840618,22.58106188570623],[92.9472286516932,22.585259995920612],[92.94793496170134,22.588027584380903],[92.94614681228362,22.59062460440748],[92.94602600096135,22.59206944776411],[92.94733568458831,22.595694646030772],[92.95009465532729,22.599237899286003],[92.95094236442466,22.602289810652483],[92.94934935396918,22.606507693294105],[92.94899549737444,22.608828658600693],[92.94894110052346,22.616673086503717],[92.94965247524408,22.619511431752354],[92.94935737873001,22.622590895823734],[92.94995251631015,22.62611700061187],[92.95167653362581,22.628750827291444],[92.95492346513605,22.626552747985606],[92.9584049241339,22.62688369110791],[92.96192017246732,22.630933205910146],[92.96221842109884,22.633560894913444],[92.9682642103832,22.63325970479191],[92.97051569966729,22.63241863730735],[92.97248445444666,22.63067465960707],[92.97609284260206,22.629746938238693],[92.9778742467566,22.631484218592867],[92.98123241243141,22.630947098047358],[92.98228624741074,22.632027820179186],[92.9873587740226,22.634410805579012],[92.98862787693965,22.63415697179431],[92.98928786842012,22.6319557286161],[92.9866981881755,22.626241233451307],[92.98538065244493,22.62621957494949],[92.9837153188509,22.62424312135626],[92.98088554385504,22.6187675825926],[92.97926933033506,22.616632906825057],[92.98031133952068,22.614957114821785],[92.97908193543437,22.612984729852382],[92.97991145484858,22.610008698769253],[92.97927072413017,22.608320426112368],[92.9813251441537,22.604727361494305],[92.98442937828312,22.603580714196838],[92.98925278131993,22.60273769852575],[92.9915956969986,22.6016570065042],[92.99527012002261,22.59913941321856],[92.99599337852575,22.59757663573411],[92.99480979048782,22.59522505889959],[92.99303892523571,22.594174262949647],[92.99055875093492,22.590789575578036],[92.99043282200726,22.58835596355963],[92.99115617701658,22.587023427074627],[92.99326606419348,22.586462125420933],[92.99519925481849,22.584004482306696],[92.99300780060831,22.57378811818586],[92.99382202446128,22.57359110965092],[92.99887393104777,22.57003272946984],[93.00228110978412,22.56882327051559],[93.00541556266825,22.5663917272518],[93.01111747180714,22.56396651251457],[93.0153384286722,22.56320768955768],[93.01831101357561,22.56205189244721],[93.02144679400712,22.56227036708618],[93.02420563535435,22.55797033762356],[93.02760364131755,22.55472775433317],[93.02667845668518,22.548923947781134],[93.023259654996,22.54227922179438],[93.02157976532901,22.539802779133467],[93.02272417438769,22.535728747808946],[93.02152426522474,22.53399754468109],[93.02230625820741,22.532490954963645],[93.02291025790294,22.528137458449763],[93.02423534794036,22.523226243244356],[93.02219764615947,22.517754589981113],[93.02087774191428,22.51607911314422],[93.02296354652827,22.516597389463524],[93.02677606371702,22.516370020247695],[93.03020379685184,22.517306462396135],[93.03503662891603,22.519519597809566],[93.0454487733836,22.51939457555174],[93.04873403429013,22.51993070150246],[93.0517329234766,22.51854525441704],[93.05349878311807,22.518775147160564],[93.05549211875031,22.51795466600021],[93.06158412104539,22.5173362228442],[93.06945534708709,22.515012325924648],[93.07299433305025,22.515371899856856],[93.07366875144973,22.516253554653396],[93.07240080150855,22.518552546058533],[93.07257643996785,22.52393447245562],[93.07487687142802,22.525497974616968],[93.0747661277124,22.527841222060484],[93.07560021577746,22.52958682219101],[93.07564356317027,22.533049755617455],[93.07688167633965,22.535455909390024],[93.07666909515844,22.536688608751057],[93.07448178805195,22.53597645234717],[93.0738041328652,22.537969358086627],[93.07476971481161,22.540352121190786],[93.07752421921982,22.542649660047854],[93.07725197702331,22.544858782033025],[93.07923645268433,22.54766286552145],[93.08017678835505,22.553394188007612],[93.08108447083414,22.554278081055546],[93.08351589655942,22.55208905237012],[93.08495542531327,22.549863406801453],[93.08707523814898,22.548825514342038],[93.08877241311059,22.546586307564127],[93.09333739099759,22.545097472671333],[93.09743533411601,22.544254039383333],[93.09860223402977,22.542705535921986],[93.10065206436322,22.54170794416753],[93.10162327253418,22.542457762670313],[93.10602527513355,22.539424224621293],[93.10946719318537,22.540812175128348]]]]}},{"type":"Feature","properties":{"id":"15-437","name":"Serchhip","source_name":"Serchhip","state_id":"15","source_agency":"Survey of India (SOI)","district_code":"268"},"geometry":{"type":"MultiPolygon","coordinates":[[[[93.17982960338814,23.05697044974305],[93.17872006784846,23.05535401312925],[93.17566627258257,23.054053705741733],[93.17196303120873,23.050267136180288],[93.16981773002307,23.04740473141045],[93.1680434526439,23.046430582239662],[93.16231905511998,23.047962896677358],[93.15976934426625,23.04725152419363],[93.15945710347951,23.04398955249246],[93.15609191687102,23.043180603643087],[93.15279968442968,23.044190871056777],[93.15361758098032,23.04573475600076],[93.15188823988817,23.052964188764474],[93.14968997027891,23.05433620601533],[93.14379040857054,23.052593733220306],[93.1401520433552,23.053299410451537],[93.13953930441856,23.054234113224904],[93.14064943051467,23.05712001356154],[93.14035793158628,23.058874935104395],[93.13712066451134,23.060767014942556],[93.13514926966955,23.059968643594708],[93.13367187544607,23.05826982243548],[93.13332864489678,23.05387545591048],[93.13558665218778,23.04920080698892],[93.13487109276662,23.047706147670265],[93.13140933314084,23.046621101126444],[93.12709856502438,23.04426796069434],[93.12581260057061,23.040722720931445],[93.12587159194076,23.03530558634016],[93.12790682210625,23.03242364814191],[93.12826944997802,23.0307646610796],[93.12731133007945,23.027868416675293],[93.12527626866762,23.024270040334578],[93.1253565839737,23.018217141368876],[93.12413336645959,23.014297409271315],[93.12311976928542,23.012669919275197],[93.12358217380172,23.009151521735106],[93.12223321275833,23.0065202800741],[93.11983413969422,23.00944056818842],[93.11829523987973,23.010372801106378],[93.11581718449607,23.013338929520696],[93.1101151533579,23.01465667178275],[93.10886213739705,23.01638024324931],[93.10540125529707,23.018170018300328],[93.10251447056909,23.01911159484418],[93.09859595091083,23.02122042546657],[93.09498085268488,23.02409578998621],[93.09280144029226,23.02421990938883],[93.0888453699978,23.027516560698054],[93.08392924081049,23.028118072193212],[93.08089749208598,23.029172260037146],[93.07856914734195,23.03077219416148],[93.08077247940398,23.032998802878186],[93.08127651132224,23.034977016564024],[93.07758665220305,23.036878695093947],[93.07540134624571,23.037211990445012],[93.0726990231878,23.039845269015558],[93.06954987166957,23.04118270249234],[93.06796054584193,23.042933433222625],[93.06258007393923,23.04277624135157],[93.06026807788794,23.043894523917857],[93.05724385145368,23.04396789025173],[93.05271987078427,23.044766196634438],[93.04939254050059,23.045941679576764],[93.0467512163391,23.046201890649463],[93.04269950908218,23.047451656281783],[93.03846386914933,23.049807120474163],[93.03868930592034,23.05282596785205],[93.03977627850392,23.054899955959502],[93.03976434920982,23.058247715550614],[93.03847732435563,23.06269705310189],[93.03893813043624,23.064570951353396],[93.03806268104961,23.06649166354036],[93.03973769111785,23.067626859921198],[93.03908607267886,23.06833204452993],[93.04154633349718,23.070686577411262],[93.04105228506927,23.072410922123204],[93.04289796522147,23.07406935918538],[93.04158955414317,23.075482705996652],[93.04084713327704,23.07818462404533],[93.03757252968265,23.079235431056762],[93.03772079615379,23.080923476497787],[93.03594263182336,23.08183634125225],[93.03348510110206,23.081811940536436],[93.03001554950539,23.080257165646355],[93.02685754295435,23.080367290635287],[93.02477894320629,23.07924310355464],[93.0206298367065,23.079348018261044],[93.01644382678907,23.08109957143496],[93.01363595525943,23.08328274897407],[93.01264882681608,23.084839664824806],[93.00751708936227,23.087856240986763],[93.00428431250721,23.088058872154345],[93.00180467823891,23.08973073118232],[92.99802568391144,23.09132251299355],[92.99460227037017,23.09402132108827],[92.9916401940136,23.09444783452151],[92.99031834846615,23.095378836312424],[92.9909098862755,23.096601967832996],[92.9885406086097,23.09687901611286],[92.98788247562207,23.099113777066258],[92.98596882572168,23.100343703136136],[92.9845087285249,23.099333328143057],[92.98124171055656,23.10336275585617],[92.97896315780925,23.104420685246904],[92.9779150343099,23.106155065635598],[92.97584848569304,23.10705558231149],[92.9722194256079,23.10670929629698],[92.9696674676397,23.107848520945527],[92.96706963110918,23.10981847215778],[92.9648367669079,23.110135725161165],[92.96285139030252,23.112100763003962],[92.96427975589022,23.113651027199268],[92.96203287050913,23.114593421445818],[92.95984109575294,23.114382336663724],[92.95993485833809,23.1161160193204],[92.95760645884414,23.116031388946464],[92.95675820352784,23.11794161009924],[92.957594897066,23.12142672045649],[92.95738910542885,23.128641649521605],[92.95941832068418,23.134306856499933],[92.95774457477744,23.13560346242546],[92.95555287296413,23.136128251306012],[92.95701967680642,23.140032937999973],[92.95603040688474,23.14323899620205],[92.95710632296704,23.146457601144977],[92.95686369310528,23.149080873853805],[92.95494628900532,23.151601103348465],[92.9548161224876,23.15461259973913],[92.95605827722952,23.15812008232299],[92.95435625896258,23.16188630894031],[92.95327436755784,23.16579219233579],[92.94896403885551,23.16853014747485],[92.94120566057192,23.170578571274312],[92.93917909495183,23.170502587451587],[92.93673702183783,23.169379271058148],[92.93286124762257,23.173127963523307],[92.9323588177405,23.17455934786323],[92.93367898375261,23.178762266538794],[92.93360694968051,23.18185046801837],[92.93483814045604,23.184850489388154],[92.93202203002589,23.18784678124334],[92.93077189562005,23.187996187810437],[92.92942824235386,23.1864750265107],[92.92351386243185,23.186115633617916],[92.91906887405126,23.18778275101284],[92.91693623783816,23.189088048162215],[92.91543568861447,23.18447869664004],[92.91290531063153,23.181928330214888],[92.90768428432263,23.179771203947592],[92.90487366033324,23.177371977376378],[92.89917770078183,23.177536693626184],[92.89579516539237,23.178274780125005],[92.8912069860601,23.17695138388527],[92.88711944924522,23.174969574541784],[92.88499507972526,23.17184534699569],[92.88324684200663,23.170287750030177],[92.88035110651859,23.169678263231205],[92.87651287394934,23.170346369462415],[92.87509680683496,23.170012289548673],[92.87314832314301,23.172116109174187],[92.87110704204811,23.172910640728123],[92.87016924170156,23.175488586920025],[92.86871880730547,23.17579099161827],[92.86565712454698,23.174603338794366],[92.86257578047356,23.174065727636687],[92.86241088399959,23.176183438878514],[92.85779801096807,23.18500917820209],[92.85886917524496,23.189327856954016],[92.85506175740949,23.190305905370845],[92.85512024028299,23.192882717999804],[92.85423591714117,23.19449889782862],[92.85509471667642,23.19872496136142],[92.85634008826361,23.199321120545434],[92.8554945600674,23.202291774019994],[92.85711527289962,23.207438975611154],[92.85587418536971,23.20969621951552],[92.85690964145321,23.21017946843885],[92.85715825741657,23.21305998888136],[92.85844282163666,23.21382770345685],[92.85721158635242,23.21539418267826],[92.8573969865197,23.216689976004506],[92.85554040224935,23.218459517924316],[92.85335679074062,23.218657810213173],[92.8516092486493,23.220461498603143],[92.85189800802387,23.221592212131103],[92.85057122561788,23.223777156406207],[92.84791847322357,23.224273263756064],[92.8473608095405,23.227334219425828],[92.84531381063512,23.227604668499215],[92.84688168924859,23.228787901624656],[92.84590438265242,23.229726778560156],[92.84611385492585,23.23206552131659],[92.84439401391924,23.23267915472266],[92.84674345716421,23.23453076836037],[92.84481355659648,23.23496376836019],[92.84554585504259,23.237013674369994],[92.8413290409897,23.238800559606172],[92.84060042042094,23.240201911411788],[92.83660729170585,23.242071065035578],[92.83583108301403,23.244499159734346],[92.83383231652235,23.2447806882153],[92.83302085615384,23.245909156925272],[92.83169702097955,23.24520443638685],[92.82980098309848,23.245998448094248],[92.82700197768696,23.244381206664453],[92.82546361039536,23.242701151687406],[92.82256128307895,23.24303420825046],[92.81988972226502,23.240829953618526],[92.81786187799996,23.241370939656548],[92.81500564837074,23.237369621060683],[92.81758687820651,23.23392584514975],[92.8165035389963,23.23131582079311],[92.8162853491755,23.2278573548974],[92.81151327014406,23.226202897222045],[92.80938739111261,23.227718938973204],[92.80555614327399,23.227380987297774],[92.79803051708078,23.228039792114348],[92.7956180878656,23.229154207274878],[92.7926677986148,23.229740313258663],[92.78988751400992,23.231722615128607],[92.78726932515386,23.232565491512705],[92.78244937462233,23.228471972906164],[92.78018731743468,23.22734725431869],[92.77781182130737,23.229681382054835],[92.7752763017846,23.230300365945457],[92.7724357820255,23.23292608178015],[92.76923957149222,23.234309892647563],[92.76495117858043,23.233033661951296],[92.76323794947305,23.231163217772494],[92.75924384119898,23.228844038337492],[92.75671854724477,23.228340950981277],[92.75452144266882,23.22697120488714],[92.75352201195163,23.229972776226337],[92.75388262724235,23.231629002379115],[92.75282562732626,23.232771416124777],[92.75030984824396,23.232525553148548],[92.7487261886333,23.233309816394463],[92.74649738614511,23.23290239094203],[92.74403066928606,23.23343242870727],[92.74297964626989,23.232665659718105],[92.73810988440957,23.233973859382797],[92.7382488571115,23.236687187535622],[92.73108189716922,23.236998947193094],[92.73113768355189,23.239725878714616],[92.72500100223117,23.239422679643027],[92.72176223019781,23.24009279138133],[92.72052211302679,23.237732242971155],[92.72180437239602,23.236021385312256],[92.72164990095918,23.225767241664606],[92.72221520723866,23.22374877336072],[92.72243616215137,23.218254064404952],[92.72140066520528,23.21480757228841],[92.72192674762552,23.210840962950513],[92.72181342756352,23.20761290337032],[92.71962760351583,23.20579353722339],[92.72048179647804,23.203085260099797],[92.71967370747231,23.199821472047617],[92.72001190530706,23.194261218899182],[92.7176779995391,23.191542317405727],[92.71339649980516,23.190406882677856],[92.70948740090793,23.191237373098023],[92.70729322980408,23.193283696447374],[92.70398775264862,23.19513862872387],[92.69997190700275,23.196133724230386],[92.70120961487754,23.19688264208068],[92.70177719280254,23.19879669000847],[92.70090625243269,23.20050596199994],[92.70234161281536,23.203909523062134],[92.70089866092613,23.209325755748704],[92.69880959709835,23.212378725346337],[92.69283521179743,23.21685994972699],[92.69144446637338,23.220052501543215],[92.69129687803486,23.22315426583055],[92.68966702804111,23.227195682524847],[92.68954608481509,23.22989560996122],[92.69046036547245,23.231898850672128],[92.68979344335716,23.23689353632932],[92.68993173757525,23.24027059067404],[92.68655323255618,23.246082439884997],[92.68755070389953,23.247815778412672],[92.6899847332895,23.249600498491983],[92.69051236269672,23.254909508010364],[92.68811945364752,23.258086593020845],[92.68898321589096,23.261097669929796],[92.68793140119362,23.263958205445025],[92.68946430573786,23.26518379786856],[92.68907431097675,23.26827622062916],[92.68653002291462,23.27237661590522],[92.68533905863272,23.27589860210823],[92.68698652616433,23.277690239613854],[92.6870071799769,23.279785274585368],[92.68494015929782,23.280420339818406],[92.68573266304936,23.28230048682508],[92.68543310161733,23.284752139920563],[92.6844146297613,23.286100167930904],[92.68340920937608,23.289610783123827],[92.68479916662683,23.29427862792492],[92.68426749030476,23.296974157849878],[92.68681929568892,23.297849136422176],[92.68696163363789,23.300339475071908],[92.68424874064887,23.303092331649616],[92.68645543174065,23.304359625372722],[92.68642686937996,23.30619039137758],[92.68813309470272,23.306799272776967],[92.68825586745248,23.308115293303047],[92.68677066337247,23.31004817227253],[92.684077283762,23.312216834922193],[92.68476560772609,23.316241168314185],[92.68309232399038,23.322749639544774],[92.68767445125819,23.324867741287424],[92.6886609729828,23.32300095320478],[92.6923052402193,23.32285462153561],[92.69409522753445,23.324400193030776],[92.69328430697026,23.325594710083465],[92.69419935020147,23.327327986987914],[92.69614950669346,23.326266204442955],[92.69794761451784,23.324281203348768],[92.69959301087366,23.320151729387334],[92.70390411534565,23.318876568705768],[92.71172960336139,23.321012695408967],[92.71375910504595,23.32214034627258],[92.71423646382013,23.32719892850916],[92.71602422188091,23.328514039764237],[92.71756116457945,23.331217502679824],[92.71755783713658,23.333623885526062],[92.71632190494489,23.336744354044367],[92.71781836473043,23.339581067835464],[92.71682808506586,23.343894339678187],[92.71896430246147,23.345959778325543],[92.71873034942348,23.347117928260516],[92.7154207801283,23.348307189385416],[92.71544603863923,23.34951485406852],[92.72089878524564,23.35024337815944],[92.72164469106914,23.350850005851637],[92.72339620150835,23.34871798434431],[92.72604674864277,23.34916340900475],[92.72795707851442,23.348237767152085],[92.72921035239206,23.349170449024683],[92.73297313407468,23.349344067242953],[92.73140806050112,23.345656565293883],[92.73388045993013,23.34342011110701],[92.7355431121602,23.343667314255555],[92.73757038177587,23.34130471394623],[92.74031160040363,23.33919212971267],[92.74167726918003,23.34010278042287],[92.74543214714046,23.340784426417088],[92.74884134839998,23.339836753527035],[92.75170960548455,23.341712773533576],[92.75435073296562,23.34083905393125],[92.75586782834193,23.339363933044773],[92.76250350886828,23.33843902249135],[92.76540483072559,23.336174757266463],[92.76810368147164,23.336190260844482],[92.77009914143851,23.335406104856858],[92.77128905020743,23.333167604216154],[92.77562282623998,23.330615190516685],[92.77634321028573,23.32843953958926],[92.78042926080386,23.327113210860233],[92.78287643110113,23.328538979398548],[92.7912665901646,23.32839256186608],[92.79388615198066,23.327389048776382],[92.79922665400638,23.327256040140913],[92.80335199495852,23.328039195396386],[92.80984031979165,23.328115063856043],[92.81364256281734,23.32548463685711],[92.81911697022936,23.32792034720015],[92.82129600048216,23.331167323621987],[92.82585623097506,23.33425709883325],[92.83117071392898,23.334389790988688],[92.83261121735022,23.33487783520844],[92.83693539120124,23.3333576091586],[92.83854391739722,23.3332768094698],[92.84036170746093,23.336595630897722],[92.84102565175846,23.33996835050191],[92.83800813745638,23.34237394499827],[92.8386817425817,23.346026590555685],[92.8373265896062,23.34829264626444],[92.8356785486912,23.348937798599618],[92.83511028177176,23.35206186711887],[92.83387268530015,23.353411424571362],[92.83433152646617,23.355745701564654],[92.83268666342698,23.360878514714003],[92.83295015259135,23.362503916205892],[92.82926112582875,23.367220695873762],[92.82717793501368,23.366940083000593],[92.82535784171915,23.369061399489325],[92.8228387561538,23.37022981821066],[92.82325344827166,23.3725595938175],[92.82789822714912,23.37578025294175],[92.82710532488622,23.377224746599868],[92.82961574807614,23.37866209798903],[92.82937818691892,23.38085759815763],[92.83081011548215,23.383695600450533],[92.82949411340041,23.384668107235505],[92.82820820244258,23.383462241286328],[92.82466178591343,23.38464162663054],[92.82389801845956,23.386483404898275],[92.8223432894326,23.38504711830331],[92.82116890873299,23.386058015387142],[92.82185235429907,23.389204979493755],[92.82173881541812,23.391451078620303],[92.82388158065903,23.390478941549286],[92.82486450736033,23.391111358679787],[92.82217545272188,23.39403595456552],[92.82456760163836,23.399314584037985],[92.82534432667764,23.401820564786032],[92.82662549016408,23.402841268291418],[92.82718641353588,23.407044742449436],[92.8289123744197,23.409063427945902],[92.8302321400391,23.41197131066089],[92.83001747834669,23.415315157441455],[92.82839627011985,23.415368085471467],[92.82822431261687,23.417325198916412],[92.82704472783489,23.418765013851495],[92.8294318633381,23.419573236141066],[92.8284089892981,23.420305007017856],[92.83127067274128,23.421233640542045],[92.82992168893553,23.42436195154262],[92.83225029647012,23.424861605279943],[92.83137640083288,23.42648661053294],[92.83194809278093,23.428509391705376],[92.8314997792126,23.430242913747886],[92.8337038979555,23.430360971293627],[92.83500433959122,23.43333656727277],[92.83510009513162,23.43950146634873],[92.83640607173388,23.440903665014506],[92.83557894705972,23.441474544559576],[92.8362509571367,23.443860770897484],[92.83495665528147,23.444009386044726],[92.83478459899054,23.44632087806817],[92.83621812541286,23.44694432317123],[92.83606826241507,23.44879268589115],[92.83447988990103,23.450153793349546],[92.8345842587967,23.45259177791442],[92.83615163441743,23.453749724431137],[92.83454199331443,23.454533097912357],[92.83279334827675,23.457915836084126],[92.8334044010911,23.45940657089779],[92.83169181991934,23.460265933465134],[92.83280193641103,23.462433340257757],[92.83471522215476,23.463079517886204],[92.83592317152797,23.465601339170355],[92.8353939270428,23.46764409800785],[92.83406234359113,23.468776903206415],[92.83040640242959,23.468875095539694],[92.8283991147496,23.47065775387767],[92.82563355381298,23.47149654320521],[92.82348437936035,23.472823062314877],[92.81918589955072,23.472798960930024],[92.81658809560018,23.473466035568812],[92.81052771870193,23.475833662570384],[92.80817821688267,23.476202796830314],[92.80609246626796,23.47752462856029],[92.80434522977093,23.47738834387666],[92.79945930050762,23.47949425505197],[92.79970794999431,23.481088074099535],[92.79800572084224,23.487227186529104],[92.79553680976782,23.489210494930806],[92.79680480832954,23.489903766499097],[92.79919930832091,23.496433288684898],[92.79854738593635,23.497841534730316],[92.79943240475667,23.499494377170365],[92.79899853200564,23.501970905116288],[92.80018292565465,23.502657994482394],[92.8006421931357,23.50572429322522],[92.79793586071477,23.506992113739155],[92.79855832499157,23.507618936392735],[92.79777097097018,23.51011282444366],[92.79906730805087,23.511117790920405],[92.79622080438787,23.511728160149936],[92.79679006339785,23.515989248516348],[92.79505113654079,23.517281474766904],[92.79806530000214,23.520422198890067],[92.79691467002787,23.521619893838423],[92.79667393886481,23.524182541126127],[92.79812279898593,23.52509621529881],[92.79460965670027,23.52656288777916],[92.79673327321332,23.527911978673668],[92.79574259158127,23.532032315020036],[92.79640482559141,23.533236482396948],[92.79782467879757,23.53297785802281],[92.79812643993513,23.534447859100368],[92.79603603153177,23.53521159148574],[92.79637498888563,23.53662494848741],[92.79968210316314,23.5363990824475],[92.80190808389676,23.53894213620754],[92.79946560795688,23.5383824165383],[92.799080000037,23.53914246445488],[92.80040777375335,23.5415753184391],[92.79830154782016,23.543926880053515],[92.79900681216628,23.545609918602867],[92.79756549243538,23.54743161442184],[92.79808495846457,23.549373562602963],[92.79693091686731,23.55072225141463],[92.79535957336387,23.550887571700493],[92.79403249911218,23.55224943742542],[92.79206458296011,23.552704485717438],[92.79771864268184,23.56010352623992],[92.80865191029622,23.56228217801303],[92.82291269342457,23.560974991822],[92.82814164752644,23.567075086701507],[92.83717347770443,23.567510796795798],[92.85143426186104,23.564460795103525],[92.85915919211368,23.561681384649987],[92.86258293096579,23.559117512846914],[92.86676789131359,23.557804128116523],[92.86853044917564,23.554758369934053],[92.87129825774767,23.554533556605513],[92.87536036272725,23.557998727018035],[92.87978765592355,23.558644444563402],[92.88230983935074,23.55821103099233],[92.88136220634586,23.560610583254327],[92.88275069005962,23.562788894267506],[92.88046353699681,23.56420827636545],[92.88393883057013,23.56716421847999],[92.88388218537601,23.568495404563656],[92.8875101734363,23.57259240627275],[92.89085207005789,23.572404785396365],[92.8915501141097,23.57342279173386],[92.89140829880967,23.576131595686835],[92.89469981325138,23.5761335836401],[92.89528040799034,23.577650453246186],[92.89882179974265,23.57792095217675],[92.89788602368152,23.57600683181589],[92.8986022050416,23.57501353650537],[92.89691566908903,23.571695480834855],[92.90320350104108,23.565523085980445],[92.90640148565912,23.564506777230537],[92.90922680889074,23.561431791363493],[92.91331580731394,23.559729005697616],[92.91816906216863,23.559177111320718],[92.92416303761833,23.557762406688916],[92.92652875780443,23.55855178951309],[92.92807621325332,23.5580908475152],[92.93163700613516,23.559069440916264],[92.93436152404485,23.559135585831623],[92.93613332284484,23.560146862175845],[92.94068254747934,23.558948777478893],[92.94425761348731,23.558798364837017],[92.95191658238782,23.55110600599202],[92.95952437784551,23.53795473195529],[92.96093725415508,23.533146725392708],[92.9633251719959,23.530302713935278],[92.96567926127017,23.5288640930548],[92.96975377825947,23.527564562088017],[92.97238457888228,23.525806268984198],[92.97549803194906,23.521109054368385],[92.98319136069028,23.513513383721758],[92.98555980541575,23.509292243821715],[92.98559819228258,23.507734860215372],[92.98266919193098,23.50285665959194],[92.98169544431904,23.498928505989145],[92.98255229064793,23.496592875146188],[92.98015519336946,23.493915482231646],[92.97927023115615,23.492088638670392],[92.98473819992313,23.488320146089475],[92.98573505551245,23.486220121305383],[92.98966862512403,23.484014238414755],[92.99484886559631,23.48027686249405],[92.99701739708892,23.47906755245693],[92.99796274572057,23.481272767832653],[93.00043028999515,23.482019389720467],[93.00244560354378,23.48421847404173],[93.00263893565247,23.483160469350175],[93.00598765267583,23.481297144959083],[93.00901431799792,23.478335535801133],[93.01184892654446,23.476713687023164],[93.01852146689,23.474502134883934],[93.02016496539697,23.473576985742362],[93.02063250239763,23.472040167876624],[93.0229566159456,23.470765501027657],[93.02701405204965,23.472254404657473],[93.03209656261326,23.472748391204842],[93.03549336753123,23.474923029002525],[93.03656331209456,23.47759593214585],[93.0412599499118,23.484150907713556],[93.04494163189791,23.485389124105822],[93.04927826747942,23.484671934435248],[93.0530021533311,23.48225264854579],[93.05634750399,23.479490777638897],[93.06014078455284,23.477447841747402],[93.06431636851467,23.476830541614678],[93.06648973003307,23.477647004754335],[93.07187428574542,23.477379728639296],[93.07747753612638,23.478075515452574],[93.07753655605477,23.476733191476914],[93.07931278945817,23.4722832996431],[93.08151131446625,23.470331362181437],[93.0808920694313,23.46831086548999],[93.07869768787995,23.46767795059904],[93.0733889777646,23.468688321916037],[93.07051575465995,23.468784513087105],[93.06989816583666,23.46540341507737],[93.07615935437876,23.457437548000193],[93.07979915442641,23.455175942450946],[93.08260454708856,23.455715869356638],[93.08457608912954,23.455387892977637],[93.08680081009271,23.45324586143659],[93.09074950623325,23.452530844954246],[93.09446992222185,23.45097544432719],[93.09769851597649,23.45106001808908],[93.09884165213292,23.44792761104285],[93.0988136787137,23.44532486102836],[93.09791976195675,23.44306679803596],[93.0934374052786,23.440257407369927],[93.0891202861424,23.435972801204873],[93.08574647828874,23.43331688115108],[93.08492906402117,23.429579942606765],[93.08511572898367,23.42550164589986],[93.08371917066974,23.422686752385882],[93.0825612962715,23.417280378320356],[93.08240910383377,23.414411843530427],[93.07956253584165,23.409516403958666],[93.07910168731519,23.405936292022375],[93.07668830498609,23.403016278269742],[93.06833407581435,23.397342098796308],[93.06649695312151,23.397092032766693],[93.06283075441254,23.400420474928225],[93.05942660606702,23.399718364509113],[93.05671222318391,23.400896340850128],[93.05468736601212,23.402788717808175],[93.05331131454692,23.402898843762156],[93.04746734128751,23.401955019790204],[93.04311295584681,23.400713263265306],[93.0399772771725,23.400849639062226],[93.03603766511827,23.400001759994517],[93.03354927291451,23.39899297302761],[93.03231826822413,23.397351211483553],[93.03266756670395,23.39530101714436],[93.03597807427036,23.391906154710867],[93.03622632001769,23.387270222282865],[93.03814903965286,23.383328768235582],[93.04138018017278,23.379117640914156],[93.04531676913079,23.376285112751326],[93.04626775042388,23.37454382243723],[93.04858764191329,23.372764536889317],[93.04903533289567,23.371616466927716],[93.04784116596554,23.36827803871304],[93.04519564260481,23.366063878497954],[93.04475038329714,23.36423264432471],[93.04250480451529,23.36104133833912],[93.0421312147758,23.358460709592258],[93.04098514134236,23.35749721490582],[93.0415921041851,23.353992811489277],[93.03971556156613,23.34900071991747],[93.03708930110656,23.348270668577292],[93.03572835031272,23.346656425542506],[93.03723676433015,23.344085689778055],[93.03692248262638,23.34232251058774],[93.03517309399925,23.339931943293337],[93.03372186566617,23.33596393596635],[93.03438847603928,23.33237643666216],[93.0325772527123,23.330535830719842],[93.03254708018038,23.328656253205423],[93.03112935903246,23.326047292742736],[93.02749199065055,23.324827933183826],[93.0262005715482,23.322248148555598],[93.02479125105216,23.320868454837395],[93.02003988940474,23.319484527253653],[93.01764399314337,23.317603261052696],[93.01372308992279,23.313614418662187],[93.01210101330578,23.310830285110185],[93.005731141021,23.304545982224525],[93.00675917636264,23.301399620381115],[93.0052688627262,23.296319497438308],[93.00514094630037,23.290367236961067],[93.00683801775592,23.28747155779829],[93.00667029674938,23.283813226145117],[93.00722281753428,23.281067412549724],[93.0106523846745,23.27445957689543],[93.01531725481442,23.27145891873946],[93.01951091499063,23.267976991503357],[93.02376838896419,23.267918331916576],[93.02567351325409,23.26684027263495],[93.02849518704521,23.26683058276085],[93.03099979646865,23.264848992141737],[93.0283572291962,23.263072050771925],[93.02770179742092,23.261743080044976],[93.02883965343533,23.26065569150417],[93.03160441015717,23.260017542176104],[93.0331890511113,23.253748446688775],[93.03768662142033,23.253760527765717],[93.03947180684968,23.252020057692505],[93.0429206076983,23.249713445755976],[93.04302834003026,23.248710319426564],[93.04117436652622,23.248412473449466],[93.03896257967543,23.24589927584774],[93.03562385775858,23.24602576457162],[93.03426209415831,23.24478914522414],[93.03509283317554,23.24361164443295],[93.03805154016915,23.242518833049843],[93.0375814180595,23.238417670177615],[93.03846130624724,23.236889523426537],[93.03990715635386,23.237429338197128],[93.0410983114822,23.239645618647483],[93.04617946702287,23.238964761036897],[93.0479089000264,23.23749026645482],[93.05154441959475,23.239227986269306],[93.05256959896698,23.240995577342826],[93.05337010274783,23.239985434871112],[93.05433506899276,23.24344090548059],[93.05653284932752,23.2414857649369],[93.05895086066772,23.24093494007594],[93.06234130018888,23.238770168396087],[93.06324905743472,23.237397796377888],[93.0669333215642,23.234829938225097],[93.06884343075747,23.231512916206427],[93.06904997032484,23.229781035753092],[93.07195370211129,23.228317418791526],[93.0756901560435,23.22753116603947],[93.07834954879134,23.22747559475654],[93.08268077059559,23.226073178044608],[93.09202231155801,23.230965548414236],[93.09723461665313,23.23622333567535],[93.09835578664986,23.23987010656457],[93.10041872782178,23.24087414896615],[93.10537372282842,23.240403957780316],[93.10719520506439,23.238532216372416],[93.110787193032,23.236403280848187],[93.11057467249167,23.234436554795025],[93.11287648893236,23.23307961379414],[93.11331782024597,23.2313570579774],[93.11523990330781,23.230763924731633],[93.1199250025268,23.227993434273493],[93.12222492938248,23.225377760136297],[93.1243852512005,23.223893319005384],[93.12902668153386,23.22263456465672],[93.13204760558426,23.22012000165466],[93.13883585551626,23.213609613956535],[93.14271910480916,23.20799575308706],[93.14325371546175,23.205464373168933],[93.14606045845346,23.202188169930174],[93.14943369691274,23.20013227587363],[93.1514701373754,23.20020814892672],[93.15428015903343,23.19920284523028],[93.15822442858389,23.199211716200786],[93.15806127388996,23.200771252162944],[93.1593393200212,23.201084626489813],[93.1627722601292,23.197494637854394],[93.16179223458253,23.193824455200378],[93.15983387776109,23.193506734534637],[93.1579675066315,23.195742132470727],[93.15510912979536,23.19412764186599],[93.15116554319407,23.190629113423075],[93.14550248121158,23.190262716981632],[93.14494669290971,23.18957763135515],[93.14526370514945,23.184683759625738],[93.14611641913929,23.182567468352527],[93.14772781990803,23.180761315828338],[93.15170772721257,23.17965927111313],[93.15449114126986,23.178299864969564],[93.15931104833795,23.177734642237585],[93.16112230059535,23.17574774850109],[93.15972982730226,23.17230768724354],[93.16128142412123,23.166826370128742],[93.16264824605537,23.165060775949783],[93.16187119403556,23.162243567939917],[93.1649121902476,23.157958297026493],[93.16646449079599,23.156431945216834],[93.1687238076154,23.151604976065887],[93.16936253888193,23.14853470365893],[93.171168482475,23.14671471960382],[93.17083107253919,23.14516624484782],[93.1689728901387,23.143367512447348],[93.17222159935221,23.14211374798259],[93.17269454168849,23.140109023342553],[93.17041395025247,23.137888330589593],[93.16768933395278,23.136087489239266],[93.16548545316451,23.12820052016172],[93.16559717043707,23.125798545938146],[93.16724649665478,23.123662602775674],[93.16637149135734,23.119066581440517],[93.16472111691199,23.117107456611084],[93.16450054622062,23.113301510048217],[93.16382643476042,23.1113195850976],[93.16402107707157,23.109075602726993],[93.16326883046571,23.1066557310575],[93.16282836935397,23.101522377592545],[93.16362306151501,23.098140568039035],[93.16604263165159,23.093629608043813],[93.16997551703564,23.09107324302171],[93.1704340618342,23.090228763597572],[93.16985705997686,23.086477036727807],[93.17519910464954,23.0811524708422],[93.17448132654506,23.079902059920716],[93.17084544891661,23.078729171116088],[93.17040577798656,23.077162544169838],[93.17308879100072,23.074367153028273],[93.17533309465843,23.07304364499615],[93.17700104655893,23.070451566428172],[93.17524890898932,23.069404566944826],[93.17457399597546,23.064781508576043],[93.1750710233583,23.062758664186372],[93.17669989684332,23.060311071729654],[93.17982960338814,23.05697044974305]]]]}},{"type":"Feature","properties":{"id":"15-430","name":"Aizawl","source_name":"Aizawl","state_id":"15","source_agency":"Survey of India (SOI)","district_code":"261"},"geometry":{"type":"MultiPolygon","coordinates":[[[[92.99833798881163,24.39976856731583],[93.02035462507453,24.387850223957507],[93.01309396306984,24.377354006604858],[93.01810568880757,24.371609465134622],[93.01610099905055,24.36336724060243],[93.01531021798321,24.356247237120783],[93.01754570479999,24.344219188785125],[93.02772821866809,24.341863330815944],[93.03931716124943,24.340741841974946],[93.03116186417297,24.315765389490867],[93.01984305316111,24.298133655286446],[93.01414920787074,24.29056306268188],[93.0070143987065,24.285497958867037],[93.00414948951223,24.277906571639246],[93.00983541989768,24.269085509380854],[93.00266092922836,24.26021624548205],[93.00261221077118,24.251391846074267],[93.01390371183939,24.23377919196262],[93.02245303227768,24.230017395256706],[93.01528134811922,24.22625523419982],[93.01527478467085,24.222496793523874],[93.01953550443814,24.214968212692266],[93.01813717529154,24.20756966275348],[93.0138469599577,24.204967568727596],[93.01246244752762,24.197447039207745],[93.0082186351144,24.194954834428703],[92.99897990904533,24.194967216941414],[92.99894426635029,24.19175904254367],[93.00673392345954,24.179645098566752],[92.99914875714464,24.17149972906122],[93.00132574937005,24.16065755819232],[93.00126510372216,24.158057340900932],[92.99648594783471,24.154188577971922],[92.98891949243959,24.15065783628697],[92.98696440816823,24.147806851557508],[92.98673111267888,24.144340444659452],[92.98870368383224,24.13786428875094],[92.985217847578,24.129266589355336],[92.98189858748057,24.12637174401316],[92.97348727614323,24.12393100693011],[92.96943383647066,24.121401509470754],[92.97068819172019,24.114540280010953],[92.97219522855526,24.11234582170969],[92.98058623138894,24.11233492110704],[92.98509826477313,24.113822457224742],[92.99220364749488,24.114199668827506],[92.99647091077384,24.11265610022071],[93.00544059536675,24.10739307506957],[93.00987488879257,24.10196720811897],[93.01723860276812,24.098869653226235],[93.02304948808184,24.101047836167613],[93.02612821994961,24.098201472841524],[93.03044131740297,24.096636436549204],[93.03341514828757,24.092570964987225],[93.04938714635738,24.08804708378484],[93.06086831418729,24.0916058698249],[93.06944920819302,24.097802153492008],[93.07516464958748,24.100270903598453],[93.08087979583357,24.08763787669124],[93.08515085111006,24.081333288997936],[93.09084103480072,24.077552082160306],[93.09794822107433,24.07126331625423],[93.0965215206553,24.06370971556495],[93.09793657713968,24.059940256741207],[93.09651247238483,24.053651077456042],[93.09935813310446,24.049888580022557],[93.09508705348249,24.04610652674088],[93.09650687231029,24.04233672467823],[93.10220261597226,24.04611687216513],[93.10645565587382,24.047389395900616],[93.10788320293722,24.052420544931998],[93.11498189300545,24.05369643539123],[93.11640311849625,24.057472661194303],[93.12494276587876,24.061276407667435],[93.13064010222458,24.070100387432568],[93.13065086120484,24.076390455785035],[93.13777225535571,24.083954485928434],[93.14346868162437,24.0852386262527],[93.15389711088966,24.080999048162436],[93.15686171213287,24.07467522687196],[93.16539451106681,24.07217022686657],[93.16538265715441,24.0684025310616],[93.16250756882722,24.05834034851915],[93.16544238862215,24.052031997048754],[93.16713158472508,24.051632266636222],[93.16538316687426,24.051086131984068],[93.16456175849932,24.04940697047481],[93.16537173893238,24.045226470760205],[93.16334523671148,24.040450705799138],[93.16322355598025,24.035559396478334],[93.16180956898133,24.032194219862795],[93.16190208128096,24.028618803389687],[93.16103660498254,24.02685385426286],[93.16089818095135,24.023477114729133],[93.15980879446042,24.02024728073673],[93.1607739660366,24.0177935166756],[93.1600952794011,24.015798287156155],[93.16188116897443,24.0134910698283],[93.161662157668,24.012190968612266],[93.1599344034595,24.01079410659651],[93.1583289719559,24.006756275490936],[93.15839730291357,24.004611921391113],[93.16020532654714,24.002923189935725],[93.16141453207904,23.99988471236897],[93.16179908149032,23.994681246231984],[93.16280239502444,23.992836115439896],[93.16763585795185,23.989389903718145],[93.16765543981101,23.98561852996416],[93.16904796855229,23.984375683189764],[93.17138325583225,23.984845718151757],[93.1716625270742,23.982440556965614],[93.17409954824582,23.98097146828831],[93.17379042087966,23.975380308524855],[93.174957523586,23.974269250949355],[93.1814009606016,23.97214154099083],[93.18187136447848,23.97044706309615],[93.17863749227637,23.96616375473705],[93.1831813375634,23.94911297295604],[93.18697670642999,23.945319489186357],[93.18838366899772,23.942930918296668],[93.18993977364403,23.942591457141447],[93.18985658556268,23.939805263257114],[93.1867170828999,23.935712878069296],[93.18664239214952,23.933315696975164],[93.18784606551363,23.93122143973643],[93.18710837879551,23.929903903749178],[93.18518428179543,23.93122241498901],[93.182010296277,23.931872719835365],[93.17858187843943,23.931196670346417],[93.1713434409432,23.93419185689008],[93.16926104373833,23.934457246747993],[93.16581483840343,23.931792899387485],[93.16450387018047,23.92972235185467],[93.16487132445727,23.925618226644914],[93.1608284005974,23.919645334684837],[93.16029511459394,23.915428435012394],[93.158861688558,23.9139226365115],[93.1563273604563,23.908927682941503],[93.15714553543206,23.90557652483077],[93.15923324637556,23.903994765997727],[93.16303246044909,23.89794530805747],[93.16593844920055,23.89519607183641],[93.16679764132446,23.893313273975167],[93.16562911127642,23.889893190290064],[93.16733482107625,23.880618853340902],[93.16964675348414,23.8777379002832],[93.16475480315033,23.876327125205783],[93.16393591432431,23.875461310506736],[93.16385332172501,23.871869743465624],[93.16282957412432,23.8700626669777],[93.16291025493598,23.865356142590674],[93.16241825994629,23.861967558929617],[93.1629905538427,23.85914353215003],[93.16262167740483,23.857035091255444],[93.15959263463846,23.85511544116938],[93.15853349872872,23.852755653882088],[93.15452257121302,23.851702078772977],[93.14748279416364,23.847222423713603],[93.14420870521373,23.845716666373242],[93.14191679003521,23.84357068328277],[93.13764853956577,23.842161226547418],[93.13837139792521,23.837546747230977],[93.13806696811208,23.835167620989303],[93.13571604188398,23.83263959804303],[93.13319341871629,23.82899645978316],[93.13278381416056,23.82639130272093],[93.12983176319491,23.82771436698361],[93.12429122383931,23.827493040422667],[93.12194547997953,23.827017404910297],[93.11912854727001,23.82761916131948],[93.11459133691174,23.82966384005427],[93.10853285357298,23.830475733637048],[93.10365501919328,23.82876843050464],[93.09830062733501,23.83007667878611],[93.0926998670544,23.830062883334808],[93.09068737661946,23.8293279138772],[93.09005891331772,23.827397948707524],[93.08684551655048,23.82214371828055],[93.08306071253837,23.821626088312716],[93.08009470764517,23.81831751836264],[93.07692223441099,23.816290253200865],[93.07313090585986,23.811174986846655],[93.06830509163204,23.80930624533362],[93.05892159463419,23.8043488078604],[93.05781163937333,23.801802056218754],[93.05872607007893,23.798408713134474],[93.06017430298338,23.79691623053855],[93.06181530045932,23.79719459699396],[93.06278734708073,23.796120553055545],[93.06221215465952,23.793537981300506],[93.05871072900857,23.795071314241248],[93.05793872441448,23.79237133239153],[93.05553460785572,23.789611783267226],[93.05321930204143,23.78904635060314],[93.05412019658542,23.79212116225694],[93.05143694798217,23.79155095348923],[93.0489735743433,23.79222241859197],[93.04766646301145,23.791675413187768],[93.0438070004742,23.792860676939995],[93.04418073142219,23.791506501279557],[93.04103609671992,23.791274421583825],[93.04016107645019,23.790237831687264],[93.03912710960675,23.792027235977955],[93.03590190347212,23.79294290451408],[93.03442573902495,23.79214067700301],[93.03490142738727,23.793988489603166],[93.03358289448433,23.794546029177553],[93.03174366743639,23.79378039953033],[93.03120133949331,23.79514869865246],[93.02877810466109,23.794551214839395],[93.02831040980195,23.796598252792478],[93.03103433659018,23.79854572885478],[93.02770986866354,23.79903569783074],[93.0256199608538,23.79875885157321],[93.02315134280956,23.79960143412365],[93.02069351338623,23.799346885511866],[93.020400323476,23.80081163865395],[93.01885918174683,23.801390639227414],[93.01519679881947,23.801026760809844],[93.01222779099335,23.80171530205393],[93.01013657637206,23.802840016250315],[93.01002143056127,23.799939397381497],[93.01624427928883,23.792621526795525],[93.01773625869932,23.792116986826233],[93.02083537944871,23.793911452759872],[93.02206396254165,23.791506099880955],[93.02181187323063,23.787898811352953],[93.02283401123026,23.785786765192263],[93.02254706665035,23.782739230393005],[93.02267977214224,23.776522830846368],[93.02398625941947,23.774528337459255],[93.02347833717224,23.77174250416632],[93.02440219480006,23.769720604507604],[93.0244074801745,23.76621732420868],[93.02550416582582,23.765748538553826],[93.02432677985689,23.76290360675474],[93.02700376805004,23.761277932165715],[93.02580842169482,23.75937420456818],[93.02613319494944,23.758108101238957],[93.0283206596434,23.75825743056963],[93.02893087651991,23.75564279513574],[93.02615107059876,23.754126291517142],[93.0258166594262,23.75213288069402],[93.02953946279625,23.75200444713371],[93.03073337835427,23.74992873132923],[93.02916680300885,23.748661334965302],[93.0289135978742,23.74628653490722],[93.03111544731287,23.746667101015333],[93.03175855514138,23.745805262484414],[93.03017591114178,23.74379528692033],[93.03320040805903,23.739187864434715],[93.03221575218741,23.73773807104798],[93.02962619213228,23.738047864787234],[93.0255821983722,23.735670574168314],[93.02409338103156,23.733168514294636],[93.02682009871387,23.72675509650603],[93.02672948714866,23.723599390117357],[93.02742746623247,23.7213877225898],[93.02655212659667,23.71837143426033],[93.02700002585658,23.716222765492166],[93.02467689676342,23.71501124715728],[93.02600867307358,23.71120188306411],[93.02830275824115,23.712185899592992],[93.0294406538043,23.711420849865508],[93.03071304447775,23.7082073352168],[93.03097308874776,23.701494321636734],[93.02987213726736,23.70039282560695],[93.03018644264687,23.697913755707393],[93.03104994203939,23.69713777459686],[93.0311489919141,23.693741931928027],[93.02909748601994,23.69233748354026],[93.02901716237469,23.688382733447057],[93.0282981499201,23.686260370042596],[93.02698739815258,23.685584556449342],[93.0248254608613,23.686155557166558],[93.02397570867207,23.684681831618057],[93.02512578894853,23.68105295849692],[93.02434906804235,23.677625818030585],[93.02480715294622,23.677242717292394],[93.02760917348657,23.680258566326394],[93.02794230823987,23.67749279614224],[93.02592020094966,23.674502791548267],[93.02751490254992,23.67235942562583],[93.02790487788855,23.668874369855725],[93.02740615909556,23.667271428807016],[93.0280072529047,23.66331247817162],[93.0279073808108,23.659416338601094],[93.02955699333117,23.65886887775974],[93.02854257830954,23.655597383879844],[93.02895851692551,23.653919301761224],[93.03062787524418,23.655002363846805],[93.03099077730243,23.6521453397071],[93.03180621526134,23.65135569518828],[93.0310025176549,23.64954039849445],[93.03263131103223,23.64724350095963],[93.03261324629995,23.645171220843782],[93.03154742664714,23.64268022214378],[93.03201355027728,23.641067066066267],[93.03006030740165,23.638339037530933],[93.03131867623375,23.633193123932582],[93.02760620666653,23.630766374891788],[93.02982934390505,23.626359349638573],[93.02827651664603,23.625796270930703],[93.02924925693955,23.62237024705902],[93.02812021298773,23.61874426573694],[93.0292322344097,23.615896264006395],[93.0285410337998,23.613191585690544],[93.02955137882593,23.611797192057296],[93.02823219676428,23.608366529353965],[93.02936041110348,23.606459055656106],[93.02935591007838,23.604731724522985],[93.02820075231399,23.603430681583127],[93.0277668201113,23.600640359400543],[93.02790681555351,23.59706038173974],[93.02914593896293,23.59425308972605],[93.02850481529204,23.590302320364007],[93.02961492767838,23.58529425610794],[93.03116994406258,23.583432751254463],[93.03138437987323,23.57827946146856],[93.03275374144748,23.57786041956769],[93.03507981701513,23.57520955586462],[93.03354978984426,23.571068634021035],[93.0335913064503,23.567854215486168],[93.03257469506363,23.564950659658322],[93.03288317129307,23.561672984878232],[93.03381812904624,23.562371349410945],[93.03666448123184,23.561702774828316],[93.0338320482562,23.56009372616972],[93.03328968962688,23.553101548064937],[93.03493579632897,23.550888961600414],[93.03683646677521,23.551738668639878],[93.03668631589744,23.54770268628869],[93.03834335042248,23.545085117645034],[93.03878150031659,23.54174006549168],[93.03753149479874,23.54068732456945],[93.03853319710461,23.53959546465994],[93.03697250164497,23.537855306702244],[93.0395492263105,23.536182968282816],[93.03848002177325,23.531595369404645],[93.03965561810736,23.530941458333135],[93.03948707149756,23.526851071748627],[93.04081601127507,23.52375020520639],[93.03938959991076,23.51895485299433],[93.03659256879065,23.51765896199672],[93.03647472463886,23.516577237741505],[93.03304824652605,23.51381781161297],[93.03038959071534,23.514204326917902],[93.02673554987295,23.513319325881863],[93.02495662332593,23.514262159547634],[93.02381221475203,23.510981011635486],[93.02070825474522,23.51105561469731],[93.02096661896705,23.509472278424454],[93.01834433150644,23.510220960162357],[93.01562772095117,23.50614003898046],[93.01614092789458,23.50495752743017],[93.01249044822293,23.503322733792768],[93.01264121027731,23.50151537962176],[93.01146526632203,23.499597072194014],[93.01200308435033,23.49809708485801],[93.01078807238592,23.497422293903533],[93.01133962048348,23.495123855445208],[93.00984683742179,23.493664844795415],[93.00991099114428,23.491890117413337],[93.00655069636663,23.490760867741596],[93.00623021055681,23.488898016789605],[93.00458064815287,23.489228361800823],[93.00470259008713,23.487012082104116],[93.00244560354378,23.48421847404173],[93.00043028999515,23.482019389720467],[92.99796274572057,23.481272767832653],[92.99701739708892,23.47906755245693],[92.99484886559631,23.48027686249405],[92.98966862512403,23.484014238414755],[92.98573505551245,23.486220121305383],[92.98473819992313,23.488320146089475],[92.97927023115615,23.492088638670392],[92.98015519336946,23.493915482231646],[92.98255229064793,23.496592875146188],[92.98169544431904,23.498928505989145],[92.98266919193098,23.50285665959194],[92.98559819228258,23.507734860215372],[92.98555980541575,23.509292243821715],[92.98319136069028,23.513513383721758],[92.97549803194906,23.521109054368385],[92.97238457888228,23.525806268984198],[92.96975377825947,23.527564562088017],[92.96567926127017,23.5288640930548],[92.9633251719959,23.530302713935278],[92.96093725415508,23.533146725392708],[92.95952437784551,23.53795473195529],[92.95191658238782,23.55110600599202],[92.94425761348731,23.558798364837017],[92.94068254747934,23.558948777478893],[92.93613332284484,23.560146862175845],[92.93436152404485,23.559135585831623],[92.93163700613516,23.559069440916264],[92.92807621325332,23.5580908475152],[92.92652875780443,23.55855178951309],[92.92416303761833,23.557762406688916],[92.91816906216863,23.559177111320718],[92.91331580731394,23.559729005697616],[92.90922680889074,23.561431791363493],[92.90640148565912,23.564506777230537],[92.90320350104108,23.565523085980445],[92.89691566908903,23.571695480834855],[92.8986022050416,23.57501353650537],[92.89788602368152,23.57600683181589],[92.89882179974265,23.57792095217675],[92.89528040799034,23.577650453246186],[92.89469981325138,23.5761335836401],[92.89140829880967,23.576131595686835],[92.8915501141097,23.57342279173386],[92.89085207005789,23.572404785396365],[92.8875101734363,23.57259240627275],[92.88388218537601,23.568495404563656],[92.88393883057013,23.56716421847999],[92.88046353699681,23.56420827636545],[92.88275069005962,23.562788894267506],[92.88136220634586,23.560610583254327],[92.88230983935074,23.55821103099233],[92.87978765592355,23.558644444563402],[92.87536036272725,23.557998727018035],[92.87129825774767,23.554533556605513],[92.86853044917564,23.554758369934053],[92.86676789131359,23.557804128116523],[92.86258293096579,23.559117512846914],[92.85915919211368,23.561681384649987],[92.85143426186104,23.564460795103525],[92.83717347770443,23.567510796795798],[92.82814164752644,23.567075086701507],[92.82291269342457,23.560974991822],[92.80865191029622,23.56228217801303],[92.79771864268184,23.56010352623992],[92.79206458296011,23.552704485717438],[92.79403249911218,23.55224943742542],[92.79535957336387,23.550887571700493],[92.79693091686731,23.55072225141463],[92.79808495846457,23.549373562602963],[92.79756549243538,23.54743161442184],[92.79900681216628,23.545609918602867],[92.79830154782016,23.543926880053515],[92.80040777375335,23.5415753184391],[92.799080000037,23.53914246445488],[92.79946560795688,23.5383824165383],[92.80190808389676,23.53894213620754],[92.79968210316314,23.5363990824475],[92.79637498888563,23.53662494848741],[92.79603603153177,23.53521159148574],[92.79812643993513,23.534447859100368],[92.79782467879757,23.53297785802281],[92.79640482559141,23.533236482396948],[92.79574259158127,23.532032315020036],[92.79673327321332,23.527911978673668],[92.79460965670027,23.52656288777916],[92.79812279898593,23.52509621529881],[92.79667393886481,23.524182541126127],[92.79691467002787,23.521619893838423],[92.79806530000214,23.520422198890067],[92.79505113654079,23.517281474766904],[92.79679006339785,23.515989248516348],[92.79622080438787,23.511728160149936],[92.79906730805087,23.511117790920405],[92.79777097097018,23.51011282444366],[92.79855832499157,23.507618936392735],[92.79793586071477,23.506992113739155],[92.8006421931357,23.50572429322522],[92.80018292565465,23.502657994482394],[92.79899853200564,23.501970905116288],[92.79943240475667,23.499494377170365],[92.79854738593635,23.497841534730316],[92.79919930832091,23.496433288684898],[92.79680480832954,23.489903766499097],[92.79553680976782,23.489210494930806],[92.79800572084224,23.487227186529104],[92.79970794999431,23.481088074099535],[92.79945930050762,23.47949425505197],[92.80434522977093,23.47738834387666],[92.80609246626796,23.47752462856029],[92.80817821688267,23.476202796830314],[92.81052771870193,23.475833662570384],[92.81658809560018,23.473466035568812],[92.81918589955072,23.472798960930024],[92.82348437936035,23.472823062314877],[92.82563355381298,23.47149654320521],[92.8283991147496,23.47065775387767],[92.83040640242959,23.468875095539694],[92.83406234359113,23.468776903206415],[92.8353939270428,23.46764409800785],[92.83592317152797,23.465601339170355],[92.83471522215476,23.463079517886204],[92.83280193641103,23.462433340257757],[92.83169181991934,23.460265933465134],[92.8334044010911,23.45940657089779],[92.83279334827675,23.457915836084126],[92.83454199331443,23.454533097912357],[92.83615163441743,23.453749724431137],[92.8345842587967,23.45259177791442],[92.83447988990103,23.450153793349546],[92.83606826241507,23.44879268589115],[92.83621812541286,23.44694432317123],[92.83478459899054,23.44632087806817],[92.83495665528147,23.444009386044726],[92.8362509571367,23.443860770897484],[92.83557894705972,23.441474544559576],[92.83640607173388,23.440903665014506],[92.83510009513162,23.43950146634873],[92.83500433959122,23.43333656727277],[92.8337038979555,23.430360971293627],[92.8314997792126,23.430242913747886],[92.83194809278093,23.428509391705376],[92.83137640083288,23.42648661053294],[92.83225029647012,23.424861605279943],[92.82992168893553,23.42436195154262],[92.83127067274128,23.421233640542045],[92.8284089892981,23.420305007017856],[92.8294318633381,23.419573236141066],[92.82704472783489,23.418765013851495],[92.82822431261687,23.417325198916412],[92.82839627011985,23.415368085471467],[92.83001747834669,23.415315157441455],[92.8302321400391,23.41197131066089],[92.8289123744197,23.409063427945902],[92.82718641353588,23.407044742449436],[92.82662549016408,23.402841268291418],[92.82534432667764,23.401820564786032],[92.82456760163836,23.399314584037985],[92.82217545272188,23.39403595456552],[92.82486450736033,23.391111358679787],[92.82388158065903,23.390478941549286],[92.82173881541812,23.391451078620303],[92.82185235429907,23.389204979493755],[92.82116890873299,23.386058015387142],[92.8223432894326,23.38504711830331],[92.82389801845956,23.386483404898275],[92.82466178591343,23.38464162663054],[92.82820820244258,23.383462241286328],[92.82949411340041,23.384668107235505],[92.83081011548215,23.383695600450533],[92.82937818691892,23.38085759815763],[92.82961574807614,23.37866209798903],[92.82710532488622,23.377224746599868],[92.82789822714912,23.37578025294175],[92.82325344827166,23.3725595938175],[92.8228387561538,23.37022981821066],[92.82535784171915,23.369061399489325],[92.82717793501368,23.366940083000593],[92.82926112582875,23.367220695873762],[92.83295015259135,23.362503916205892],[92.83268666342698,23.360878514714003],[92.83433152646617,23.355745701564654],[92.83387268530015,23.353411424571362],[92.83511028177176,23.35206186711887],[92.8356785486912,23.348937798599618],[92.8373265896062,23.34829264626444],[92.8386817425817,23.346026590555685],[92.83800813745638,23.34237394499827],[92.84102565175846,23.33996835050191],[92.84036170746093,23.336595630897722],[92.83854391739722,23.3332768094698],[92.83693539120124,23.3333576091586],[92.83261121735022,23.33487783520844],[92.83117071392898,23.334389790988688],[92.82585623097506,23.33425709883325],[92.82129600048216,23.331167323621987],[92.81911697022936,23.32792034720015],[92.81364256281734,23.32548463685711],[92.80984031979165,23.328115063856043],[92.80335199495852,23.328039195396386],[92.79922665400638,23.327256040140913],[92.79388615198066,23.327389048776382],[92.7912665901646,23.32839256186608],[92.78287643110113,23.328538979398548],[92.78042926080386,23.327113210860233],[92.77634321028573,23.32843953958926],[92.77562282623998,23.330615190516685],[92.77128905020743,23.333167604216154],[92.77009914143851,23.335406104856858],[92.76810368147164,23.336190260844482],[92.76540483072559,23.336174757266463],[92.76250350886828,23.33843902249135],[92.75586782834193,23.339363933044773],[92.75435073296562,23.34083905393125],[92.75170960548455,23.341712773533576],[92.74884134839998,23.339836753527035],[92.74543214714046,23.340784426417088],[92.74167726918003,23.34010278042287],[92.74031160040363,23.33919212971267],[92.73757038177587,23.34130471394623],[92.7355431121602,23.343667314255555],[92.73388045993013,23.34342011110701],[92.73140806050112,23.345656565293883],[92.73297313407468,23.349344067242953],[92.72921035239206,23.349170449024683],[92.72795707851442,23.348237767152085],[92.72604674864277,23.34916340900475],[92.72339620150835,23.34871798434431],[92.72164469106914,23.350850005851637],[92.72089878524564,23.35024337815944],[92.71544603863923,23.34951485406852],[92.7154207801283,23.348307189385416],[92.71873034942348,23.347117928260516],[92.71896430246147,23.345959778325543],[92.71682808506586,23.343894339678187],[92.71781836473043,23.339581067835464],[92.71632190494489,23.336744354044367],[92.71755783713658,23.333623885526062],[92.71756116457945,23.331217502679824],[92.71602422188091,23.328514039764237],[92.71423646382013,23.32719892850916],[92.71375910504595,23.32214034627258],[92.71172960336139,23.321012695408967],[92.70390411534565,23.318876568705768],[92.69959301087366,23.320151729387334],[92.69794761451784,23.324281203348768],[92.69614950669346,23.326266204442955],[92.69419935020147,23.327327986987914],[92.69328430697026,23.325594710083465],[92.69409522753445,23.324400193030776],[92.6923052402193,23.32285462153561],[92.6886609729828,23.32300095320478],[92.68767445125819,23.324867741287424],[92.68309232399038,23.322749639544774],[92.68102816845075,23.32625827218363],[92.68139556059882,23.32816339752852],[92.68474146815474,23.326737855806254],[92.68606960279723,23.328658436622874],[92.68547459497668,23.33217115752376],[92.68404803718458,23.334808292139122],[92.6847046911385,23.338505679416983],[92.68676378671476,23.340137049973407],[92.68669034826735,23.34571058352105],[92.68495398629861,23.35033885122396],[92.68513080247801,23.352253059342697],[92.68665687145574,23.353299948350696],[92.68692669292876,23.35537664936113],[92.68491320208581,23.35823522014745],[92.68526639558146,23.36093493317706],[92.68422056056379,23.362565131784034],[92.68369362499544,23.365590211232515],[92.68220307052073,23.368150588949053],[92.6809367203584,23.368859822819154],[92.67750369070018,23.369027940253986],[92.67314095883158,23.36761155247859],[92.67129731288266,23.367722655502067],[92.67185502902234,23.369261576806494],[92.67510319809081,23.37116864519461],[92.67560264494041,23.372978926225073],[92.67391134986862,23.375586685630232],[92.67569735370785,23.378243121716206],[92.67597669773242,23.379908990240793],[92.67303808684095,23.38237487954256],[92.67232938663072,23.38392363693656],[92.66933604642986,23.38510259068293],[92.6682022332175,23.38847580068029],[92.66436683604246,23.392086907924263],[92.66612895462185,23.39871440337467],[92.66758126387937,23.402688013790968],[92.66604970830463,23.407006475254587],[92.66356033469833,23.408389489483255],[92.66256180250684,23.410034993859618],[92.66334379479713,23.41306188641226],[92.6626931765891,23.4158966114853],[92.66015372067794,23.419605159616804],[92.65761864784334,23.4215849013237],[92.65670399357849,23.42466209938915],[92.65658693309979,23.43034994285577],[92.65722401710629,23.4328442539271],[92.65504309818903,23.439272279767323],[92.6561171769838,23.442331442271506],[92.65531546625043,23.446907953648477],[92.65657789064957,23.450829633166144],[92.65472892761903,23.453094434012442],[92.65566915636198,23.457175092493497],[92.65545139268544,23.462172530446377],[92.65714547807559,23.471774093686342],[92.65631527376692,23.473170054426408],[92.65535161739203,23.480783235478462],[92.65274631964043,23.486757895066702],[92.65349065228244,23.490273748544134],[92.65512361972824,23.491908243275475],[92.65824098645282,23.497295868470157],[92.65884006446319,23.5017583245056],[92.65834528070772,23.50359384321232],[92.65449129427513,23.507422950380917],[92.65520959263569,23.511713848668062],[92.65451082769384,23.518960035016274],[92.65331162804607,23.520775121218048],[92.64983551784857,23.521281238378588],[92.64615358837108,23.520473525761336],[92.64331881894852,23.520762726819434],[92.63866291459065,23.524379308110127],[92.63616605431196,23.528636768119654],[92.63468898361502,23.532622593615475],[92.63339494618091,23.53802286785563],[92.63414911799644,23.54093933258995],[92.63841364458115,23.542417002247547],[92.64252320371111,23.545964201434167],[92.64266047600134,23.549033702923683],[92.64358680601403,23.554379384898674],[92.64474652711309,23.5555676520089],[92.64700630688628,23.556089735767223],[92.64935083567241,23.555615419458128],[92.65233348940366,23.556716606388274],[92.6549051227291,23.559124358969314],[92.65661988884818,23.561935311846405],[92.65902562504698,23.567478472913436],[92.6592369022244,23.570557432704465],[92.65806676634699,23.572738224985585],[92.65381087756434,23.57521295747415],[92.65190132077711,23.57696519604984],[92.6507795692909,23.579005694873832],[92.6497768557486,23.582966003540275],[92.6491304166852,23.589823007260165],[92.65100219703626,23.59313651894582],[92.65310899065776,23.595140726611685],[92.66093734147385,23.595487010693567],[92.66482244977944,23.596854136041667],[92.67003170821813,23.602749014154217],[92.67343891736114,23.60994895104436],[92.67263743916705,23.614509168757355],[92.67437796877134,23.619763497558363],[92.67411888826874,23.62157845159105],[92.67259571137654,23.623614970008543],[92.66918920444286,23.625602330503746],[92.66020433403632,23.62839218174674],[92.65205653242884,23.629655256382367],[92.65067989301596,23.631470321727118],[92.65091106179881,23.636991675411974],[92.6502407471291,23.63813614905378],[92.64769391605937,23.638851537119162],[92.64265443423541,23.6418999395589],[92.63698971828549,23.647800889941937],[92.63642597650393,23.6490567941835],[92.63541054427168,23.655399707237518],[92.6354760814973,23.659760379309752],[92.64221044071469,23.663583651224855],[92.64509779751555,23.667750383154516],[92.64841207829323,23.674093045641147],[92.64979986033275,23.67808829497807],[92.65491873853608,23.68433168673615],[92.65691988280419,23.690407561018127],[92.65997983516863,23.694366298016153],[92.66373174830855,23.700297697990987],[92.66645430946963,23.70595837010685],[92.66635718555325,23.709362386536586],[92.66534767676293,23.711308401386738],[92.66214658239285,23.713959147897743],[92.65847831576386,23.713632592914678],[92.6558928614068,23.71395468615534],[92.65074203621768,23.71614161265587],[92.64826618230141,23.71843080765359],[92.64583976935297,23.72487787879765],[92.6434323308283,23.727302425212653],[92.64294888658493,23.732681745914643],[92.63984834344481,23.73597065230908],[92.63730612811136,23.74144933393022],[92.63698464747907,23.747110512470172],[92.636338783858,23.750877548882297],[92.63468910926686,23.755304750434167],[92.63451753562028,23.75817375237192],[92.63027481958504,23.759417568823345],[92.62628524004104,23.762960519894172],[92.62635143765077,23.764240558753347],[92.62890697902027,23.76569428889924],[92.6316048377059,23.76802830705639],[92.63555364278925,23.77013651679298],[92.63753064961811,23.773070888628993],[92.63894880372528,23.780384370103075],[92.64040135975412,23.786424730191584],[92.64017609975582,23.79212666451787],[92.63865047104045,23.79470448366744],[92.63625622850313,23.79483551350409],[92.63126166271809,23.79407267373423],[92.62581082471868,23.794858139421752],[92.62342628735622,23.797201768376507],[92.6238088734624,23.798912113343036],[92.62848459306672,23.804722430777026],[92.63092811904632,23.81037010627598],[92.63273394865568,23.816509834036935],[92.63435329664689,23.817056054896586],[92.63694906805019,23.81557971856229],[92.63975421353393,23.81247013635278],[92.64229677091049,23.805164398932437],[92.64357252546998,23.805444194222346],[92.6484503553542,23.809926614870584],[92.65113990624633,23.81377715871274],[92.65435491478142,23.819257966389205],[92.6532107056013,23.82111859709249],[92.65000226381802,23.818892257040748],[92.64539447828149,23.81917267609391],[92.6436281958089,23.82205761165356],[92.64277457716491,23.824635471314483],[92.6436435463542,23.82820186016492],[92.64639711251475,23.83189897842429],[92.64866456980045,23.8327971126179],[92.65356726615833,23.832394658214707],[92.65629105811324,23.83259737573778],[92.66111559110018,23.833847004079427],[92.66278969086252,23.83613100000332],[92.66274109675506,23.83807224497124],[92.65927671966247,23.84069134797653],[92.6584478093268,23.84317447737748],[92.6563583630844,23.84610882302514],[92.65206920190738,23.849558586573764],[92.64768219129239,23.857369273115815],[92.64588668802054,23.86569865699253],[92.64183248564795,23.87180262803514],[92.64076251595162,23.874709985824126],[92.64028660586196,23.878132032264794],[92.64033641974278,23.888348540323847],[92.63968858937574,23.891445234131407],[92.64040577948798,23.895887427555603],[92.64164819155866,23.897819532252917],[92.64636212258787,23.899503010005947],[92.65313330679413,23.899687244163136],[92.6508143848941,23.891109711523278],[92.65305761693098,23.88806700885699],[92.65781430765344,23.883980631358963],[92.6607378248202,23.882717252158443],[92.66259991879043,23.878937029803378],[92.66262837884054,23.87492816516293],[92.66317016592525,23.87282394482931],[92.66288676574752,23.867727511342064],[92.66627656954485,23.86715346958443],[92.66778694964081,23.867521505709128],[92.67014077460416,23.865419188517592],[92.6721742991754,23.86686299680534],[92.67977352265359,23.867269300877467],[92.68534320948322,23.862543000524283],[92.68652018335767,23.859908372341266],[92.69163418160453,23.858075794530833],[92.6929095210256,23.858746810656708],[92.69417522923467,23.85727118213167],[92.69561468506657,23.857288636514944],[92.69545365428206,23.85592382382972],[92.69849538107293,23.856045901747315],[92.69845713965685,23.858009720154236],[92.69967416508304,23.85742229472132],[92.70360153404481,23.85828274155986],[92.70701404256171,23.859992069338148],[92.70866934512861,23.86176994482461],[92.71165784000716,23.860260555883027],[92.71285169867829,23.85802976408255],[92.71519526361043,23.857563496006495],[92.71902241505775,23.85526797965943],[92.72181042585323,23.855225717044068],[92.7237386385402,23.85405982198171],[92.72497397255455,23.85185599588666],[92.72623248010603,23.85118255745746],[92.72800290151746,23.852454531534196],[92.7291529941254,23.85221200492812],[92.73491347937805,23.8492906456642],[92.7362757379751,23.849067709156774],[92.74030144745522,23.8501483630197],[92.74354330561562,23.850050083860857],[92.74651284495988,23.847290644483724],[92.74887903989539,23.845948898631377],[92.75775344461225,23.84721352850409],[92.76107521838732,23.848475648011224],[92.76823031902335,23.84973150687749],[92.77197903833519,23.851314278310635],[92.77695536337572,23.852209272787626],[92.7791015884395,23.85218703952219],[92.78226283565554,23.850287344867525],[92.78655909010999,23.85049916802068],[92.78778390641686,23.851364654556704],[92.78892598339205,23.850130060777715],[92.79008455416697,23.850519652409936],[92.79283940769267,23.847870546730704],[92.79693031757462,23.848011598575802],[92.79915364464732,23.850193164447486],[92.79861650130646,23.85160158364401],[92.80091708556759,23.854022553655938],[92.80078172049902,23.856037451500967],[92.80183476661614,23.857098884766774],[92.80048810174699,23.85825858742773],[92.80185879728771,23.85936253673845],[92.80108850022272,23.862806665868924],[92.80185383067318,23.86352601507971],[92.80125036228392,23.865634726586606],[92.801806515042,23.868695052236585],[92.80300628105371,23.870912300623637],[92.80222137566784,23.872027730392137],[92.80268649544591,23.874821686489096],[92.8038594474373,23.87754110133343],[92.80508547976532,23.878349816657412],[92.80486454624675,23.881887908951757],[92.8065540994711,23.88679326233305],[92.80941182048498,23.885880661042535],[92.81051010735912,23.887317011538634],[92.80903085816479,23.88984351748231],[92.81030025679986,23.890949475771446],[92.80927628619126,23.892198031445243],[92.81063146237153,23.8944296397898],[92.81195635918539,23.89389390853479],[92.8130184475874,23.895039311601078],[92.81499094348915,23.894779995080096],[92.81743733188604,23.896273666533],[92.8175432600287,23.90030266627102],[92.8195909005735,23.906302508884817],[92.81855532823431,23.908870177998665],[92.81916143513146,23.91103495028297],[92.821765925374,23.91172820690387],[92.82087881791989,23.915521822999647],[92.8184108165402,23.915944202748733],[92.81656222544889,23.914106678534434],[92.81518989505005,23.914974243421234],[92.8164009663872,23.9169035473594],[92.81637968262122,23.91854350632578],[92.81270323202416,23.91648036772558],[92.8104462288658,23.916529940845898],[92.80681742628207,23.919145376307565],[92.8077640249901,23.92195251179644],[92.8111219129192,23.921842228309217],[92.81247631681413,23.92914982810509],[92.81522158255923,23.932694815562822],[92.81854707868224,23.935141304095886],[92.81584287294432,23.935979011979413],[92.81496787883906,23.9376877267962],[92.81608919141588,23.94249637414583],[92.81946216343654,23.944942738210617],[92.81980146762793,23.94647833492611],[92.8189444324314,23.94893713542248],[92.8224666318877,23.95339325068828],[92.82170399509984,23.956183634412845],[92.81790668702247,23.95848197321204],[92.81792377167461,23.959825291052105],[92.81607613590386,23.966372667736472],[92.81803733190677,23.96677211408752],[92.82052502718349,23.97191091200902],[92.82080368198969,23.976202800142033],[92.81994594645339,23.97903487120939],[92.82089043515616,23.982071471282357],[92.82323450580725,23.981515937340102],[92.82647213510195,23.986699108276976],[92.82223146129637,23.986545967946313],[92.82167982190224,23.987539712219142],[92.82516850730049,23.989549942089816],[92.82493868069066,23.9911197635473],[92.82155901130656,23.992589952602547],[92.82134722065769,23.99480526642325],[92.82519702342906,23.996536790084782],[92.82460649839607,24.00051779727356],[92.82656242195728,24.000166369058757],[92.82729303641952,24.004009519244292],[92.82856468685775,24.006804371144526],[92.82925136446694,24.01014977239878],[92.82879814405447,24.012907920248683],[92.83075270668394,24.016578769171],[92.82889890915676,24.019056564115104],[92.83051504236253,24.021160804636665],[92.83129555261233,24.023653001753313],[92.83345311434097,24.02387036718959],[92.83461956156965,24.019288607907036],[92.83626706694001,24.01613352531857],[92.83888196738559,24.015104967599356],[92.84025242172002,24.0174076750181],[92.83943555733367,24.020680398405375],[92.84120419325929,24.022951599847406],[92.84096240984873,24.026093554062907],[92.8425939571733,24.02688398264471],[92.84462889934493,24.02642400145681],[92.84593606900684,24.027259461873626],[92.84424423773723,24.031069219172988],[92.84171233141423,24.033050421676023],[92.8429697636246,24.036079887864584],[92.84435094328725,24.036215648749284],[92.84625860676022,24.03432004128065],[92.84739399629922,24.034496348815484],[92.84774156727605,24.040130375893213],[92.84687099391141,24.042166176725424],[92.84793216059843,24.044586111912388],[92.8454249751958,24.045262720646924],[92.84475071798813,24.048192401074054],[92.84690822522742,24.050292070947187],[92.84619453486084,24.05365061125019],[92.84476101092281,24.05528120666995],[92.84694506329089,24.059957355729],[92.84605117718742,24.064030050019916],[92.84757223966841,24.068291019529966],[92.84916481409752,24.069961667101516],[92.8510772933934,24.070404450450848],[92.85433651861459,24.07305045326803],[92.85401157014138,24.07522180768967],[92.85540742567902,24.077993859339824],[92.85446785307958,24.080160597907145],[92.85592787297888,24.081984638923302],[92.85749509387391,24.08960060155125],[92.85487350404986,24.09271057882808],[92.85459773507564,24.094665248504437],[92.85599333085915,24.100005953311925],[92.85772216978644,24.098685770472287],[92.85873266190832,24.099320181781366],[92.85831838324117,24.106303816520295],[92.859178850716,24.107473152859292],[92.86309859556192,24.107261466687667],[92.8657099753354,24.10833615132462],[92.8677114800824,24.11009692305646],[92.86783412821353,24.113302113735188],[92.8684930018747,24.11528396266763],[92.86626473717851,24.11745517259478],[92.86650062541196,24.119328647423004],[92.86999749072623,24.122096208623912],[92.87009265141762,24.126520854325623],[92.87112686421061,24.128383768357505],[92.87497895117478,24.12902305447042],[92.87650954634944,24.130267447996662],[92.87628814454705,24.13191968722514],[92.87164435988711,24.1353368457896],[92.87122021656258,24.136240949916132],[92.87148945324458,24.140064900379482],[92.87430016430851,24.147141930101476],[92.8765680442827,24.149263731455424],[92.87949063023872,24.150794052951337],[92.88184779250923,24.154600493516188],[92.88203883726815,24.156233869979626],[92.87989865519675,24.15749789017397],[92.88082362166014,24.15888829733581],[92.88377078742216,24.160707524962923],[92.88485038575685,24.16406459063344],[92.88565470370779,24.16858931435429],[92.8850454341903,24.169496853346956],[92.8824277442553,24.169298285033324],[92.88287554770942,24.17127554470396],[92.88730407197238,24.172106032810255],[92.8908027358151,24.17384383709858],[92.89128540516009,24.179017195755776],[92.89234871608774,24.183346328313668],[92.89150747505745,24.186149772767433],[92.89291048349301,24.19113795963822],[92.89360516878972,24.19859099961985],[92.89208448705826,24.19951204122041],[92.89244393128871,24.20124550026491],[92.89389102757006,24.202382977280145],[92.89263614724601,24.204017258798697],[92.8933646565082,24.20484331178239],[92.89683459798032,24.205307941898013],[92.89623946488186,24.208553779149078],[92.89823337290139,24.212192068040878],[92.8953831932927,24.21177897081549],[92.89482735577508,24.212860546513596],[92.89638790916648,24.214742844496268],[92.8968469217146,24.216945763426565],[92.89913030956811,24.21970823564534],[92.89845644118334,24.22319785417968],[92.90003194998056,24.225129765275483],[92.89897950373587,24.23186068105687],[92.89717807249122,24.234366315447],[92.89695704881599,24.23824409599758],[92.89598737085605,24.23964813710152],[92.8899467879391,24.241323437839885],[92.88928236747738,24.244311924811782],[92.88710140343933,24.24566631720486],[92.88662852195584,24.241016645575343],[92.88582629043057,24.239172645865892],[92.88273116517512,24.236607598932565],[92.88133600907959,24.234304064372896],[92.87980457426877,24.23324411924342],[92.87750940040233,24.234018009880955],[92.8758369380584,24.238366850570138],[92.87174556485078,24.24250626247827],[92.86843211709315,24.243490152024116],[92.86453796887032,24.241977524589462],[92.86104731113421,24.24248724111107],[92.85907769562354,24.24436491389165],[92.86143323370389,24.24628378365524],[92.86117458126589,24.247452945677672],[92.85889465357522,24.249664633133907],[92.85914561846853,24.250494495128024],[92.86287568023799,24.251013361860633],[92.86446038858828,24.252478767822353],[92.86213186105533,24.25442109557312],[92.86162783704886,24.255755136088],[92.86212051458567,24.258370334496085],[92.85898167818544,24.258036957616003],[92.85963555144063,24.260867127966357],[92.86490507832444,24.261772442874832],[92.86492550200308,24.263133968901],[92.86016902325306,24.26549882029797],[92.8601515350873,24.267978691717268],[92.86222398168772,24.272440245765182],[92.86544948470086,24.27468348083122],[92.86652792597894,24.277077251283075],[92.86934035400776,24.27777623032223],[92.87215531862944,24.277587923728657],[92.87217197210863,24.27988798138902],[92.86910396121196,24.282242215021167],[92.86983319679553,24.284880954532102],[92.87214480370027,24.286002536090702],[92.87214472762629,24.287237065680113],[92.87011235248337,24.290546046389174],[92.87111810112769,24.29298119432574],[92.87074801720019,24.29560100879544],[92.86782346869774,24.29926830069078],[92.86314219222753,24.301015484501626],[92.86190879407765,24.303446697842983],[92.86264968496936,24.307087855861283],[92.86122355640211,24.30978466094708],[92.86476962872509,24.312790928676744],[92.86298703043559,24.318205819757157],[92.870711622052,24.325786276727744],[92.87843621323726,24.332824866451595],[92.87843621332341,24.34202858990095],[92.87605941669814,24.355020939777177],[92.88318980765479,24.36963573920928],[92.88913180091664,24.377754343508993],[92.90220418505507,24.38370765387921],[92.90287968802632,24.391065924421287],[92.90385450058038,24.391871927312756],[92.90251309702764,24.39415869943934],[92.90497353648642,24.400361795503983],[92.90676367503042,24.403314014017248],[92.90640324624555,24.40657834428838],[92.90719281560551,24.40899866015455],[92.90707295374078,24.411285224956476],[92.90942667549835,24.412852655801462],[92.9108541591529,24.411532028832],[92.90926210460476,24.41015574120034],[92.91288443606456,24.40874627274383],[92.91466841253887,24.407093618088407],[92.91874401000253,24.40519569683866],[92.92107789405944,24.40308547975248],[92.9215136104893,24.401579884408743],[92.92036899841314,24.40089462120501],[92.92446480397635,24.3976380726897],[92.92449859703619,24.395990415174854],[92.92667721704312,24.395642085105926],[92.92752538856267,24.396476930330056],[92.9298562206078,24.395036046376195],[92.93042384162746,24.393593794426025],[92.93386237866679,24.392296658607147],[92.93528350714732,24.39563888325922],[92.936664352634,24.39693389286484],[92.93669958998814,24.398391928516354],[92.93893299561545,24.39923065876598],[92.93910611427408,24.400514840954184],[92.9417338185091,24.401129851309584],[92.94534399477588,24.400038072803873],[92.94719046195029,24.400779752850266],[92.94760786132078,24.402354005779046],[92.95116980902769,24.402994205590986],[92.95329346856937,24.401584679690405],[92.95508527034714,24.3976248786541],[92.95494644336948,24.396356436855335],[92.95729194636388,24.392121568194135],[92.96016839117763,24.391934213350424],[92.9612857502638,24.393448696389903],[92.9662248490762,24.396846592690654],[92.96849547215677,24.401196815413293],[92.97157287550489,24.403126952232306],[92.97196833548423,24.404458391642745],[92.97376360926349,24.405706508187045],[92.97338108372352,24.4081726267057],[92.97634999557647,24.408245126610243],[92.97912111354016,24.40734357585132],[92.97930011871114,24.406480394997548],[92.98452488863177,24.405691171728208],[92.98479081825687,24.404894799144312],[92.9886236936542,24.403528467239607],[92.99239108783573,24.3989456437954],[92.99691120910428,24.39925145450792],[92.99833798881163,24.39976856731583]]]]}},{"type":"Feature","properties":{"id":"15-431","name":"Champhai","source_name":"Champhai","state_id":"15","source_agency":"Survey of India (SOI)","district_code":"262"},"geometry":{"type":"MultiPolygon","coordinates":[[[[93.32580097481085,24.05035394481213],[93.3259370192712,24.045966543950957],[93.32740637853523,24.044770197846226],[93.328149190516,24.04208994263478],[93.3319565959348,24.042509180811876],[93.33351038378227,24.040560346935035],[93.33701443904741,24.041446510065608],[93.33739832783314,24.039137744873646],[93.33497153026633,24.039073619548326],[93.33228898624897,24.037393508516523],[93.33500024012208,24.036313236035625],[93.3348639442265,24.035202866359423],[93.33240551232466,24.034945776659328],[93.3287099148558,24.033797703749716],[93.32591387407938,24.029917224639835],[93.3263692111844,24.02922875663422],[93.33127224634958,24.030203367013407],[93.33196393733833,24.02948513615023],[93.33053854511307,24.02750926634395],[93.33432532982515,24.02720267586832],[93.3356836403745,24.025815189814793],[93.33778602905821,24.025596415038205],[93.33778285386167,24.0235872369871],[93.33884799897753,24.02208556026528],[93.33576410212714,24.01922877781501],[93.33326205676782,24.01928743769174],[93.33157214961905,24.021069991367213],[93.32999121441682,24.0210828063912],[93.3294364286894,24.019134967229956],[93.33003325522668,24.015949781677058],[93.33118818380561,24.014833388894097],[93.33349637521785,24.014440398296482],[93.33282667646759,24.008355761181928],[93.33449096382887,24.004709812980245],[93.33329261969945,24.003309658251187],[93.33207174555696,24.000004467761],[93.33429882692852,23.9977247035678],[93.3342419710268,23.992181847371292],[93.33673284588316,23.990642127941218],[93.33716494485729,23.98887914969967],[93.33198562508818,23.986678318615272],[93.32982640686508,23.986580759763793],[93.32888897470302,23.984799554018547],[93.33155091803077,23.983976571746997],[93.33415117073594,23.98513451877588],[93.33498453845064,23.98219411616059],[93.33286370205316,23.980842814899052],[93.33273958336531,23.979425665564563],[93.33731319995425,23.9798212979635],[93.33877514083156,23.980510221241683],[93.33947423836662,23.97938120531414],[93.3371749285441,23.977546954639575],[93.33760625088324,23.975378342094093],[93.34248172179754,23.975392715729406],[93.34380471680298,23.97414297616581],[93.34401304515255,23.971243163791915],[93.34343873222136,23.970216568037877],[93.34103775400429,23.969904817372],[93.3445222147121,23.965547820425986],[93.3467180524316,23.964417479582455],[93.34687996142902,23.96192550275363],[93.34839536734857,23.96107383725787],[93.3500096264104,23.962547433235507],[93.35114369872008,23.961653428277355],[93.35092189371123,23.959241615733124],[93.35201003739913,23.957286956940287],[93.35061097711619,23.956147488359438],[93.3504782773886,23.95403160970311],[93.35284862471195,23.953524552266472],[93.35368242221402,23.951990240892815],[93.35326952265834,23.950138063567085],[93.35111477959428,23.948289408310618],[93.34904908930002,23.949141070285705],[93.34943149670691,23.94667643334454],[93.35110088361027,23.9461859189054],[93.35315574247883,23.94694311781092],[93.35452348690981,23.94329006272911],[93.35347815528884,23.942166015112996],[93.35096338067302,23.94251536076618],[93.3507639154682,23.941649952515238],[93.35334065953457,23.941009115827132],[93.35602241101529,23.942337935636516],[93.35749716040176,23.945454907061674],[93.3602563600116,23.945067444676578],[93.36172793886725,23.943775820583188],[93.35933419429608,23.940932042206796],[93.3619710354319,23.939935137049932],[93.36429047807391,23.93762447592957],[93.36540404267694,23.93356976934702],[93.36874012189969,23.932874907289374],[93.36946603833012,23.930219281592226],[93.37158813338861,23.932351560595826],[93.37475832528959,23.932126934692743],[93.37596482653593,23.932968314720384],[93.37838021718214,23.932812227079673],[93.38070478387462,23.93453168166389],[93.38108455940075,23.932910213250516],[93.38318243946458,23.932049494502795],[93.3849011354559,23.93010024338509],[93.38631005440237,23.931124905148394],[93.38965280728942,23.930400835352877],[93.39115579085853,23.929169816466345],[93.39293501044578,23.929130994422547],[93.39064317905967,23.92688172113063],[93.39067401065098,23.923821349775007],[93.39378149776842,23.92562474403888],[93.39423922433039,23.92388367759278],[93.39182135496873,23.920240071864544],[93.3924230167535,23.91708786506854],[93.39469758124758,23.916627929996558],[93.39478794429333,23.91475767835469],[93.391397374929,23.914241018503073],[93.39130828813293,23.910906417233196],[93.39181533961066,23.9064911134301],[93.3900804605263,23.905834257766625],[93.39134496091454,23.903114876987164],[93.39002546193356,23.90189798716997],[93.39080029443392,23.90041139262704],[93.38978996870671,23.898243256583264],[93.39029236243105,23.896405163809554],[93.38915326006145,23.894776103541545],[93.38977179142597,23.892453391164427],[93.38863060531305,23.89085922051492],[93.38924757305084,23.888842559553996],[93.38809685402849,23.885161187476037],[93.38699077291234,23.883974392519264],[93.38748157478013,23.881795361611367],[93.38610189597955,23.88090724931081],[93.38607190149148,23.87820424902392],[93.38471102602118,23.877137212549393],[93.38476091949475,23.87300886526343],[93.3876558524329,23.868011544667993],[93.38679521171031,23.86672620212282],[93.38879213712862,23.865107349558524],[93.38735022410842,23.863634076077805],[93.3879872306741,23.86129956347126],[93.38570297187714,23.85812429147418],[93.38757208845068,23.855150112114124],[93.38614636556657,23.85367820842885],[93.38648957423015,23.852188778383503],[93.38496383468714,23.848127474788278],[93.38655461619449,23.845746208296436],[93.38719458096688,23.841732934616058],[93.38852457898626,23.840713403616665],[93.38841704439008,23.83811445964575],[93.38940630979839,23.83663284606991],[93.38873344010449,23.834790302130255],[93.39015620764224,23.833841512566188],[93.38862447658502,23.83287694722783],[93.39001123645878,23.83011382561763],[93.38845513383221,23.825574091183693],[93.39227811612135,23.823851090346167],[93.3923071599538,23.822943462477006],[93.39019964206477,23.82116144306855],[93.3900502148407,23.817718100377125],[93.39191960752123,23.816441331796604],[93.39401676122702,23.817705795738352],[93.39594883482825,23.816022042601276],[93.39713573700334,23.81400976113395],[93.39836240000052,23.815273495924004],[93.40083647087287,23.812717191542358],[93.40188406120961,23.81244489323671],[93.40183474275742,23.810236060768414],[93.40326233326998,23.807045625631712],[93.40312509193542,23.803631106556885],[93.40224137368837,23.802489985886425],[93.40295275705792,23.797491770414773],[93.40175697745254,23.7950889852029],[93.39789365261484,23.792780210832547],[93.39769854813991,23.787909279455203],[93.39630033688478,23.786533528148762],[93.39586195081017,23.783123989210363],[93.39649007723246,23.780495082440243],[93.39597784990411,23.778327077251067],[93.3941647599159,23.775184662384177],[93.3943144062327,23.77228917836031],[93.39564944714655,23.77018352732294],[93.39570705561611,23.768521037295848],[93.39386129242224,23.764434161416705],[93.39394531944394,23.763597012895346],[93.39169385616356,23.7611807162528],[93.39261998701377,23.760231532354034],[93.39155395924483,23.756691970875284],[93.3928419775911,23.755017238141445],[93.39523895064076,23.753855841499576],[93.39535916856543,23.749206232698565],[93.39827051408393,23.74789017488255],[93.40155611734625,23.74737920390334],[93.40376873657128,23.74526935418785],[93.40339359699907,23.740919038487583],[93.40398698589391,23.737737461466338],[93.40553263801299,23.736063826353767],[93.40654570944643,23.73255043209369],[93.4097507370094,23.73105527530014],[93.41103735538515,23.729113533034432],[93.40992138326725,23.727250756456257],[93.4109562227425,23.723753045235135],[93.40931385881862,23.721565763092954],[93.41120953835582,23.71970895806836],[93.4118599828677,23.717316849390944],[93.41035620852226,23.718008401310268],[93.40830817708536,23.717123520053605],[93.40706806487825,23.714781621152582],[93.40618416456904,23.715395026648306],[93.40613035827661,23.71255024306174],[93.40756873812208,23.709351271849634],[93.4085422071748,23.708789207524312],[93.40725514913136,23.707625868609426],[93.40895345047669,23.706987934603866],[93.41024232151523,23.703799792999316],[93.41170300506498,23.704125093938764],[93.41409127555804,23.70261907616815],[93.41571164312346,23.702720798826643],[93.41944956033755,23.701487645383065],[93.4211744209788,23.696014731845985],[93.42518575541936,23.6926586099912],[93.42545102350601,23.689604408513013],[93.4271533730403,23.68922291776971],[93.42879065605402,23.687506594738288],[93.43660286819748,23.687215178854736],[93.43613555005429,23.685646707853937],[93.43662324816982,23.681827901384676],[93.43528996639496,23.681105229697884],[93.43510680538266,23.67901223743186],[93.43610015472798,23.67804795306222],[93.43255736843336,23.67489240186812],[93.43286849928505,23.673430969506512],[93.43110252571284,23.673421151177745],[93.43105273925129,23.671784886165778],[93.42834202327242,23.667200997416394],[93.42558886510805,23.66427122441441],[93.4257996906981,23.662220387912605],[93.42241538084372,23.659967060154138],[93.42410012941362,23.656103555892567],[93.42033328611106,23.65301220214202],[93.42199938632386,23.65164951993295],[93.42050345738335,23.651107018138966],[93.41950341061631,23.648279520043083],[93.41700761340275,23.648071047949173],[93.41842711174785,23.646714353187807],[93.41794458699098,23.643151144703612],[93.41718860920173,23.641805551810435],[93.41713800930346,23.63765335837107],[93.41834392858742,23.635888541075172],[93.4236373515615,23.63352915477284],[93.4226727251551,23.631155510268844],[93.4244860543303,23.628673361550717],[93.42179737533542,23.627188498502072],[93.42268769554595,23.624584059601943],[93.41994186813442,23.623451827266642],[93.4212982424354,23.61988563957846],[93.42103422829152,23.618486890689287],[93.42242994876955,23.615518990821545],[93.42189829591707,23.613382824088514],[93.42045950964935,23.612467023110437],[93.42208033281281,23.61032024210506],[93.42158296178178,23.607811309570707],[93.42326075291807,23.60688228313363],[93.42431831780661,23.6046457628395],[93.42205288169482,23.6038326055723],[93.4220919307975,23.60283982155854],[93.42408326035441,23.602688420989214],[93.42576875960567,23.600457391003236],[93.42456004085611,23.59974271585186],[93.42649710042626,23.59926198078484],[93.42585408043722,23.596363997790224],[93.42756127458873,23.594111762634675],[93.42585933111783,23.591032758772613],[93.4274112417257,23.59041667468537],[93.4285611446444,23.58828122161244],[93.42381580775056,23.585399764321792],[93.42257399556975,23.58193769361674],[93.42273306861193,23.578230206863616],[93.42145195369406,23.57400952078835],[93.42207189711681,23.571370441202937],[93.41811728197936,23.568676377224026],[93.41502722909873,23.57116842660735],[93.41436762743264,23.570833047696137],[93.41444247055595,23.56793844156209],[93.41355408851604,23.565067044226087],[93.41199458087068,23.563823504465674],[93.41012406439545,23.56426111763231],[93.40977479402198,23.56300909077238],[93.41291113883186,23.561363224110245],[93.41303574434875,23.559507785857015],[93.40984800960268,23.5591349434564],[93.4088426750048,23.558095044064974],[93.40948332043008,23.55667264186129],[93.41243650377511,23.556440386009395],[93.41259742724542,23.553457020832532],[93.4144843444527,23.549650901821902],[93.4149548584592,23.54569300602927],[93.41577739044834,23.543875536018962],[93.41833977078232,23.54176815284705],[93.41830720836971,23.53904148286256],[93.41608812333467,23.536656826112615],[93.41473844129497,23.530945201531395],[93.41042615928576,23.524271818004216],[93.40899338827924,23.522735965427938],[93.40875015185065,23.517307649493006],[93.40751822304095,23.516531458703874],[93.40550044099257,23.517282491530004],[93.40380414609461,23.516724053985065],[93.40355652354475,23.515097779180667],[93.40463408424395,23.51358412559893],[93.4031959061892,23.511056579498327],[93.4015729487602,23.509917818639963],[93.3993182644386,23.51100504352065],[93.39724054908048,23.509629199835413],[93.39646611939503,23.506796410921048],[93.39695282455573,23.504987146372972],[93.39472258822953,23.503759565812192],[93.39541196888463,23.501986778016374],[93.39446734839173,23.49939185156646],[93.3953362519087,23.492637366449415],[93.39378521058012,23.486680637830982],[93.39578019533009,23.485751548981384],[93.39550827399287,23.481317798654203],[93.3926735128265,23.479826557311544],[93.39269925605792,23.47813124902512],[93.39540419417396,23.4750158134714],[93.3983902006619,23.474327654179806],[93.39782582899053,23.472363965706716],[93.3993126133435,23.471883432228015],[93.39784727258824,23.469323611188564],[93.39716358368673,23.46597889870917],[93.39432119432801,23.464934924274168],[93.39431525729093,23.46187053090941],[93.39352880320386,23.460579538346867],[93.39418902255085,23.458339461817147],[93.3924082616614,23.45788785222071],[93.39601309098737,23.45367432184695],[93.3929676781803,23.450163797172337],[93.39478198174494,23.44895874685004],[93.39442324904554,23.447632754466945],[93.39300731567843,23.44776554455462],[93.3905456155865,23.450716021519998],[93.38871984802383,23.448659059073965],[93.38801284362827,23.446377601175303],[93.388988048965,23.443907606910187],[93.39107802171375,23.44202875879707],[93.38974635514795,23.43944100007875],[93.3907350359889,23.436501125033637],[93.38929119975627,23.432779239281814],[93.39029067156845,23.427367775143566],[93.38966758168928,23.42330498834326],[93.38844104292139,23.422543524369637],[93.38864197872086,23.42016633246729],[93.39079271206627,23.418557878735836],[93.39063333357907,23.413841390768457],[93.3914946239725,23.408285012335707],[93.39444246177005,23.397174701387097],[93.39812718777925,23.396570560810265],[93.39834160464927,23.392798784747345],[93.40144239074311,23.390722493565136],[93.40251176836898,23.388769186785986],[93.40154943429432,23.38597505715336],[93.40164726398827,23.38374855477879],[93.39695627024943,23.383539960351214],[93.39583951896104,23.381911008091418],[93.39500000728357,23.37681562826937],[93.39304916450585,23.37503368245361],[93.38747223852604,23.374722460495875],[93.3864904406092,23.374078716652697],[93.3874081205662,23.37148665382379],[93.39078609536989,23.37071380242486],[93.39079793780171,23.369230772204645],[93.38796313215636,23.3674205343393],[93.38912000681442,23.36667617000231],[93.38930039639887,23.364521858057234],[93.38809790061893,23.359830596822324],[93.38664583985238,23.359593522649682],[93.38483124284257,23.361626821752456],[93.38333784869779,23.361896762089984],[93.38141366313293,23.358186491657314],[93.38034366590715,23.3586389023421],[93.37931969149263,23.36083130127077],[93.3748782598417,23.35898503381393],[93.37001978317677,23.35873395470673],[93.36754539447772,23.357108625109596],[93.36390269653869,23.356058512799752],[93.36132052489795,23.356564694747675],[93.35620047303755,23.35339952558046],[93.35577261886691,23.351891916165926],[93.3565518600935,23.349203321118345],[93.35829087440418,23.346089726391586],[93.35812044374322,23.342303311158226],[93.36046532319584,23.340486340126187],[93.36205340753021,23.337244790599836],[93.36407408223342,23.335485629193613],[93.37008502796495,23.333064752476673],[93.37288265689158,23.329418000261047],[93.3722735675096,23.32709457274518],[93.37058808478459,23.325077794809253],[93.36731478335656,23.322962291339504],[93.36702985944927,23.320423831799243],[93.37141877436657,23.316638110531972],[93.37149984337833,23.31350041832664],[93.36901844315489,23.313061829183216],[93.36548908673336,23.31410959158005],[93.36384276353778,23.312641418752765],[93.36797520578034,23.31019543775117],[93.37073196107117,23.310228615526828],[93.37158049775161,23.308997531791466],[93.36872685796949,23.30740986402853],[93.36604900165297,23.307325347998976],[93.36553109883923,23.30506423049164],[93.36854427804589,23.301829504771348],[93.36822909494673,23.298204416714853],[93.36599784870273,23.293982509477985],[93.36750482811192,23.291426196917996],[93.36956443758272,23.289499006195715],[93.36992734179724,23.287167519640338],[93.36721919785195,23.283105295987912],[93.36689728379143,23.28098359983709],[93.36388437228662,23.281504317551043],[93.36267653335449,23.28039634439145],[93.36346430948004,23.27810521343206],[93.36594080370169,23.27755107047605],[93.36916260754063,23.276065852330564],[93.36577870833489,23.269820461119004],[93.36633299604996,23.268596444350607],[93.36797791328154,23.269076198467864],[93.36859291310206,23.266195111251005],[93.37040096456111,23.262939644865035],[93.37299747271527,23.26206227761604],[93.37326023021942,23.25998032158578],[93.3702275359181,23.258644138851754],[93.37009220143138,23.25667052658997],[93.37165502185336,23.25517538546002],[93.37010931492523,23.252494050982637],[93.36966018209488,23.249925129479088],[93.37598420391977,23.248559536631202],[93.37701002618346,23.24604847605317],[93.37621111032388,23.244053765163436],[93.37938911033608,23.237814325754712],[93.37867588838765,23.235026823398734],[93.37916837697917,23.233710611168185],[93.38157790108261,23.232805108978475],[93.38213722504467,23.231356847087778],[93.38079712815441,23.22760603721893],[93.38126915230076,23.224301052847753],[93.38355203909634,23.22392032068448],[93.38600002092632,23.219361416681444],[93.38838170402735,23.21747819475931],[93.38803568324585,23.215203695372747],[93.38237538635414,23.215926249722234],[93.38015919692926,23.214903115668957],[93.37832420902602,23.212370756128273],[93.37853302546418,23.208485119663283],[93.37799201836641,23.206802311680153],[93.37545025586108,23.204221602747435],[93.37735465529195,23.201467595837368],[93.37979765231236,23.200726237818213],[93.3803966648939,23.199440115353703],[93.37696493643183,23.19026089283412],[93.38063654766944,23.186586011485645],[93.37836195860908,23.184716425607238],[93.37791648671103,23.18140087554877],[93.37430752844752,23.177215228241863],[93.37287667005322,23.17649936733994],[93.37030174869096,23.176495587897833],[93.36863853256615,23.17503520795782],[93.3721935135319,23.172243817874786],[93.37240973790837,23.168619007589278],[93.37123162460271,23.165581837670768],[93.37228801942389,23.16046957755981],[93.37165625219583,23.158166428739417],[93.36959890243342,23.156359761954032],[93.36925425076701,23.154117955037147],[93.37139101922989,23.152338698215882],[93.36828157146961,23.145793251366268],[93.36823432656858,23.14409881646577],[93.37118300072109,23.14109358974944],[93.3761678953119,23.141561499553784],[93.37828128492055,23.140683128225906],[93.38165071490596,23.14256085847723],[93.38352996252858,23.144492519161638],[93.38708806114616,23.143407617305332],[93.38546586531422,23.13739331142465],[93.38561298568422,23.133835433685093],[93.38447834396626,23.132609846076253],[93.38162101507682,23.13253690202692],[93.37962495046017,23.133128411643263],[93.37684879542246,23.131860439892765],[93.3779565860478,23.12860570554528],[93.37758846737982,23.126788431651708],[93.37619521191377,23.12601256137932],[93.37302606639007,23.12627789205462],[93.37134554991457,23.125437587338325],[93.36620780070416,23.121377650872816],[93.36426149904042,23.118885185390262],[93.36424024695168,23.11598222255687],[93.36320721523313,23.114935715283192],[93.36115385356017,23.11514215030094],[93.3575698062294,23.11667722091956],[93.35566459434557,23.116052167582218],[93.35540130762459,23.113140532179543],[93.35669613341241,23.11116422908923],[93.35821125576895,23.110278697090635],[93.35831566745499,23.1087278717466],[93.35642403593155,23.106810010345317],[93.35411825867686,23.099135001629],[93.35428864705715,23.096830111527005],[93.35155078192467,23.09382320979038],[93.35059993636386,23.091345738533228],[93.3478733534605,23.092774578451877],[93.34561040105886,23.09284751422125],[93.34457000701366,23.091767489584043],[93.34631615541453,23.089131009419198],[93.34607093404598,23.08724869789738],[93.34364743300384,23.08627749622569],[93.3429155373833,23.083851157481373],[93.34351121333614,23.080177821880447],[93.3396859814038,23.07514536875072],[93.3392606148176,23.07383377966009],[93.34076583595109,23.07329680285322],[93.34367675823131,23.075266408303094],[93.34517810100553,23.075134003097066],[93.34800487881098,23.073369892367865],[93.35105887013789,23.07308683354804],[93.35216288415818,23.07228040595412],[93.35174258755627,23.07011303678172],[93.34821334892125,23.070158927244243],[93.34585996779262,23.07097175742016],[93.34400666911732,23.069114053322938],[93.34149037275927,23.068202643110364],[93.34035048370826,23.06691778671728],[93.34040822195783,23.064870542220795],[93.34345809724726,23.06006675787369],[93.34324630169466,23.05818637258805],[93.3417993101949,23.05745874738424],[93.33884573199303,23.05932637708515],[93.33518415757993,23.059993100014495],[93.33315194067146,23.05406166742803],[93.33404347891053,23.050654055684614],[93.33359958212398,23.048568640188577],[93.3274170131702,23.047516807796093],[93.32702997781531,23.046333687128527],[93.3279644825714,23.04438072435122],[93.32829688550021,23.040990226936877],[93.32729144055237,23.03871494689682],[93.32522931614554,23.03772657390574],[93.32368471796111,23.035980962061636],[93.32138661776166,23.036919238281726],[93.32013905967861,23.036308711198735],[93.3207724391964,23.034044918385195],[93.31994760753635,23.03117640654573],[93.32030748236434,23.028891632347488],[93.31860301736526,23.027664270354407],[93.3147179431437,23.02748448176282],[93.3134102844803,23.02622070214501],[93.31415445054901,23.019867749713484],[93.31341443231658,23.018957148503574],[93.31147028864088,23.0191517181781],[93.30710460178885,23.02140822198725],[93.30293582798467,23.018796547250435],[93.30183546793428,23.01665589483425],[93.29823091180793,23.013715711008498],[93.29629922821724,23.01084462481983],[93.29437884156101,23.006933450646397],[93.29239031854948,23.0063356036721],[93.28994495218386,23.008686291320654],[93.28773397664456,23.00796293974221],[93.2831695908337,23.008372013082184],[93.28218307007066,23.006594086914575],[93.28006940361531,23.004934762306732],[93.27613446524164,23.00398806515921],[93.274318835554,23.004389924647043],[93.27416279976062,23.006808348453916],[93.27123802951539,23.010726280049543],[93.2673094745506,23.01047896895823],[93.26399502792378,23.008101002111328],[93.26123614785853,23.00851768599069],[93.25864375080339,23.007962493497814],[93.24691249529837,23.006598808814452],[93.24166394314261,23.00694985113077],[93.23969694251497,23.00797048417942],[93.23853354516727,23.00956349687024],[93.2355064375068,23.01127163729683],[93.23047211397461,23.0114285902131],[93.22869986276397,23.012295188466844],[93.22866313686974,23.014918487700516],[93.23057096359152,23.017340385490808],[93.22978060319271,23.019928797933563],[93.2278978268816,23.02079472405788],[93.22628633297518,23.02001895458141],[93.22512265410217,23.02078271311148],[93.22539089968008,23.023015734076083],[93.22405688417678,23.024220561819327],[93.2200003585051,23.023771904164292],[93.2177578802139,23.02444818694108],[93.2152851959221,23.02687412355237],[93.21498151880661,23.02811904702864],[93.21754762350687,23.031927021035603],[93.21687985996053,23.03548398954736],[93.21297555733607,23.036370896554917],[93.21130460792509,23.03917494350532],[93.21061862707666,23.044168293916748],[93.21073112086893,23.046580979560886],[93.20924651652022,23.048913130822626],[93.20672798514117,23.04856052568587],[93.20200819795343,23.05075053823503],[93.2012490082474,23.05209763046838],[93.20207110713848,23.05369206889517],[93.20151632187259,23.05485200259779],[93.19677491406003,23.05475130814181],[93.19332021627284,23.053948930260226],[93.189718658068,23.051746072740702],[93.1871769597962,23.05293293048826],[93.18694860128747,23.05760525001653],[93.18546955162819,23.05920529636765],[93.18287367831488,23.059416585104227],[93.1817178305412,23.05785837723957],[93.17982960338814,23.05697044974305],[93.17669989684332,23.060311071729654],[93.1750710233583,23.062758664186372],[93.17457399597546,23.064781508576043],[93.17524890898932,23.069404566944826],[93.17700104655893,23.070451566428172],[93.17533309465843,23.07304364499615],[93.17308879100072,23.074367153028273],[93.17040577798656,23.077162544169838],[93.17084544891661,23.078729171116088],[93.17448132654506,23.079902059920716],[93.17519910464954,23.0811524708422],[93.16985705997686,23.086477036727807],[93.1704340618342,23.090228763597572],[93.16997551703564,23.09107324302171],[93.16604263165159,23.093629608043813],[93.16362306151501,23.098140568039035],[93.16282836935397,23.101522377592545],[93.16326883046571,23.1066557310575],[93.16402107707157,23.109075602726993],[93.16382643476042,23.1113195850976],[93.16450054622062,23.113301510048217],[93.16472111691199,23.117107456611084],[93.16637149135734,23.119066581440517],[93.16724649665478,23.123662602775674],[93.16559717043707,23.125798545938146],[93.16548545316451,23.12820052016172],[93.16768933395278,23.136087489239266],[93.17041395025247,23.137888330589593],[93.17269454168849,23.140109023342553],[93.17222159935221,23.14211374798259],[93.1689728901387,23.143367512447348],[93.17083107253919,23.14516624484782],[93.171168482475,23.14671471960382],[93.16936253888193,23.14853470365893],[93.1687238076154,23.151604976065887],[93.16646449079599,23.156431945216834],[93.1649121902476,23.157958297026493],[93.16187119403556,23.162243567939917],[93.16264824605537,23.165060775949783],[93.16128142412123,23.166826370128742],[93.15972982730226,23.17230768724354],[93.16112230059535,23.17574774850109],[93.15931104833795,23.177734642237585],[93.15449114126986,23.178299864969564],[93.15170772721257,23.17965927111313],[93.14772781990803,23.180761315828338],[93.14611641913929,23.182567468352527],[93.14526370514945,23.184683759625738],[93.14494669290971,23.18957763135515],[93.14550248121158,23.190262716981632],[93.15116554319407,23.190629113423075],[93.15510912979536,23.19412764186599],[93.1579675066315,23.195742132470727],[93.15983387776109,23.193506734534637],[93.16179223458253,23.193824455200378],[93.1627722601292,23.197494637854394],[93.1593393200212,23.201084626489813],[93.15806127388996,23.200771252162944],[93.15822442858389,23.199211716200786],[93.15428015903343,23.19920284523028],[93.1514701373754,23.20020814892672],[93.14943369691274,23.20013227587363],[93.14606045845346,23.202188169930174],[93.14325371546175,23.205464373168933],[93.14271910480916,23.20799575308706],[93.13883585551626,23.213609613956535],[93.13204760558426,23.22012000165466],[93.12902668153386,23.22263456465672],[93.1243852512005,23.223893319005384],[93.12222492938248,23.225377760136297],[93.1199250025268,23.227993434273493],[93.11523990330781,23.230763924731633],[93.11331782024597,23.2313570579774],[93.11287648893236,23.23307961379414],[93.11057467249167,23.234436554795025],[93.110787193032,23.236403280848187],[93.10719520506439,23.238532216372416],[93.10537372282842,23.240403957780316],[93.10041872782178,23.24087414896615],[93.09835578664986,23.23987010656457],[93.09723461665313,23.23622333567535],[93.09202231155801,23.230965548414236],[93.08268077059559,23.226073178044608],[93.07834954879134,23.22747559475654],[93.0756901560435,23.22753116603947],[93.07195370211129,23.228317418791526],[93.06904997032484,23.229781035753092],[93.06884343075747,23.231512916206427],[93.0669333215642,23.234829938225097],[93.06324905743472,23.237397796377888],[93.06234130018888,23.238770168396087],[93.05895086066772,23.24093494007594],[93.05653284932752,23.2414857649369],[93.05433506899276,23.24344090548059],[93.05337010274783,23.239985434871112],[93.05256959896698,23.240995577342826],[93.05154441959475,23.239227986269306],[93.0479089000264,23.23749026645482],[93.04617946702287,23.238964761036897],[93.0410983114822,23.239645618647483],[93.03990715635386,23.237429338197128],[93.03846130624724,23.236889523426537],[93.0375814180595,23.238417670177615],[93.03805154016915,23.242518833049843],[93.03509283317554,23.24361164443295],[93.03426209415831,23.24478914522414],[93.03562385775858,23.24602576457162],[93.03896257967543,23.24589927584774],[93.04117436652622,23.248412473449466],[93.04302834003026,23.248710319426564],[93.0429206076983,23.249713445755976],[93.03947180684968,23.252020057692505],[93.03768662142033,23.253760527765717],[93.0331890511113,23.253748446688775],[93.03160441015717,23.260017542176104],[93.02883965343533,23.26065569150417],[93.02770179742092,23.261743080044976],[93.0283572291962,23.263072050771925],[93.03099979646865,23.264848992141737],[93.02849518704521,23.26683058276085],[93.02567351325409,23.26684027263495],[93.02376838896419,23.267918331916576],[93.01951091499063,23.267976991503357],[93.01531725481442,23.27145891873946],[93.0106523846745,23.27445957689543],[93.00722281753428,23.281067412549724],[93.00667029674938,23.283813226145117],[93.00683801775592,23.28747155779829],[93.00514094630037,23.290367236961067],[93.0052688627262,23.296319497438308],[93.00675917636264,23.301399620381115],[93.005731141021,23.304545982224525],[93.01210101330578,23.310830285110185],[93.01372308992279,23.313614418662187],[93.01764399314337,23.317603261052696],[93.02003988940474,23.319484527253653],[93.02479125105216,23.320868454837395],[93.0262005715482,23.322248148555598],[93.02749199065055,23.324827933183826],[93.03112935903246,23.326047292742736],[93.03254708018038,23.328656253205423],[93.0325772527123,23.330535830719842],[93.03438847603928,23.33237643666216],[93.03372186566617,23.33596393596635],[93.03517309399925,23.339931943293337],[93.03692248262638,23.34232251058774],[93.03723676433015,23.344085689778055],[93.03572835031272,23.346656425542506],[93.03708930110656,23.348270668577292],[93.03971556156613,23.34900071991747],[93.0415921041851,23.353992811489277],[93.04098514134236,23.35749721490582],[93.0421312147758,23.358460709592258],[93.04250480451529,23.36104133833912],[93.04475038329714,23.36423264432471],[93.04519564260481,23.366063878497954],[93.04784116596554,23.36827803871304],[93.04903533289567,23.371616466927716],[93.04858764191329,23.372764536889317],[93.04626775042388,23.37454382243723],[93.04531676913079,23.376285112751326],[93.04138018017278,23.379117640914156],[93.03814903965286,23.383328768235582],[93.03622632001769,23.387270222282865],[93.03597807427036,23.391906154710867],[93.03266756670395,23.39530101714436],[93.03231826822413,23.397351211483553],[93.03354927291451,23.39899297302761],[93.03603766511827,23.400001759994517],[93.0399772771725,23.400849639062226],[93.04311295584681,23.400713263265306],[93.04746734128751,23.401955019790204],[93.05331131454692,23.402898843762156],[93.05468736601212,23.402788717808175],[93.05671222318391,23.400896340850128],[93.05942660606702,23.399718364509113],[93.06283075441254,23.400420474928225],[93.06649695312151,23.397092032766693],[93.06833407581435,23.397342098796308],[93.07668830498609,23.403016278269742],[93.07910168731519,23.405936292022375],[93.07956253584165,23.409516403958666],[93.08240910383377,23.414411843530427],[93.0825612962715,23.417280378320356],[93.08371917066974,23.422686752385882],[93.08511572898367,23.42550164589986],[93.08492906402117,23.429579942606765],[93.08574647828874,23.43331688115108],[93.0891202861424,23.435972801204873],[93.0934374052786,23.440257407369927],[93.09791976195675,23.44306679803596],[93.0988136787137,23.44532486102836],[93.09884165213292,23.44792761104285],[93.09769851597649,23.45106001808908],[93.09446992222185,23.45097544432719],[93.09074950623325,23.452530844954246],[93.08680081009271,23.45324586143659],[93.08457608912954,23.455387892977637],[93.08260454708856,23.455715869356638],[93.07979915442641,23.455175942450946],[93.07615935437876,23.457437548000193],[93.06989816583666,23.46540341507737],[93.07051575465995,23.468784513087105],[93.0733889777646,23.468688321916037],[93.07869768787995,23.46767795059904],[93.0808920694313,23.46831086548999],[93.08151131446625,23.470331362181437],[93.07931278945817,23.4722832996431],[93.07753655605477,23.476733191476914],[93.07747753612638,23.478075515452574],[93.07187428574542,23.477379728639296],[93.06648973003307,23.477647004754335],[93.06431636851467,23.476830541614678],[93.06014078455284,23.477447841747402],[93.05634750399,23.479490777638897],[93.0530021533311,23.48225264854579],[93.04927826747942,23.484671934435248],[93.04494163189791,23.485389124105822],[93.0412599499118,23.484150907713556],[93.03656331209456,23.47759593214585],[93.03549336753123,23.474923029002525],[93.03209656261326,23.472748391204842],[93.02701405204965,23.472254404657473],[93.0229566159456,23.470765501027657],[93.02063250239763,23.472040167876624],[93.02016496539697,23.473576985742362],[93.01852146689,23.474502134883934],[93.01184892654446,23.476713687023164],[93.00901431799792,23.478335535801133],[93.00598765267583,23.481297144959083],[93.00263893565247,23.483160469350175],[93.00244560354378,23.48421847404173],[93.00470259008713,23.487012082104116],[93.00458064815287,23.489228361800823],[93.00623021055681,23.488898016789605],[93.00655069636663,23.490760867741596],[93.00991099114428,23.491890117413337],[93.00984683742179,23.493664844795415],[93.01133962048348,23.495123855445208],[93.01078807238592,23.497422293903533],[93.01200308435033,23.49809708485801],[93.01146526632203,23.499597072194014],[93.01264121027731,23.50151537962176],[93.01249044822293,23.503322733792768],[93.01614092789458,23.50495752743017],[93.01562772095117,23.50614003898046],[93.01834433150644,23.510220960162357],[93.02096661896705,23.509472278424454],[93.02070825474522,23.51105561469731],[93.02381221475203,23.510981011635486],[93.02495662332593,23.514262159547634],[93.02673554987295,23.513319325881863],[93.03038959071534,23.514204326917902],[93.03304824652605,23.51381781161297],[93.03647472463886,23.516577237741505],[93.03659256879065,23.51765896199672],[93.03938959991076,23.51895485299433],[93.04081601127507,23.52375020520639],[93.03948707149756,23.526851071748627],[93.03965561810736,23.530941458333135],[93.03848002177325,23.531595369404645],[93.0395492263105,23.536182968282816],[93.03697250164497,23.537855306702244],[93.03853319710461,23.53959546465994],[93.03753149479874,23.54068732456945],[93.03878150031659,23.54174006549168],[93.03834335042248,23.545085117645034],[93.03668631589744,23.54770268628869],[93.03683646677521,23.551738668639878],[93.03493579632897,23.550888961600414],[93.03328968962688,23.553101548064937],[93.0338320482562,23.56009372616972],[93.03666448123184,23.561702774828316],[93.03381812904624,23.562371349410945],[93.03288317129307,23.561672984878232],[93.03257469506363,23.564950659658322],[93.0335913064503,23.567854215486168],[93.03354978984426,23.571068634021035],[93.03507981701513,23.57520955586462],[93.03275374144748,23.57786041956769],[93.03138437987323,23.57827946146856],[93.03116994406258,23.583432751254463],[93.02961492767838,23.58529425610794],[93.02850481529204,23.590302320364007],[93.02914593896293,23.59425308972605],[93.02790681555351,23.59706038173974],[93.0277668201113,23.600640359400543],[93.02820075231399,23.603430681583127],[93.02935591007838,23.604731724522985],[93.02936041110348,23.606459055656106],[93.02823219676428,23.608366529353965],[93.02955137882593,23.611797192057296],[93.0285410337998,23.613191585690544],[93.0292322344097,23.615896264006395],[93.02812021298773,23.61874426573694],[93.02924925693955,23.62237024705902],[93.02827651664603,23.625796270930703],[93.02982934390505,23.626359349638573],[93.02760620666653,23.630766374891788],[93.03131867623375,23.633193123932582],[93.03006030740165,23.638339037530933],[93.03201355027728,23.641067066066267],[93.03154742664714,23.64268022214378],[93.03261324629995,23.645171220843782],[93.03263131103223,23.64724350095963],[93.0310025176549,23.64954039849445],[93.03180621526134,23.65135569518828],[93.03099077730243,23.6521453397071],[93.03062787524418,23.655002363846805],[93.02895851692551,23.653919301761224],[93.02854257830954,23.655597383879844],[93.02955699333117,23.65886887775974],[93.0279073808108,23.659416338601094],[93.0280072529047,23.66331247817162],[93.02740615909556,23.667271428807016],[93.02790487788855,23.668874369855725],[93.02751490254992,23.67235942562583],[93.02592020094966,23.674502791548267],[93.02794230823987,23.67749279614224],[93.02760917348657,23.680258566326394],[93.02480715294622,23.677242717292394],[93.02434906804235,23.677625818030585],[93.02512578894853,23.68105295849692],[93.02397570867207,23.684681831618057],[93.0248254608613,23.686155557166558],[93.02698739815258,23.685584556449342],[93.0282981499201,23.686260370042596],[93.02901716237469,23.688382733447057],[93.02909748601994,23.69233748354026],[93.0311489919141,23.693741931928027],[93.03104994203939,23.69713777459686],[93.03018644264687,23.697913755707393],[93.02987213726736,23.70039282560695],[93.03097308874776,23.701494321636734],[93.03071304447775,23.7082073352168],[93.0294406538043,23.711420849865508],[93.02830275824115,23.712185899592992],[93.02600867307358,23.71120188306411],[93.02467689676342,23.71501124715728],[93.02700002585658,23.716222765492166],[93.02655212659667,23.71837143426033],[93.02742746623247,23.7213877225898],[93.02672948714866,23.723599390117357],[93.02682009871387,23.72675509650603],[93.02409338103156,23.733168514294636],[93.0255821983722,23.735670574168314],[93.02962619213228,23.738047864787234],[93.03221575218741,23.73773807104798],[93.03320040805903,23.739187864434715],[93.03017591114178,23.74379528692033],[93.03175855514138,23.745805262484414],[93.03111544731287,23.746667101015333],[93.0289135978742,23.74628653490722],[93.02916680300885,23.748661334965302],[93.03073337835427,23.74992873132923],[93.02953946279625,23.75200444713371],[93.0258166594262,23.75213288069402],[93.02615107059876,23.754126291517142],[93.02893087651991,23.75564279513574],[93.0283206596434,23.75825743056963],[93.02613319494944,23.758108101238957],[93.02580842169482,23.75937420456818],[93.02700376805004,23.761277932165715],[93.02432677985689,23.76290360675474],[93.02550416582582,23.765748538553826],[93.0244074801745,23.76621732420868],[93.02440219480006,23.769720604507604],[93.02347833717224,23.77174250416632],[93.02398625941947,23.774528337459255],[93.02267977214224,23.776522830846368],[93.02254706665035,23.782739230393005],[93.02283401123026,23.785786765192263],[93.02181187323063,23.787898811352953],[93.02206396254165,23.791506099880955],[93.02083537944871,23.793911452759872],[93.01773625869932,23.792116986826233],[93.01624427928883,23.792621526795525],[93.01002143056127,23.799939397381497],[93.01013657637206,23.802840016250315],[93.01222779099335,23.80171530205393],[93.01519679881947,23.801026760809844],[93.01885918174683,23.801390639227414],[93.020400323476,23.80081163865395],[93.02069351338623,23.799346885511866],[93.02315134280956,23.79960143412365],[93.0256199608538,23.79875885157321],[93.02770986866354,23.79903569783074],[93.03103433659018,23.79854572885478],[93.02831040980195,23.796598252792478],[93.02877810466109,23.794551214839395],[93.03120133949331,23.79514869865246],[93.03174366743639,23.79378039953033],[93.03358289448433,23.794546029177553],[93.03490142738727,23.793988489603166],[93.03442573902495,23.79214067700301],[93.03590190347212,23.79294290451408],[93.03912710960675,23.792027235977955],[93.04016107645019,23.790237831687264],[93.04103609671992,23.791274421583825],[93.04418073142219,23.791506501279557],[93.0438070004742,23.792860676939995],[93.04766646301145,23.791675413187768],[93.0489735743433,23.79222241859197],[93.05143694798217,23.79155095348923],[93.05412019658542,23.79212116225694],[93.05321930204143,23.78904635060314],[93.05553460785572,23.789611783267226],[93.05793872441448,23.79237133239153],[93.05871072900857,23.795071314241248],[93.06221215465952,23.793537981300506],[93.06278734708073,23.796120553055545],[93.06181530045932,23.79719459699396],[93.06017430298338,23.79691623053855],[93.05872607007893,23.798408713134474],[93.05781163937333,23.801802056218754],[93.05892159463419,23.8043488078604],[93.06830509163204,23.80930624533362],[93.07313090585986,23.811174986846655],[93.07692223441099,23.816290253200865],[93.08009470764517,23.81831751836264],[93.08306071253837,23.821626088312716],[93.08684551655048,23.82214371828055],[93.09005891331772,23.827397948707524],[93.09068737661946,23.8293279138772],[93.0926998670544,23.830062883334808],[93.09830062733501,23.83007667878611],[93.10365501919328,23.82876843050464],[93.10853285357298,23.830475733637048],[93.11459133691174,23.82966384005427],[93.11912854727001,23.82761916131948],[93.12194547997953,23.827017404910297],[93.12429122383931,23.827493040422667],[93.12983176319491,23.82771436698361],[93.13278381416056,23.82639130272093],[93.13319341871629,23.82899645978316],[93.13571604188398,23.83263959804303],[93.13806696811208,23.835167620989303],[93.13837139792521,23.837546747230977],[93.13764853956577,23.842161226547418],[93.14191679003521,23.84357068328277],[93.14420870521373,23.845716666373242],[93.14748279416364,23.847222423713603],[93.15452257121302,23.851702078772977],[93.15853349872872,23.852755653882088],[93.15959263463846,23.85511544116938],[93.16262167740483,23.857035091255444],[93.1629905538427,23.85914353215003],[93.16241825994629,23.861967558929617],[93.16291025493598,23.865356142590674],[93.16282957412432,23.8700626669777],[93.16385332172501,23.871869743465624],[93.16393591432431,23.875461310506736],[93.16475480315033,23.876327125205783],[93.16964675348414,23.8777379002832],[93.16733482107625,23.880618853340902],[93.16562911127642,23.889893190290064],[93.16679764132446,23.893313273975167],[93.16593844920055,23.89519607183641],[93.16303246044909,23.89794530805747],[93.15923324637556,23.903994765997727],[93.15714553543206,23.90557652483077],[93.1563273604563,23.908927682941503],[93.158861688558,23.9139226365115],[93.16029511459394,23.915428435012394],[93.1608284005974,23.919645334684837],[93.16487132445727,23.925618226644914],[93.16450387018047,23.92972235185467],[93.16581483840343,23.931792899387485],[93.16926104373833,23.934457246747993],[93.1713434409432,23.93419185689008],[93.17858187843943,23.931196670346417],[93.182010296277,23.931872719835365],[93.18518428179543,23.93122241498901],[93.18710837879551,23.929903903749178],[93.18784606551363,23.93122143973643],[93.18664239214952,23.933315696975164],[93.1867170828999,23.935712878069296],[93.18985658556268,23.939805263257114],[93.18993977364403,23.942591457141447],[93.18838366899772,23.942930918296668],[93.18697670642999,23.945319489186357],[93.1831813375634,23.94911297295604],[93.17863749227637,23.96616375473705],[93.18187136447848,23.97044706309615],[93.1814009606016,23.97214154099083],[93.174957523586,23.974269250949355],[93.17379042087966,23.975380308524855],[93.17409954824582,23.98097146828831],[93.1716625270742,23.982440556965614],[93.17138325583225,23.984845718151757],[93.16904796855229,23.984375683189764],[93.16765543981101,23.98561852996416],[93.16763585795185,23.989389903718145],[93.16280239502444,23.992836115439896],[93.16179908149032,23.994681246231984],[93.16141453207904,23.99988471236897],[93.16020532654714,24.002923189935725],[93.15839730291357,24.004611921391113],[93.1583289719559,24.006756275490936],[93.1599344034595,24.01079410659651],[93.161662157668,24.012190968612266],[93.16188116897443,24.0134910698283],[93.1600952794011,24.015798287156155],[93.1607739660366,24.0177935166756],[93.15980879446042,24.02024728073673],[93.16089818095135,24.023477114729133],[93.16103660498254,24.02685385426286],[93.16190208128096,24.028618803389687],[93.16180956898133,24.032194219862795],[93.16322355598025,24.035559396478334],[93.16334523671148,24.040450705799138],[93.16537173893238,24.045226470760205],[93.16456175849932,24.04940697047481],[93.16538316687426,24.051086131984068],[93.16713158472508,24.051632266636222],[93.17101367628989,24.050801505866954],[93.18946600112012,24.05333408216252],[93.19371783766408,24.04955934430613],[93.2121692125877,24.047062756029934],[93.21642965081324,24.05837115270522],[93.21786462548863,24.06465878119915],[93.22070472600682,24.07094522805498],[93.21786631801413,24.078485341725045],[93.21929213790426,24.080995743534082],[93.2221391181768,24.08351274106539],[93.23207118078778,24.081000944000458],[93.23776469120976,24.083521281542392],[93.24344927735527,24.0822732186804],[93.25910759095318,24.069714437254152],[93.25910976311852,24.064689762482278],[93.2619861660518,24.057152314667032],[93.25912900800505,24.054636833838565],[93.2577032222433,24.054630924442737],[93.24775266075908,24.030754636860678],[93.25206564431707,24.025735710981905],[93.2506384837964,24.02071236412213],[93.26929250863608,24.030804204336807],[93.2721234453332,24.037081432567753],[93.2807072672431,24.04337718765259],[93.28353045004044,24.048397033666237],[93.29359361952511,24.048413005405973],[93.30784756868131,24.050926501827558],[93.32580097481085,24.05035394481213]]]]}},{"type":"Feature","properties":{"id":"15-432","name":"Kolasib","source_name":"Kolasib","state_id":"15","source_agency":"Survey of India (SOI)","district_code":"263"},"geometry":{"type":"MultiPolygon","coordinates":[[[[92.90287968802632,24.391065924421287],[92.90220418505507,24.38370765387921],[92.88913180091664,24.377754343508993],[92.88318980765479,24.36963573920928],[92.87605941669814,24.355020939777177],[92.87843621332341,24.34202858990095],[92.87843621323726,24.332824866451595],[92.870711622052,24.325786276727744],[92.86298703043559,24.318205819757157],[92.86476962872509,24.312790928676744],[92.86122355640211,24.30978466094708],[92.86264968496936,24.307087855861283],[92.86190879407765,24.303446697842983],[92.86314219222753,24.301015484501626],[92.86782346869774,24.29926830069078],[92.87074801720019,24.29560100879544],[92.87111810112769,24.29298119432574],[92.87011235248337,24.290546046389174],[92.87214472762629,24.287237065680113],[92.87214480370027,24.286002536090702],[92.86983319679553,24.284880954532102],[92.86910396121196,24.282242215021167],[92.87217197210863,24.27988798138902],[92.87215531862944,24.277587923728657],[92.86934035400776,24.27777623032223],[92.86652792597894,24.277077251283075],[92.86544948470086,24.27468348083122],[92.86222398168772,24.272440245765182],[92.8601515350873,24.267978691717268],[92.86016902325306,24.26549882029797],[92.86492550200308,24.263133968901],[92.86490507832444,24.261772442874832],[92.85963555144063,24.260867127966357],[92.85898167818544,24.258036957616003],[92.86212051458567,24.258370334496085],[92.86162783704886,24.255755136088],[92.86213186105533,24.25442109557312],[92.86446038858828,24.252478767822353],[92.86287568023799,24.251013361860633],[92.85914561846853,24.250494495128024],[92.85889465357522,24.249664633133907],[92.86117458126589,24.247452945677672],[92.86143323370389,24.24628378365524],[92.85907769562354,24.24436491389165],[92.86104731113421,24.24248724111107],[92.86453796887032,24.241977524589462],[92.86843211709315,24.243490152024116],[92.87174556485078,24.24250626247827],[92.8758369380584,24.238366850570138],[92.87750940040233,24.234018009880955],[92.87980457426877,24.23324411924342],[92.88133600907959,24.234304064372896],[92.88273116517512,24.236607598932565],[92.88582629043057,24.239172645865892],[92.88662852195584,24.241016645575343],[92.88710140343933,24.24566631720486],[92.88928236747738,24.244311924811782],[92.8899467879391,24.241323437839885],[92.89598737085605,24.23964813710152],[92.89695704881599,24.23824409599758],[92.89717807249122,24.234366315447],[92.89897950373587,24.23186068105687],[92.90003194998056,24.225129765275483],[92.89845644118334,24.22319785417968],[92.89913030956811,24.21970823564534],[92.8968469217146,24.216945763426565],[92.89638790916648,24.214742844496268],[92.89482735577508,24.212860546513596],[92.8953831932927,24.21177897081549],[92.89823337290139,24.212192068040878],[92.89623946488186,24.208553779149078],[92.89683459798032,24.205307941898013],[92.8933646565082,24.20484331178239],[92.89263614724601,24.204017258798697],[92.89389102757006,24.202382977280145],[92.89244393128871,24.20124550026491],[92.89208448705826,24.19951204122041],[92.89360516878972,24.19859099961985],[92.89291048349301,24.19113795963822],[92.89150747505745,24.186149772767433],[92.89234871608774,24.183346328313668],[92.89128540516009,24.179017195755776],[92.8908027358151,24.17384383709858],[92.88730407197238,24.172106032810255],[92.88287554770942,24.17127554470396],[92.8824277442553,24.169298285033324],[92.8850454341903,24.169496853346956],[92.88565470370779,24.16858931435429],[92.88485038575685,24.16406459063344],[92.88377078742216,24.160707524962923],[92.88082362166014,24.15888829733581],[92.87989865519675,24.15749789017397],[92.88203883726815,24.156233869979626],[92.88184779250923,24.154600493516188],[92.87949063023872,24.150794052951337],[92.8765680442827,24.149263731455424],[92.87430016430851,24.147141930101476],[92.87148945324458,24.140064900379482],[92.87122021656258,24.136240949916132],[92.87164435988711,24.1353368457896],[92.87628814454705,24.13191968722514],[92.87650954634944,24.130267447996662],[92.87497895117478,24.12902305447042],[92.87112686421061,24.128383768357505],[92.87009265141762,24.126520854325623],[92.86999749072623,24.122096208623912],[92.86650062541196,24.119328647423004],[92.86626473717851,24.11745517259478],[92.8684930018747,24.11528396266763],[92.86783412821353,24.113302113735188],[92.8677114800824,24.11009692305646],[92.8657099753354,24.10833615132462],[92.86309859556192,24.107261466687667],[92.859178850716,24.107473152859292],[92.85831838324117,24.106303816520295],[92.85873266190832,24.099320181781366],[92.85772216978644,24.098685770472287],[92.85599333085915,24.100005953311925],[92.85459773507564,24.094665248504437],[92.85487350404986,24.09271057882808],[92.85749509387391,24.08960060155125],[92.85592787297888,24.081984638923302],[92.85446785307958,24.080160597907145],[92.85540742567902,24.077993859339824],[92.85401157014138,24.07522180768967],[92.85433651861459,24.07305045326803],[92.8510772933934,24.070404450450848],[92.84916481409752,24.069961667101516],[92.84757223966841,24.068291019529966],[92.84605117718742,24.064030050019916],[92.84694506329089,24.059957355729],[92.84476101092281,24.05528120666995],[92.84619453486084,24.05365061125019],[92.84690822522742,24.050292070947187],[92.84475071798813,24.048192401074054],[92.8454249751958,24.045262720646924],[92.84793216059843,24.044586111912388],[92.84687099391141,24.042166176725424],[92.84774156727605,24.040130375893213],[92.84739399629922,24.034496348815484],[92.84625860676022,24.03432004128065],[92.84435094328725,24.036215648749284],[92.8429697636246,24.036079887864584],[92.84171233141423,24.033050421676023],[92.84424423773723,24.031069219172988],[92.84593606900684,24.027259461873626],[92.84462889934493,24.02642400145681],[92.8425939571733,24.02688398264471],[92.84096240984873,24.026093554062907],[92.84120419325929,24.022951599847406],[92.83943555733367,24.020680398405375],[92.84025242172002,24.0174076750181],[92.83888196738559,24.015104967599356],[92.83626706694001,24.01613352531857],[92.83461956156965,24.019288607907036],[92.83345311434097,24.02387036718959],[92.83129555261233,24.023653001753313],[92.83051504236253,24.021160804636665],[92.82889890915676,24.019056564115104],[92.83075270668394,24.016578769171],[92.82879814405447,24.012907920248683],[92.82925136446694,24.01014977239878],[92.82856468685775,24.006804371144526],[92.82729303641952,24.004009519244292],[92.82656242195728,24.000166369058757],[92.82460649839607,24.00051779727356],[92.82519702342906,23.996536790084782],[92.82134722065769,23.99480526642325],[92.82155901130656,23.992589952602547],[92.82493868069066,23.9911197635473],[92.82516850730049,23.989549942089816],[92.82167982190224,23.987539712219142],[92.82223146129637,23.986545967946313],[92.82647213510195,23.986699108276976],[92.82323450580725,23.981515937340102],[92.82089043515616,23.982071471282357],[92.81994594645339,23.97903487120939],[92.82080368198969,23.976202800142033],[92.82052502718349,23.97191091200902],[92.81803733190677,23.96677211408752],[92.81607613590386,23.966372667736472],[92.81792377167461,23.959825291052105],[92.81790668702247,23.95848197321204],[92.82170399509984,23.956183634412845],[92.8224666318877,23.95339325068828],[92.8189444324314,23.94893713542248],[92.81980146762793,23.94647833492611],[92.81946216343654,23.944942738210617],[92.81608919141588,23.94249637414583],[92.81496787883906,23.9376877267962],[92.81584287294432,23.935979011979413],[92.81854707868224,23.935141304095886],[92.81522158255923,23.932694815562822],[92.81247631681413,23.92914982810509],[92.8111219129192,23.921842228309217],[92.8077640249901,23.92195251179644],[92.80681742628207,23.919145376307565],[92.8104462288658,23.916529940845898],[92.81270323202416,23.91648036772558],[92.81637968262122,23.91854350632578],[92.8164009663872,23.9169035473594],[92.81518989505005,23.914974243421234],[92.81656222544889,23.914106678534434],[92.8184108165402,23.915944202748733],[92.82087881791989,23.915521822999647],[92.821765925374,23.91172820690387],[92.81916143513146,23.91103495028297],[92.81855532823431,23.908870177998665],[92.8195909005735,23.906302508884817],[92.8175432600287,23.90030266627102],[92.81743733188604,23.896273666533],[92.81499094348915,23.894779995080096],[92.8130184475874,23.895039311601078],[92.81195635918539,23.89389390853479],[92.81063146237153,23.8944296397898],[92.80927628619126,23.892198031445243],[92.81030025679986,23.890949475771446],[92.80903085816479,23.88984351748231],[92.81051010735912,23.887317011538634],[92.80941182048498,23.885880661042535],[92.8065540994711,23.88679326233305],[92.80486454624675,23.881887908951757],[92.80508547976532,23.878349816657412],[92.8038594474373,23.87754110133343],[92.80268649544591,23.874821686489096],[92.80222137566784,23.872027730392137],[92.80300628105371,23.870912300623637],[92.801806515042,23.868695052236585],[92.80125036228392,23.865634726586606],[92.80185383067318,23.86352601507971],[92.80108850022272,23.862806665868924],[92.80185879728771,23.85936253673845],[92.80048810174699,23.85825858742773],[92.80183476661614,23.857098884766774],[92.80078172049902,23.856037451500967],[92.80091708556759,23.854022553655938],[92.79861650130646,23.85160158364401],[92.79915364464732,23.850193164447486],[92.79693031757462,23.848011598575802],[92.79283940769267,23.847870546730704],[92.79008455416697,23.850519652409936],[92.78892598339205,23.850130060777715],[92.78778390641686,23.851364654556704],[92.78655909010999,23.85049916802068],[92.78226283565554,23.850287344867525],[92.7791015884395,23.85218703952219],[92.77695536337572,23.852209272787626],[92.77197903833519,23.851314278310635],[92.76823031902335,23.84973150687749],[92.76107521838732,23.848475648011224],[92.75775344461225,23.84721352850409],[92.74887903989539,23.845948898631377],[92.74651284495988,23.847290644483724],[92.74354330561562,23.850050083860857],[92.74030144745522,23.8501483630197],[92.7362757379751,23.849067709156774],[92.73491347937805,23.8492906456642],[92.7291529941254,23.85221200492812],[92.72800290151746,23.852454531534196],[92.72623248010603,23.85118255745746],[92.72497397255455,23.85185599588666],[92.7237386385402,23.85405982198171],[92.72181042585323,23.855225717044068],[92.71902241505775,23.85526797965943],[92.71519526361043,23.857563496006495],[92.71285169867829,23.85802976408255],[92.71165784000716,23.860260555883027],[92.70866934512861,23.86176994482461],[92.70701404256171,23.859992069338148],[92.70360153404481,23.85828274155986],[92.69967416508304,23.85742229472132],[92.69845713965685,23.858009720154236],[92.69849538107293,23.856045901747315],[92.69545365428206,23.85592382382972],[92.69561468506657,23.857288636514944],[92.69417522923467,23.85727118213167],[92.6929095210256,23.858746810656708],[92.69163418160453,23.858075794530833],[92.68652018335767,23.859908372341266],[92.68534320948322,23.862543000524283],[92.67977352265359,23.867269300877467],[92.6721742991754,23.86686299680534],[92.67014077460416,23.865419188517592],[92.66778694964081,23.867521505709128],[92.66627656954485,23.86715346958443],[92.66288676574752,23.867727511342064],[92.66317016592525,23.87282394482931],[92.66262837884054,23.87492816516293],[92.66259991879043,23.878937029803378],[92.6607378248202,23.882717252158443],[92.65781430765344,23.883980631358963],[92.65305761693098,23.88806700885699],[92.6508143848941,23.891109711523278],[92.65313330679413,23.899687244163136],[92.65500537960145,23.900004095667704],[92.6592128974948,23.90313075672269],[92.66067164649824,23.904760197839728],[92.66120751256067,23.90749595612852],[92.66049621535707,23.910538742594778],[92.66038895115189,23.913847862519845],[92.65826349975411,23.918006078536298],[92.65327970218631,23.922268552536977],[92.6517229385119,23.922503530132868],[92.64628852483223,23.922027440914448],[92.64421592568816,23.92224801009748],[92.64429781711033,23.926635448899056],[92.64372837206824,23.92866215022564],[92.64190644753195,23.93049968143415],[92.6380264709551,23.930477352135746],[92.6315140279659,23.93266253874366],[92.62544834391124,23.93403034566959],[92.62280098071358,23.935226568732773],[92.62127824898482,23.937423138804224],[92.62395982467083,23.940996080886936],[92.62431087379848,23.944095260323024],[92.62863086848022,23.94407956625627],[92.62885678373873,23.947000409796804],[92.6271571998569,23.948544323643983],[92.62626805976605,23.950512597927975],[92.62568333357848,23.955704183887992],[92.62405237499483,23.957189376082813],[92.62059401277592,23.957875392063507],[92.62038739037234,23.96226345776457],[92.62230757715834,23.972001136876187],[92.62577085412985,23.98191043418253],[92.62862545880901,23.9840954692887],[92.63106741842137,23.98465074882828],[92.63193708012089,23.986100173405074],[92.63165216583751,23.989232874931407],[92.62975059582558,23.99198215907676],[92.62973584660345,23.99428451039534],[92.63247778915736,23.997318178511566],[92.63271369212207,23.99920971177315],[92.63082428890361,24.00140714325629],[92.62506241583591,24.004709362895195],[92.6213963659587,24.00548109097143],[92.61879631857597,24.0107402085402],[92.61878628762223,24.012992889549782],[92.62189704618223,24.015426355016217],[92.6233120262977,24.022432815839977],[92.62870355126738,24.032630964239864],[92.63056642739706,24.03318173078382],[92.63501950844127,24.031588030456266],[92.63598293370792,24.032012393148296],[92.63646472948525,24.034490832725467],[92.6353490163319,24.035470430494694],[92.63289133958949,24.035240258523764],[92.63020265074724,24.036698429852677],[92.62713532663572,24.041754509423182],[92.6250019063177,24.04313585254132],[92.62412693939045,24.042806271355797],[92.62267216050572,24.038616857779292],[92.62427479329827,24.032921176099396],[92.62199424217168,24.0320092611137],[92.6174718137565,24.036392423325196],[92.61556850312778,24.045741542273205],[92.61331655127996,24.049899055912608],[92.61167435440538,24.051916792902215],[92.60961447427307,24.052471798513082],[92.60744176323296,24.051582158678375],[92.60338615410775,24.051310637703967],[92.59836142663205,24.053864812550856],[92.59510064491296,24.059173005903478],[92.59383139188662,24.062228939403177],[92.59264628599242,24.063131526529354],[92.58942090343832,24.063843972588394],[92.58614667939334,24.063509001473488],[92.58527609066341,24.064961545741617],[92.58597784590899,24.068410053988853],[92.58713236183084,24.070880362814467],[92.58616218491102,24.075705321927444],[92.58454910456665,24.076679952046398],[92.58081685885185,24.077482349070074],[92.5785328572931,24.07566046149296],[92.57565922347139,24.076916301235972],[92.57298433177573,24.077109441286055],[92.57143652835163,24.075344676657345],[92.57404378879338,24.071779874537494],[92.57355319511967,24.069494919943132],[92.57542253425552,24.06670607317403],[92.5711176067366,24.062637177626492],[92.57103014317399,24.06038898601278],[92.57358942285317,24.05398857286474],[92.57324744570539,24.05245410573234],[92.56872085456324,24.047192555771403],[92.56551126177149,24.041138187764577],[92.56384151961241,24.043213349793508],[92.55994466504575,24.040918303885025],[92.55894931319965,24.04083545686051],[92.55822330199902,24.04276775144533],[92.55879180438853,24.04566991167956],[92.56029437191052,24.04870878307119],[92.56355090802144,24.053883710511617],[92.56228669861603,24.055377413632936],[92.55821172729652,24.05452233512338],[92.55726720183371,24.055651228280016],[92.55788352629185,24.061189908042515],[92.55713062736096,24.062435517466565],[92.55413599822207,24.06338207544062],[92.55114246401482,24.06253119136854],[92.54957911616765,24.054509001295212],[92.55034331634903,24.050931005850305],[92.5504040137348,24.048168232271927],[92.54955775194996,24.042046262729766],[92.54534575480457,24.041552034719828],[92.54194122640794,24.037658629598226],[92.5382167107304,24.03571976762694],[92.53622715112935,24.040883013886884],[92.53462315838745,24.043557926901688],[92.5340095072674,24.048468805090476],[92.53541696100831,24.053087887132854],[92.53755882130375,24.05521095370498],[92.53750228945836,24.05862830019597],[92.53578782376837,24.06357500104105],[92.53591222850442,24.06719424059337],[92.53852323108586,24.074763261200548],[92.5391786924678,24.07949510143211],[92.53879807025989,24.082410749064348],[92.53712183175837,24.087573681856245],[92.53592395783069,24.092607079470373],[92.53672709957495,24.095291589741596],[92.5400941770378,24.09935914710593],[92.53907345816438,24.103231099537364],[92.53733050338761,24.106015401660656],[92.53657543625832,24.109667390402283],[92.5368689879518,24.11172576096889],[92.53883186346901,24.11719014849589],[92.54114611282164,24.121370937103393],[92.5436522539538,24.12475871501279],[92.54316456000991,24.12596317797372],[92.53687858002145,24.12562992000099],[92.53621301405668,24.127724162096964],[92.53876588315087,24.134673261908524],[92.53982248838714,24.136109446360106],[92.54378578054555,24.138445646631467],[92.54506388268862,24.139818719103936],[92.54520031991274,24.141791555291825],[92.54118491130316,24.150596704383883],[92.53744171360952,24.156408912851948],[92.52732481103946,24.164379214760434],[92.52701839680873,24.166067358975997],[92.52837040083456,24.167440617124846],[92.53222140734282,24.169610005349703],[92.53500432481506,24.172397093542795],[92.53637004974706,24.175399951551313],[92.5363050185254,24.176853514691878],[92.5342225633782,24.180266770894942],[92.53111301721293,24.185122587322088],[92.53342158697224,24.1892984229932],[92.53476093084903,24.19384289078953],[92.5375395089027,24.196173786608956],[92.53808222212517,24.19847518315356],[92.53667310967352,24.200956513983645],[92.53929970926173,24.20244677332125],[92.5415332189762,24.20550501609316],[92.5420045897358,24.207623163461257],[92.54104220227556,24.208891293511922],[92.54129630301543,24.210665095552212],[92.5433073628817,24.211568245970536],[92.54215841047119,24.213101771346473],[92.54353058455466,24.2157227602319],[92.54592190855587,24.216905714846096],[92.54581068183373,24.21869542347399],[92.54711643276717,24.220157129045838],[92.54772637663768,24.223024653376658],[92.54705654243102,24.224544502241873],[92.54681798888898,24.230160514207412],[92.54847669465806,24.231763410274652],[92.54686607825141,24.232968286301862],[92.54705185140503,24.236450758911232],[92.54855886522452,24.2397016331297],[92.55065482153996,24.247001163214243],[92.55288646146991,24.247420964588425],[92.55557353588185,24.24676410699045],[92.55781782178416,24.24834959391375],[92.55974756610229,24.24881988720638],[92.56168237019651,24.25069500627707],[92.56357159497644,24.251421849465828],[92.57026278062138,24.251512891259306],[92.57311853193815,24.251863343198806],[92.5804161156734,24.249761783843486],[92.58304259233714,24.250439988247845],[92.59091308411054,24.24872177724165],[92.59540292175447,24.25048777695372],[92.60099929500228,24.250069836115795],[92.60255605780223,24.24859257249682],[92.60604794848788,24.248453430169636],[92.60717527416838,24.24989364210323],[92.61230321593945,24.253467629405595],[92.61290159483217,24.25569368380088],[92.61406946489743,24.255962153404536],[92.61308350398205,24.25824886995575],[92.61438061328595,24.260879557961932],[92.61448580526486,24.2638274378713],[92.61586704943672,24.268489594692614],[92.61653030989008,24.274683745331807],[92.61786743194997,24.27702555294452],[92.61726046734233,24.280568699094978],[92.61830643041665,24.28111808098139],[92.61819004157014,24.28414927678772],[92.6190219720852,24.284484045325257],[92.61965422671065,24.287515830228333],[92.61598207196127,24.28946460796346],[92.61621652107291,24.292284464090482],[92.6180678348613,24.297612867049892],[92.61816756015119,24.301161063224413],[92.61916865038803,24.306055345489696],[92.61829425298896,24.30735469348936],[92.61955387891646,24.313544747951767],[92.62163692556706,24.31665230616761],[92.6218440035317,24.31891405361024],[92.62348344638848,24.31990180556949],[92.6237910379344,24.322691880510423],[92.62157001036387,24.32336797802796],[92.62171977487763,24.324863698571793],[92.62364491762443,24.327238638903058],[92.62240774444255,24.328023328220134],[92.62235422707087,24.330904207410473],[92.62477012170942,24.334075300784445],[92.62978789138307,24.333565860619437],[92.63488242419825,24.33656302111452],[92.63703534159261,24.334969346899552],[92.63537242031008,24.333364632608205],[92.63713104860055,24.331224770451502],[92.63974986152881,24.333741200956368],[92.64008950797856,24.331457044071943],[92.6387441986714,24.328455264329545],[92.64583348233562,24.32781780942375],[92.64556784580375,24.33043835801702],[92.64674565674417,24.330920463569903],[92.64830499813426,24.328745437182867],[92.64993253917757,24.32887576680062],[92.65004146805917,24.331509805767293],[92.65170670917806,24.33148692538973],[92.65161388077027,24.33546852904112],[92.6538214014871,24.336643306565836],[92.65766806409735,24.341349308758982],[92.65916732585403,24.342055463155436],[92.65769103646872,24.344325287908834],[92.66060909425505,24.344142919554418],[92.66015983075972,24.345185814254613],[92.66136777022061,24.3481558213819],[92.6633123992737,24.348668819767735],[92.6642354461024,24.346185841608357],[92.66510511716082,24.349601899381863],[92.66593086834426,24.349269676915142],[92.66618626657862,24.346786787495326],[92.66918680395331,24.346217139169433],[92.67008405767942,24.34756209398368],[92.67166107006317,24.347577272600155],[92.67373112190802,24.349718777736896],[92.67739513672046,24.350070804841717],[92.67945338025616,24.347662811087734],[92.6809784933175,24.34782025513808],[92.68464129318107,24.346438614890527],[92.68503619844773,24.34802635273003],[92.6838188164894,24.34915599006004],[92.68390660190116,24.35069919804286],[92.68880550229161,24.352660858808814],[92.69000119756852,24.354126358912538],[92.68931440704702,24.355328534128468],[92.69146148107069,24.357480836576997],[92.69130903287665,24.362785103840274],[92.69474771837464,24.36541759678727],[92.6927403077204,24.367701930367488],[92.69343625169944,24.36881963214561],[92.69513646711428,24.36879740111566],[92.69691723900982,24.371761158213207],[92.69770967461564,24.374339012938627],[92.70013951044974,24.3738906510174],[92.70361345554242,24.37544685799231],[92.70460804975141,24.378119579211077],[92.70323208096399,24.38070128131754],[92.7043354805505,24.38222740347628],[92.70430004789871,24.38488169584181],[92.70587489611954,24.3845707161673],[92.70733549216433,24.38698618606922],[92.70644682532694,24.39119320546648],[92.70671014991018,24.392436889520067],[92.70879736947263,24.393044602560554],[92.70998062562633,24.396271435925897],[92.70920691188061,24.397253971169086],[92.71114904222797,24.39969234028963],[92.71327499692183,24.403315502403203],[92.7120754224415,24.40487133383962],[92.71142776009728,24.407314537164474],[92.71396130838536,24.4081774087752],[92.71502327041354,24.409522864175937],[92.71290059019873,24.4111022896182],[92.7145736509301,24.41315665495491],[92.71481982901759,24.41461480171916],[92.71747672917841,24.415861241092735],[92.71722976621531,24.417626228355758],[92.71796861503859,24.420149788178566],[92.72006809777297,24.42349975918117],[92.72179821560255,24.425348627256604],[92.72124576257832,24.426569549715193],[92.72285745956614,24.429142951144694],[92.72170801597267,24.4319505193507],[92.72449282147352,24.436848834879864],[92.72611966475179,24.43851485980485],[92.72703079321155,24.44487091810564],[92.72783913968618,24.446879743810587],[92.73061012079474,24.44900628788696],[92.73364708849746,24.454739640605396],[92.73691583776782,24.462635151537157],[92.74050572699898,24.468548930364275],[92.74067323353215,24.47192089856138],[92.7436094937256,24.47650644653103],[92.747057436743,24.487073522713622],[92.74815116718146,24.487826590590565],[92.75088722002508,24.49255071269469],[92.74933586275814,24.495043468240496],[92.75252702436165,24.499122836331964],[92.75419561303646,24.502093565938704],[92.75201736815374,24.503806117941714],[92.75215164659087,24.506231386530715],[92.75396616806105,24.508612830828746],[92.7561914182082,24.50967430679263],[92.75631323219682,24.51132656492993],[92.75805260941509,24.511020926929714],[92.75765603164767,24.512441078055158],[92.76131335504648,24.51700004252418],[92.76098642421456,24.518430777309487],[92.76346540773947,24.52123141030105],[92.7666848658755,24.513049644160873],[92.77074309024563,24.501456913271483],[92.77186495654313,24.500615581385805],[92.78633268723037,24.461017338534187],[92.791863968075,24.44564828182341],[92.79668311198986,24.43286464149935],[92.80102331931157,24.42992881311818],[92.80181804961563,24.42699807625287],[92.80114329417306,24.425702130933946],[92.80256211170656,24.424871827513687],[92.80191524052651,24.420786657321433],[92.79971264295476,24.41885800172674],[92.80471242851964,24.41760317866256],[92.80678017365268,24.41887164041494],[92.80905589349213,24.41250863335278],[92.81160431531276,24.41318023549569],[92.810173105676,24.411616106096965],[92.81209683702987,24.411540597224658],[92.81235528966859,24.40940891193336],[92.81480586201312,24.408773344576925],[92.81865784576824,24.410079350550856],[92.81774392267212,24.407939662189545],[92.81913235359445,24.40712055766432],[92.8188187604396,24.40538539330935],[92.82015238487416,24.403729517821525],[92.82416272365188,24.40185419185864],[92.82652856995007,24.402392188506532],[92.82994545506159,24.400289629163325],[92.82921210358569,24.39702797544838],[92.82654684399431,24.39313365045416],[92.8248124768006,24.391589283315934],[92.823168329723,24.386143630358216],[92.82524352955758,24.38461972932741],[92.82542458974999,24.382739433763142],[92.82661049067381,24.381234334086873],[92.82556446479687,24.37779188947788],[92.8261478101126,24.376415854455516],[92.82868572801299,24.374926921858002],[92.82959502005575,24.373592716086723],[92.83090091444647,24.37397683654767],[92.83395568914146,24.37633855818741],[92.83570374502858,24.378444143607688],[92.83964546850524,24.37679368222692],[92.8429990383959,24.37763172004818],[92.84517450549606,24.379616221813897],[92.84606285859672,24.38562527648309],[92.84786659197275,24.386128366905233],[92.84962059948303,24.38962716436519],[92.85244935497279,24.392105878153004],[92.85645644526527,24.393623165408474],[92.86004433433384,24.398056411569268],[92.86177442157499,24.398566725902512],[92.86566220949379,24.395889875095527],[92.86880381653951,24.39464881924668],[92.87050921574225,24.39555627623072],[92.87334355140719,24.394861069060028],[92.87486170482859,24.396377870941944],[92.87907629073553,24.398846997587842],[92.88337487558586,24.40234987745807],[92.88711079878165,24.400178869094376],[92.88826631607336,24.39843793394546],[92.88946983909024,24.399911714902643],[92.89159192517106,24.400132652250846],[92.89090158041083,24.39826836703644],[92.89218308908008,24.397821397582273],[92.89183300444397,24.396462617887043],[92.89295331776948,24.392693622845172],[92.89878525991618,24.390908925803892],[92.90287968802632,24.391065924421287]]]]}},{"type":"Feature","properties":{"id":"15-433","name":"Lawngtlai","source_name":"Lawngtlai","state_id":"15","source_agency":"Survey of India (SOI)","district_code":"264"},"geometry":{"type":"MultiPolygon","coordinates":[[[[92.93104574715676,22.55555798637417],[92.93079395343037,22.550845001066072],[92.93119637896939,22.548562845496487],[92.93500723061959,22.54427002626351],[92.93874326828947,22.536945785217267],[92.9378779588019,22.533042009085612],[92.93800787855123,22.528508039617456],[92.93529910852375,22.523825920049454],[92.93422975024292,22.52047230950741],[92.93463954491077,22.517628499161955],[92.93566369287694,22.51539998733736],[92.93623895149145,22.512185328365717],[92.93462492764506,22.50843924225515],[92.93451392975955,22.505714454240604],[92.93374344973091,22.503408001723514],[92.93320924496221,22.496410518574756],[92.93234376995012,22.491123340939303],[92.93080020804256,22.48587870779799],[92.9313463156785,22.48060045385537],[92.93264674764691,22.47872020846199],[92.93520135081754,22.477474909172418],[92.93667699708067,22.477772373176187],[92.93946775242945,22.475201721468203],[92.94109243079431,22.471332938873537],[92.94374952202419,22.467861458590967],[92.9442860377517,22.465700921031644],[92.9436201840757,22.46300631208599],[92.93933498052712,22.46183795899752],[92.93567915407056,22.46007208462061],[92.9346175570787,22.45736442506137],[92.9358881739945,22.45249341775475],[92.9360287708697,22.450468929459976],[92.93762278515935,22.444784520039068],[92.93724749510376,22.441048737369677],[92.94013674307486,22.435126331142552],[92.94219530985367,22.429056044713487],[92.94295691533505,22.421364887483566],[92.95014143828247,22.403554888522493],[92.95111120137234,22.40212241026401],[92.95387799937458,22.39992944136366],[92.95752116308306,22.398711996531542],[92.95968599405134,22.39867623950858],[92.96302874721614,22.39773133072728],[92.96529951597108,22.39356954597882],[92.96508359836243,22.391399869091362],[92.9623576315565,22.38731941396738],[92.95926780982586,22.380802076783407],[92.95907503937863,22.377809383771258],[92.95726999348457,22.373955650948606],[92.9535558897174,22.372178132323192],[92.9500647179069,22.37298617876905],[92.94328620319321,22.373388180475928],[92.93985845251972,22.374617502305853],[92.93382896958128,22.38005594877081],[92.93165747702699,22.383208427049034],[92.93160210377012,22.384883524657315],[92.93460374747443,22.38830520266296],[92.93758110972466,22.390560766868518],[92.93795632862329,22.39192639874115],[92.93575534506657,22.39468713443056],[92.93198703498236,22.396481821796577],[92.9280046794392,22.39567770836835],[92.92455166337537,22.393986245066415],[92.91954561271781,22.39094673213995],[92.9131178644136,22.385098980428335],[92.90918896852098,22.38104654421372],[92.90465057361865,22.37401622328684],[92.8951127353192,22.368638466791904],[92.89050842543357,22.365000983776035],[92.88773947267082,22.3641089467928],[92.88023094320201,22.359089659292035],[92.87609805159983,22.354821803825832],[92.8731913512195,22.347996347396602],[92.86896757233437,22.34094456759287],[92.86903227077877,22.337297392901885],[92.86756526434213,22.333601434963825],[92.86568780939152,22.33176440601164],[92.86286390478024,22.326254130238596],[92.86196057079268,22.322562945126133],[92.85944639155551,22.319718058715395],[92.85758369135145,22.32158013608793],[92.85526949548347,22.322256418335897],[92.85312502730183,22.319478706762997],[92.85007083971,22.319002069843663],[92.84867181181133,22.319600665297337],[92.84800944732417,22.321714861772048],[92.84475352991159,22.32600171158229],[92.84394493118361,22.33001495924569],[92.84114295438718,22.330175474798207],[92.8376818003359,22.32918810220654],[92.83310475860628,22.330501466371302],[92.82796682696943,22.3333185679548],[92.82528273607863,22.33389114662204],[92.82288259915134,22.332602131677014],[92.82139841122196,22.32921758900081],[92.8207960776041,22.324077367530453],[92.82240662309496,22.3211955565753],[92.82620561605097,22.317598455622043],[92.82558164028332,22.312299010848974],[92.82287047272973,22.30993103410264],[92.82243237684149,22.307016406291325],[92.82343076009701,22.305567328668317],[92.82685777774131,22.303351400253902],[92.829775819033,22.3008746467597],[92.83178195584607,22.297099786101814],[92.83650105409262,22.291757498074542],[92.83578634205138,22.289555228800257],[92.83292415053342,22.288755915206604],[92.83249596539412,22.286672760828637],[92.83300487365291,22.284435105210207],[92.83204079438406,22.280064205544477],[92.83055998514972,22.27564432148351],[92.8306912625204,22.273526615137452],[92.8318478735989,22.27189526146803],[92.83384731714087,22.27142800832311],[92.83483593552876,22.269516021381257],[92.83503280629554,22.26683316108606],[92.83296507534835,22.263837098724327],[92.82962472548721,22.25594091231518],[92.83208622849375,22.250880788177884],[92.83328583304113,22.245127419106346],[92.83447236960086,22.24207470271687],[92.83614286244743,22.232273965845412],[92.8368383050247,22.22409785516671],[92.8365023478015,22.22079680967327],[92.83520948895917,22.215731142417276],[92.83591106519026,22.208735793040642],[92.83596023338234,22.20555300718067],[92.83820461269111,22.200224165397955],[92.83853856259793,22.19646531431832],[92.83838318803022,22.1920712875763],[92.8369340934695,22.187732280518954],[92.83787436332534,22.180044341198247],[92.83936585251972,22.175311417681748],[92.83948977058806,22.171036726400924],[92.84027270034333,22.167612113888993],[92.83937890960885,22.160723011331918],[92.83978690484655,22.15641796307571],[92.8413320162084,22.153204035404766],[92.84208272204114,22.1500866092295],[92.84153548143249,22.147454466411116],[92.84191185454793,22.144650166926628],[92.8430101128,22.141362326453706],[92.84381300263627,22.134715133135035],[92.84286157201778,22.12836237943007],[92.84168883116345,22.12618816382135],[92.84021108753812,22.12113449791682],[92.84130742656438,22.114893538884356],[92.84266072589318,22.109928999227524],[92.84283552186805,22.106569403210063],[92.84467400943369,22.10065968654715],[92.84648884984284,22.08889102678001],[92.84604236635484,22.08190717545351],[92.84645707308214,22.0742649131011],[92.84733204505639,22.071297742720297],[92.84796369467122,22.06668706171732],[92.85020022932319,22.062614492476254],[92.84707705134315,22.060390963358188],[92.8438533337329,22.06025689929824],[92.84225879654146,22.059054498293168],[92.83984989601575,22.060907146474605],[92.83995459778173,22.062918327052433],[92.83859734377725,22.065052369847862],[92.83829453003328,22.068603543155135],[92.83674365021736,22.071657510819396],[92.83364348433687,22.071999767238708],[92.831032036365,22.07328696234333],[92.82767647038803,22.072413861360594],[92.82464781587475,22.073169108617357],[92.82343141473876,22.074332206588522],[92.82183912029315,22.073653815339636],[92.81846969100539,22.074689685376633],[92.81755920680517,22.075945765841926],[92.81670645256736,22.08096976209263],[92.81778743811014,22.084710789656224],[92.81767423599003,22.086880165599766],[92.8162676113338,22.088164482693866],[92.81346240293513,22.08909839072988],[92.81245675611315,22.090415071121647],[92.81031071074803,22.095591772799974],[92.80662534270898,22.095982374595387],[92.8035800304242,22.09785034173173],[92.80107080823076,22.094334297188478],[92.79839789899737,22.093460864158722],[92.79641437659052,22.0947841898939],[92.79631798698398,22.098027117628586],[92.79564946527105,22.099225183337964],[92.79255263596872,22.100003556949428],[92.79049654449075,22.10469497408513],[92.78655704332043,22.104796077644703],[92.78390504634838,22.105432854876955],[92.78237773983467,22.106702155723614],[92.77800265267079,22.107618634871997],[92.77482610903478,22.106623013144887],[92.77145809307514,22.108781163240412],[92.77028535545531,22.110369007906705],[92.77038602276215,22.111905898246675],[92.76681376509286,22.11420987379925],[92.76764811564524,22.116808852692003],[92.7657095052572,22.116959579400483],[92.76645506429507,22.119020266368953],[92.76355498316435,22.118728571477245],[92.76416461161922,22.120262563113975],[92.76189821109797,22.12039459822365],[92.75986053026968,22.12356346015919],[92.76025344769943,22.12528376845814],[92.7589466569484,22.125849508820554],[92.75610499810249,22.12565159970636],[92.75356422272142,22.124230877330508],[92.7502230174404,22.125740169273804],[92.7468971625836,22.12838533500188],[92.7468413465148,22.130331096861745],[92.74447456156108,22.131867724081385],[92.74399730471362,22.13052431972865],[92.74130455122533,22.131183517847862],[92.74124575423447,22.132823035429766],[92.73886833220676,22.13230711895838],[92.73531213131511,22.135802562242187],[92.73391245941608,22.136418450217253],[92.73256424879999,22.13842791767042],[92.73321977038626,22.139723103603828],[92.73179272157343,22.140244170884607],[92.72860589905989,22.144216144842385],[92.72680432848496,22.14910508779554],[92.72533892658667,22.14934992542895],[92.72492054452381,22.147951778406195],[92.72017130531894,22.148476680992292],[92.71844850831057,22.147765910987452],[92.71644945028838,22.14803399514425],[92.71281592704656,22.147409412519355],[92.71151718170822,22.14853308877115],[92.71083947127443,22.15084588016637],[92.7071976314713,22.151851949700013],[92.70437003256922,22.15020700524123],[92.70035231616369,22.151924658665248],[92.69976410591747,22.1550730641524],[92.69474290718506,22.153493649853896],[92.69437343530784,22.149371349768206],[92.69474715911178,22.147020387328578],[92.69696792747972,22.14243438095928],[92.69613705906455,22.13769664698119],[92.69226386113527,22.13940431969969],[92.69161284466816,22.133061293970687],[92.69259942904814,22.126011353793615],[92.6920716242637,22.12230738842074],[92.69262235963244,22.120962698304954],[92.69173246447828,22.108720438403026],[92.69115236369778,22.105234084600895],[92.69243712210971,22.10034179584535],[92.69226253242473,22.09594628388874],[92.6913249261389,22.08853674103572],[92.69163260994614,22.079652350318113],[92.69252939008956,22.07509927928738],[92.69147450573067,22.07462432304232],[92.69107632510179,22.072630167137923],[92.68962938974244,22.071881629418716],[92.68864474582143,22.07270873188383],[92.68831361797753,22.081816042082483],[92.68875125053856,22.087708105678836],[92.68843474959854,22.08943505091073],[92.68902095699787,22.092052780917687],[92.68810553673853,22.094287165759102],[92.68786058607932,22.1040936110391],[92.68695298110725,22.104305051719784],[92.68176563500157,22.103460474285104],[92.68250043131748,22.10111078243537],[92.68188995671,22.095784546888098],[92.68181322951027,22.08351945849055],[92.68251255579165,22.0713629440174],[92.68349776812057,22.068676002674714],[92.68349567477664,22.065070537679567],[92.68415694687677,22.059974137905975],[92.68402056718217,22.056819560267755],[92.68449537108616,22.05427101560645],[92.68517609667981,22.043045068029993],[92.6849221553085,22.038543176538685],[92.6832423946001,22.026302407183977],[92.68134514308983,22.018349562162985],[92.68117828169801,22.015097949844844],[92.67981218311195,22.013520933934544],[92.67933143509569,22.011177480577793],[92.67672544755163,22.010470185589543],[92.67133367186872,22.011092090310093],[92.67021142971306,22.009621065772237],[92.66784993712635,22.010972779349153],[92.66810456216136,22.01207720146514],[92.66677709918137,22.0134983788928],[92.6632746031934,22.01425607856131],[92.66070338436705,22.0132990858566],[92.65896569763758,22.015170773747453],[92.65734338622943,22.0157745898473],[92.652565261114,22.016278839182903],[92.65161265098855,22.015908898895294],[92.65139123363436,22.010015309895007],[92.6495287407189,22.00885839258171],[92.64827751308114,22.00584729008621],[92.64342489242694,22.00248502371272],[92.64312639924513,21.99928824122978],[92.64344416190634,21.99654167837591],[92.64238947879602,21.995558962402736],[92.64190460911615,21.9921559603888],[92.64076071440287,21.992275955166146],[92.63677196942794,21.990105528724015],[92.63560853870719,21.9880445009159],[92.63471535035879,21.98305385021156],[92.62980683891298,21.983507978052234],[92.62390512368644,21.98282417397002],[92.62137233063186,21.980127770340626],[92.61786183796228,21.978893641034823],[92.60754091470518,21.974656700364946],[92.60417857180076,21.97642304226404],[92.60321990169219,21.977625103185943],[92.6031857725472,21.980034137279794],[92.60440201534514,21.98287234214754],[92.61055321952394,21.98377235237694],[92.61192868154754,21.985912366008325],[92.61189842876367,21.988494335508054],[92.6125892919136,21.99082851875735],[92.61005001721455,21.992786791375188],[92.60995435055278,21.99765447663022],[92.60721068134374,21.99945291535066],[92.60572932287083,21.999573621968352],[92.60259811302812,22.001947142872357],[92.60252469622183,22.00318600177591],[92.59927595355863,22.006745913358017],[92.59809635127877,22.00897667037791],[92.59766230921412,22.012814683488717],[92.59908187073559,22.01418531485499],[92.60054232456051,22.01972951251722],[92.59951648082904,22.023836660057388],[92.60006676312237,22.0284065682858],[92.59481392467194,22.031401643173766],[92.59362397097983,22.03151479647914],[92.59344800700968,22.034869368156812],[92.59261632963847,22.037438213004886],[92.5936494492655,22.0409729080453],[92.59914392208968,22.042254197086056],[92.59784754934758,22.044412521629965],[92.59840993059672,22.047864813120622],[92.5979929378445,22.04933960087527],[92.60031786279724,22.052987075706735],[92.60035133324942,22.05821703638426],[92.60226488483526,22.059931128186058],[92.60228037880029,22.06157110120386],[92.59910568350641,22.06122906092432],[92.59555760285717,22.061713994137463],[92.59221920819891,22.06562128818075],[92.59186786588951,22.067486757483305],[92.589861961384,22.070622130673357],[92.59067167361192,22.071696363842175],[92.58974132914798,22.07598260776273],[92.59050369435592,22.077809285243582],[92.59064971452797,22.080996041636464],[92.58885253230265,22.08108392327376],[92.58489351601055,22.082505674920775],[92.58545591070656,22.085046873693123],[92.58334391206229,22.086890144372934],[92.58420085675556,22.090410116760307],[92.58170417902319,22.091640788972306],[92.58278803610172,22.092951297582772],[92.58209176446317,22.09423992325253],[92.5825730245353,22.097566368435913],[92.58027288458976,22.101618401038266],[92.57660813477932,22.10496646267612],[92.5758319241761,22.108953980287396],[92.57630860431787,22.110221040351547],[92.57485821217865,22.112854006446234],[92.57514054396506,22.11616579532889],[92.5733197999039,22.117803295706768],[92.5724412278805,22.11973316348011],[92.57035484336421,22.120974354744],[92.56727048405695,22.124056414972884],[92.56389837055693,22.125557992853476],[92.56262006805206,22.128023681192555],[92.56366402774349,22.12975641725508],[92.56396831218944,22.133521619240238],[92.56748932812869,22.135499307470777],[92.57084712947619,22.135947371724544],[92.57651916267498,22.13587971829427],[92.57759274695134,22.136719358850495],[92.57632366790426,22.139583292581097],[92.57845598860446,22.141421438562354],[92.57839049817673,22.14340934389817],[92.58460984345467,22.140998297404092],[92.58636841190736,22.140892967202802],[92.5919709011647,22.13938607509849],[92.59328140148423,22.137386442515442],[92.5912873855239,22.133930744468085],[92.58919721435892,22.132237840995344],[92.58937588999727,22.130521257869365],[92.5930020967971,22.126262176886282],[92.59583502728363,22.12425954090053],[92.59917577492745,22.12314052644283],[92.60342374111907,22.12287831650662],[92.60574637940927,22.123392340325346],[92.60782779304051,22.12797389553342],[92.60821786717864,22.13430945742871],[92.6097928726605,22.134772269041516],[92.6108620296226,22.1384406798102],[92.60982829118717,22.141898217259723],[92.60990291576567,22.145378133378557],[92.60901300758782,22.146761699809634],[92.60903828456107,22.15159133915745],[92.60806458349333,22.15363263377967],[92.608270643529,22.158306371288425],[92.60744041639818,22.16039256437122],[92.60922646522253,22.164018641118243],[92.60666433845522,22.16590722165716],[92.60771973724704,22.168357381511527],[92.60747912802442,22.171854642985572],[92.60504364590305,22.172583420519988],[92.60427434577036,22.17161343567602],[92.59679357021975,22.175265437117204],[92.59527591784534,22.175334537223833],[92.59705797945122,22.177338450954537],[92.59562153328096,22.178807278542884],[92.59568066313894,22.18089093759607],[92.59450589169852,22.181555186747318],[92.59688501762416,22.183604205888585],[92.59499590514969,22.18388378850279],[92.59614665083514,22.185981594205906],[92.59574257909543,22.1891894893659],[92.59660741363928,22.19026162892491],[92.59532608672748,22.192621656055042],[92.59621624959306,22.19326927626518],[92.59567877777073,22.195863579946778],[92.59407410385175,22.19595727086042],[92.59522062630016,22.198552432531795],[92.5939788739459,22.201967886247147],[92.59484275478724,22.2042002408379],[92.59378374678491,22.20409980574101],[92.59384927834273,22.207979174926084],[92.59253673263335,22.211708003628313],[92.59043871165264,22.213258990825143],[92.59172265009266,22.213670347271332],[92.5908036180715,22.215060536261845],[92.58804766140742,22.215983538253344],[92.5889594057262,22.217638983681574],[92.58813435026016,22.21844233264613],[92.59018734843931,22.220824840114897],[92.59032893623946,22.223034591177964],[92.58806568666974,22.224504592449332],[92.58939315521107,22.22590434088291],[92.58851863068573,22.22680862855735],[92.58933102640381,22.228233882724656],[92.58822760953694,22.230498627661657],[92.59061115331873,22.2309010001969],[92.58878426697768,22.232828767020074],[92.5914886342476,22.234307117937224],[92.58966980514381,22.235668933692377],[92.58997319015518,22.23780771867411],[92.59184260034407,22.239221467948635],[92.59054297025766,22.244382415209277],[92.59142256896652,22.246534584303983],[92.58927516725912,22.247006303050256],[92.5909062744644,22.24892857252472],[92.58959003767399,22.252105475080022],[92.59085575631926,22.254626615571986],[92.59024283028108,22.256118221456553],[92.58875475531097,22.255669584038195],[92.58900180225967,22.25738136928677],[92.58702754492107,22.25731375416975],[92.58666375047771,22.25960891963349],[92.58440709504669,22.261018769824997],[92.5848380793155,22.26269117389907],[92.58686117414274,22.263838145165337],[92.58403077464621,22.26515454464103],[92.5843181361382,22.26734971303797],[92.58124746434432,22.26889452850897],[92.58316584983451,22.272596030659816],[92.58228666608737,22.274108528760326],[92.5807022542141,22.273585551181608],[92.58072893063796,22.27605759560388],[92.58329457728225,22.277238670196144],[92.58483920492951,22.276494076588865],[92.58455647781219,22.279371912257414],[92.58658695309461,22.280246716121013],[92.58420065557465,22.281642968132207],[92.58230527583248,22.281461800359164],[92.58192185421714,22.28324525247368],[92.58410815097969,22.284682011367995],[92.5809181442407,22.286421663522827],[92.58259209987446,22.28773589426255],[92.58219135336647,22.289712532048856],[92.58272648905795,22.29452172611356],[92.58259258766405,22.300095411151474],[92.58127630001162,22.30027561045795],[92.582154172359,22.302722975921593],[92.5833826912434,22.30381275399143],[92.58039470509115,22.303787852549185],[92.58144604589131,22.306899314972668],[92.58044548439084,22.30945057188819],[92.57812223940351,22.310119571176468],[92.58015838032087,22.31175179455359],[92.57855761106528,22.312444471210917],[92.57996189597866,22.314926119082294],[92.57802260783058,22.31643620992332],[92.58045198193885,22.31921007508568],[92.57942262630093,22.320650216094116],[92.5809614122499,22.32150075496021],[92.5784653772805,22.32349301732584],[92.58022586972064,22.324979510877323],[92.57672192472366,22.324992485056065],[92.57577825398224,22.33127519588618],[92.57447305487172,22.331449665042598],[92.57595732161633,22.333338353199913],[92.5740830538431,22.334344432280655],[92.57595571730646,22.335159251132925],[92.57503445442286,22.33617750731846],[92.5751838250171,22.338026604639257],[92.57366575649098,22.338040233914345],[92.57471243736649,22.339779457969176],[92.57504565338783,22.34216077017109],[92.57252078634916,22.342668538050617],[92.57331588197562,22.345424263347795],[92.57201602729162,22.345963808129838],[92.57322428730143,22.34769872904146],[92.57227394058376,22.352649459142864],[92.57094099819004,22.356616694954653],[92.57186944027816,22.35863837250594],[92.57040699148091,22.360089962962203],[92.56802357401091,22.36051331584514],[92.5683556435168,22.361470968143077],[92.56683787458083,22.365330590160895],[92.56790347807211,22.367305661970672],[92.56703506909875,22.36873602345442],[92.5674023307266,22.370724309854346],[92.56452130136971,22.37073424940454],[92.56252449840305,22.371541609409253],[92.56364110212796,22.375738988583613],[92.56199536747884,22.375745160185293],[92.56153822853082,22.378346193517388],[92.56337678233099,22.38010199537975],[92.55970633982416,22.381504760858988],[92.55951343791406,22.382557251073784],[92.56113892125711,22.385108160779563],[92.55945687675738,22.387355895351693],[92.56105585198392,22.38931881022645],[92.55893662715413,22.390275369708693],[92.55967551263545,22.391269420187246],[92.55848275074727,22.39420309545702],[92.55945365142342,22.396087557214617],[92.5564141752627,22.397837022603078],[92.55670041620246,22.399468872550376],[92.55945883407708,22.39984205678879],[92.55954392107402,22.402226696102954],[92.55691656142791,22.40279051670865],[92.55477971172427,22.405487561363415],[92.55769832852484,22.40748498978231],[92.55689119430878,22.409268458624638],[92.55445809054758,22.4106861351089],[92.5535431567767,22.409115990827612],[92.55207663431031,22.409069632169853],[92.55310749239024,22.411015648137326],[92.55231298133317,22.415329269102543],[92.55457444561897,22.416877594048234],[92.55350695304979,22.419606593070256],[92.55090414374067,22.42136629281065],[92.5512500807569,22.423212452556598],[92.55266577507076,22.422593054464972],[92.55449402813879,22.423296560867527],[92.55523247280098,22.4225414160432],[92.55628325913273,22.425131850936943],[92.55497974736821,22.425078624642953],[92.5553876124376,22.42663220693726],[92.55311194434346,22.4265498745477],[92.55124211285951,22.427378925961197],[92.5519346639938,22.42839800845919],[92.5535106809452,22.42747269155313],[92.55526080871697,22.428655576954164],[92.5548099753618,22.432625205418727],[92.55337563351976,22.433794024539925],[92.5542532690837,22.43622437476282],[92.55168752692471,22.43775802705698],[92.55260813526495,22.4384142603566],[92.551306329933,22.440633446833],[92.55172008060234,22.44257110590047],[92.54984585776391,22.44287878198355],[92.54981136166414,22.444641693569018],[92.55103907142087,22.44520196666999],[92.55003032569135,22.4477372195038],[92.55126530925116,22.448341212334565],[92.55033846740524,22.451044450939893],[92.55096693561131,22.454398074084505],[92.54811128608912,22.456021668789933],[92.55014593701756,22.45689539968986],[92.54823054872625,22.457407238067404],[92.5494768408065,22.458955057900376],[92.54634797584514,22.46245761538042],[92.54794611892625,22.465376367773263],[92.54652448597871,22.466204361889574],[92.54573444818818,22.468377284551586],[92.54554240676427,22.47163055896716],[92.5475117112342,22.475928556501795],[92.5453616140401,22.479706759821315],[92.54561286088874,22.48243480417835],[92.54424475064197,22.48286622250128],[92.54609264659122,22.486698276238766],[92.5462017528729,22.488767796104547],[92.54374550339793,22.48998487326145],[92.54436072558826,22.491952876667007],[92.5433258586845,22.493253076332373],[92.54430830525597,22.494826254586005],[92.5493893516428,22.49570669987979],[92.54937794695614,22.4984255962691],[92.542920837136,22.498374618810445],[92.54335459155925,22.500380055861832],[92.54624444863211,22.49955294122216],[92.54712184700453,22.50159231477144],[92.54850703495264,22.500948597203816],[92.54945247690884,22.502685901615166],[92.54722688788793,22.50341388978847],[92.54817166467632,22.507419419290684],[92.55021751018879,22.506784303174655],[92.55087205057018,22.50773951223075],[92.5502953371103,22.51000667760579],[92.54656846426681,22.509889988394715],[92.5498227393021,22.511546561041815],[92.55128148975365,22.513296356556886],[92.54724753038339,22.51508069767129],[92.54709136248094,22.51674599610016],[92.54544379014496,22.51399272061484],[92.54325825608736,22.514429126941984],[92.5456865296915,22.517785105239636],[92.54393202202694,22.521512844773202],[92.5423142400943,22.521451205696703],[92.54168001004885,22.523452228162924],[92.54319231972991,22.52534426072265],[92.54081127465074,22.52559651486416],[92.54092009497774,22.52800214352717],[92.53918497585079,22.528929166971583],[92.54122719690939,22.529540948296606],[92.5408054442698,22.532286953169717],[92.54152076939542,22.53361915105078],[92.54056384174201,22.534721418728644],[92.53860370664141,22.53472753593281],[92.53987533502765,22.537017571038824],[92.53909545718038,22.5383958106523],[92.54004493233234,22.5401841549133],[92.53703701587112,22.54189974773471],[92.5376675496727,22.544134199487893],[92.53642527956352,22.545176528165243],[92.53420583427199,22.54408636590917],[92.53155096108816,22.545096318206124],[92.53120506382771,22.54685758846922],[92.53220928851036,22.549058987678734],[92.5319184165494,22.552211231632988],[92.52835538151112,22.556621712000098],[92.52428037270161,22.557773397288766],[92.52207659756749,22.559247046887528],[92.5220488522864,22.56038492174949],[92.52424534988246,22.561127732286437],[92.52569392390315,22.563561121312876],[92.52804322336827,22.565622652977478],[92.52726196758125,22.572421195493938],[92.52818003709099,22.573141070626725],[92.53264474750665,22.571469125756334],[92.53776053460642,22.574595820082045],[92.53816536729525,22.576907333982223],[92.53670339343635,22.578098182267322],[92.53745216984777,22.579797902761708],[92.53756191916175,22.586180893703705],[92.53437752574592,22.58517126915682],[92.53316446516907,22.58599024811259],[92.53363513637866,22.588461044220363],[92.53548277062242,22.58663263967543],[92.53937466843124,22.589148423152242],[92.53868653472418,22.58985755175168],[92.53618991381889,22.58941927712323],[92.5349163496645,22.591711243043548],[92.53751578396503,22.593023282903275],[92.53761301731501,22.594440059810086],[92.53592268324964,22.595713319222746],[92.53506389274284,22.59860980079088],[92.53537294117977,22.60013574994885],[92.53303468273961,22.60211109426882],[92.53043387984462,22.603494834492537],[92.53050037406452,22.606682220488363],[92.5299499691515,22.609140051591222],[92.5313159876939,22.609159420915763],[92.53374881598198,22.60749623105372],[92.53481535274801,22.608713543251284],[92.53536382593346,22.611666297867256],[92.53264393757738,22.611564634970055],[92.52863562358847,22.615490667589675],[92.52957175620617,22.620827962315307],[92.52752630105755,22.62130409331917],[92.52965804733556,22.625289240838192],[92.53261164297011,22.62750206159479],[92.53190583936642,22.63049827453336],[92.53204078504496,22.633192910718062],[92.52853451091865,22.63301742988469],[92.52621315335409,22.633567546629102],[92.5279133872446,22.635658607804785],[92.52653562830389,22.636712760356264],[92.52677291342447,22.639338529577966],[92.52492319687809,22.6401375111227],[92.52511883003505,22.644986076467504],[92.52451608539447,22.646892529388044],[92.52462434992763,22.650468462287353],[92.527057771947,22.65041224024976],[92.52658794608664,22.653829082556875],[92.52441109034571,22.653868141820144],[92.52352049205263,22.656244266466107],[92.52432826129814,22.65898539529621],[92.52748808802662,22.65872782763843],[92.52845617454925,22.65974615250186],[92.52677876253335,22.660065017115347],[92.5287244750207,22.665152151355546],[92.52645167673563,22.66481633742155],[92.52590496422594,22.666169442723216],[92.52552494889943,22.671304639257393],[92.52604912439249,22.672764077106144],[92.52289574737213,22.673674310622836],[92.52242766917077,22.674990693345983],[92.52326528300345,22.679160957435545],[92.52119842560138,22.68244314387364],[92.52142823757538,22.684012518147107],[92.51889056687074,22.68790019548994],[92.5189327105106,22.69334447990794],[92.5164893995447,22.702170543455793],[92.51659972048475,22.70444468097493],[92.51549873407798,22.707267415190195],[92.51389677687145,22.707998619745236],[92.51385025160249,22.71031948268142],[92.51717984526842,22.71452682568172],[92.51743174806899,22.71829880226839],[92.51669953258703,22.72216889143066],[92.51415829182079,22.7232681906943],[92.51407656447167,22.724652902118773],[92.51193928278599,22.72773566986987],[92.50999333008811,22.72939514526626],[92.51319590040734,22.732785208301394],[92.5111734523605,22.73304085088005],[92.50951065953765,22.731614037224368],[92.50875894188124,22.732271489582153],[92.50819835985277,22.73644590733235],[92.50563617153836,22.739221456707394],[92.50448207402027,22.73879737650996],[92.50441735769307,22.741893414003798],[92.50646874837665,22.742344277411917],[92.50512811793125,22.744499202672046],[92.5052335400582,22.746330168861327],[92.50947969883391,22.750387997364637],[92.51204482697312,22.7508379974191],[92.51339140902698,22.753133769693164],[92.51530453404303,22.753162260649994],[92.51437340753911,22.754755469750627],[92.51712706789854,22.756906655976856],[92.51595214470694,22.75882921949882],[92.51666444339075,22.760010430105282],[92.52023180933939,22.76158194952213],[92.52327205701016,22.76174656713954],[92.52467997967496,22.76056005885761],[92.52599191293714,22.7575447821191],[92.527930114331,22.75681465303005],[92.53105633781557,22.759346040217654],[92.53387709890518,22.759780207040944],[92.53815509140833,22.76193195311857],[92.54252653460335,22.762738131542033],[92.54166192837091,22.759563534082883],[92.54360993183873,22.75871128922377],[92.54427396892751,22.75567747109971],[92.547824234874,22.753498557403216],[92.54867268107382,22.751277535112138],[92.55055665349599,22.751192691394067],[92.55278793616709,22.748329025008434],[92.55814809368384,22.74755494642892],[92.55977552512675,22.744638902962667],[92.56127720998603,22.739966403360548],[92.56126339714686,22.738401903658463],[92.56433111577432,22.736220139670948],[92.56561409821103,22.73203287877156],[92.56698781703957,22.731671641947248],[92.57125411556888,22.73342274429442],[92.57128769595,22.734561304933347],[92.57460932943623,22.73577482076718],[92.57492733597594,22.73779996832283],[92.57799325886188,22.739704136939],[92.57692182820604,22.74103913127104],[92.57894622269936,22.74267766311177],[92.57670028139523,22.74739297500554],[92.57648805969562,22.750053345687405],[92.57560739482516,22.750405328918617],[92.57769621367439,22.75267589218382],[92.57834743740865,22.7554349248598],[92.57972893452308,22.75527600502059],[92.58003275800715,22.753245565955833],[92.58284761688331,22.750332031721456],[92.5843560549124,22.7475730446364],[92.58635910623202,22.74542960558733],[92.59080386621477,22.744387781637645],[92.5897677136098,22.74197644002214],[92.58572318015972,22.739993209045267],[92.58658583150161,22.736706432566347],[92.59042455423385,22.731319347144023],[92.59271580398423,22.730955722652954],[92.59515408787041,22.73216633999309],[92.59582153275805,22.729814098948992],[92.59341755143488,22.727881076517704],[92.59346686888752,22.725501607917288],[92.5949615876146,22.723695892696288],[92.59922348275367,22.72081161281833],[92.60173726142807,22.721180823724392],[92.60165993207752,22.71859513636134],[92.59725596940312,22.71574973336567],[92.59812778910205,22.71304533914419],[92.59396737537521,22.710339864597113],[92.59387083883576,22.707350810609558],[92.59641215430158,22.70358573752213],[92.59650639385217,22.696429237378446],[92.59766002276214,22.69504784053191],[92.6016894260048,22.694104952972868],[92.60475074720054,22.69140089741682],[92.6061967701775,22.68687693242862],[92.60665954437329,22.683933113808084],[92.6077838762413,22.681933061807555],[92.6117642361463,22.680506788175087],[92.61369123435153,22.678956044653336],[92.61632330584251,22.681157446917123],[92.61581204937966,22.684471532226695],[92.61716961306607,22.68445584919187],[92.61778795277144,22.680385477648805],[92.61721415133327,22.67683199249878],[92.6174530438784,22.671829204320172],[92.61925334387566,22.670456729570482],[92.6228196199589,22.670542733983012],[92.62586042146076,22.671274311702252],[92.62763629939239,22.67011847256737],[92.6297381384219,22.66641154005658],[92.62817160435493,22.663521809022466],[92.62543748035365,22.662252977251704],[92.62720358070172,22.65855961170523],[92.62910474976206,22.657858913306924],[92.63341603411186,22.65734955805015],[92.63748306057843,22.65743071149331],[92.63892300038971,22.656419242818064],[92.64086136752437,22.652795699143233],[92.64168324459409,22.64958534924047],[92.64460909962195,22.64765488112701],[92.64364547646875,22.64287337856363],[92.64433115761292,22.640913729108746],[92.64388325354872,22.636823003045212],[92.64614945820828,22.632510791569292],[92.6446804306763,22.631481461362135],[92.64232637203236,22.632554009640188],[92.64144593633368,22.631860987324334],[92.64322840772621,22.629973507474965],[92.64263726784625,22.627928167761798],[92.64045806400883,22.624930224874507],[92.64061450295044,22.621892441263146],[92.6447426025066,22.62102425885109],[92.64668299099306,22.619459559863866],[92.65163096172381,22.620421481407828],[92.65267516012254,22.621402646779643],[92.65534526364304,22.62134356250663],[92.65788355524222,22.61878303275775],[92.66167431283114,22.61725846622968],[92.6635160729629,22.621247281419834],[92.66774790412899,22.623147259900776],[92.6689058040595,22.624415757424284],[92.67083155483319,22.62347161113904],[92.67445046489898,22.624554312450023],[92.67696018255322,22.62469358122705],[92.6802233679913,22.623676688570956],[92.68429418506011,22.62347671067836],[92.68748933695217,22.622802848060637],[92.6901306087618,22.623533352638344],[92.69437584784527,22.62191754211321],[92.69605390953504,22.622162946227526],[92.69810752647636,22.619572631177462],[92.69687916563281,22.61890714919104],[92.69488376311074,22.615964049745678],[92.69445622764107,22.611647686354075],[92.69349043199443,22.61067729750401],[92.69093002403864,22.61084760043582],[92.69038249162179,22.60987477891209],[92.69147070741839,22.607282642773725],[92.69390068527713,22.60384111676898],[92.69388861872596,22.598711843117492],[92.69300273561674,22.59681128381117],[92.6938098002358,22.594182170563688],[92.69329935738668,22.59142000553819],[92.69792197248594,22.587996733552938],[92.6966075650138,22.58728500144768],[92.70024115437413,22.586000397104815],[92.70043903038422,22.584669074080615],[92.70213883046827,22.58549235622777],[92.70557653461674,22.585558519070865],[92.70578436229104,22.58324662996949],[92.70681471840494,22.58244243679534],[92.70736522645936,22.584388234285306],[92.70906281820461,22.58554331022746],[92.71000091143493,22.58495135516178],[92.70913542646429,22.580666838422136],[92.70919252262581,22.57845886990497],[92.71032552810456,22.578702134420777],[92.71148660021483,22.576164167397224],[92.714394084874,22.572992826980062],[92.71577442990414,22.572287727434635],[92.71597738103412,22.570260283868972],[92.7195442778165,22.567662097409578],[92.71960525470136,22.564189856390882],[92.72643952755134,22.562573996896397],[92.72991391824242,22.560332337345198],[92.7333994917164,22.56021726823302],[92.73633954866511,22.558747915717262],[92.73836912011589,22.555536242826186],[92.7407644094055,22.553868501538943],[92.74438794656493,22.55028540146893],[92.74808151628218,22.54554337338692],[92.7504091817729,22.546313265250948],[92.7521750252612,22.54489238650147],[92.75248879380248,22.542002883984033],[92.75160571471172,22.540295417418125],[92.75199110325367,22.538796666725165],[92.75370843188409,22.537154484888237],[92.75473643442933,22.534500330053568],[92.75299355149308,22.532268424643576],[92.75295263543518,22.529193511427767],[92.75113570909095,22.528284492537708],[92.75336637292536,22.5179282932616],[92.75523309965911,22.517374381896975],[92.75523530489919,22.514931632398714],[92.75346872722358,22.51229785277347],[92.75435384909476,22.511589653332987],[92.75442558614594,22.507516949418118],[92.75509782637276,22.505729432289087],[92.75739203996181,22.505153251363144],[92.75653289746121,22.50404183919491],[92.75651270374223,22.499444889122543],[92.75844679560919,22.499351549953058],[92.75997446280094,22.497230527202976],[92.76278415604182,22.497423378838732],[92.76581855404297,22.49914024328093],[92.76936033562227,22.50299199187843],[92.77076334246327,22.50165417954418],[92.77341733121287,22.50067164290955],[92.77465079952228,22.498549052870477],[92.77684697136743,22.497050839272305],[92.77741266607873,22.49926454095103],[92.774772133367,22.501932695902127],[92.77496512679346,22.50375247487192],[92.7768924809076,22.50623712018743],[92.77730399511918,22.50831892042251],[92.77491553920053,22.511441929528452],[92.77616719828805,22.51430541959525],[92.77741586774096,22.514721629827296],[92.77709874791113,22.516369493714706],[92.77380843050858,22.516575045138342],[92.77494950688899,22.524278819677917],[92.77251752228283,22.52670640635611],[92.77249732074925,22.527681687387375],[92.77578564920502,22.530460742322088],[92.7757547591429,22.532745435422573],[92.77666768487892,22.53387484137037],[92.77916676538554,22.53281987132366],[92.78121705818825,22.533981570162513],[92.77939796578795,22.5357007416177],[92.77661742669547,22.536078247914475],[92.77665572601802,22.53685940951927],[92.78000344963023,22.538581848903327],[92.77916983452334,22.541913572715544],[92.78122954575385,22.543684835196732],[92.7824287791026,22.545663246458545],[92.78478045008744,22.547141150472502],[92.79006859255817,22.548078872626853],[92.79270271440366,22.54894726100534],[92.79593827482728,22.552055483014087],[92.79646239697296,22.55350966543562],[92.79452105996,22.556267444488984],[92.79551598574426,22.558940993024866],[92.7994379871764,22.56090263454336],[92.80071534129726,22.563002858522566],[92.80120421127772,22.566746227300218],[92.8033414293043,22.57018335840632],[92.8024053366811,22.574833586716675],[92.79994290029947,22.578756097273832],[92.7995042424255,22.580580025794426],[92.79981313199228,22.584499392988914],[92.80069646601595,22.58727669435032],[92.79938131562405,22.591199757075554],[92.79589842681867,22.593347197385064],[92.79585677022594,22.59784432758209],[92.79692985642002,22.60046371340369],[92.79638238122502,22.6051140903879],[92.79710285860094,22.606772109116598],[92.79945419853512,22.607860920084654],[92.80226845834393,22.610481139616216],[92.80268521729215,22.613100161224992],[92.80116548948287,22.61723534093517],[92.79918928067374,22.620033770897148],[92.79920791816231,22.6214199473828],[92.8008936845773,22.624712373753773],[92.80568207080748,22.6290763638717],[92.8099911465842,22.629678842392938],[92.81097313855356,22.630695191187048],[92.81404313120417,22.628912992414826],[92.81478316154586,22.62739619510192],[92.81926812137367,22.626196932151615],[92.8231098114883,22.627832859255967],[92.82531624854273,22.626099799617883],[92.82742446597975,22.626673943606963],[92.82801152647727,22.624116279031476],[92.83197950819103,22.624052062256396],[92.83183646291438,22.625167311774597],[92.83718647428432,22.62539005759999],[92.83848578352135,22.62312377564118],[92.84036819232377,22.622523737814973],[92.84228063419422,22.618799166877864],[92.84500720800484,22.616548967721492],[92.84404848536984,22.61433517316941],[92.84664428016194,22.61439331452412],[92.84733052985725,22.612250994110383],[92.84925698324108,22.609616760829844],[92.85248659326193,22.60736878764907],[92.8590522465319,22.60436719213156],[92.86249527729177,22.604137345904448],[92.86166432494987,22.59964009695284],[92.86383333813754,22.59837152950286],[92.8661237244972,22.598155015859984],[92.86813702297204,22.596909011295946],[92.87490777665819,22.59520353680195],[92.87510735871255,22.594578763738003],[92.87274717721034,22.59193354105498],[92.87242633295337,22.58983171244036],[92.87331143919361,22.58814081598125],[92.8771042482232,22.584054658218097],[92.87991844704722,22.582963232344184],[92.88336679931531,22.582478854818437],[92.88864723458968,22.583503645110778],[92.89093249871638,22.583530606808633],[92.8946911609258,22.584853283266956],[92.89727423872583,22.581788582916893],[92.8996938842623,22.58052718806853],[92.89985412406558,22.578989736437162],[92.90183743983987,22.576223914076586],[92.90124819312409,22.569843972287963],[92.90424745422166,22.56714345470882],[92.90596318847476,22.564716259522207],[92.90504364051881,22.560695584396345],[92.90523753833227,22.557525858764716],[92.90689980349624,22.555845929145033],[92.90982011505582,22.549524095206873],[92.91127794563846,22.547297808870507],[92.91454454867609,22.547364885772613],[92.91732536271832,22.548596938129815],[92.9207676724571,22.551007255743027],[92.92101105357452,22.552126975942443],[92.92316960133004,22.552754037302833],[92.92618350872996,22.55267193949538],[92.92886276019367,22.554806868205045],[92.93104574715676,22.55555798637417]]],[[[93.09600753889767,22.78639634255361],[93.09564906063783,22.785810015220097],[93.09685159338147,22.780685328420866],[93.09942521646529,22.776844323400077],[93.09929517548993,22.775036306741878],[93.10230935201999,22.767437638217327],[93.10182670775264,22.765811096189985],[93.10021521969593,22.764608550235618],[93.10076597569898,22.76274380113701],[93.10346683550769,22.75989293980618],[93.10699522526345,22.754159709577046],[93.10735593120314,22.752615439504126],[93.10672292094121,22.746125441233666],[93.10568629664122,22.742189501473614],[93.10349292051042,22.739756570391823],[93.10100198927987,22.733558878518245],[93.09855179486068,22.728209074372653],[93.09750610815183,22.72329322323501],[93.09830686473246,22.720288273542423],[93.09682500856142,22.71578870109863],[93.09284537024269,22.712782756765474],[93.09188641192692,22.71001295475912],[93.09200976268886,22.706625911804625],[93.09111439238703,22.703526192957924],[93.09306172182502,22.70026253013403],[93.09605736100069,22.699571567274223],[93.09723625543823,22.69838665946053],[93.09880496708254,22.693623996664837],[93.09860941566477,22.690903310882355],[93.09650007535002,22.68713447647507],[93.09782588342675,22.685726965575306],[93.10009291294297,22.686532919373498],[93.10147882854399,22.684967522991137],[93.10192307378666,22.682671406113833],[93.10089418820333,22.680562374990767],[93.09576429530716,22.680979229569584],[93.09442203968437,22.67957978911237],[93.09545940362389,22.672487894769596],[93.09608810603038,22.670975980815964],[93.10156639717165,22.6651104695214],[93.10152371603562,22.660714368682253],[93.10843154123792,22.656858485373167],[93.10957082001033,22.655487457480156],[93.1097337072861,22.650777032647746],[93.11079071401669,22.649232503855522],[93.10993311140976,22.644187235147538],[93.10699141216966,22.639967576427154],[93.10825771379464,22.635725738430978],[93.11245721152486,22.633929311997804],[93.11644824870694,22.63110986690247],[93.11799143512518,22.628752558505816],[93.12137431014764,22.625658050966777],[93.12594920707575,22.6258137403256],[93.12796770872967,22.623940876134963],[93.12840400420284,22.62128701516466],[93.12727350909822,22.617058056244936],[93.12885832601188,22.61548245940334],[93.13228763642205,22.61512906305825],[93.1336898326673,22.614146160797112],[93.13399316046014,22.61024555233898],[93.13666688503535,22.605431037221177],[93.13759858805318,22.601474631622317],[93.13684006644576,22.600138087677855],[93.13703813369807,22.597996560062025],[93.13997726971255,22.59345116287562],[93.14030431677493,22.58978920157749],[93.139062243953,22.584684571929266],[93.13801259715864,22.582838788613067],[93.13284002294955,22.580556396365996],[93.12857894908154,22.57824800350789],[93.12591276823603,22.57530408900696],[93.12492400161398,22.570402119658038],[93.12284566097779,22.567295821860217],[93.12067617363677,22.56522067896756],[93.11568702826443,22.563733894078705],[93.1120707164607,22.55762273496134],[93.11181924846561,22.555155890101744],[93.11090855914343,22.55360479750082],[93.10959860987425,22.548392766510073],[93.10946719318537,22.540812175128348],[93.10602527513355,22.539424224621293],[93.10162327253418,22.542457762670313],[93.10065206436322,22.54170794416753],[93.09860223402977,22.542705535921986],[93.09743533411601,22.544254039383333],[93.09333739099759,22.545097472671333],[93.08877241311059,22.546586307564127],[93.08707523814898,22.548825514342038],[93.08495542531327,22.549863406801453],[93.08351589655942,22.55208905237012],[93.08108447083414,22.554278081055546],[93.08017678835505,22.553394188007612],[93.07923645268433,22.54766286552145],[93.07725197702331,22.544858782033025],[93.07752421921982,22.542649660047854],[93.07476971481161,22.540352121190786],[93.0738041328652,22.537969358086627],[93.07448178805195,22.53597645234717],[93.07666909515844,22.536688608751057],[93.07688167633965,22.535455909390024],[93.07564356317027,22.533049755617455],[93.07560021577746,22.52958682219101],[93.0747661277124,22.527841222060484],[93.07487687142802,22.525497974616968],[93.07257643996785,22.52393447245562],[93.07240080150855,22.518552546058533],[93.07366875144973,22.516253554653396],[93.07299433305025,22.515371899856856],[93.06945534708709,22.515012325924648],[93.06158412104539,22.5173362228442],[93.05549211875031,22.51795466600021],[93.05349878311807,22.518775147160564],[93.0517329234766,22.51854525441704],[93.04873403429013,22.51993070150246],[93.0454487733836,22.51939457555174],[93.03503662891603,22.519519597809566],[93.03020379685184,22.517306462396135],[93.02677606371702,22.516370020247695],[93.02296354652827,22.516597389463524],[93.02087774191428,22.51607911314422],[93.02219764615947,22.517754589981113],[93.02423534794036,22.523226243244356],[93.02291025790294,22.528137458449763],[93.02230625820741,22.532490954963645],[93.02152426522474,22.53399754468109],[93.02272417438769,22.535728747808946],[93.02157976532901,22.539802779133467],[93.023259654996,22.54227922179438],[93.02667845668518,22.548923947781134],[93.02760364131755,22.55472775433317],[93.02420563535435,22.55797033762356],[93.02144679400712,22.56227036708618],[93.01831101357561,22.56205189244721],[93.0153384286722,22.56320768955768],[93.01111747180714,22.56396651251457],[93.00541556266825,22.5663917272518],[93.00228110978412,22.56882327051559],[92.99887393104777,22.57003272946984],[92.99382202446128,22.57359110965092],[92.99300780060831,22.57378811818586],[92.99519925481849,22.584004482306696],[92.99326606419348,22.586462125420933],[92.99115617701658,22.587023427074627],[92.99043282200726,22.58835596355963],[92.99055875093492,22.590789575578036],[92.99303892523571,22.594174262949647],[92.99480979048782,22.59522505889959],[92.99599337852575,22.59757663573411],[92.99527012002261,22.59913941321856],[92.9915956969986,22.6016570065042],[92.98925278131993,22.60273769852575],[92.98442937828312,22.603580714196838],[92.9813251441537,22.604727361494305],[92.97927072413017,22.608320426112368],[92.97991145484858,22.610008698769253],[92.97908193543437,22.612984729852382],[92.98031133952068,22.614957114821785],[92.97926933033506,22.616632906825057],[92.98088554385504,22.6187675825926],[92.9837153188509,22.62424312135626],[92.98538065244493,22.62621957494949],[92.9866981881755,22.626241233451307],[92.98928786842012,22.6319557286161],[92.98862787693965,22.63415697179431],[92.9873587740226,22.634410805579012],[92.98228624741074,22.632027820179186],[92.98123241243141,22.630947098047358],[92.9778742467566,22.631484218592867],[92.97609284260206,22.629746938238693],[92.97248445444666,22.63067465960707],[92.97051569966729,22.63241863730735],[92.9682642103832,22.63325970479191],[92.96221842109884,22.633560894913444],[92.96192017246732,22.630933205910146],[92.9584049241339,22.62688369110791],[92.95492346513605,22.626552747985606],[92.95167653362581,22.628750827291444],[92.95145846708147,22.632103483599796],[92.94347986953689,22.639200128081946],[92.94193839522922,22.640112808441902],[92.9383452490995,22.643825644276383],[92.93684867651163,22.64788080769378],[92.93582450176172,22.652540797381814],[92.9343450351488,22.65604293767738],[92.93246496979063,22.65894447518851],[92.93093939425049,22.66445798134237],[92.93139755566524,22.666643187779044],[92.93326266030755,22.671171272568667],[92.9332734715336,22.673975193969827],[92.93089092521217,22.678242840352766],[92.92990945394881,22.68206299093972],[92.93277039790927,22.694713518656165],[92.93347371925438,22.701395742948513],[92.93580227685281,22.707540114866813],[92.93475198365606,22.7097212559219],[92.93163805585301,22.711848945068137],[92.93020781277886,22.713632856716288],[92.92293863548062,22.71970327980443],[92.91881187268632,22.72144267667124],[92.91603760014029,22.721474939268656],[92.91443165305489,22.722346656552382],[92.91285045845555,22.724852852279067],[92.91250530381964,22.726740265158192],[92.91376698148096,22.731128732413104],[92.9162307967609,22.73459583808917],[92.91673785282866,22.737733790317854],[92.91620315425918,22.740483563370173],[92.91633042200837,22.74340486657334],[92.91799159567569,22.747815724122933],[92.92022826805214,22.75091545501858],[92.91809977857996,22.758508026378006],[92.91757977995374,22.761944153491854],[92.91797493207845,22.764883404928824],[92.92207579893342,22.769704539540097],[92.923103738456,22.771699950052067],[92.92544641147532,22.773938807136293],[92.92803218715213,22.77494493066716],[92.93128455194636,22.774569175968338],[92.93290169069543,22.776221186359624],[92.93315080725947,22.778298056455714],[92.93139872464873,22.78047942125408],[92.92845314364378,22.781320139160925],[92.92326061274754,22.780006306924683],[92.92232012663767,22.78139148315175],[92.92358745164609,22.78675941307512],[92.92300372599378,22.788723640012662],[92.92397833539721,22.790967385446642],[92.92641352100816,22.792145145571766],[92.93017778081335,22.79224787030697],[92.93232596252093,22.790905108128374],[92.93513558343118,22.790733455207228],[92.93721904860735,22.791717258531616],[92.94089977163765,22.79011756445689],[92.9429162859644,22.791256854957787],[92.94460011536499,22.78900541035602],[92.94445322973034,22.787285214553613],[92.94575819383238,22.787180839538543],[92.94725232151806,22.78554575412212],[92.94922471228034,22.7861183366216],[92.95164430571411,22.785142015936316],[92.95376762589338,22.785651264337822],[92.95514411031307,22.782788049335192],[92.95790327658774,22.783006280192122],[92.95873939481126,22.78054288210172],[92.96077454832509,22.780237104276836],[92.9610119325119,22.776016567234695],[92.96425172397956,22.773169174144783],[92.96579367645218,22.769658599246146],[92.9693408407289,22.76727420491873],[92.97069773490337,22.76500685865935],[92.97321344898997,22.76295104408949],[92.97438546243735,22.7610224051634],[92.97850648534904,22.757349142054522],[92.9790011671887,22.754702978617612],[92.98106147166473,22.75608783806484],[92.98266299866383,22.755874613022055],[92.98504649488534,22.75325430268006],[92.98977166296943,22.754711205123783],[92.99190734861632,22.75276826150043],[92.99326524584536,22.752455758592273],[92.99517991122657,22.75420177483676],[93.00031810563716,22.75352367008187],[93.00243251832302,22.752333413025877],[93.00415643734205,22.752899405258542],[93.00965918700562,22.75320022486896],[93.01007191345852,22.755018900031295],[93.00875004261205,22.760767503336677],[93.00899770909798,22.765517259707934],[93.0127848715847,22.76835355361687],[93.01617192966275,22.769291222215315],[93.01764426160499,22.76899697303628],[93.02532231736824,22.77208788806697],[93.02756818748125,22.774217617818273],[93.03011125008084,22.77556549000257],[93.03217556110437,22.772768410318978],[93.03602673393007,22.77218853847808],[93.04056831183625,22.770024475464297],[93.038926908925,22.763965498227243],[93.04101074477428,22.76158549801347],[93.04399656920334,22.760879062593997],[93.04685822606477,22.758810428357933],[93.04770803678446,22.755978536774734],[93.04746413475665,22.75193322693264],[93.04822017660607,22.74564842382281],[93.05146801398514,22.741509833919334],[93.05500823576229,22.74281590044229],[93.05606494015602,22.745299865260485],[93.05647892942523,22.748612310262565],[93.05786717479201,22.750646164070712],[93.05970914817823,22.751905736986224],[93.06312596235819,22.752619991793324],[93.06563155541137,22.753699043033052],[93.06712733786519,22.755192572122006],[93.06768163984027,22.75954317006932],[93.06723085125498,22.76409123774437],[93.06531474484028,22.769838211190986],[93.06762981269326,22.7732479534806],[93.06893958317175,22.776960863064886],[93.06940125785927,22.781141496288384],[93.06796107153406,22.785535617347378],[93.06323329064469,22.790956089599437],[93.05956027717303,22.792891552548184],[93.06073987979082,22.794899638682857],[93.06133966509464,22.802936776873736],[93.06274128870378,22.804831460992208],[93.06825022616405,22.802903508376044],[93.07117661656414,22.80401985573353],[93.07411726270801,22.806115927573778],[93.07491532537246,22.80768294744149],[93.07965404939648,22.80757617026605],[93.08118531496193,22.808696395630548],[93.08358935414672,22.808237734033053],[93.0847241975836,22.806694479670064],[93.08111224065782,22.802014031223475],[93.08065985025267,22.800596148906198],[93.08173710381543,22.79779260593329],[93.08365156547778,22.79598714063357],[93.08823923084124,22.794859649210924],[93.08962738056339,22.793925386496795],[93.09129849825518,22.79109032356887],[93.09461484000872,22.78728153774576],[93.09600753889767,22.78639634255361]]]]}},{"type":"Feature","properties":{"id":"15-434","name":"Lunglei","source_name":"Lunglei","state_id":"15","source_agency":"Survey of India (SOI)","district_code":"265"},"geometry":{"type":"MultiPolygon","coordinates":[[[[92.66933604642986,23.38510259068293],[92.67232938663072,23.38392363693656],[92.67303808684095,23.38237487954256],[92.67597669773242,23.379908990240793],[92.67569735370785,23.378243121716206],[92.67391134986862,23.375586685630232],[92.67560264494041,23.372978926225073],[92.67510319809081,23.37116864519461],[92.67185502902234,23.369261576806494],[92.67129731288266,23.367722655502067],[92.67314095883158,23.36761155247859],[92.67750369070018,23.369027940253986],[92.6809367203584,23.368859822819154],[92.68220307052073,23.368150588949053],[92.68369362499544,23.365590211232515],[92.68422056056379,23.362565131784034],[92.68526639558146,23.36093493317706],[92.68491320208581,23.35823522014745],[92.68692669292876,23.35537664936113],[92.68665687145574,23.353299948350696],[92.68513080247801,23.352253059342697],[92.68495398629861,23.35033885122396],[92.68669034826735,23.34571058352105],[92.68676378671476,23.340137049973407],[92.6847046911385,23.338505679416983],[92.68404803718458,23.334808292139122],[92.68547459497668,23.33217115752376],[92.68606960279723,23.328658436622874],[92.68474146815474,23.326737855806254],[92.68139556059882,23.32816339752852],[92.68102816845075,23.32625827218363],[92.68309232399038,23.322749639544774],[92.68476560772609,23.316241168314185],[92.684077283762,23.312216834922193],[92.68677066337247,23.31004817227253],[92.68825586745248,23.308115293303047],[92.68813309470272,23.306799272776967],[92.68642686937996,23.30619039137758],[92.68645543174065,23.304359625372722],[92.68424874064887,23.303092331649616],[92.68696163363789,23.300339475071908],[92.68681929568892,23.297849136422176],[92.68426749030476,23.296974157849878],[92.68479916662683,23.29427862792492],[92.68340920937608,23.289610783123827],[92.6844146297613,23.286100167930904],[92.68543310161733,23.284752139920563],[92.68573266304936,23.28230048682508],[92.68494015929782,23.280420339818406],[92.6870071799769,23.279785274585368],[92.68698652616433,23.277690239613854],[92.68533905863272,23.27589860210823],[92.68653002291462,23.27237661590522],[92.68907431097675,23.26827622062916],[92.68946430573786,23.26518379786856],[92.68793140119362,23.263958205445025],[92.68898321589096,23.261097669929796],[92.68811945364752,23.258086593020845],[92.69051236269672,23.254909508010364],[92.6899847332895,23.249600498491983],[92.68755070389953,23.247815778412672],[92.68655323255618,23.246082439884997],[92.68993173757525,23.24027059067404],[92.68979344335716,23.23689353632932],[92.69046036547245,23.231898850672128],[92.68954608481509,23.22989560996122],[92.68966702804111,23.227195682524847],[92.69129687803486,23.22315426583055],[92.69144446637338,23.220052501543215],[92.69283521179743,23.21685994972699],[92.69880959709835,23.212378725346337],[92.70089866092613,23.209325755748704],[92.70234161281536,23.203909523062134],[92.70090625243269,23.20050596199994],[92.70177719280254,23.19879669000847],[92.70120961487754,23.19688264208068],[92.69997190700275,23.196133724230386],[92.70398775264862,23.19513862872387],[92.70729322980408,23.193283696447374],[92.70948740090793,23.191237373098023],[92.71339649980516,23.190406882677856],[92.7176779995391,23.191542317405727],[92.72001190530706,23.194261218899182],[92.71967370747231,23.199821472047617],[92.72048179647804,23.203085260099797],[92.71962760351583,23.20579353722339],[92.72181342756352,23.20761290337032],[92.72192674762552,23.210840962950513],[92.72140066520528,23.21480757228841],[92.72243616215137,23.218254064404952],[92.72221520723866,23.22374877336072],[92.72164990095918,23.225767241664606],[92.72180437239602,23.236021385312256],[92.72052211302679,23.237732242971155],[92.72176223019781,23.24009279138133],[92.72500100223117,23.239422679643027],[92.73113768355189,23.239725878714616],[92.73108189716922,23.236998947193094],[92.7382488571115,23.236687187535622],[92.73810988440957,23.233973859382797],[92.74297964626989,23.232665659718105],[92.74403066928606,23.23343242870727],[92.74649738614511,23.23290239094203],[92.7487261886333,23.233309816394463],[92.75030984824396,23.232525553148548],[92.75282562732626,23.232771416124777],[92.75388262724235,23.231629002379115],[92.75352201195163,23.229972776226337],[92.75452144266882,23.22697120488714],[92.75671854724477,23.228340950981277],[92.75924384119898,23.228844038337492],[92.76323794947305,23.231163217772494],[92.76495117858043,23.233033661951296],[92.76923957149222,23.234309892647563],[92.7724357820255,23.23292608178015],[92.7752763017846,23.230300365945457],[92.77781182130737,23.229681382054835],[92.78018731743468,23.22734725431869],[92.78244937462233,23.228471972906164],[92.78726932515386,23.232565491512705],[92.78988751400992,23.231722615128607],[92.7926677986148,23.229740313258663],[92.7956180878656,23.229154207274878],[92.79803051708078,23.228039792114348],[92.80555614327399,23.227380987297774],[92.80938739111261,23.227718938973204],[92.81151327014406,23.226202897222045],[92.8162853491755,23.2278573548974],[92.8165035389963,23.23131582079311],[92.81758687820651,23.23392584514975],[92.81500564837074,23.237369621060683],[92.81786187799996,23.241370939656548],[92.81988972226502,23.240829953618526],[92.82256128307895,23.24303420825046],[92.82546361039536,23.242701151687406],[92.82700197768696,23.244381206664453],[92.82980098309848,23.245998448094248],[92.83169702097955,23.24520443638685],[92.83302085615384,23.245909156925272],[92.83383231652235,23.2447806882153],[92.83583108301403,23.244499159734346],[92.83660729170585,23.242071065035578],[92.84060042042094,23.240201911411788],[92.8413290409897,23.238800559606172],[92.84554585504259,23.237013674369994],[92.84481355659648,23.23496376836019],[92.84674345716421,23.23453076836037],[92.84439401391924,23.23267915472266],[92.84611385492585,23.23206552131659],[92.84590438265242,23.229726778560156],[92.84688168924859,23.228787901624656],[92.84531381063512,23.227604668499215],[92.8473608095405,23.227334219425828],[92.84791847322357,23.224273263756064],[92.85057122561788,23.223777156406207],[92.85189800802387,23.221592212131103],[92.8516092486493,23.220461498603143],[92.85335679074062,23.218657810213173],[92.85554040224935,23.218459517924316],[92.8573969865197,23.216689976004506],[92.85721158635242,23.21539418267826],[92.85844282163666,23.21382770345685],[92.85715825741657,23.21305998888136],[92.85690964145321,23.21017946843885],[92.85587418536971,23.20969621951552],[92.85711527289962,23.207438975611154],[92.8554945600674,23.202291774019994],[92.85634008826361,23.199321120545434],[92.85509471667642,23.19872496136142],[92.85423591714117,23.19449889782862],[92.85512024028299,23.192882717999804],[92.85506175740949,23.190305905370845],[92.85886917524496,23.189327856954016],[92.85779801096807,23.18500917820209],[92.86241088399959,23.176183438878514],[92.86257578047356,23.174065727636687],[92.86565712454698,23.174603338794366],[92.86871880730547,23.17579099161827],[92.87016924170156,23.175488586920025],[92.87110704204811,23.172910640728123],[92.87314832314301,23.172116109174187],[92.87509680683496,23.170012289548673],[92.87651287394934,23.170346369462415],[92.88035110651859,23.169678263231205],[92.88324684200663,23.170287750030177],[92.88499507972526,23.17184534699569],[92.88711944924522,23.174969574541784],[92.8912069860601,23.17695138388527],[92.89579516539237,23.178274780125005],[92.89917770078183,23.177536693626184],[92.90487366033324,23.177371977376378],[92.90768428432263,23.179771203947592],[92.91290531063153,23.181928330214888],[92.91543568861447,23.18447869664004],[92.91693623783816,23.189088048162215],[92.91906887405126,23.18778275101284],[92.92351386243185,23.186115633617916],[92.92942824235386,23.1864750265107],[92.93077189562005,23.187996187810437],[92.93202203002589,23.18784678124334],[92.93483814045604,23.184850489388154],[92.93360694968051,23.18185046801837],[92.93367898375261,23.178762266538794],[92.9323588177405,23.17455934786323],[92.93286124762257,23.173127963523307],[92.93673702183783,23.169379271058148],[92.93917909495183,23.170502587451587],[92.94120566057192,23.170578571274312],[92.94896403885551,23.16853014747485],[92.95327436755784,23.16579219233579],[92.95435625896258,23.16188630894031],[92.95605827722952,23.15812008232299],[92.9548161224876,23.15461259973913],[92.95494628900532,23.151601103348465],[92.95686369310528,23.149080873853805],[92.95710632296704,23.146457601144977],[92.95603040688474,23.14323899620205],[92.95701967680642,23.140032937999973],[92.95555287296413,23.136128251306012],[92.95774457477744,23.13560346242546],[92.95941832068418,23.134306856499933],[92.95738910542885,23.128641649521605],[92.957594897066,23.12142672045649],[92.95675820352784,23.11794161009924],[92.95760645884414,23.116031388946464],[92.95993485833809,23.1161160193204],[92.95984109575294,23.114382336663724],[92.96203287050913,23.114593421445818],[92.96427975589022,23.113651027199268],[92.96285139030252,23.112100763003962],[92.9648367669079,23.110135725161165],[92.96706963110918,23.10981847215778],[92.9696674676397,23.107848520945527],[92.9722194256079,23.10670929629698],[92.97584848569304,23.10705558231149],[92.9779150343099,23.106155065635598],[92.97896315780925,23.104420685246904],[92.98124171055656,23.10336275585617],[92.9845087285249,23.099333328143057],[92.98596882572168,23.100343703136136],[92.98788247562207,23.099113777066258],[92.9885406086097,23.09687901611286],[92.9909098862755,23.096601967832996],[92.99031834846615,23.095378836312424],[92.9916401940136,23.09444783452151],[92.99460227037017,23.09402132108827],[92.99802568391144,23.09132251299355],[93.00180467823891,23.08973073118232],[93.00428431250721,23.088058872154345],[93.00751708936227,23.087856240986763],[93.01264882681608,23.084839664824806],[93.01363595525943,23.08328274897407],[93.01644382678907,23.08109957143496],[93.0206298367065,23.079348018261044],[93.02477894320629,23.07924310355464],[93.02685754295435,23.080367290635287],[93.03001554950539,23.080257165646355],[93.03348510110206,23.081811940536436],[93.03594263182336,23.08183634125225],[93.03772079615379,23.080923476497787],[93.03757252968265,23.079235431056762],[93.04084713327704,23.07818462404533],[93.04158955414317,23.075482705996652],[93.04289796522147,23.07406935918538],[93.04105228506927,23.072410922123204],[93.04154633349718,23.070686577411262],[93.03908607267886,23.06833204452993],[93.03973769111785,23.067626859921198],[93.03806268104961,23.06649166354036],[93.03893813043624,23.064570951353396],[93.03847732435563,23.06269705310189],[93.03976434920982,23.058247715550614],[93.03977627850392,23.054899955959502],[93.03868930592034,23.05282596785205],[93.03846386914933,23.049807120474163],[93.04269950908218,23.047451656281783],[93.0467512163391,23.046201890649463],[93.04939254050059,23.045941679576764],[93.05271987078427,23.044766196634438],[93.05724385145368,23.04396789025173],[93.06026807788794,23.043894523917857],[93.06258007393923,23.04277624135157],[93.06796054584193,23.042933433222625],[93.06954987166957,23.04118270249234],[93.0726990231878,23.039845269015558],[93.07540134624571,23.037211990445012],[93.07758665220305,23.036878695093947],[93.08127651132224,23.034977016564024],[93.08077247940398,23.032998802878186],[93.07856914734195,23.03077219416148],[93.08089749208598,23.029172260037146],[93.08392924081049,23.028118072193212],[93.0888453699978,23.027516560698054],[93.09280144029226,23.02421990938883],[93.09498085268488,23.02409578998621],[93.09859595091083,23.02122042546657],[93.10251447056909,23.01911159484418],[93.10540125529707,23.018170018300328],[93.10886213739705,23.01638024324931],[93.1101151533579,23.01465667178275],[93.11581718449607,23.013338929520696],[93.11829523987973,23.010372801106378],[93.11983413969422,23.00944056818842],[93.12223321275833,23.0065202800741],[93.1201071525808,23.00302475320931],[93.12199533035648,23.00163910849582],[93.12545351506488,23.00296974869942],[93.12716392678709,22.999254057742615],[93.12733563619636,22.996088685706887],[93.13193774069494,22.99120827829835],[93.13310831070929,22.99061446862163],[93.13556693661077,22.991915667801646],[93.14015158327958,22.990782123318187],[93.1409476743494,22.987661108020653],[93.13923919648465,22.985622907474614],[93.13915052539603,22.981635574832794],[93.14057779337634,22.979172257528823],[93.14284542802046,22.977966259648067],[93.1436460399488,22.976514582294833],[93.14345678001192,22.97296844743144],[93.14229551236244,22.971485004676605],[93.13627941331346,22.97121455202231],[93.13545950601015,22.96794752301459],[93.13698619300956,22.966047972878506],[93.1371886608486,22.961930305300776],[93.14036451893742,22.95969911425349],[93.1413243028129,22.957619806565766],[93.14020193647826,22.95286581220177],[93.13825844054801,22.95159019072031],[93.13886424770051,22.949743504368225],[93.14432745760519,22.946852820736492],[93.14643091297937,22.942680117562272],[93.14537388773233,22.93930695396125],[93.1449738745457,22.936200133712596],[93.14510406308466,22.932301448640693],[93.14702306758261,22.927188767131618],[93.14944562881148,22.923617438221495],[93.15296431645751,22.921375763960754],[93.15306781807864,22.9188563818302],[93.1543659907222,22.917327616624974],[93.15648702917929,22.917958709306205],[93.15982418977407,22.917502515867408],[93.1632378096103,22.914969315641404],[93.16452754765814,22.91098737522739],[93.16395021444016,22.909444806013624],[93.15535406240002,22.907991959555964],[93.15026288074476,22.907874065803565],[93.14724641220508,22.91078833464841],[93.14180625292394,22.913509195789366],[93.13852001100094,22.913233400596294],[93.13618904306702,22.91205350425681],[93.1339537113328,22.908779914596163],[93.13117388712926,22.906093463081877],[93.12944625243958,22.902249040733327],[93.12993350827428,22.899872280076497],[93.13205202716146,22.897761063330204],[93.1343721097631,22.89282539576596],[93.133769946459,22.88973212564703],[93.13225076741523,22.88747537891725],[93.13108790470243,22.884076615758882],[93.12937966990613,22.8819254823094],[93.12865493596072,22.878523503512895],[93.12602963773234,22.87643569041611],[93.12749937969643,22.874586273496753],[93.12700934747055,22.87140962484743],[93.12404545549533,22.86688013152992],[93.11868462179095,22.864627405737966],[93.11729872209648,22.863105212230757],[93.1188550984491,22.858684988136726],[93.11741653159353,22.854197783305345],[93.1165633237672,22.846074766226902],[93.11812172002062,22.842489264105726],[93.1155814425675,22.838903532411074],[93.1153260009458,22.835969177085953],[93.11019186229919,22.833464370711287],[93.11039978305142,22.83222425757816],[93.11260996472267,22.831034641284823],[93.1131083464354,22.829032778420864],[93.1111101144494,22.82688697973683],[93.10758502610061,22.826708769902723],[93.10406714796993,22.825218865595698],[93.10366797757892,22.822128733198273],[93.10557006867081,22.8207125737334],[93.10942223827254,22.820129698015343],[93.11054689022589,22.818053121941684],[93.10676412294485,22.815076728161458],[93.10503497384755,22.812339090642173],[93.10157755747747,22.810594594327327],[93.09674256200913,22.80887134701231],[93.09485499270085,22.806682717621225],[93.094767716171,22.804568808567275],[93.0963930207526,22.80132524502154],[93.09588519667025,22.798165069682888],[93.09777574438819,22.79262608386553],[93.09719266374476,22.78767584964611],[93.09600753889767,22.78639634255361],[93.09461484000872,22.78728153774576],[93.09129849825518,22.79109032356887],[93.08962738056339,22.793925386496795],[93.08823923084124,22.794859649210924],[93.08365156547778,22.79598714063357],[93.08173710381543,22.79779260593329],[93.08065985025267,22.800596148906198],[93.08111224065782,22.802014031223475],[93.0847241975836,22.806694479670064],[93.08358935414672,22.808237734033053],[93.08118531496193,22.808696395630548],[93.07965404939648,22.80757617026605],[93.07491532537246,22.80768294744149],[93.07411726270801,22.806115927573778],[93.07117661656414,22.80401985573353],[93.06825022616405,22.802903508376044],[93.06274128870378,22.804831460992208],[93.06133966509464,22.802936776873736],[93.06073987979082,22.794899638682857],[93.05956027717303,22.792891552548184],[93.06323329064469,22.790956089599437],[93.06796107153406,22.785535617347378],[93.06940125785927,22.781141496288384],[93.06893958317175,22.776960863064886],[93.06762981269326,22.7732479534806],[93.06531474484028,22.769838211190986],[93.06723085125498,22.76409123774437],[93.06768163984027,22.75954317006932],[93.06712733786519,22.755192572122006],[93.06563155541137,22.753699043033052],[93.06312596235819,22.752619991793324],[93.05970914817823,22.751905736986224],[93.05786717479201,22.750646164070712],[93.05647892942523,22.748612310262565],[93.05606494015602,22.745299865260485],[93.05500823576229,22.74281590044229],[93.05146801398514,22.741509833919334],[93.04822017660607,22.74564842382281],[93.04746413475665,22.75193322693264],[93.04770803678446,22.755978536774734],[93.04685822606477,22.758810428357933],[93.04399656920334,22.760879062593997],[93.04101074477428,22.76158549801347],[93.038926908925,22.763965498227243],[93.04056831183625,22.770024475464297],[93.03602673393007,22.77218853847808],[93.03217556110437,22.772768410318978],[93.03011125008084,22.77556549000257],[93.02756818748125,22.774217617818273],[93.02532231736824,22.77208788806697],[93.01764426160499,22.76899697303628],[93.01617192966275,22.769291222215315],[93.0127848715847,22.76835355361687],[93.00899770909798,22.765517259707934],[93.00875004261205,22.760767503336677],[93.01007191345852,22.755018900031295],[93.00965918700562,22.75320022486896],[93.00415643734205,22.752899405258542],[93.00243251832302,22.752333413025877],[93.00031810563716,22.75352367008187],[92.99517991122657,22.75420177483676],[92.99326524584536,22.752455758592273],[92.99190734861632,22.75276826150043],[92.98977166296943,22.754711205123783],[92.98504649488534,22.75325430268006],[92.98266299866383,22.755874613022055],[92.98106147166473,22.75608783806484],[92.9790011671887,22.754702978617612],[92.97850648534904,22.757349142054522],[92.97438546243735,22.7610224051634],[92.97321344898997,22.76295104408949],[92.97069773490337,22.76500685865935],[92.9693408407289,22.76727420491873],[92.96579367645218,22.769658599246146],[92.96425172397956,22.773169174144783],[92.9610119325119,22.776016567234695],[92.96077454832509,22.780237104276836],[92.95873939481126,22.78054288210172],[92.95790327658774,22.783006280192122],[92.95514411031307,22.782788049335192],[92.95376762589338,22.785651264337822],[92.95164430571411,22.785142015936316],[92.94922471228034,22.7861183366216],[92.94725232151806,22.78554575412212],[92.94575819383238,22.787180839538543],[92.94445322973034,22.787285214553613],[92.94460011536499,22.78900541035602],[92.9429162859644,22.791256854957787],[92.94089977163765,22.79011756445689],[92.93721904860735,22.791717258531616],[92.93513558343118,22.790733455207228],[92.93232596252093,22.790905108128374],[92.93017778081335,22.79224787030697],[92.92641352100816,22.792145145571766],[92.92397833539721,22.790967385446642],[92.92300372599378,22.788723640012662],[92.92358745164609,22.78675941307512],[92.92232012663767,22.78139148315175],[92.92326061274754,22.780006306924683],[92.92845314364378,22.781320139160925],[92.93139872464873,22.78047942125408],[92.93315080725947,22.778298056455714],[92.93290169069543,22.776221186359624],[92.93128455194636,22.774569175968338],[92.92803218715213,22.77494493066716],[92.92544641147532,22.773938807136293],[92.923103738456,22.771699950052067],[92.92207579893342,22.769704539540097],[92.91797493207845,22.764883404928824],[92.91757977995374,22.761944153491854],[92.91809977857996,22.758508026378006],[92.92022826805214,22.75091545501858],[92.91799159567569,22.747815724122933],[92.91633042200837,22.74340486657334],[92.91620315425918,22.740483563370173],[92.91673785282866,22.737733790317854],[92.9162307967609,22.73459583808917],[92.91376698148096,22.731128732413104],[92.91250530381964,22.726740265158192],[92.91285045845555,22.724852852279067],[92.91443165305489,22.722346656552382],[92.91603760014029,22.721474939268656],[92.91881187268632,22.72144267667124],[92.92293863548062,22.71970327980443],[92.93020781277886,22.713632856716288],[92.93163805585301,22.711848945068137],[92.93475198365606,22.7097212559219],[92.93580227685281,22.707540114866813],[92.93347371925438,22.701395742948513],[92.93277039790927,22.694713518656165],[92.92990945394881,22.68206299093972],[92.93089092521217,22.678242840352766],[92.9332734715336,22.673975193969827],[92.93326266030755,22.671171272568667],[92.93139755566524,22.666643187779044],[92.93093939425049,22.66445798134237],[92.93246496979063,22.65894447518851],[92.9343450351488,22.65604293767738],[92.93582450176172,22.652540797381814],[92.93684867651163,22.64788080769378],[92.9383452490995,22.643825644276383],[92.94193839522922,22.640112808441902],[92.94347986953689,22.639200128081946],[92.95145846708147,22.632103483599796],[92.95167653362581,22.628750827291444],[92.94995251631015,22.62611700061187],[92.94935737873001,22.622590895823734],[92.94965247524408,22.619511431752354],[92.94894110052346,22.616673086503717],[92.94899549737444,22.608828658600693],[92.94934935396918,22.606507693294105],[92.95094236442466,22.602289810652483],[92.95009465532729,22.599237899286003],[92.94733568458831,22.595694646030772],[92.94602600096135,22.59206944776411],[92.94614681228362,22.59062460440748],[92.94793496170134,22.588027584380903],[92.9472286516932,22.585259995920612],[92.94466903840618,22.58106188570623],[92.94513926247393,22.577946246848917],[92.94500173823,22.57493465113851],[92.94218479374169,22.570759176913008],[92.94047291725205,22.56584394148731],[92.93889581932811,22.564028909540188],[92.93484949009573,22.561221143553496],[92.93270280604739,22.560424912221126],[92.93162048437814,22.55872526135022],[92.93104574715676,22.55555798637417],[92.92886276019367,22.554806868205045],[92.92618350872996,22.55267193949538],[92.92316960133004,22.552754037302833],[92.92101105357452,22.552126975942443],[92.9207676724571,22.551007255743027],[92.91732536271832,22.548596938129815],[92.91454454867609,22.547364885772613],[92.91127794563846,22.547297808870507],[92.90982011505582,22.549524095206873],[92.90689980349624,22.555845929145033],[92.90523753833227,22.557525858764716],[92.90504364051881,22.560695584396345],[92.90596318847476,22.564716259522207],[92.90424745422166,22.56714345470882],[92.90124819312409,22.569843972287963],[92.90183743983987,22.576223914076586],[92.89985412406558,22.578989736437162],[92.8996938842623,22.58052718806853],[92.89727423872583,22.581788582916893],[92.8946911609258,22.584853283266956],[92.89093249871638,22.583530606808633],[92.88864723458968,22.583503645110778],[92.88336679931531,22.582478854818437],[92.87991844704722,22.582963232344184],[92.8771042482232,22.584054658218097],[92.87331143919361,22.58814081598125],[92.87242633295337,22.58983171244036],[92.87274717721034,22.59193354105498],[92.87510735871255,22.594578763738003],[92.87490777665819,22.59520353680195],[92.86813702297204,22.596909011295946],[92.8661237244972,22.598155015859984],[92.86383333813754,22.59837152950286],[92.86166432494987,22.59964009695284],[92.86249527729177,22.604137345904448],[92.8590522465319,22.60436719213156],[92.85248659326193,22.60736878764907],[92.84925698324108,22.609616760829844],[92.84733052985725,22.612250994110383],[92.84664428016194,22.61439331452412],[92.84404848536984,22.61433517316941],[92.84500720800484,22.616548967721492],[92.84228063419422,22.618799166877864],[92.84036819232377,22.622523737814973],[92.83848578352135,22.62312377564118],[92.83718647428432,22.62539005759999],[92.83183646291438,22.625167311774597],[92.83197950819103,22.624052062256396],[92.82801152647727,22.624116279031476],[92.82742446597975,22.626673943606963],[92.82531624854273,22.626099799617883],[92.8231098114883,22.627832859255967],[92.81926812137367,22.626196932151615],[92.81478316154586,22.62739619510192],[92.81404313120417,22.628912992414826],[92.81097313855356,22.630695191187048],[92.8099911465842,22.629678842392938],[92.80568207080748,22.6290763638717],[92.8008936845773,22.624712373753773],[92.79920791816231,22.6214199473828],[92.79918928067374,22.620033770897148],[92.80116548948287,22.61723534093517],[92.80268521729215,22.613100161224992],[92.80226845834393,22.610481139616216],[92.79945419853512,22.607860920084654],[92.79710285860094,22.606772109116598],[92.79638238122502,22.6051140903879],[92.79692985642002,22.60046371340369],[92.79585677022594,22.59784432758209],[92.79589842681867,22.593347197385064],[92.79938131562405,22.591199757075554],[92.80069646601595,22.58727669435032],[92.79981313199228,22.584499392988914],[92.7995042424255,22.580580025794426],[92.79994290029947,22.578756097273832],[92.8024053366811,22.574833586716675],[92.8033414293043,22.57018335840632],[92.80120421127772,22.566746227300218],[92.80071534129726,22.563002858522566],[92.7994379871764,22.56090263454336],[92.79551598574426,22.558940993024866],[92.79452105996,22.556267444488984],[92.79646239697296,22.55350966543562],[92.79593827482728,22.552055483014087],[92.79270271440366,22.54894726100534],[92.79006859255817,22.548078872626853],[92.78478045008744,22.547141150472502],[92.7824287791026,22.545663246458545],[92.78122954575385,22.543684835196732],[92.77916983452334,22.541913572715544],[92.78000344963023,22.538581848903327],[92.77665572601802,22.53685940951927],[92.77661742669547,22.536078247914475],[92.77939796578795,22.5357007416177],[92.78121705818825,22.533981570162513],[92.77916676538554,22.53281987132366],[92.77666768487892,22.53387484137037],[92.7757547591429,22.532745435422573],[92.77578564920502,22.530460742322088],[92.77249732074925,22.527681687387375],[92.77251752228283,22.52670640635611],[92.77494950688899,22.524278819677917],[92.77380843050858,22.516575045138342],[92.77709874791113,22.516369493714706],[92.77741586774096,22.514721629827296],[92.77616719828805,22.51430541959525],[92.77491553920053,22.511441929528452],[92.77730399511918,22.50831892042251],[92.7768924809076,22.50623712018743],[92.77496512679346,22.50375247487192],[92.774772133367,22.501932695902127],[92.77741266607873,22.49926454095103],[92.77684697136743,22.497050839272305],[92.77465079952228,22.498549052870477],[92.77341733121287,22.50067164290955],[92.77076334246327,22.50165417954418],[92.76936033562227,22.50299199187843],[92.76581855404297,22.49914024328093],[92.76278415604182,22.497423378838732],[92.75997446280094,22.497230527202976],[92.75844679560919,22.499351549953058],[92.75651270374223,22.499444889122543],[92.75653289746121,22.50404183919491],[92.75739203996181,22.505153251363144],[92.75509782637276,22.505729432289087],[92.75442558614594,22.507516949418118],[92.75435384909476,22.511589653332987],[92.75346872722358,22.51229785277347],[92.75523530489919,22.514931632398714],[92.75523309965911,22.517374381896975],[92.75336637292536,22.5179282932616],[92.75113570909095,22.528284492537708],[92.75295263543518,22.529193511427767],[92.75299355149308,22.532268424643576],[92.75473643442933,22.534500330053568],[92.75370843188409,22.537154484888237],[92.75199110325367,22.538796666725165],[92.75160571471172,22.540295417418125],[92.75248879380248,22.542002883984033],[92.7521750252612,22.54489238650147],[92.7504091817729,22.546313265250948],[92.74808151628218,22.54554337338692],[92.74438794656493,22.55028540146893],[92.7407644094055,22.553868501538943],[92.73836912011589,22.555536242826186],[92.73633954866511,22.558747915717262],[92.7333994917164,22.56021726823302],[92.72991391824242,22.560332337345198],[92.72643952755134,22.562573996896397],[92.71960525470136,22.564189856390882],[92.7195442778165,22.567662097409578],[92.71597738103412,22.570260283868972],[92.71577442990414,22.572287727434635],[92.714394084874,22.572992826980062],[92.71148660021483,22.576164167397224],[92.71032552810456,22.578702134420777],[92.70919252262581,22.57845886990497],[92.70913542646429,22.580666838422136],[92.71000091143493,22.58495135516178],[92.70906281820461,22.58554331022746],[92.70736522645936,22.584388234285306],[92.70681471840494,22.58244243679534],[92.70578436229104,22.58324662996949],[92.70557653461674,22.585558519070865],[92.70213883046827,22.58549235622777],[92.70043903038422,22.584669074080615],[92.70024115437413,22.586000397104815],[92.6966075650138,22.58728500144768],[92.69792197248594,22.587996733552938],[92.69329935738668,22.59142000553819],[92.6938098002358,22.594182170563688],[92.69300273561674,22.59681128381117],[92.69388861872596,22.598711843117492],[92.69390068527713,22.60384111676898],[92.69147070741839,22.607282642773725],[92.69038249162179,22.60987477891209],[92.69093002403864,22.61084760043582],[92.69349043199443,22.61067729750401],[92.69445622764107,22.611647686354075],[92.69488376311074,22.615964049745678],[92.69687916563281,22.61890714919104],[92.69810752647636,22.619572631177462],[92.69605390953504,22.622162946227526],[92.69437584784527,22.62191754211321],[92.6901306087618,22.623533352638344],[92.68748933695217,22.622802848060637],[92.68429418506011,22.62347671067836],[92.6802233679913,22.623676688570956],[92.67696018255322,22.62469358122705],[92.67445046489898,22.624554312450023],[92.67083155483319,22.62347161113904],[92.6689058040595,22.624415757424284],[92.66774790412899,22.623147259900776],[92.6635160729629,22.621247281419834],[92.66167431283114,22.61725846622968],[92.65788355524222,22.61878303275775],[92.65534526364304,22.62134356250663],[92.65267516012254,22.621402646779643],[92.65163096172381,22.620421481407828],[92.64668299099306,22.619459559863866],[92.6447426025066,22.62102425885109],[92.64061450295044,22.621892441263146],[92.64045806400883,22.624930224874507],[92.64263726784625,22.627928167761798],[92.64322840772621,22.629973507474965],[92.64144593633368,22.631860987324334],[92.64232637203236,22.632554009640188],[92.6446804306763,22.631481461362135],[92.64614945820828,22.632510791569292],[92.64388325354872,22.636823003045212],[92.64433115761292,22.640913729108746],[92.64364547646875,22.64287337856363],[92.64460909962195,22.64765488112701],[92.64168324459409,22.64958534924047],[92.64086136752437,22.652795699143233],[92.63892300038971,22.656419242818064],[92.63748306057843,22.65743071149331],[92.63341603411186,22.65734955805015],[92.62910474976206,22.657858913306924],[92.62720358070172,22.65855961170523],[92.62543748035365,22.662252977251704],[92.62817160435493,22.663521809022466],[92.6297381384219,22.66641154005658],[92.62763629939239,22.67011847256737],[92.62586042146076,22.671274311702252],[92.6228196199589,22.670542733983012],[92.61925334387566,22.670456729570482],[92.6174530438784,22.671829204320172],[92.61721415133327,22.67683199249878],[92.61778795277144,22.680385477648805],[92.61716961306607,22.68445584919187],[92.61581204937966,22.684471532226695],[92.61632330584251,22.681157446917123],[92.61369123435153,22.678956044653336],[92.6117642361463,22.680506788175087],[92.6077838762413,22.681933061807555],[92.60665954437329,22.683933113808084],[92.6061967701775,22.68687693242862],[92.60475074720054,22.69140089741682],[92.6016894260048,22.694104952972868],[92.59766002276214,22.69504784053191],[92.59650639385217,22.696429237378446],[92.59641215430158,22.70358573752213],[92.59387083883576,22.707350810609558],[92.59396737537521,22.710339864597113],[92.59812778910205,22.71304533914419],[92.59725596940312,22.71574973336567],[92.60165993207752,22.71859513636134],[92.60173726142807,22.721180823724392],[92.59922348275367,22.72081161281833],[92.5949615876146,22.723695892696288],[92.59346686888752,22.725501607917288],[92.59341755143488,22.727881076517704],[92.59582153275805,22.729814098948992],[92.59515408787041,22.73216633999309],[92.59271580398423,22.730955722652954],[92.59042455423385,22.731319347144023],[92.58658583150161,22.736706432566347],[92.58572318015972,22.739993209045267],[92.5897677136098,22.74197644002214],[92.59080386621477,22.744387781637645],[92.58635910623202,22.74542960558733],[92.5843560549124,22.7475730446364],[92.58284761688331,22.750332031721456],[92.58003275800715,22.753245565955833],[92.57972893452308,22.75527600502059],[92.57834743740865,22.7554349248598],[92.57769621367439,22.75267589218382],[92.57560739482516,22.750405328918617],[92.57648805969562,22.750053345687405],[92.57670028139523,22.74739297500554],[92.57894622269936,22.74267766311177],[92.57692182820604,22.74103913127104],[92.57799325886188,22.739704136939],[92.57492733597594,22.73779996832283],[92.57460932943623,22.73577482076718],[92.57128769595,22.734561304933347],[92.57125411556888,22.73342274429442],[92.56698781703957,22.731671641947248],[92.56561409821103,22.73203287877156],[92.56433111577432,22.736220139670948],[92.56126339714686,22.738401903658463],[92.56127720998603,22.739966403360548],[92.55977552512675,22.744638902962667],[92.55814809368384,22.74755494642892],[92.55278793616709,22.748329025008434],[92.55055665349599,22.751192691394067],[92.54867268107382,22.751277535112138],[92.547824234874,22.753498557403216],[92.54427396892751,22.75567747109971],[92.54360993183873,22.75871128922377],[92.54166192837091,22.759563534082883],[92.54252653460335,22.762738131542033],[92.53815509140833,22.76193195311857],[92.53387709890518,22.759780207040944],[92.53105633781557,22.759346040217654],[92.527930114331,22.75681465303005],[92.52599191293714,22.7575447821191],[92.52467997967496,22.76056005885761],[92.52327205701016,22.76174656713954],[92.52023180933939,22.76158194952213],[92.51666444339075,22.760010430105282],[92.51595214470694,22.75882921949882],[92.51712706789854,22.756906655976856],[92.51437340753911,22.754755469750627],[92.51530453404303,22.753162260649994],[92.51339140902698,22.753133769693164],[92.51204482697312,22.7508379974191],[92.50947969883391,22.750387997364637],[92.5052335400582,22.746330168861327],[92.50512811793125,22.744499202672046],[92.50646874837665,22.742344277411917],[92.50441735769307,22.741893414003798],[92.50448207402027,22.73879737650996],[92.50135976824987,22.737321372282334],[92.49908172030928,22.73819616331028],[92.49792524189503,22.739892702032844],[92.49424168720097,22.74005221559203],[92.49416263354699,22.742249282725837],[92.49274019002159,22.742433651232158],[92.49118992243558,22.741006448874803],[92.49027969255762,22.745380950042776],[92.4887120128087,22.746275951513553],[92.48216928958672,22.746989724774142],[92.4765520680762,22.745211301901787],[92.47384417406145,22.746208517698935],[92.47535185621516,22.74729633112085],[92.47635467292386,22.749452423491437],[92.47869243602086,22.751285866293884],[92.47935464659183,22.75279655128559],[92.47691169117277,22.75426549697931],[92.4760101339556,22.75646972439431],[92.47747484539988,22.757652283509433],[92.47690801633857,22.75935569521563],[92.47367609912716,22.75971094780508],[92.47407221225625,22.76129362444817],[92.47637852072614,22.763913308354507],[92.47615590958792,22.76466013465406],[92.47287336932031,22.764941642236348],[92.4739696239583,22.76950722878137],[92.47578280808035,22.770710580123513],[92.47512015141828,22.773207268283322],[92.47271652644706,22.77611085139982],[92.47243625019952,22.78089122824527],[92.47300848034558,22.782529243511206],[92.47138951172684,22.78360148894394],[92.47059324622089,22.782130404268095],[92.46910282458202,22.782474464471033],[92.47004977604414,22.78567612317261],[92.46941765330877,22.78762075864629],[92.47057931375151,22.78899541012643],[92.47163578681297,22.79241576497319],[92.47122393771525,22.794181365048278],[92.47227284577151,22.795856460896122],[92.47106945173157,22.79827182333352],[92.46598960722405,22.801410415748883],[92.46484873436984,22.803811664677426],[92.46685007847806,22.8075789249474],[92.4655689683652,22.80962577440165],[92.46368690848784,22.811034266883073],[92.46227057534576,22.81090978274372],[92.46279563894772,22.80747465273918],[92.4611834518587,22.807353581827996],[92.46099785541962,22.811308352036395],[92.45822138482868,22.816586603070864],[92.45905167192893,22.81852518642967],[92.45683466119078,22.818959658086897],[92.4547379859871,22.818425197798238],[92.45466182303464,22.819847527543182],[92.4562601265161,22.820656709333058],[92.45813363355336,22.82295345637005],[92.45526249760424,22.825826060457107],[92.45889648745747,22.827774183932295],[92.46194692591543,22.83079655493696],[92.45957516154148,22.8333278868545],[92.45798456727464,22.83699102845508],[92.45512698390013,22.840376027570958],[92.45318189844673,22.841467554002044],[92.45328894230713,22.843295510032178],[92.45564758936645,22.842573123023435],[92.45780134214341,22.840725229724686],[92.46204398848532,22.841079441508775],[92.4632476808899,22.84174621609629],[92.46288757183947,22.843316292451764],[92.45874302460304,22.844425708592784],[92.45905190621248,22.847723148527],[92.46005696615318,22.850327071487243],[92.4570486340072,22.8502065085773],[92.45732861799812,22.85250297875227],[92.45970823465242,22.852920017153398],[92.46091437061227,22.85209435614831],[92.46415410722612,22.85349124923679],[92.46401516898499,22.855379753331256],[92.46011241273209,22.857664889244607],[92.46000058173158,22.858915703446737],[92.46195704670217,22.8606689868995],[92.46160635517717,22.861537494279027],[92.45602640276586,22.860754471614047],[92.45339981865669,22.86124936332],[92.45211741964376,22.86493680247984],[92.45380518442622,22.866901698724302],[92.45437216561187,22.86904779710866],[92.45585017637119,22.870225806536375],[92.45902546215436,22.8700087609549],[92.46046842793508,22.8709020153146],[92.45797723048119,22.872729238396772],[92.45353495315246,22.874613998270757],[92.44908381575364,22.875984976768276],[92.44831347192316,22.877202109566188],[92.44871914394872,22.881920264710292],[92.45003699311435,22.886676488712958],[92.45063490729753,22.89034926602324],[92.45020882248994,22.893249311421812],[92.44748671382997,22.896728237001742],[92.44596213251992,22.89709605972487],[92.44477773577599,22.895104321499936],[92.44202733967333,22.892385104923772],[92.4387515609761,22.887644701699315],[92.43649510575415,22.885366019049933],[92.4337307751764,22.88579105946911],[92.43318885480362,22.886806542132813],[92.43355508540701,22.890555246206432],[92.43269911779403,22.89234871789714],[92.43043835939342,22.893717237848186],[92.42649435903398,22.897216804288963],[92.42506709032133,22.899541102546873],[92.42024572039664,22.909613490917838],[92.4197524755401,22.911258225696955],[92.42091504749065,22.915926365181445],[92.42026517844151,22.91834510021534],[92.41921815540128,22.91884817334637],[92.41522439783392,22.9144450916264],[92.41302332090169,22.913385716140485],[92.41155597849927,22.913808643859234],[92.40676904906385,22.917836999465376],[92.40336259480013,22.917003138281896],[92.40324655353265,22.912820281411026],[92.40170269116344,22.911789684206564],[92.40018508557579,22.912414227766003],[92.39794126351026,22.915329850362035],[92.39731894822636,22.918205667789817],[92.40132474040416,22.923984098570326],[92.39758622088775,22.929698803592952],[92.39482042422306,22.930588879927853],[92.39067409406681,22.93037819232974],[92.38740128417322,22.929309514464812],[92.38203088081363,22.928899351473465],[92.37890688542586,22.92935529089624],[92.37635349894302,22.928640783769282],[92.37624777558837,22.93031040343465],[92.37757659487794,22.931809226608646],[92.37580350906715,22.93522977216488],[92.37400159303178,22.93449644769799],[92.37239201297142,22.935090502412073],[92.37233528973844,22.936662203619385],[92.37578013839767,22.93706296489032],[92.37268846762453,22.93985198872508],[92.37354064675361,22.941261130355493],[92.37334434593521,22.943359941813952],[92.37475023345921,22.94743566947926],[92.37619047454469,22.946873788986736],[92.37737043847429,22.948509551791958],[92.3758010516286,22.949886167900626],[92.37817254473606,22.952063920976226],[92.3777727182647,22.954880990382634],[92.37633598610395,22.95529009350861],[92.37570094492064,22.953522946875005],[92.37442669843459,22.953471088828092],[92.37500608004947,22.95610060453601],[92.37287309215733,22.958348111938914],[92.37651361084903,22.959294886539627],[92.37468302284134,22.960480396941584],[92.37420035781598,22.962107524785907],[92.3756279497929,22.9635803102045],[92.37456355711711,22.965822073854774],[92.37514815976921,22.967034127925373],[92.3743415493147,22.970646190456065],[92.37707740747986,22.973551012518893],[92.37832832065568,22.976767976405267],[92.37939522526534,22.97532341381201],[92.38040797929798,22.97582258681395],[92.38144586329163,22.978603236382092],[92.37926398738534,22.97972143410057],[92.38065506646628,22.982007377837753],[92.38421038398216,22.981605210896902],[92.38392146732302,22.98335131792216],[92.38501850369309,22.98611263347097],[92.38260550130914,22.986892656992296],[92.38196269148595,22.98809487687747],[92.38247809742172,22.9901964457599],[92.38529054886797,22.992192141361798],[92.3835051896166,22.996606584289626],[92.38223943061902,22.998659262429808],[92.38206424203685,23.000872236928107],[92.38328392584894,23.002031112470114],[92.38418294349876,23.004875257270527],[92.38334540119146,23.008415918287657],[92.38464398871497,23.009329223818067],[92.38357841218426,23.01044330692695],[92.38150896982296,23.010579511896676],[92.37975561060318,23.012062588765918],[92.38064272132257,23.012994786887308],[92.38061248646352,23.017016261267347],[92.38226716608177,23.021301213643685],[92.38371812847413,23.023081693535254],[92.38342147823775,23.02631640636223],[92.38495149644409,23.02731517349871],[92.38316550262658,23.03074483022799],[92.38303735693897,23.03425769131024],[92.3838471661343,23.037897696816362],[92.38816604082973,23.039738907853348],[92.38773426860439,23.04134271700839],[92.38832956725807,23.04454154822716],[92.38954197868425,23.047261312062954],[92.38852585911002,23.049264221271915],[92.39120463297984,23.049091787648692],[92.38997867533668,23.05155100901514],[92.39150885085579,23.052104927419617],[92.39219674743826,23.053685820921974],[92.39058271977356,23.055186568400437],[92.39237021788045,23.05637949700804],[92.39070524173837,23.060514190579305],[92.38866910258906,23.06085842990121],[92.38737418239984,23.06265955052255],[92.38879961846108,23.064422604130772],[92.38731614321757,23.065805941375203],[92.38757275164131,23.066846101967432],[92.38539881539545,23.06826095255562],[92.38489903585291,23.069905648906097],[92.38312776894672,23.07193718951044],[92.38315328658301,23.073231467882994],[92.38514312320366,23.074444920344785],[92.38548458236498,23.076957089882693],[92.38311763171279,23.079260821213552],[92.38124596050947,23.080126416896444],[92.38068478570467,23.082582337105528],[92.37931505494052,23.083653907811247],[92.3804917229788,23.085421265848854],[92.37925914107319,23.086919450362156],[92.37692789134414,23.086688645243463],[92.37660749865978,23.084803587821362],[92.37510662710322,23.084447573197302],[92.3736383428792,23.086624832034367],[92.37242957300714,23.086716633993195],[92.36996640929887,23.09276813353877],[92.37027625946423,23.094374408510856],[92.36917738483677,23.09511551842787],[92.36974851849789,23.096767252227146],[92.36706116259853,23.095948437675425],[92.36528528195694,23.09765612195443],[92.36306292812822,23.09742751580565],[92.361310294038,23.098628947396072],[92.36187569149432,23.1004428176861],[92.35931975615277,23.103100087903695],[92.35803593912493,23.103384332412176],[92.36009191232245,23.105337858123143],[92.35829694319953,23.105933881653183],[92.36035615756093,23.109915661757118],[92.36045669593373,23.11282504379722],[92.36271727966515,23.115172707612427],[92.36257402183762,23.117533614828993],[92.36473810801785,23.119411166919626],[92.36390986709827,23.12027409602089],[92.36663520674733,23.122533069813404],[92.3660427414631,23.124274826240583],[92.36715732217853,23.12501088129548],[92.36806026319756,23.127401445563063],[92.36576111959708,23.127008695005923],[92.36529009906478,23.128256498253805],[92.35696780867642,23.134150432229234],[92.35864252508902,23.138570019390166],[92.35884776210156,23.140871234785195],[92.35999439998747,23.14137770142675],[92.35953563004291,23.14325873378367],[92.36096051232276,23.145323936265324],[92.35978230421203,23.146933964610696],[92.3582894163635,23.14623784787106],[92.36034208382907,23.14873060038224],[92.359878942548,23.150029887945912],[92.36101832525573,23.151188337320995],[92.36087773934815,23.153020986933004],[92.36212327254565,23.15634260684104],[92.3643586627397,23.15661519891369],[92.36305109511923,23.158321778079618],[92.36272424089728,23.160241066237173],[92.36093654321586,23.1619960882064],[92.36234991669289,23.164316356781896],[92.3616719053984,23.167550080124126],[92.35871145729635,23.16897425700873],[92.35652957170016,23.17593822332251],[92.35725421421941,23.177961281896902],[92.35445126995684,23.178506691819265],[92.35576034644434,23.18022351054688],[92.3576506345011,23.17959896152429],[92.36089013566347,23.180131160403246],[92.36128042470037,23.18257086631813],[92.35832292087932,23.18491149079967],[92.35624511661928,23.18526961953412],[92.35447755583071,23.184342150807787],[92.353402149783,23.185640462492678],[92.35413523451794,23.19011725070233],[92.35282910397281,23.192064643744875],[92.35281204524516,23.195861764197186],[92.35422321637203,23.196828315181726],[92.35490944558892,23.200163260118714],[92.35322146458911,23.203131836666078],[92.35430186884717,23.20910369339084],[92.35353088426784,23.213512404972942],[92.35380437739194,23.21600280988224],[92.35326180288381,23.217843465451605],[92.35329292965704,23.22438729751886],[92.35139374150744,23.228082166979966],[92.3514738461557,23.231645098526748],[92.35097959511265,23.233772081852262],[92.3496709963745,23.23479381614781],[92.34784621919033,23.23461621698497],[92.34678469106468,23.235673425037817],[92.40140950204005,23.23658082307289],[92.40039747515314,23.238770256465223],[92.40419044260051,23.24065724699659],[92.40290458232317,23.242228192176846],[92.39946841397803,23.241864073168763],[92.39545673212737,23.248701817107772],[92.39711075757373,23.25140984280552],[92.39859474210795,23.25541836174974],[92.39786338891261,23.256416556957095],[92.39240336947562,23.258872934797477],[92.3895007683142,23.259636211696314],[92.38959179630287,23.26208833159517],[92.38873939372664,23.266062213972077],[92.39200045560229,23.264012093662114],[92.39472074675434,23.26433210187431],[92.39400814728171,23.26691486846682],[92.39543715311714,23.267589782695822],[92.39680269688908,23.26668133887213],[92.39928036103187,23.26701290353004],[92.40071667231884,23.264520553023445],[92.4018161164133,23.264222416652903],[92.40395826543563,23.26606128189638],[92.40584737548424,23.26361229430538],[92.40674211096973,23.265847051735406],[92.4096885959051,23.264966077656247],[92.41043580885808,23.26325933509907],[92.41357245479237,23.260861305970593],[92.41626876114505,23.256892212321432],[92.41706411600182,23.2567748770299],[92.41722707720152,23.259104297856254],[92.4156837831117,23.262292118146096],[92.41611882046678,23.262946628373307],[92.42132320045434,23.26334717260701],[92.42268180640365,23.263823145819604],[92.42442255727138,23.267152350775397],[92.42689112988619,23.269503865679262],[92.42954129785043,23.273521293097012],[92.43389413409604,23.276120398251],[92.43720037619548,23.276453361361394],[92.43729504906024,23.279718176207407],[92.4342550574332,23.280452261229943],[92.43276535927691,23.282782408434663],[92.43316695758503,23.285019390717117],[92.43761510997682,23.28647161677599],[92.44092883155959,23.28641164773079],[92.44380185657981,23.284771653688342],[92.45079603810925,23.2855226220877],[92.45203362883456,23.287635033300162],[92.45212992681111,23.29394669448481],[92.4534474454145,23.2989710115239],[92.45592867441273,23.301344683571212],[92.45606547391685,23.30427450334996],[92.45745013334141,23.30688755846423],[92.45913753931009,23.30831848380454],[92.45948600014793,23.310616368059293],[92.46081193121289,23.31294054667749],[92.46045243031725,23.31634514416604],[92.4613584994432,23.319184473138822],[92.46538719232615,23.319888915883986],[92.46893118202865,23.319537033881144],[92.47016398337858,23.32091327293582],[92.47119363804877,23.325278622232286],[92.46981266308639,23.329116963355347],[92.46871124937404,23.330648129529617],[92.46841358871973,23.335221735128513],[92.46883206066498,23.339673069877772],[92.46720758028448,23.34154763602682],[92.46742151464713,23.3434617775232],[92.46463499507287,23.34421274542262],[92.46324817954246,23.347215868015283],[92.46093564379127,23.34760080332343],[92.46005691861045,23.349991820706634],[92.46147456010705,23.3511279099687],[92.46068623620181,23.352609533878063],[92.46013454469202,23.35724702485366],[92.4616996792447,23.35776312901773],[92.46339762221989,23.355559048341803],[92.46512190368877,23.35648371692068],[92.46515271267391,23.358804248646113],[92.46257663611077,23.360444535971975],[92.45848843479267,23.360365318393573],[92.45719652058989,23.362943893842395],[92.4553390726549,23.36450692639299],[92.45774930128546,23.367746980502655],[92.4592232306615,23.370938315849035],[92.45997858781047,23.374477723362403],[92.4596598445664,23.37575409272633],[92.45761731162699,23.376081672413548],[92.45652927624032,23.380966558481514],[92.46198846344637,23.38590879236883],[92.46216197305905,23.389968671528813],[92.46349536669534,23.391389942020254],[92.46759545061768,23.391485745811345],[92.47072461394558,23.393585033507602],[92.47547629301029,23.393525088282505],[92.47593596008109,23.391373027243585],[92.47836110335427,23.389914643566414],[92.48124972348919,23.3869112882051],[92.48148368455072,23.384594455493385],[92.4844737256218,23.384282988418814],[92.48999127897164,23.38182824462141],[92.49252060666096,23.385658819801876],[92.49428156255823,23.387484211720423],[92.49404244352527,23.38955614330375],[92.49193988578973,23.391496950139782],[92.49273703625899,23.39293966717886],[92.49415171155762,23.391905371725002],[92.49957918578416,23.39096793365279],[92.50139818408444,23.387205642655147],[92.50343948705886,23.385414953708516],[92.50690366690937,23.38399558019963],[92.50916466970014,23.37980990643747],[92.51373864977643,23.3786237460503],[92.51563982599943,23.380185003895004],[92.51811932589698,23.38038093862656],[92.52241741345219,23.381593924054226],[92.52435470880631,23.380972213205617],[92.52952923990937,23.381007239683274],[92.53168694376049,23.379897986055898],[92.53303914694789,23.380056849504307],[92.53569092197553,23.382184934047956],[92.54010713682449,23.382620964400378],[92.54423604375684,23.381155994428227],[92.54583616519717,23.379897249842976],[92.54722884154175,23.377260476250388],[92.550836104231,23.377396435600712],[92.55195937546917,23.375963564063237],[92.55375710196485,23.37102981155812],[92.55549600851744,23.37044824878354],[92.55856421807641,23.370636152059394],[92.5595737603325,23.372188334567504],[92.56156248398334,23.370816733094728],[92.56235667653631,23.37155277984722],[92.56412371035404,23.378551643058298],[92.56605978456236,23.379961057407428],[92.57041748883391,23.380055344602358],[92.57522589019763,23.378379878387747],[92.577417814579,23.379749165653266],[92.57997699161002,23.379180598691523],[92.58175667368394,23.38075907534063],[92.58452438386806,23.382128973334773],[92.58411455546683,23.384403961240114],[92.58596837135549,23.385415350517707],[92.58570214286583,23.38725140800277],[92.58704851134443,23.38855086144982],[92.58600980342473,23.389801955238894],[92.58793760579853,23.391988344735722],[92.58703914575696,23.394778972747503],[92.58577418823067,23.396365553924173],[92.58705615117974,23.3974838479345],[92.58618380950632,23.398527080645078],[92.5870984621758,23.399718551162817],[92.58635466781219,23.401210055009408],[92.58448574643091,23.402132783172114],[92.5842638191643,23.403856000312587],[92.58629196731009,23.40546761123919],[92.58748329609664,23.40535717027612],[92.58968820965967,23.407254711124764],[92.59295496567998,23.406425551821343],[92.59482043418284,23.4047412471895],[92.5981252606291,23.402911231324612],[92.60053514671385,23.399667857302944],[92.60022061194002,23.397818420220137],[92.60299595854072,23.39796323646985],[92.60694355707955,23.39711359842401],[92.60912042476791,23.396116150223033],[92.6147296074801,23.391868976808873],[92.61613580450464,23.386310884804374],[92.61958392167922,23.38748500016412],[92.62178969680942,23.389358764270998],[92.6256791118896,23.389736605893656],[92.62658737567367,23.391919600622757],[92.6306459051172,23.39236959842589],[92.6331624965814,23.393112251905443],[92.63591630964498,23.39296770776535],[92.6389243686926,23.391306141591006],[92.63852305367885,23.387488930224976],[92.63894604441987,23.386044181962166],[92.64398363358464,23.383933174406984],[92.64733648143314,23.384506224817837],[92.65001711390431,23.383853811617026],[92.65568908463473,23.384273797804145],[92.65979848584014,23.383127377819044],[92.66263523803215,23.383099730638627],[92.6649522019845,23.38226187299405],[92.66732420187812,23.38252240292666],[92.66933604642986,23.38510259068293]]]]}},{"type":"Feature","properties":{"id":"15-435","name":"Mamit","source_name":"Mamit","state_id":"15","source_agency":"Survey of India (SOI)","district_code":"266"},"geometry":{"type":"MultiPolygon","coordinates":[[[[92.5342225633782,24.180266770894942],[92.5363050185254,24.176853514691878],[92.53637004974706,24.175399951551313],[92.53500432481506,24.172397093542795],[92.53222140734282,24.169610005349703],[92.52837040083456,24.167440617124846],[92.52701839680873,24.166067358975997],[92.52732481103946,24.164379214760434],[92.53744171360952,24.156408912851948],[92.54118491130316,24.150596704383883],[92.54520031991274,24.141791555291825],[92.54506388268862,24.139818719103936],[92.54378578054555,24.138445646631467],[92.53982248838714,24.136109446360106],[92.53876588315087,24.134673261908524],[92.53621301405668,24.127724162096964],[92.53687858002145,24.12562992000099],[92.54316456000991,24.12596317797372],[92.5436522539538,24.12475871501279],[92.54114611282164,24.121370937103393],[92.53883186346901,24.11719014849589],[92.5368689879518,24.11172576096889],[92.53657543625832,24.109667390402283],[92.53733050338761,24.106015401660656],[92.53907345816438,24.103231099537364],[92.5400941770378,24.09935914710593],[92.53672709957495,24.095291589741596],[92.53592395783069,24.092607079470373],[92.53712183175837,24.087573681856245],[92.53879807025989,24.082410749064348],[92.5391786924678,24.07949510143211],[92.53852323108586,24.074763261200548],[92.53591222850442,24.06719424059337],[92.53578782376837,24.06357500104105],[92.53750228945836,24.05862830019597],[92.53755882130375,24.05521095370498],[92.53541696100831,24.053087887132854],[92.5340095072674,24.048468805090476],[92.53462315838745,24.043557926901688],[92.53622715112935,24.040883013886884],[92.5382167107304,24.03571976762694],[92.54194122640794,24.037658629598226],[92.54534575480457,24.041552034719828],[92.54955775194996,24.042046262729766],[92.5504040137348,24.048168232271927],[92.55034331634903,24.050931005850305],[92.54957911616765,24.054509001295212],[92.55114246401482,24.06253119136854],[92.55413599822207,24.06338207544062],[92.55713062736096,24.062435517466565],[92.55788352629185,24.061189908042515],[92.55726720183371,24.055651228280016],[92.55821172729652,24.05452233512338],[92.56228669861603,24.055377413632936],[92.56355090802144,24.053883710511617],[92.56029437191052,24.04870878307119],[92.55879180438853,24.04566991167956],[92.55822330199902,24.04276775144533],[92.55894931319965,24.04083545686051],[92.55994466504575,24.040918303885025],[92.56384151961241,24.043213349793508],[92.56551126177149,24.041138187764577],[92.56872085456324,24.047192555771403],[92.57324744570539,24.05245410573234],[92.57358942285317,24.05398857286474],[92.57103014317399,24.06038898601278],[92.5711176067366,24.062637177626492],[92.57542253425552,24.06670607317403],[92.57355319511967,24.069494919943132],[92.57404378879338,24.071779874537494],[92.57143652835163,24.075344676657345],[92.57298433177573,24.077109441286055],[92.57565922347139,24.076916301235972],[92.5785328572931,24.07566046149296],[92.58081685885185,24.077482349070074],[92.58454910456665,24.076679952046398],[92.58616218491102,24.075705321927444],[92.58713236183084,24.070880362814467],[92.58597784590899,24.068410053988853],[92.58527609066341,24.064961545741617],[92.58614667939334,24.063509001473488],[92.58942090343832,24.063843972588394],[92.59264628599242,24.063131526529354],[92.59383139188662,24.062228939403177],[92.59510064491296,24.059173005903478],[92.59836142663205,24.053864812550856],[92.60338615410775,24.051310637703967],[92.60744176323296,24.051582158678375],[92.60961447427307,24.052471798513082],[92.61167435440538,24.051916792902215],[92.61331655127996,24.049899055912608],[92.61556850312778,24.045741542273205],[92.6174718137565,24.036392423325196],[92.62199424217168,24.0320092611137],[92.62427479329827,24.032921176099396],[92.62267216050572,24.038616857779292],[92.62412693939045,24.042806271355797],[92.6250019063177,24.04313585254132],[92.62713532663572,24.041754509423182],[92.63020265074724,24.036698429852677],[92.63289133958949,24.035240258523764],[92.6353490163319,24.035470430494694],[92.63646472948525,24.034490832725467],[92.63598293370792,24.032012393148296],[92.63501950844127,24.031588030456266],[92.63056642739706,24.03318173078382],[92.62870355126738,24.032630964239864],[92.6233120262977,24.022432815839977],[92.62189704618223,24.015426355016217],[92.61878628762223,24.012992889549782],[92.61879631857597,24.0107402085402],[92.6213963659587,24.00548109097143],[92.62506241583591,24.004709362895195],[92.63082428890361,24.00140714325629],[92.63271369212207,23.99920971177315],[92.63247778915736,23.997318178511566],[92.62973584660345,23.99428451039534],[92.62975059582558,23.99198215907676],[92.63165216583751,23.989232874931407],[92.63193708012089,23.986100173405074],[92.63106741842137,23.98465074882828],[92.62862545880901,23.9840954692887],[92.62577085412985,23.98191043418253],[92.62230757715834,23.972001136876187],[92.62038739037234,23.96226345776457],[92.62059401277592,23.957875392063507],[92.62405237499483,23.957189376082813],[92.62568333357848,23.955704183887992],[92.62626805976605,23.950512597927975],[92.6271571998569,23.948544323643983],[92.62885678373873,23.947000409796804],[92.62863086848022,23.94407956625627],[92.62431087379848,23.944095260323024],[92.62395982467083,23.940996080886936],[92.62127824898482,23.937423138804224],[92.62280098071358,23.935226568732773],[92.62544834391124,23.93403034566959],[92.6315140279659,23.93266253874366],[92.6380264709551,23.930477352135746],[92.64190644753195,23.93049968143415],[92.64372837206824,23.92866215022564],[92.64429781711033,23.926635448899056],[92.64421592568816,23.92224801009748],[92.64628852483223,23.922027440914448],[92.6517229385119,23.922503530132868],[92.65327970218631,23.922268552536977],[92.65826349975411,23.918006078536298],[92.66038895115189,23.913847862519845],[92.66049621535707,23.910538742594778],[92.66120751256067,23.90749595612852],[92.66067164649824,23.904760197839728],[92.6592128974948,23.90313075672269],[92.65500537960145,23.900004095667704],[92.65313330679413,23.899687244163136],[92.64636212258787,23.899503010005947],[92.64164819155866,23.897819532252917],[92.64040577948798,23.895887427555603],[92.63968858937574,23.891445234131407],[92.64033641974278,23.888348540323847],[92.64028660586196,23.878132032264794],[92.64076251595162,23.874709985824126],[92.64183248564795,23.87180262803514],[92.64588668802054,23.86569865699253],[92.64768219129239,23.857369273115815],[92.65206920190738,23.849558586573764],[92.6563583630844,23.84610882302514],[92.6584478093268,23.84317447737748],[92.65927671966247,23.84069134797653],[92.66274109675506,23.83807224497124],[92.66278969086252,23.83613100000332],[92.66111559110018,23.833847004079427],[92.65629105811324,23.83259737573778],[92.65356726615833,23.832394658214707],[92.64866456980045,23.8327971126179],[92.64639711251475,23.83189897842429],[92.6436435463542,23.82820186016492],[92.64277457716491,23.824635471314483],[92.6436281958089,23.82205761165356],[92.64539447828149,23.81917267609391],[92.65000226381802,23.818892257040748],[92.6532107056013,23.82111859709249],[92.65435491478142,23.819257966389205],[92.65113990624633,23.81377715871274],[92.6484503553542,23.809926614870584],[92.64357252546998,23.805444194222346],[92.64229677091049,23.805164398932437],[92.63975421353393,23.81247013635278],[92.63694906805019,23.81557971856229],[92.63435329664689,23.817056054896586],[92.63273394865568,23.816509834036935],[92.63092811904632,23.81037010627598],[92.62848459306672,23.804722430777026],[92.6238088734624,23.798912113343036],[92.62342628735622,23.797201768376507],[92.62581082471868,23.794858139421752],[92.63126166271809,23.79407267373423],[92.63625622850313,23.79483551350409],[92.63865047104045,23.79470448366744],[92.64017609975582,23.79212666451787],[92.64040135975412,23.786424730191584],[92.63894880372528,23.780384370103075],[92.63753064961811,23.773070888628993],[92.63555364278925,23.77013651679298],[92.6316048377059,23.76802830705639],[92.62890697902027,23.76569428889924],[92.62635143765077,23.764240558753347],[92.62628524004104,23.762960519894172],[92.63027481958504,23.759417568823345],[92.63451753562028,23.75817375237192],[92.63468910926686,23.755304750434167],[92.636338783858,23.750877548882297],[92.63698464747907,23.747110512470172],[92.63730612811136,23.74144933393022],[92.63984834344481,23.73597065230908],[92.64294888658493,23.732681745914643],[92.6434323308283,23.727302425212653],[92.64583976935297,23.72487787879765],[92.64826618230141,23.71843080765359],[92.65074203621768,23.71614161265587],[92.6558928614068,23.71395468615534],[92.65847831576386,23.713632592914678],[92.66214658239285,23.713959147897743],[92.66534767676293,23.711308401386738],[92.66635718555325,23.709362386536586],[92.66645430946963,23.70595837010685],[92.66373174830855,23.700297697990987],[92.65997983516863,23.694366298016153],[92.65691988280419,23.690407561018127],[92.65491873853608,23.68433168673615],[92.64979986033275,23.67808829497807],[92.64841207829323,23.674093045641147],[92.64509779751555,23.667750383154516],[92.64221044071469,23.663583651224855],[92.6354760814973,23.659760379309752],[92.63541054427168,23.655399707237518],[92.63642597650393,23.6490567941835],[92.63698971828549,23.647800889941937],[92.64265443423541,23.6418999395589],[92.64769391605937,23.638851537119162],[92.6502407471291,23.63813614905378],[92.65091106179881,23.636991675411974],[92.65067989301596,23.631470321727118],[92.65205653242884,23.629655256382367],[92.66020433403632,23.62839218174674],[92.66918920444286,23.625602330503746],[92.67259571137654,23.623614970008543],[92.67411888826874,23.62157845159105],[92.67437796877134,23.619763497558363],[92.67263743916705,23.614509168757355],[92.67343891736114,23.60994895104436],[92.67003170821813,23.602749014154217],[92.66482244977944,23.596854136041667],[92.66093734147385,23.595487010693567],[92.65310899065776,23.595140726611685],[92.65100219703626,23.59313651894582],[92.6491304166852,23.589823007260165],[92.6497768557486,23.582966003540275],[92.6507795692909,23.579005694873832],[92.65190132077711,23.57696519604984],[92.65381087756434,23.57521295747415],[92.65806676634699,23.572738224985585],[92.6592369022244,23.570557432704465],[92.65902562504698,23.567478472913436],[92.65661988884818,23.561935311846405],[92.6549051227291,23.559124358969314],[92.65233348940366,23.556716606388274],[92.64935083567241,23.555615419458128],[92.64700630688628,23.556089735767223],[92.64474652711309,23.5555676520089],[92.64358680601403,23.554379384898674],[92.64266047600134,23.549033702923683],[92.64252320371111,23.545964201434167],[92.63841364458115,23.542417002247547],[92.63414911799644,23.54093933258995],[92.63339494618091,23.53802286785563],[92.63468898361502,23.532622593615475],[92.63616605431196,23.528636768119654],[92.63866291459065,23.524379308110127],[92.64331881894852,23.520762726819434],[92.64615358837108,23.520473525761336],[92.64983551784857,23.521281238378588],[92.65331162804607,23.520775121218048],[92.65451082769384,23.518960035016274],[92.65520959263569,23.511713848668062],[92.65449129427513,23.507422950380917],[92.65834528070772,23.50359384321232],[92.65884006446319,23.5017583245056],[92.65824098645282,23.497295868470157],[92.65512361972824,23.491908243275475],[92.65349065228244,23.490273748544134],[92.65274631964043,23.486757895066702],[92.65535161739203,23.480783235478462],[92.65631527376692,23.473170054426408],[92.65714547807559,23.471774093686342],[92.65545139268544,23.462172530446377],[92.65566915636198,23.457175092493497],[92.65472892761903,23.453094434012442],[92.65657789064957,23.450829633166144],[92.65531546625043,23.446907953648477],[92.6561171769838,23.442331442271506],[92.65504309818903,23.439272279767323],[92.65722401710629,23.4328442539271],[92.65658693309979,23.43034994285577],[92.65670399357849,23.42466209938915],[92.65761864784334,23.4215849013237],[92.66015372067794,23.419605159616804],[92.6626931765891,23.4158966114853],[92.66334379479713,23.41306188641226],[92.66256180250684,23.410034993859618],[92.66356033469833,23.408389489483255],[92.66604970830463,23.407006475254587],[92.66758126387937,23.402688013790968],[92.66612895462185,23.39871440337467],[92.66436683604246,23.392086907924263],[92.6682022332175,23.38847580068029],[92.66933604642986,23.38510259068293],[92.66732420187812,23.38252240292666],[92.6649522019845,23.38226187299405],[92.66263523803215,23.383099730638627],[92.65979848584014,23.383127377819044],[92.65568908463473,23.384273797804145],[92.65001711390431,23.383853811617026],[92.64733648143314,23.384506224817837],[92.64398363358464,23.383933174406984],[92.63894604441987,23.386044181962166],[92.63852305367885,23.387488930224976],[92.6389243686926,23.391306141591006],[92.63591630964498,23.39296770776535],[92.6331624965814,23.393112251905443],[92.6306459051172,23.39236959842589],[92.62658737567367,23.391919600622757],[92.6256791118896,23.389736605893656],[92.62178969680942,23.389358764270998],[92.61958392167922,23.38748500016412],[92.61613580450464,23.386310884804374],[92.6147296074801,23.391868976808873],[92.60912042476791,23.396116150223033],[92.60694355707955,23.39711359842401],[92.60299595854072,23.39796323646985],[92.60022061194002,23.397818420220137],[92.60053514671385,23.399667857302944],[92.5981252606291,23.402911231324612],[92.59482043418284,23.4047412471895],[92.59295496567998,23.406425551821343],[92.58968820965967,23.407254711124764],[92.58748329609664,23.40535717027612],[92.58629196731009,23.40546761123919],[92.5842638191643,23.403856000312587],[92.58448574643091,23.402132783172114],[92.58635466781219,23.401210055009408],[92.5870984621758,23.399718551162817],[92.58618380950632,23.398527080645078],[92.58705615117974,23.3974838479345],[92.58577418823067,23.396365553924173],[92.58703914575696,23.394778972747503],[92.58793760579853,23.391988344735722],[92.58600980342473,23.389801955238894],[92.58704851134443,23.38855086144982],[92.58570214286583,23.38725140800277],[92.58596837135549,23.385415350517707],[92.58411455546683,23.384403961240114],[92.58452438386806,23.382128973334773],[92.58175667368394,23.38075907534063],[92.57997699161002,23.379180598691523],[92.577417814579,23.379749165653266],[92.57522589019763,23.378379878387747],[92.57041748883391,23.380055344602358],[92.56605978456236,23.379961057407428],[92.56412371035404,23.378551643058298],[92.56235667653631,23.37155277984722],[92.56156248398334,23.370816733094728],[92.5595737603325,23.372188334567504],[92.55856421807641,23.370636152059394],[92.55549600851744,23.37044824878354],[92.55375710196485,23.37102981155812],[92.55195937546917,23.375963564063237],[92.550836104231,23.377396435600712],[92.54722884154175,23.377260476250388],[92.54583616519717,23.379897249842976],[92.54423604375684,23.381155994428227],[92.54010713682449,23.382620964400378],[92.53569092197553,23.382184934047956],[92.53303914694789,23.380056849504307],[92.53168694376049,23.379897986055898],[92.52952923990937,23.381007239683274],[92.52435470880631,23.380972213205617],[92.52241741345219,23.381593924054226],[92.51811932589698,23.38038093862656],[92.51563982599943,23.380185003895004],[92.51373864977643,23.3786237460503],[92.50916466970014,23.37980990643747],[92.50690366690937,23.38399558019963],[92.50343948705886,23.385414953708516],[92.50139818408444,23.387205642655147],[92.49957918578416,23.39096793365279],[92.49415171155762,23.391905371725002],[92.49273703625899,23.39293966717886],[92.49193988578973,23.391496950139782],[92.49404244352527,23.38955614330375],[92.49428156255823,23.387484211720423],[92.49252060666096,23.385658819801876],[92.48999127897164,23.38182824462141],[92.4844737256218,23.384282988418814],[92.48148368455072,23.384594455493385],[92.48124972348919,23.3869112882051],[92.47836110335427,23.389914643566414],[92.47593596008109,23.391373027243585],[92.47547629301029,23.393525088282505],[92.47072461394558,23.393585033507602],[92.46759545061768,23.391485745811345],[92.46349536669534,23.391389942020254],[92.46216197305905,23.389968671528813],[92.46198846344637,23.38590879236883],[92.45652927624032,23.380966558481514],[92.45761731162699,23.376081672413548],[92.4596598445664,23.37575409272633],[92.45997858781047,23.374477723362403],[92.4592232306615,23.370938315849035],[92.45774930128546,23.367746980502655],[92.4553390726549,23.36450692639299],[92.45719652058989,23.362943893842395],[92.45848843479267,23.360365318393573],[92.46257663611077,23.360444535971975],[92.46515271267391,23.358804248646113],[92.46512190368877,23.35648371692068],[92.46339762221989,23.355559048341803],[92.4616996792447,23.35776312901773],[92.46013454469202,23.35724702485366],[92.46068623620181,23.352609533878063],[92.46147456010705,23.3511279099687],[92.46005691861045,23.349991820706634],[92.46093564379127,23.34760080332343],[92.46324817954246,23.347215868015283],[92.46463499507287,23.34421274542262],[92.46742151464713,23.3434617775232],[92.46720758028448,23.34154763602682],[92.46883206066498,23.339673069877772],[92.46841358871973,23.335221735128513],[92.46871124937404,23.330648129529617],[92.46981266308639,23.329116963355347],[92.47119363804877,23.325278622232286],[92.47016398337858,23.32091327293582],[92.46893118202865,23.319537033881144],[92.46538719232615,23.319888915883986],[92.4613584994432,23.319184473138822],[92.46045243031725,23.31634514416604],[92.46081193121289,23.31294054667749],[92.45948600014793,23.310616368059293],[92.45913753931009,23.30831848380454],[92.45745013334141,23.30688755846423],[92.45606547391685,23.30427450334996],[92.45592867441273,23.301344683571212],[92.4534474454145,23.2989710115239],[92.45212992681111,23.29394669448481],[92.45203362883456,23.287635033300162],[92.45079603810925,23.2855226220877],[92.44380185657981,23.284771653688342],[92.44092883155959,23.28641164773079],[92.43761510997682,23.28647161677599],[92.43316695758503,23.285019390717117],[92.43276535927691,23.282782408434663],[92.4342550574332,23.280452261229943],[92.43729504906024,23.279718176207407],[92.43720037619548,23.276453361361394],[92.43389413409604,23.276120398251],[92.42954129785043,23.273521293097012],[92.42689112988619,23.269503865679262],[92.42442255727138,23.267152350775397],[92.42268180640365,23.263823145819604],[92.42132320045434,23.26334717260701],[92.41611882046678,23.262946628373307],[92.4156837831117,23.262292118146096],[92.41722707720152,23.259104297856254],[92.41706411600182,23.2567748770299],[92.41626876114505,23.256892212321432],[92.41357245479237,23.260861305970593],[92.41043580885808,23.26325933509907],[92.4096885959051,23.264966077656247],[92.40674211096973,23.265847051735406],[92.40584737548424,23.26361229430538],[92.40395826543563,23.26606128189638],[92.4018161164133,23.264222416652903],[92.40071667231884,23.264520553023445],[92.39928036103187,23.26701290353004],[92.39680269688908,23.26668133887213],[92.39543715311714,23.267589782695822],[92.39400814728171,23.26691486846682],[92.39207346688839,23.270361902345062],[92.38936046614428,23.27708829131952],[92.38814270421558,23.281294118185958],[92.38596241065005,23.283252723126562],[92.38116455824517,23.28510287011526],[92.38247656944027,23.290675378369556],[92.38469444929544,23.29261472293479],[92.382742445771,23.296112997265865],[92.3846248857622,23.298119015939793],[92.38304690200553,23.301830637561654],[92.38576030070436,23.303096621749273],[92.3860049176986,23.305111945653945],[92.3851830164716,23.306974428036554],[92.3762644847961,23.31296326712608],[92.37733462168148,23.318326453350153],[92.37555309469629,23.32011350205886],[92.3713553346902,23.31795702990165],[92.3693689845771,23.32243802097416],[92.36715932824623,23.322279777511365],[92.36881949061005,23.318341177736162],[92.36804220857621,23.317109568056303],[92.36436410833798,23.3229183337851],[92.36828534835796,23.325457920410013],[92.3708415759616,23.330263217481725],[92.37208765332666,23.33168449595106],[92.37484866564971,23.33735497399884],[92.37528303811246,23.34230185327327],[92.37618836501541,23.347002889010902],[92.37959588323213,23.34991082373903],[92.38082992734037,23.351836362015995],[92.38049390810914,23.355569881785403],[92.3764741839035,23.357150563382312],[92.37785130102549,23.35862223925153],[92.37905780962494,23.361827771250788],[92.37568681473027,23.36537020071963],[92.37099534975975,23.36563438341793],[92.36926422698804,23.36700822936105],[92.36934141819677,23.369232906211053],[92.37112429576862,23.372619292982396],[92.36980459783385,23.373352345941438],[92.36564092594581,23.367099763475053],[92.36393976442686,23.36616206209979],[92.36027004088147,23.36773047924174],[92.35642535604217,23.372346962690813],[92.35740806883389,23.37464931808049],[92.36011686293828,23.37573261524766],[92.36174542650122,23.377660907311103],[92.36510727574013,23.37959114093976],[92.36254844063059,23.38104058047873],[92.35619061426725,23.379616207907592],[92.3528810646373,23.38035915638019],[92.35304709398198,23.382860627260985],[92.35681783182503,23.38514753812189],[92.35623873487832,23.388078794227848],[92.35803712017635,23.38883721670703],[92.35872253570444,23.390786673427],[92.3573062999101,23.391716907550638],[92.35556772643329,23.388878336051846],[92.35453291102466,23.389057864376603],[92.35347085289673,23.393419315176494],[92.35377379627354,23.394782342282173],[92.35294266796284,23.399395024594526],[92.35301736353858,23.40536846267366],[92.35423032068647,23.405727026532343],[92.35582907172068,23.400970146069053],[92.35821282271246,23.40552933932034],[92.35740103821757,23.410698266645788],[92.35417957591221,23.41299336344375],[92.3525564351517,23.413507290986175],[92.34872109277299,23.412674380754513],[92.34765783973299,23.41312485820986],[92.34826679620026,23.419019922889063],[92.34674746918641,23.432617805323662],[92.3441567160871,23.43335636732025],[92.34239148825486,23.435627096401994],[92.34030403620663,23.434679986608675],[92.3380779122378,23.431764152965044],[92.33568139038758,23.433450059615527],[92.33529519730129,23.428648783423],[92.33391669225139,23.42883382975494],[92.33302893986799,23.43100494633473],[92.33289959384447,23.435575118844728],[92.3308235028795,23.439768989806332],[92.33120824732906,23.442940645080352],[92.32958765453914,23.44777907209573],[92.32724305237714,23.449048542482693],[92.32927379041303,23.449947665258478],[92.33326377159722,23.455148822271568],[92.33172454200825,23.45709143222036],[92.33157343095762,23.454714136106176],[92.32956611409955,23.454195124086358],[92.32798062203585,23.456675581506296],[92.32550215467397,23.459189341110534],[92.32800619561536,23.459674138945417],[92.33055430249574,23.459300249438208],[92.33213402405357,23.46446278811945],[92.33180111072326,23.466064749379825],[92.33029898728535,23.467007076652674],[92.32880747416348,23.46629807596959],[92.319325199084,23.469962409851256],[92.31713375625407,23.471654444986505],[92.31900420259849,23.473033808868674],[92.32014234395778,23.475230851356514],[92.32080474184676,23.47372049533111],[92.32370464376173,23.475217210280046],[92.3224519358947,23.47819946750517],[92.32614266104032,23.47879478251546],[92.32450240584889,23.48009803182328],[92.3208671520429,23.48053065797051],[92.32177393541059,23.482888156266647],[92.31945780241199,23.484835931247837],[92.31605853024543,23.48682376266644],[92.319117104778,23.48940719590627],[92.32194796137354,23.490123802929887],[92.32186752527585,23.491796354644414],[92.31890265562991,23.49213371296433],[92.3174734386009,23.49436535127239],[92.32051646267932,23.49444981805174],[92.32033940926088,23.49743684372059],[92.31915529060718,23.50021655740404],[92.32241281261837,23.501349380645024],[92.32048960546679,23.501455502422203],[92.31891565216672,23.50331652064529],[92.31948834164967,23.504911121297543],[92.31882587195895,23.50789864975544],[92.31970475004778,23.509428557913587],[92.31978688519308,23.51243374708572],[92.31613489546619,23.51183698702998],[92.31566730450953,23.513605280678288],[92.31804781630525,23.514551122462603],[92.3182667474313,23.51583819111426],[92.31678891006356,23.517660324068537],[92.31512662420427,23.51535985055728],[92.31384447194802,23.515156984370567],[92.31427687182807,23.51702994390157],[92.3131297847928,23.520070143236232],[92.31388764488666,23.52161699666907],[92.31748547357142,23.52443045806741],[92.31789412819991,23.526326187582118],[92.3162595757869,23.529262497857676],[92.31424837394763,23.529444570347994],[92.31397932685627,23.53322235797842],[92.30904465416842,23.53234206561351],[92.30625353784276,23.5350397201008],[92.30721289253901,23.536188717348324],[92.30799300369927,23.54092984825136],[92.30999631996612,23.542065420511666],[92.30981051387194,23.544084002198066],[92.31068532862747,23.547060371130282],[92.3087067558446,23.549609737335796],[92.30920473059294,23.55231812270237],[92.31061621744024,23.55543529272727],[92.31261702690401,23.552985216577955],[92.31348497828218,23.55594923846041],[92.3118134148204,23.559708601133202],[92.30710764174852,23.56350491742357],[92.30666540195112,23.56582364943689],[92.30834745785234,23.56506728826595],[92.30911046490964,23.569609400832093],[92.30896917014269,23.571406108553738],[92.30681205670103,23.57171537801607],[92.30832626173067,23.569603484178348],[92.30675006842816,23.569890828880393],[92.30508732410547,23.573425695659857],[92.30821117399955,23.577705117490048],[92.30676249169706,23.57936111940209],[92.3059392819805,23.58296957607102],[92.30395063112809,23.582908456099208],[92.30371095496217,23.585927970991293],[92.30159476405849,23.58839229399078],[92.30210122319471,23.59189815164989],[92.30012461218607,23.59318259567851],[92.29799654617409,23.59220151613129],[92.29786364817872,23.59019740353453],[92.29652420747718,23.588025926262798],[92.2946786281947,23.58980039063626],[92.2930660083343,23.593870172487414],[92.2935841892548,23.595163994688882],[92.29141012976054,23.595317534521545],[92.28898236756916,23.598129397301552],[92.28854435780956,23.595538287087873],[92.2872591677976,23.596038788436662],[92.28787135806893,23.603349940159532],[92.28745185292763,23.605468911260925],[92.28823136695863,23.6073504605828],[92.28738149223572,23.609594765219477],[92.28734149062632,23.61674203943844],[92.28973836637753,23.619750178147477],[92.29603907312321,23.62108136000233],[92.29418553541413,23.624239200974113],[92.29032674019724,23.627927888233284],[92.28854571690121,23.628866336715834],[92.28485914283034,23.629175019256955],[92.28081389799914,23.630542377050546],[92.27947880523371,23.62967907532956],[92.28005212785685,23.626386246590435],[92.27951748819275,23.624936845845117],[92.27823064775211,23.625904603746402],[92.27828735915726,23.627828995193745],[92.2766370442717,23.631749728922898],[92.27812995070221,23.63416198615735],[92.27957184432466,23.634948817210883],[92.27948366486633,23.636361580991103],[92.28154435983645,23.636611869444607],[92.28167768684158,23.638650310413677],[92.2795196744932,23.6393361347533],[92.27681955593059,23.641398292791767],[92.27303032251626,23.641664695052302],[92.27317456007033,23.64321385637512],[92.27484323989601,23.64633366053328],[92.27437277955161,23.647923836333135],[92.27603745603221,23.65154216944161],[92.27806476229858,23.65322933195175],[92.27856719283514,23.656187149894894],[92.28030560551896,23.65797239042757],[92.28142703459235,23.6611071792918],[92.2835216879283,23.661696561209244],[92.2836176322159,23.66390074952941],[92.28480348530391,23.66543314553779],[92.28469087413288,23.66769677936521],[92.28648242004053,23.672976652116812],[92.28852228735633,23.676364539683146],[92.28917289371654,23.68033561758077],[92.29147675695421,23.681233065251988],[92.29092211550369,23.684438509159687],[92.28975726903438,23.68757903480045],[92.29094235150993,23.69083117182429],[92.28968811239874,23.69247771080067],[92.2899783439403,23.694572875050852],[92.28922902078357,23.695731473608824],[92.28990008398854,23.699873368488365],[92.28930046365542,23.70174893653286],[92.2872706201828,23.701530048469536],[92.28727808523162,23.702604924638237],[92.28553676684918,23.703122707589223],[92.28449551940217,23.706352527525656],[92.28321871746991,23.706743357082093],[92.27864591172985,23.70981492270824],[92.27938459531036,23.712514450104507],[92.27866061395076,23.714699971491584],[92.27909500065245,23.716401056588687],[92.26548561038099,23.72488689283119],[92.26669631264399,23.732384670802087],[92.26652837340703,23.735598156741386],[92.26552323285459,23.742806273163815],[92.26605433492848,23.746937530415526],[92.26717831822444,23.75164405195327],[92.26674475253249,23.75542133802921],[92.26553414103617,23.760546719523255],[92.26573460068973,23.763636456806992],[92.2673074442821,23.768597226494194],[92.26513970346065,23.772354453281785],[92.26327716668136,23.781456846579463],[92.26001438737146,23.793472101400315],[92.25801119457323,23.802870727062803],[92.25706478917786,23.812471791385956],[92.26627713545348,23.81591374055039],[92.26811512631541,23.816016414894833],[92.28128689818585,23.814130256891005],[92.2823369708935,23.814632603453205],[92.28248213365514,23.8176066032873],[92.27762817347207,23.82739353713575],[92.27231406663967,23.834586761862212],[92.2706761689083,23.839478568291227],[92.26869821641209,23.841663277309852],[92.26917548462562,23.846912929178504],[92.272688837964,23.851505728121776],[92.27878201630568,23.855825311155467],[92.28016709298923,23.857921314100007],[92.28214288624197,23.862878171626836],[92.28511173120485,23.867149052467916],[92.2888486868672,23.868497084731562],[92.29085982473471,23.867179006883603],[92.29265339198719,23.864523954816658],[92.2963371479644,23.862922589423416],[92.299339638926,23.85968727722227],[92.3091222815566,23.856955292021713],[92.3112339081251,23.859925424743476],[92.31458389127474,23.860266132943273],[92.316586662656,23.865267043379482],[92.31408514106263,23.868367914289337],[92.31196963201309,23.86848409938903],[92.31069447737077,23.870747248971206],[92.31111142914565,23.874977582448555],[92.31305526527088,23.877079041571804],[92.31170015467795,23.878531492118547],[92.31131975076637,23.880455733606478],[92.31230843547941,23.881195117049177],[92.31260966726076,23.884313554822175],[92.31439993689467,23.885419890644005],[92.31470550147836,23.88757847489528],[92.31671498882058,23.88941884592857],[92.31745107379088,23.893544251596115],[92.31666523215227,23.89790034458646],[92.3174700464187,23.89989794314099],[92.31804288042134,23.89850473807555],[92.31988319252739,23.901117708933914],[92.32224389013912,23.902127397201337],[92.32396728970966,23.904853438971177],[92.321987623505,23.90914658325942],[92.32226606066962,23.91092750264333],[92.32506783332389,23.913764214817462],[92.32509673747568,23.914527670652483],[92.32010542583954,23.915197016011646],[92.31895757273048,23.9161208654665],[92.31770381087733,23.92495542490647],[92.31652583897889,23.927695346491696],[92.3142861941285,23.92850664611228],[92.31188938368814,23.930478319737336],[92.31010801527998,23.930225646635996],[92.3089965752499,23.932819525149462],[92.31067760418311,23.93483006483228],[92.31065150879314,23.938073561445584],[92.30940526883955,23.940349568962414],[92.30935935672221,23.945265285678502],[92.31090160263666,23.947748898498794],[92.31067949686441,23.951882796129198],[92.30829202075293,23.954227663808712],[92.30917029789885,23.957058615572862],[92.30796531956233,23.96055902460088],[92.30999771979343,23.963015204515035],[92.30859949004108,23.96808180298995],[92.31042475670345,23.969803176668574],[92.31086529328495,23.972904892704815],[92.31410235402565,23.972705761197183],[92.31577116345669,23.975091441182258],[92.31712563080724,23.97491381345418],[92.31690394196154,23.978144177866135],[92.31804588324805,23.97909269066391],[92.32014435134467,23.97902034800124],[92.32067301555806,23.98197963832962],[92.32181312692812,23.982675770255053],[92.32114236266925,23.98555038150882],[92.32141409981675,23.987561648184922],[92.32358110437073,23.988544975602135],[92.32225871000713,23.990357271234863],[92.32199100868355,23.993082119339658],[92.32298707102416,23.995432561416116],[92.32614812068321,23.99743801760302],[92.32530356925189,23.999455610944008],[92.32283927156368,24.002726768240414],[92.32436174854635,24.004651063840484],[92.31923213363108,24.007626026392394],[92.31909295815841,24.01075566374528],[92.32015915019392,24.01188898546476],[92.31931593313237,24.014915426784725],[92.31668117129375,24.016742857790312],[92.3164144610384,24.01930949190001],[92.31393146053331,24.021940103939063],[92.31595898761873,24.023302866955838],[92.31718371888606,24.02157730799694],[92.3194790367825,24.022737045810974],[92.3192559993186,24.02540722913845],[92.31510681093734,24.025781642954705],[92.31449615022122,24.02652059802358],[92.31694596805877,24.030058492029905],[92.31542059810675,24.03118555985484],[92.31234707880502,24.032114501081818],[92.31245026071353,24.033188890005977],[92.31573646821619,24.034866143300036],[92.31564966213139,24.037698767299474],[92.31277749091075,24.037595629277522],[92.31215926674939,24.03907396796243],[92.31625157030467,24.044873303617287],[92.31591663569402,24.04679662434249],[92.31263785571815,24.04998072211268],[92.31231291878606,24.054401131654718],[92.31402203541172,24.054513014055427],[92.31530903989648,24.05315264267194],[92.31724592059037,24.054226555958707],[92.31763411191568,24.055707467377587],[92.31644026823862,24.05772317013263],[92.31693962374032,24.06099496580466],[92.3195718433038,24.062823059826577],[92.31985830213812,24.06373955373779],[92.31646928026852,24.067349187544043],[92.31656357407999,24.07003783058798],[92.31949707242926,24.07018812936673],[92.32129027317652,24.072687357237402],[92.32075646956818,24.07623915060977],[92.31925076684878,24.078185593419953],[92.3232362774717,24.078176065509396],[92.32386985696252,24.08003587211124],[92.32228376815041,24.081868803600727],[92.32439333718489,24.086199745348303],[92.3251343892806,24.093374667778825],[92.32491910487128,24.09758662322203],[92.32766837961903,24.101487706652346],[92.32689782268157,24.104439465211563],[92.32327376917515,24.103645194017812],[92.32265161596966,24.104756660564256],[92.32502559819316,24.10695671324226],[92.32564653805419,24.109510672353547],[92.3278507586556,24.111689153510127],[92.32546983748936,24.112563197728242],[92.32435737817606,24.11480830227212],[92.32710540603051,24.11700471849922],[92.32474278624258,24.119677823031967],[92.32458351528619,24.122192823439434],[92.32544450703617,24.127684466888418],[92.32578175542366,24.133075509212798],[92.32461778154271,24.13584705781287],[92.3250611167158,24.139634204670365],[92.32991575987363,24.139075724878417],[92.3309322563336,24.140739474408374],[92.32873828560153,24.1431189472584],[92.33017479096188,24.146110244675434],[92.3317310892455,24.15178509818301],[92.32872633946793,24.155072136385],[92.32844300722239,24.15907025610848],[92.32898262258374,24.16449620116228],[92.32774741964494,24.167011447711808],[92.32438873699238,24.168215848910226],[92.32386578248314,24.171234286001365],[92.3260325511088,24.173967886413948],[92.32593726168585,24.17650595075243],[92.32699231386933,24.178134754186225],[92.3313459368296,24.178363661087214],[92.33205744603666,24.179561224388],[92.33024675497907,24.180868388485766],[92.32702412370811,24.180882654158555],[92.32495009199866,24.186114779827882],[92.3226312978542,24.188024151572524],[92.32270375123916,24.189674269890464],[92.32617087643106,24.19091523514403],[92.32609089746552,24.191845532780533],[92.32221306070082,24.19297914274447],[92.32191365964154,24.194586397517202],[92.32502977015554,24.19532362214799],[92.32609839827131,24.196987607286648],[92.3244845472371,24.19769545161765],[92.31992822200196,24.19730677444193],[92.3188863418099,24.198239777158683],[92.3193875774594,24.200510578659035],[92.32151447156146,24.20309700441504],[92.3206913034416,24.2043875571112],[92.31542693685607,24.20592840083439],[92.31429309974195,24.207299245687786],[92.31418518936194,24.2096076945021],[92.3163354508481,24.21149293879858],[92.3130875675674,24.21667235610768],[92.31085849243178,24.217843069932197],[92.31108411007588,24.22014504099575],[92.30939906823089,24.22226253418275],[92.30623589064128,24.222525671987952],[92.30428207798755,24.223509298069196],[92.3019752628084,24.225985208082747],[92.30042825944085,24.22847385077917],[92.29713038348685,24.231972811720826],[92.29663714654066,24.234376770360427],[92.29496613452058,24.23833592034998],[92.2948054281847,24.241762032687983],[92.29305846679155,24.246052082426996],[92.29234397413231,24.25041906477388],[92.28959251600806,24.252353393020698],[92.31327342291921,24.252753747243013],[92.35765191048746,24.253694532626902],[92.38705093763393,24.25400379466284],[92.40867888842705,24.25435805141856],[92.42250218222037,24.254855068255196],[92.42236933936468,24.250619539056817],[92.42147592501217,24.24782773888312],[92.42124274610549,24.24301113699332],[92.41961809675448,24.22917542986832],[92.41935593377092,24.225722057571176],[92.41981234953823,24.221730558041074],[92.42094883266346,24.220035133933195],[92.42071128639101,24.216473409889552],[92.41912058201574,24.21432056094995],[92.41857600529599,24.212293805022163],[92.4194340262732,24.209765593250857],[92.41875969728498,24.204936997358864],[92.41958414766744,24.202910220028343],[92.4213210065647,24.20122849877668],[92.41889658096675,24.19269723449147],[92.42000913316483,24.19083888073336],[92.42293057928096,24.188858855376843],[92.42949441750771,24.18649116770475],[92.4336762502222,24.1832050185486],[92.43406858331817,24.181119677360236],[92.43572102059153,24.17906731332834],[92.43433735371462,24.177022881830634],[92.43424755317561,24.174363990793324],[92.43664319557682,24.17272508655536],[92.43792073609123,24.169419318474418],[92.4358422771587,24.16513160594252],[92.43627769194659,24.15998507183473],[92.43591646018574,24.1555567595323],[92.43654395474375,24.152903209522332],[92.4404610119648,24.152746917961778],[92.44201654150382,24.15441653870277],[92.44409432485817,24.153294061249905],[92.44552175326875,24.149611746162364],[92.44745673005403,24.14803979462691],[92.44764771577023,24.146376221674345],[92.4490591747655,24.144043323200908],[92.45016795259808,24.144738583263074],[92.44949009972365,24.146463328448085],[92.45069139143581,24.14711285087309],[92.45213062077619,24.14434032247293],[92.45442105657744,24.144980189111806],[92.45692073578793,24.143960835073248],[92.45725036351251,24.142169589318723],[92.45956659317903,24.14114278188324],[92.45975510039517,24.13939314141937],[92.46124675750195,24.137491719817383],[92.46318823455272,24.138763575466673],[92.46335819241935,24.136796347286456],[92.46590215291522,24.136552238291024],[92.46567983729842,24.138649315588523],[92.46740159006477,24.138706965861964],[92.46892526029285,24.14030178434914],[92.4722380043311,24.13970609542974],[92.47309111988679,24.142409640947164],[92.47509421598572,24.14360460500497],[92.4768887529477,24.14228976425721],[92.47867923238651,24.142022212677446],[92.47889265115953,24.144324349307272],[92.48035386651677,24.144472282241434],[92.48029353625591,24.145823901628148],[92.47707745854497,24.147512682620093],[92.48018562752841,24.149289174770285],[92.48080641920197,24.150367657012602],[92.48079522668239,24.154660781407152],[92.48179505418122,24.156071129396405],[92.47971804216795,24.15603392894808],[92.48056139843875,24.157495954164908],[92.48342055710687,24.158256849696205],[92.48249722207535,24.16023019660373],[92.48364104236566,24.162953825018615],[92.48775856080786,24.16215400206344],[92.49025615932413,24.16281803204449],[92.49226894345914,24.160633791759068],[92.49421439900212,24.160176321154907],[92.49833994922453,24.16078630152281],[92.50150727225717,24.16038774113098],[92.50344170421558,24.163499680673414],[92.50568306798853,24.163314090914515],[92.50618412474529,24.164131594099075],[92.5029805336939,24.16732744893564],[92.50549673912768,24.167877917266168],[92.50753454187965,24.16706238763403],[92.51034133798032,24.16462229516007],[92.51146873357452,24.166349736747293],[92.50936988628403,24.16701408779811],[92.50690713853301,24.169883372394832],[92.5091747777512,24.17058479792137],[92.5109210834345,24.169264942507606],[92.51441116458818,24.169464548376734],[92.51463050850946,24.170745147382895],[92.51179808183367,24.170657218953657],[92.50996995866035,24.172344051794276],[92.51606868948942,24.17895937165935],[92.51625435774108,24.177645783489538],[92.52003214432344,24.173314756450583],[92.52183969185168,24.173161184370066],[92.52443261104919,24.171493926196124],[92.52668446395782,24.173793162971407],[92.53016632208931,24.176323350505307],[92.52863987553924,24.17780759506902],[92.53252154100085,24.17895203379308],[92.5342225633782,24.180266770894942]]]]}}]}
