{"type":"FeatureCollection","features":[{"type":"Feature","properties":{"id":"20-225","name":"Bokaro","source_name":"Bokaro","state_id":"20","source_agency":"Survey of India (SOI)","district_code":"322"},"geometry":{"type":"MultiPolygon","coordinates":[[[[85.91145812639401,23.94817352841054],[85.91657745102343,23.94523051103376],[85.91740872787669,23.946426466172905],[85.92139456282078,23.947853790879595],[85.92377076821693,23.947378843401786],[85.92668666237151,23.94554839716671],[85.92740850883312,23.94409513386079],[85.9275464111386,23.93900486531006],[85.92869156766366,23.92883458165645],[85.9300495700747,23.926144557086904],[85.9316153536592,23.925537332966055],[85.9348436137948,23.929641912677504],[85.93927323663907,23.932246353190372],[85.94073045808429,23.93507972853676],[85.94474829207596,23.938251740859734],[85.94614025276627,23.937283290441233],[85.94379608253597,23.93206398033585],[85.94365191281959,23.928043992043413],[85.94639394353523,23.923635061026577],[85.9482222694532,23.922779741540456],[85.95137745158793,23.922611647803567],[85.95588556890925,23.921028956689863],[85.95632909070662,23.91817123507922],[85.95912592615986,23.915247812505072],[85.96254452230889,23.9134269876102],[85.96063200311566,23.910593804684318],[85.96015797586843,23.908646031715364],[85.96026006393906,23.904278297588363],[85.9608979048635,23.900241041820895],[85.96538398836783,23.902305996489723],[85.96672642238994,23.90025779646334],[85.96660104274751,23.895571841566138],[85.9693815695561,23.89343530100805],[85.97229095359063,23.894052323770865],[85.97438647023657,23.900269401053404],[85.97858804236634,23.902001047954517],[85.98632312190995,23.906103273380822],[85.98635415266787,23.907377518678818],[85.9895591270925,23.906962562579842],[85.9904174833014,23.909981634423612],[85.99490727053178,23.911653026801385],[85.99775361374918,23.91203768743978],[86.00748163054807,23.911949430236913],[86.00857000019377,23.910590000555356],[86.01406114406937,23.90796864888756],[86.01617666590421,23.907413333458603],[86.01656000030137,23.90629999982568],[86.01817666676563,23.906886666057904],[86.01985666733037,23.905370834106638],[86.02100420343727,23.906304115361312],[86.02308123863128,23.90587863807867],[86.02329600028055,23.90720800013042],[86.02547500065421,23.906635000009523],[86.03130000027306,23.910375000345446],[86.03467000088229,23.907874999987104],[86.03674000101186,23.907526667506776],[86.03795500006461,23.905465000650572],[86.03580142798897,23.90318571345202],[86.03528000006328,23.90041000061933],[86.03701327811598,23.89924998003495],[86.04589999935034,23.900150000292744],[86.04691999985505,23.90346000089078],[86.0503100004249,23.90560000059279],[86.0523000001633,23.905639999366002],[86.05179394122891,23.907817739460736],[86.05513169474477,23.909568168959236],[86.05767000027743,23.907900000552953],[86.06377568193307,23.910851836162113],[86.0666299996311,23.908010000149684],[86.07064000081907,23.90506999891405],[86.07488999995212,23.899131999812347],[86.07665000002349,23.894700000827292],[86.0799571885936,23.89404997301777],[86.08468999983333,23.8941499994327],[86.09138000045736,23.89645000075825],[86.09283999954981,23.895159999550284],[86.09089999979325,23.88956000116805],[86.09092878219566,23.88830200062312],[86.09268811977739,23.88659037272564],[86.09707299364477,23.884049517040378],[86.09842863907284,23.88405885215838],[86.10313082156794,23.88759885993892],[86.10531565582517,23.888303483149397],[86.1127111071532,23.886880731112004],[86.11491333756486,23.887513402075204],[86.11861322881886,23.888865473587735],[86.11965824235779,23.88794345666787],[86.11891539386149,23.8860502853519],[86.11521593466297,23.88397336132268],[86.11502641265713,23.88151114155602],[86.11767705197599,23.878794263201616],[86.1185138051376,23.874883760733237],[86.11691619821454,23.87149229372209],[86.11685093524031,23.869527471408745],[86.11979434603946,23.868510186145542],[86.12412099767654,23.869167062195515],[86.12493787823098,23.868187257609563],[86.12628230595286,23.86394088898421],[86.12792884227459,23.86223871686081],[86.129833110958,23.86163979258326],[86.1367602131142,23.861096173511267],[86.13961999460301,23.8593001356957],[86.13894091811412,23.857292387988398],[86.1365556845307,23.854154080264326],[86.13705530590255,23.852102180611034],[86.14139435067817,23.848244707102722],[86.14168775845033,23.846144420748953],[86.14046303428218,23.845365373618552],[86.13549209663171,23.84460835198889],[86.13544066787411,23.84236590574499],[86.14184405341081,23.83693286555012],[86.14259609401141,23.834916203425273],[86.14203770139629,23.832106473106524],[86.14346723724944,23.829711956931035],[86.14646348386286,23.82945303442614],[86.14966131093367,23.831923630268545],[86.1514623878653,23.832255817743185],[86.15382918418712,23.829141383191047],[86.15506950383198,23.828637845995775],[86.15864951128466,23.829194783012348],[86.16050719418982,23.828875215260126],[86.1618895698843,23.827275110818942],[86.16107867035613,23.82321084775377],[86.16117468741614,23.820488238286604],[86.16284334683077,23.813825051356336],[86.16041038266412,23.808778830017932],[86.15955755231045,23.802498303556565],[86.15991941460112,23.798491106264123],[86.16142104715532,23.796600328122622],[86.16172602348345,23.793811094993092],[86.16682218126536,23.785411869620184],[86.1726118682443,23.784806211573162],[86.17395008707584,23.783880833949404],[86.17385206855126,23.781922658823486],[86.17194254086569,23.778514174546345],[86.1719687878958,23.776696661072485],[86.17308310882787,23.77468394824138],[86.1758623434732,23.773005010049665],[86.17941995887459,23.77203973702028],[86.18287186243758,23.769651319172326],[86.18314663687367,23.76694740292353],[86.18166675471643,23.76199506274349],[86.18548989575463,23.75939095201235],[86.1863482795589,23.758091797968408],[86.18612075598459,23.75339707366452],[86.18907264795894,23.75051223673425],[86.19136077352425,23.749409811771095],[86.18805065563765,23.743602950579863],[86.18895906950353,23.740293005053804],[86.18846009703428,23.737698198234973],[86.18898616922401,23.73511325516669],[86.18852664146405,23.733272844553213],[86.18284303544583,23.729815323579825],[86.18220567314745,23.72609504373792],[86.18885306707286,23.720470290907237],[86.19089841452069,23.719539058378338],[86.19627112804869,23.71929969627041],[86.20874866831149,23.714072997074762],[86.21535812766437,23.71241710967685],[86.22317433447606,23.711685804404546],[86.22817681071196,23.710746251600828],[86.23291483614288,23.711281304854843],[86.23997228238355,23.712611022017306],[86.24358823834262,23.712520660060814],[86.24781982509361,23.711550883788565],[86.25186179089249,23.712125272808336],[86.25968614726766,23.710586995933614],[86.26678309093428,23.711101155331882],[86.26953941043607,23.71194538705718],[86.27417544580197,23.71430052100451],[86.27649346405549,23.71486886172923],[86.28178605986639,23.718099671430387],[86.28756883238724,23.72023327777863],[86.29275025833608,23.720433544766642],[86.29648479802012,23.71880050444314],[86.30206412283792,23.71912251135887],[86.3041366922529,23.720029808297326],[86.3088173705337,23.720859173430043],[86.31099472261579,23.71998611516192],[86.3140812007225,23.717900809818524],[86.31980211786352,23.713182908968115],[86.3228430715405,23.711621375097256],[86.32428659292768,23.71021788468449],[86.32841091309109,23.70764916461335],[86.32952114935377,23.70750080322047],[86.33093670396212,23.7049869108393],[86.3351213449548,23.703794670926918],[86.33935787644278,23.70398436622402],[86.34107923829801,23.70500324337651],[86.3431793523897,23.708733419483995],[86.34476420316095,23.712910161344393],[86.34651855270562,23.713841796295014],[86.35672851551521,23.712249620771697],[86.36295965285339,23.712348301516222],[86.36526548585738,23.711724774519816],[86.37167056609613,23.711084152371974],[86.37333639746844,23.710185941340878],[86.37413587488231,23.708420318650198],[86.37158407743699,23.70120987487965],[86.37135409240402,23.69597016657486],[86.37298110097493,23.69417034662749],[86.37647657728327,23.693380556913294],[86.38087133465189,23.691158139609215],[86.38347695815143,23.687691067381692],[86.38369071437857,23.68392536193656],[86.38295501867321,23.675576609013987],[86.38507904921303,23.672261137474347],[86.38975032850611,23.669416294988963],[86.39477378691218,23.668866908406027],[86.40025716256787,23.670685597132348],[86.40434443850134,23.6709271729823],[86.40973733830761,23.66914128592912],[86.41348293301245,23.667041880421735],[86.41567705211399,23.66515528952343],[86.42218137860927,23.658042099805662],[86.42428800072153,23.65616216786217],[86.42912195010057,23.653958068087917],[86.43492020586274,23.65320245269179],[86.44407615916852,23.65140181123049],[86.44981215526158,23.649055756472222],[86.45597694314935,23.647325192281386],[86.46097872632613,23.64462385277022],[86.46556522888845,23.64028602088069],[86.46781689738873,23.638685990576207],[86.47009302062926,23.638305353828844],[86.47629760917634,23.638564962257593],[86.47956045831837,23.6392134485153],[86.48437338031883,23.639464300088196],[86.48800965882621,23.63722722793204],[86.48360247290836,23.63602042281074],[86.48077966682865,23.635839382758213],[86.47752117040831,23.63423874281665],[86.47420702109973,23.631888208936846],[86.46990897589501,23.6302742761162],[86.46355760983587,23.630081465447535],[86.4618924941389,23.629714404969995],[86.46043121525697,23.627736561885477],[86.45712447409606,23.625142768033754],[86.4562701553962,23.620984378491556],[86.4540953148876,23.618649527429056],[86.45088464355538,23.619875693927604],[86.44920720884407,23.619769428866295],[86.44645405636696,23.61747548929248],[86.44603144636422,23.614430924926438],[86.44628240988641,23.611639873258348],[86.4483547539797,23.60685347928221],[86.44803582469355,23.60451146095734],[86.44875650426287,23.601288406212053],[86.44795353115994,23.59876551734056],[86.44612654577614,23.59736802590074],[86.43945516626782,23.598924869471446],[86.4348244435899,23.597679693935447],[86.43215597958017,23.59368660853459],[86.4286843115431,23.591921693547608],[86.42330411034204,23.590837251824148],[86.42093246589731,23.589600368835132],[86.41982772679225,23.587992212211667],[86.41704464231637,23.58220470993738],[86.41642830436606,23.579541357524096],[86.41505959533917,23.57676881553318],[86.41258530088811,23.5756394576822],[86.41089838744095,23.575949194960167],[86.40827945680991,23.578694196563692],[86.40583014866385,23.578540403982835],[86.4028856266428,23.577400008303975],[86.40004253520769,23.578406177588516],[86.39741192440279,23.578607371574563],[86.39322805425849,23.57631494207485],[86.38791022003777,23.57403527474236],[86.38791563541832,23.572319899491383],[86.39047760237284,23.567473520965972],[86.38911477813494,23.564064657307988],[86.38857690980414,23.56014656104454],[86.3854715128134,23.559655051540123],[86.38210401791788,23.55702966718152],[86.37867633379622,23.55157770372985],[86.37831873746238,23.549261879391114],[86.3745000728862,23.54655328723973],[86.37178246938927,23.543435895222892],[86.37186495989985,23.541202484794397],[86.37059384011452,23.54009797470684],[86.36892745137078,23.5408772515799],[86.36740244379064,23.53971031110252],[86.36847929957877,23.536239047884315],[86.36759907960456,23.533859888315096],[86.36581058308104,23.532967434205492],[86.36518323922736,23.53101390334671],[86.36787398012497,23.527574394848234],[86.36472348913709,23.521994376013925],[86.36737272760163,23.51970513208518],[86.37076989902059,23.518029772087413],[86.37511674839405,23.51198411913053],[86.37539794940581,23.509059575869536],[86.37285002396575,23.50581992883178],[86.37092303459653,23.505029686558494],[86.3678150127601,23.5024074744915],[86.36448026711692,23.501638869470916],[86.36522021239753,23.49647206489878],[86.36576909907664,23.496566364217774],[86.36486736000396,23.49056508886361],[86.3624064444344,23.487898523673756],[86.3617966976349,23.48536784895407],[86.3628474074218,23.482915390818505],[86.36586880997481,23.480272576520306],[86.36820221724653,23.483289379098714],[86.37044874208091,23.484517820828323],[86.37291193057133,23.48343660565273],[86.3762187045249,23.484098438191353],[86.37857320554573,23.48527293882464],[86.37839842819159,23.482934734438327],[86.3772736485694,23.48121283146645],[86.37843407093185,23.47943738707029],[86.37843703121598,23.477000465015383],[86.3792172961572,23.473687227034237],[86.36450937246627,23.471789282191722],[86.36364791461682,23.471357214564758],[86.3617227828735,23.466290907009707],[86.36182763252847,23.464837148312057],[86.35791278684489,23.46246359216727],[86.35697092814853,23.460833880454388],[86.35745083478305,23.458312319173746],[86.35940825496165,23.456896678799403],[86.35920718865844,23.454525317186096],[86.36007720106944,23.452157282321018],[86.35457201925122,23.449621354155784],[86.35321104862774,23.449678022906934],[86.34991145914978,23.45141991383817],[86.34975403667481,23.446993284452077],[86.35117131712282,23.443440355254538],[86.35056094387376,23.441621359458104],[86.34891269780503,23.440330504192367],[86.3478442614738,23.44115845348845],[86.34018180166473,23.439827084281426],[86.33588976181056,23.441028518781888],[86.33441029561999,23.443658962070433],[86.33391649491617,23.447165171329637],[86.33036803875828,23.445430203444808],[86.32627074956876,23.44450028738022],[86.32213043441223,23.444355909052145],[86.31958037156328,23.44336935590422],[86.3178882852569,23.440335943429197],[86.31474023334498,23.440340374760062],[86.31162996496943,23.43790603995633],[86.3077225202065,23.43633519255321],[86.30541182586119,23.434536503697586],[86.30612980680132,23.429926850134912],[86.309071689869,23.42941035741792],[86.31086239810742,23.426344186787855],[86.31316349895233,23.42758655588484],[86.31755349662599,23.427090324726468],[86.31745278744894,23.424888555048394],[86.31567223632365,23.423826028904376],[86.31631720933136,23.41954880676443],[86.31756613246739,23.419010904069296],[86.31691200462025,23.41580854936611],[86.31467193657937,23.41555489249126],[86.31148924453902,23.413996293341963],[86.3101891974709,23.411768647727282],[86.30143598295915,23.41264592179498],[86.29632402107241,23.414841221153097],[86.29022843723928,23.418128626009977],[86.2903955780628,23.42204355650393],[86.28852945880915,23.422709329851436],[86.28819208285894,23.42461280874987],[86.28910541955024,23.425837953912012],[86.28861885813299,23.42942560826077],[86.28542977713869,23.42957803450457],[86.28188127719099,23.428685650048013],[86.27647193350623,23.430410610741927],[86.27360907204324,23.428864250393367],[86.27258818321835,23.42759044223971],[86.26417218605884,23.43077119816656],[86.26096601969887,23.429961151506554],[86.2567759765044,23.430040675794686],[86.25236204139006,23.42687528520682],[86.25440341164287,23.423228027247305],[86.25634151835284,23.421954597767158],[86.25866582150472,23.419100385135742],[86.26100074327529,23.417688042661776],[86.25999866402277,23.417311212708377],[86.25939466962623,23.41326183237487],[86.24976720739227,23.410830988960015],[86.24744957959047,23.411660873100868],[86.2452460372178,23.414325160495366],[86.24654156646464,23.41821252266484],[86.24608914024799,23.423033266148217],[86.24246688455695,23.42284553267541],[86.23860541947873,23.42121487928723],[86.23492885101764,23.421278433614674],[86.23055241276633,23.430040435000166],[86.23074952687469,23.431513601174757],[86.23286620174294,23.432806606776364],[86.23207181264526,23.43476279370049],[86.23225615597725,23.43674177436315],[86.23330209966309,23.437486307828635],[86.2339696513399,23.44008309666943],[86.2357175017947,23.44397522079357],[86.23676966935305,23.445049345193464],[86.23891417393169,23.44505698581801],[86.24224012191844,23.44721386287859],[86.24223453216456,23.449914488917543],[86.24348639454404,23.451871545218584],[86.24572439328291,23.453877752406108],[86.2474556846139,23.456317871385732],[86.24752219884428,23.458385343171944],[86.24605655346978,23.459597690232073],[86.24189023349841,23.46051687420536],[86.23811203851932,23.460335939803734],[86.23631052477404,23.46204554760077],[86.23465346955042,23.461252981454873],[86.23298099166719,23.462215248389374],[86.23232159927353,23.459493002121082],[86.23270634055362,23.457139128504377],[86.23197301004964,23.452861574348788],[86.23103017058163,23.450004329935865],[86.231295322797,23.44560759278122],[86.22888109212269,23.44328201705654],[86.22303656296076,23.44473255079612],[86.21983206677024,23.446916615512283],[86.21721614828039,23.447424805141807],[86.21028064157338,23.449810591098696],[86.20700305203071,23.450282912908282],[86.20594993350282,23.45203769632467],[86.20592670603763,23.45428662803061],[86.19928070755786,23.454026949363243],[86.19800302697675,23.453225518968978],[86.19681395297684,23.45478069243565],[86.19562963701713,23.454717237756377],[86.19442849670365,23.456634919923186],[86.19468684142502,23.458438190482987],[86.19274906938448,23.459927570689384],[86.18854652707587,23.46110709456703],[86.18919106121086,23.459773685287587],[86.18709775250117,23.457856967480797],[86.18033378507756,23.46082935741391],[86.18169469439358,23.46560559304331],[86.18185621550896,23.467828400524958],[86.18030404505598,23.46804154949894],[86.17567134561958,23.470033145654583],[86.17280849449506,23.468096904283463],[86.17096126128257,23.467563183964838],[86.16476330889009,23.467479401973666],[86.15961183333174,23.466238055166464],[86.15959353669233,23.468383214165176],[86.1534679404684,23.46700877683489],[86.15095121027008,23.46554092981746],[86.14845676997993,23.465350787787234],[86.14746449259896,23.467229047128807],[86.14754760913762,23.469550793728942],[86.14899533509026,23.47435474584596],[86.15402750163754,23.475998849931702],[86.15448745177079,23.477590986361463],[86.1508167090769,23.481996868187018],[86.15080506782897,23.483812362222345],[86.15246446175072,23.484643228869817],[86.15556861233907,23.487731060184114],[86.15620263095987,23.489667347560896],[86.15831036440626,23.49239741033647],[86.15854870646328,23.496508387517267],[86.1570412257041,23.497945398382676],[86.15767563666375,23.50137206942832],[86.16050663339932,23.508272116487277],[86.15812768200745,23.508853135831668],[86.1531242343459,23.5116983309651],[86.1513851966229,23.51407332173106],[86.14998320766394,23.517344438118844],[86.148045476237,23.51965178330899],[86.14886008385537,23.521420848936646],[86.14855648218736,23.524499456147407],[86.15079147225337,23.52725709785601],[86.15587577429156,23.531809880806634],[86.15714440080822,23.534110842906795],[86.15781417130825,23.541258971655093],[86.15554397711166,23.542375713791568],[86.15423123791435,23.543913036035477],[86.153657612202,23.546294432831548],[86.15165771702297,23.548026798867845],[86.15342043229866,23.55320179288757],[86.1550462568035,23.553541828385672],[86.15667249181854,23.55536578316707],[86.15854095358586,23.55946525271859],[86.15591902420914,23.560387836941526],[86.15441429251185,23.559729363075522],[86.15218411423062,23.56067465241506],[86.14895589644271,23.559880273637624],[86.14718749352785,23.56062024776931],[86.14757040147563,23.562720093702968],[86.14452422266625,23.563369486823735],[86.14178472467545,23.563032086661103],[86.14116371671395,23.560302641782098],[86.1388304198622,23.55901176639179],[86.13612574634851,23.56207672571692],[86.1328542028761,23.558933410165555],[86.13088845845817,23.559861771788608],[86.13140030498315,23.562492961605727],[86.12740609870761,23.564945431549393],[86.12783083884572,23.56665982293258],[86.13009633590057,23.566568913642342],[86.12992382897055,23.567985285910947],[86.12615202190874,23.569686596690854],[86.12279988889276,23.5684712557391],[86.1202864931302,23.566095515978486],[86.11735083215949,23.567100143449853],[86.1156715557703,23.565836675872667],[86.11294842391199,23.56717596728927],[86.10984722772083,23.56788993625379],[86.1082152685775,23.567248268441716],[86.10731896760292,23.56503028902015],[86.10098689803506,23.565373213390952],[86.09889166643521,23.56658043387674],[86.0973047272676,23.56458838872799],[86.09476142477286,23.5630340147225],[86.09151762528924,23.56311448010818],[86.08865840662136,23.564271931904976],[86.08780587321658,23.56600847866105],[86.08537495001922,23.56584227990148],[86.08368336502261,23.566753654877527],[86.08101645665889,23.565590874579385],[86.0764077938568,23.567487429471356],[86.07441877321476,23.56887552185988],[86.07256274512278,23.568982965925006],[86.07388485670833,23.57084226371438],[86.07476986618448,23.575604445444764],[86.07771783751912,23.57915547450357],[86.0719201420922,23.578660395194767],[86.06522369145802,23.579153163748646],[86.0614684322669,23.580837649180836],[86.0605971843154,23.580705949097496],[86.0536425885887,23.584402986026788],[86.05187535824223,23.586225764555408],[86.0487542044128,23.585538302458193],[86.04205671849927,23.586120401884855],[86.04137184935858,23.582828998767578],[86.04159687224173,23.580556101613386],[86.04065070458174,23.575959871547234],[86.03967626904597,23.574944532743828],[86.03743276579569,23.57649096967264],[86.0307294145115,23.572428488990365],[86.02855786343316,23.56940902203627],[86.02475371541195,23.56175329360797],[86.020057624164,23.560829598559273],[86.01859652670682,23.559664310025084],[86.01795885522759,23.557077974566454],[86.01861070463117,23.555112359953814],[86.01682283647231,23.547466449219236],[86.018173214012,23.54564618729388],[86.02066209698377,23.544128712563605],[86.02821770114039,23.542683172562775],[86.02828419649188,23.539963164009148],[86.02397975412316,23.537822851734006],[86.02426122537645,23.536378380451634],[86.0279439269019,23.533666196750417],[86.02916489503333,23.530738027804478],[86.02941399157682,23.527488051506854],[86.03149444323934,23.52696809406718],[86.03385599611354,23.522810026763725],[86.03314045947015,23.520195309323025],[86.03372838854135,23.517893712900303],[86.03592274509761,23.516290826889954],[86.03979065322267,23.51485340870722],[86.03862709958854,23.510519909720635],[86.03942089304851,23.509106736388073],[86.0392119039607,23.506865470515844],[86.03991813488248,23.5050734064216],[86.0383138722774,23.49968860748531],[86.03888465663873,23.497789387524218],[86.05205003010539,23.495040692881478],[86.0565038003153,23.495039759054393],[86.0586004295377,23.494312766674906],[86.0569782333313,23.49374043732059],[86.05820922595878,23.490705630048375],[86.05491555287243,23.48978246081046],[86.05417578601747,23.48686705023071],[86.04860835651928,23.485797212651104],[86.04520317993169,23.484069305799537],[86.04179377200329,23.484992277875268],[86.04013773229542,23.484471768653524],[86.03900739798715,23.485388554195332],[86.03688187280684,23.485457580035252],[86.03195936217622,23.48338260899745],[86.02771448299117,23.485666565194965],[86.02568141194236,23.486215757945125],[86.02263680021171,23.486106417453843],[86.01803169543777,23.484463479715064],[86.00913577986907,23.48445875262558],[86.00827443559571,23.483089421707234],[86.00574793236882,23.483585856592086],[86.00507731986912,23.482116236510045],[86.00211196549655,23.482228257927613],[85.99852822497209,23.480982951277447],[85.99420830555428,23.481129794524747],[85.98958125665081,23.478826616929226],[85.98091920507386,23.478785636248233],[85.97776143196208,23.47672310908452],[85.9711050261152,23.476625915745696],[85.96552983430298,23.476977415595236],[85.96195881369208,23.47674369924373],[85.95775009604642,23.4757146738881],[85.95623333353629,23.474333081389602],[85.9549005393404,23.471595879768756],[85.95032430193723,23.47083362400716],[85.94589251393803,23.47162568037224],[85.93607353144044,23.47266997860396],[85.93318051202431,23.47324632601906],[85.92699784217574,23.476332931660156],[85.919593083821,23.47772302747358],[85.91668878197314,23.479671814678646],[85.91528834616717,23.482091665376817],[85.9127860360624,23.481443101729123],[85.91056780485602,23.481972297018],[85.90911331304096,23.484191147884967],[85.89852989097083,23.482660717794623],[85.8963200249926,23.48347602891977],[85.89195753073267,23.4829122386228],[85.88996752564908,23.4820130258734],[85.8858930140176,23.48215553560328],[85.88734226014981,23.48395620016859],[85.88674593662711,23.484719836341934],[85.88649810848585,23.48803996928892],[85.8823852474268,23.490575109045903],[85.884104197038,23.49227636870938],[85.88342717412796,23.493599198506388],[85.88090711400032,23.49515266011748],[85.87897277399534,23.498092145338735],[85.87501527994927,23.500538335789148],[85.87209327586812,23.505574923723014],[85.87130434643433,23.506219531235608],[85.86717376209187,23.50710179873907],[85.86599775624842,23.50833957097547],[85.86633052965861,23.511792104038623],[85.85846268683089,23.51787619771565],[85.85088380755272,23.51314220413399],[85.84449549973152,23.513438204909185],[85.8406913576598,23.51416845269099],[85.83872817379792,23.51553583057964],[85.83613446465284,23.518686564387806],[85.83448465280644,23.521401757382048],[85.83747593621202,23.526535961937206],[85.84081670621916,23.534291849116013],[85.84071104857925,23.535167191559097],[85.83539674735313,23.53798148505738],[85.82727206503714,23.540648114095614],[85.82578538646986,23.54369861589515],[85.82213856607142,23.547043885402548],[85.82044220368935,23.549682255021064],[85.82041886062015,23.551199386218023],[85.82189197870703,23.55275727157778],[85.82650808023939,23.555002510452397],[85.83368507981533,23.556591790339656],[85.83588949926298,23.55770107313372],[85.83788041327566,23.56192462564734],[85.83970711773468,23.562694147682713],[85.83887363750728,23.565404670089347],[85.83252824233342,23.573431985660115],[85.82727708359674,23.57324285167113],[85.82331380361849,23.573781991547047],[85.82076071700722,23.57658949182314],[85.81787868614119,23.57673015476017],[85.81423942615304,23.576088383129488],[85.8119697053829,23.577868311963538],[85.81081675665999,23.58730635636278],[85.80797723870175,23.596830904398423],[85.80705317958146,23.600942180055107],[85.80571302712433,23.60228654264365],[85.80357647668808,23.607919555306918],[85.80483718611401,23.610800993686723],[85.8040026935004,23.613124692905185],[85.80089926532463,23.614342574068893],[85.79793936869505,23.61648724499677],[85.79883916267218,23.61777667008234],[85.79865409026056,23.62087748789662],[85.79595288946251,23.622306137399782],[85.79429567405596,23.620505052281636],[85.79257498120266,23.620022069420028],[85.79232995552893,23.62537580483699],[85.79298127204012,23.62835063114701],[85.79039571465619,23.627862427238295],[85.7884735858692,23.629030481569796],[85.78881987524443,23.630812376399643],[85.79054026381287,23.6313406230335],[85.79367080826074,23.636498168324298],[85.79292159623785,23.637834616573695],[85.79054049407301,23.63772578354927],[85.78617545064765,23.639082555848525],[85.7856160951487,23.64073994899426],[85.78341291674182,23.64259212508725],[85.7829883677051,23.646625879772376],[85.78150187955953,23.6483481904611],[85.77867227332735,23.647951123860903],[85.77434489685649,23.648373132870663],[85.77056326911458,23.65019464715311],[85.76811829365394,23.65374256876375],[85.77042772895321,23.658412059633804],[85.76983250929133,23.66125213847787],[85.77013181524836,23.66489415712591],[85.76918198212746,23.666855416221537],[85.77044967520906,23.668653717826615],[85.7696707300655,23.674364325275594],[85.76731709229816,23.68066747952653],[85.76530291903691,23.682123541011016],[85.76077183375037,23.68651160328626],[85.75974079607195,23.686490878598008],[85.75760933559658,23.68374186024708],[85.75739783371458,23.674988941969627],[85.75697751920522,23.673156738102897],[85.75440619231738,23.667830277852907],[85.75480375036743,23.664162288603837],[85.75437399433976,23.66294408003038],[85.75127819076123,23.6616458436042],[85.74860502600242,23.66128108335309],[85.74645844335127,23.660180031546336],[85.74224236626452,23.6550613343372],[85.73770840999686,23.65347116652527],[85.7352683205665,23.65336100631334],[85.73078375928958,23.654796395259677],[85.72781167321102,23.65494373583217],[85.72526860814038,23.652303826941118],[85.72287794029606,23.64607973572513],[85.72157700778611,23.64173403393167],[85.72069661165186,23.640534641510648],[85.71355907547766,23.633593906119742],[85.7104518958782,23.632574735155583],[85.70619774461032,23.635555707600293],[85.70232486009564,23.63961681938936],[85.70090455385443,23.642492593771507],[85.70005854112968,23.64577291068251],[85.69833211335589,23.646869270977547],[85.69682787261863,23.646305673598345],[85.69284653983478,23.64247011323189],[85.68989214548039,23.641849220558864],[85.68752048802924,23.642768390754494],[85.68389973474642,23.647027514104018],[85.68103364654446,23.64835783038861],[85.6777410776308,23.647237057231564],[85.67614872196141,23.644204911904364],[85.67733693619779,23.640622895662037],[85.67777812725932,23.637691559713502],[85.67730963847875,23.636504461611942],[85.6754413693161,23.6361091923932],[85.67107969540638,23.63716167902797],[85.669370632943,23.63603321599591],[85.6688041538548,23.632318497532516],[85.66803289183774,23.631033648423973],[85.66314059363891,23.63016073460069],[85.66184916140986,23.628948425289476],[85.66176746812664,23.62734929938281],[85.66382463024652,23.624567333272015],[85.66385313767621,23.622716219729192],[85.66180187766861,23.620088613403638],[85.6550102965507,23.613283711480804],[85.65321924864917,23.609195175345068],[85.65090258073691,23.60860618539542],[85.64712447660322,23.61004536423091],[85.64317552617544,23.612828595188155],[85.63797063323206,23.614797045450167],[85.6310441750247,23.61830335474405],[85.62966925969661,23.622337103432617],[85.62624408026326,23.62747258805882],[85.62205117219331,23.631002665657952],[85.61813136307882,23.632783042972275],[85.61454291529468,23.632859434746035],[85.61473547280815,23.6406548431247],[85.61405297126582,23.643096152220917],[85.61478411497261,23.64534232108031],[85.61451249710406,23.653458708067895],[85.61367965526043,23.658075067368003],[85.61359615464337,23.662273717562197],[85.6140010051364,23.679688849088325],[85.6143476211699,23.684017768766704],[85.61559421754016,23.68669298406061],[85.61547866843095,23.69114420910641],[85.61620822332452,23.693570972930498],[85.61581150513052,23.694922079859587],[85.61150515776191,23.697818496676994],[85.60882921817809,23.70046763843358],[85.60979329075461,23.707601614510107],[85.61177214052128,23.70874822976968],[85.61558791542964,23.70979572359912],[85.61920777921642,23.71515436704658],[85.62115951376528,23.722612151184844],[85.62055984551152,23.726491094355595],[85.62075294349083,23.741718834073392],[85.61495582114416,23.741639891434215],[85.61543877672098,23.75350166868682],[85.61540014977777,23.758089027634963],[85.61459425691069,23.76471040137024],[85.61568774295277,23.768007403590158],[85.62022590944581,23.768481426656344],[85.6249402407009,23.767123692024647],[85.62820750205182,23.768082861314763],[85.63146204203639,23.77401783393547],[85.63090942487767,23.77618936912161],[85.63211656570323,23.77758630252346],[85.63360893660705,23.77763142371372],[85.63431653020591,23.779759578228273],[85.63662506282873,23.780475386132714],[85.63787817870619,23.781705577778208],[85.63925572289688,23.785122369687766],[85.64039904807431,23.78654117886687],[85.64434250368991,23.786702274674486],[85.64536618365857,23.787352457808552],[85.64677098043015,23.790064938227296],[85.65058052079422,23.791805127548745],[85.65137719447453,23.792674364748276],[85.6491886381419,23.795441397182426],[85.65051213833962,23.79843313644833],[85.6488592562609,23.802618059918824],[85.64891193852668,23.80606828441748],[85.64974996247648,23.80998596563617],[85.65279333120625,23.81135812916168],[85.65414221251098,23.813817253957556],[85.65273503712335,23.81849368660712],[85.6507696876531,23.822927037189796],[85.64732330182781,23.82299618006267],[85.64689033395527,23.82215252201451],[85.64163499394796,23.82193954772834],[85.63732838165554,23.812811875810823],[85.63690490814787,23.80917773322136],[85.63555741280791,23.80474075426622],[85.63457577336754,23.803350374065356],[85.63177181841046,23.80257594107512],[85.6294920159894,23.80330532842978],[85.62901905739642,23.80207295712081],[85.62774379293462,23.80294663474728],[85.62542151826572,23.798844052500886],[85.62318011456095,23.79639482725901],[85.62106994315567,23.797333269848092],[85.61944710250019,23.796731751169563],[85.6141181272965,23.797623211785563],[85.61107048308573,23.79996192356273],[85.61078352472188,23.801097197806794],[85.61206858059784,23.803935366414397],[85.60458501968071,23.808961224359752],[85.60181243142871,23.809396704670302],[85.59906519786408,23.811123770571992],[85.59617391538956,23.81712097272676],[85.59566490963003,23.819726274737278],[85.5970061351847,23.824633038014664],[85.59901009266845,23.827388364816997],[85.59889238381459,23.831830637189903],[85.59693961448475,23.835387981758313],[85.59460478175274,23.841615894372644],[85.59097868989079,23.845556285540045],[85.59107925201226,23.849793812021602],[85.59003903803824,23.850740368423896],[85.58798184668598,23.850310606023612],[85.58422250993813,23.852014537573407],[85.58267263609734,23.853689013377288],[85.58373642023686,23.856091935050973],[85.58770973948931,23.860029582351153],[85.59012627935729,23.86160529252632],[85.59157355046094,23.864119690305746],[85.59171370216448,23.865692252420555],[85.59503813072615,23.867005001394286],[85.59869546917042,23.867516943059407],[85.60203718997685,23.86906436753893],[85.60620228414147,23.86800945084755],[85.6088276647667,23.869523240683616],[85.61260525929616,23.869810106011514],[85.61501776566507,23.87196304117066],[85.6177311128303,23.87631312087435],[85.61886148643607,23.88084759151476],[85.61442780843062,23.8858829901697],[85.61483896870202,23.887855414979477],[85.61142218574582,23.8877614183576],[85.61038209262604,23.892267364103347],[85.6105389720634,23.895050210561248],[85.6125016616855,23.898798577402754],[85.6110887118923,23.900599976514414],[85.6113842323257,23.90220904148116],[85.6137276961826,23.904588199857915],[85.61604813436098,23.90898893531959],[85.61967536749121,23.910601849544182],[85.6231292172526,23.9132345171501],[85.62318977272713,23.915455753767134],[85.62589141209526,23.915439207922297],[85.62670678623574,23.918223384857495],[85.6306405754976,23.918746119663833],[85.6320754803168,23.92055599927625],[85.63404295295214,23.9212326786286],[85.63653366929401,23.923539559837323],[85.64060057737203,23.92451022904127],[85.6423485447775,23.925523557937723],[85.64521103179347,23.92611773125092],[85.64639021047664,23.92986230682541],[85.65248264184144,23.931645219065576],[85.65404966866114,23.933546288094767],[85.65881308374323,23.935080927776365],[85.65708359466085,23.938201178359474],[85.65518323935926,23.93840567461465],[85.65238613786639,23.940945945767456],[85.65273647632614,23.943170545484335],[85.6513408837208,23.94509987584087],[85.64907898632522,23.94622695251428],[85.64640348305821,23.94650592906776],[85.64444981167848,23.954819507743476],[85.64476588837367,23.95559891947136],[85.64641970888948,23.956868468102183],[85.65129085624666,23.956532349810377],[85.65453151959753,23.95579313325387],[85.65775894082992,23.95442160175647],[85.66282923174069,23.95712751488561],[85.66565944396467,23.957298875958873],[85.66851403531778,23.960656028198716],[85.6681260451177,23.963027713088817],[85.67061944702591,23.965216670766356],[85.67100527681863,23.96880520316484],[85.66680832240866,23.97363633532055],[85.66682672258348,23.97600773975189],[85.67316007536515,23.97528072299837],[85.67415275309251,23.97642211883162],[85.67342115675089,23.978579248652522],[85.67420829697934,23.98137650562524],[85.67488035123287,23.986868382611057],[85.67579176926624,23.987043380222122],[85.67827748888331,23.984256219094224],[85.68147355241021,23.984085049482477],[85.68452462204154,23.986585619107423],[85.68784336139807,23.985954794796385],[85.69031550495966,23.98351047459229],[85.69467686991489,23.981822738480883],[85.69649682684062,23.980673280146156],[85.69731185595761,23.9778174802649],[85.6953236182534,23.976147892127916],[85.69059229317823,23.976541152121488],[85.688270540197,23.97579887471957],[85.68428064558738,23.97215523323363],[85.68307578583634,23.96960569637606],[85.68366991688117,23.965247737531303],[85.68507732163316,23.961159840104948],[85.68636441957824,23.959883731182],[85.68957421184548,23.958624518319017],[85.69094729932304,23.956947432002053],[85.68968553941379,23.954417151722268],[85.69036866830069,23.951957572994562],[85.69172138301089,23.950343529680673],[85.69619245332814,23.947392311291534],[85.69812853577268,23.94343518995881],[85.69901564489146,23.940218651580235],[85.70142840554213,23.938685795658795],[85.70380936615454,23.936393981819037],[85.7073352162936,23.935547710940035],[85.71039326046214,23.93629577853023],[85.71188994875118,23.935443578318942],[85.71119377663739,23.930874952401233],[85.7123859304518,23.928554964725034],[85.71146956513678,23.924853742655408],[85.71413034288112,23.922898788568553],[85.71611586157574,23.92293285199684],[85.71743452565775,23.924029660966944],[85.71894364944853,23.92708357231479],[85.72150223366934,23.929651549988854],[85.72283215536747,23.932290555013907],[85.7233320637321,23.935410379026393],[85.72691180207846,23.939079457609665],[85.7325549570092,23.941763143543692],[85.73629976184948,23.941640384706215],[85.73811873558905,23.94252231586909],[85.73877293257375,23.94396357444353],[85.73624035684294,23.947744804182054],[85.73621392863417,23.94945144064356],[85.73741145365497,23.95059008197406],[85.74161063828454,23.95025426089104],[85.7441789825235,23.947845943017818],[85.74696280145189,23.94346155790641],[85.74868646890334,23.943033142942692],[85.75175449694534,23.944828138400577],[85.75485385480685,23.94747223718782],[85.75747914792952,23.947294805272108],[85.76313557353735,23.944567871756757],[85.76457735768884,23.94277331455882],[85.76486478020756,23.939416053198283],[85.76095428605112,23.931157426419244],[85.7639185391812,23.92589010168636],[85.76606888873977,23.924241074973363],[85.77050803032034,23.922446892135696],[85.77459204204614,23.91858709843165],[85.77693308185593,23.918280682915576],[85.78188687154956,23.91906050720078],[85.78339370219395,23.91657081076359],[85.78269611906519,23.905605318868837],[85.78399791783878,23.901322139932333],[85.78576817275507,23.90003563808393],[85.79288533675532,23.899441357215068],[85.79870926246063,23.897418771805746],[85.79982672175792,23.895539993578392],[85.79625266474334,23.892206799872174],[85.79610797367151,23.88873768152237],[85.79831924999594,23.883264017412078],[85.80159409855452,23.881727166565167],[85.80146417589867,23.879838668189972],[85.8000303958319,23.87663053356586],[85.80289375978774,23.87496398997335],[85.80383881107312,23.872578097306725],[85.80239934353153,23.86891833771031],[85.80323686960232,23.866477353880125],[85.80223021082296,23.862739717544468],[85.8022937473953,23.860103105335842],[85.80532705991357,23.858067501688932],[85.80920546582263,23.85702283555206],[85.81188011625564,23.85553523275205],[85.81323736179549,23.853632217696717],[85.81328649605602,23.852060019044558],[85.81173776672871,23.847451275167284],[85.81185626590438,23.84629615639844],[85.81366497557363,23.84499160682023],[85.8157288994583,23.84477257167828],[85.82146032684977,23.84506040066402],[85.82671317316847,23.842896789326552],[85.83278969610011,23.84192236875139],[85.83493889572988,23.84051831847904],[85.83710352283431,23.84483592373074],[85.83762290762925,23.847702688547972],[85.84052778811578,23.852289839054254],[85.84397436437861,23.852844030717815],[85.84499803833565,23.854779914099794],[85.84846208288458,23.853916179513927],[85.85083489308742,23.8565438988739],[85.85285809285678,23.85650481108677],[85.85426437936404,23.857391270239724],[85.85572382111681,23.861159133454713],[85.86109974742087,23.865154596947377],[85.86129266354287,23.866682344708337],[85.86011931517787,23.868344413710016],[85.86239793180043,23.87169378792645],[85.86280937453711,23.87631181661405],[85.86135976477713,23.879236298103677],[85.86397809392626,23.880817990109243],[85.86802112410099,23.884604756140817],[85.86812892861167,23.886885906038607],[85.87005886992091,23.889722346795605],[85.8697166401978,23.89181508917289],[85.87360151337295,23.894634190757237],[85.87496447642863,23.897181967742444],[85.87652161714793,23.89772164123411],[85.87695536545579,23.902100455472755],[85.87861774895181,23.904108445204457],[85.88052749836979,23.904781589326824],[85.88242211359541,23.907793753954973],[85.8851463847312,23.909150178399035],[85.88756732560053,23.91898460339794],[85.88353646238926,23.919890151140244],[85.88199140300884,23.923053399650474],[85.88127576794514,23.926290401012526],[85.88663270272562,23.935197920068852],[85.88684800899658,23.936303973170254],[85.88438199402171,23.942135670284284],[85.88211421654839,23.94418736413264],[85.88225841259218,23.94683459513532],[85.88316454024809,23.950020099080305],[85.88633695797553,23.952499676938608],[85.88653893762968,23.956456786286743],[85.88824033587203,23.958600418775013],[85.89122806693867,23.95935352360264],[85.89235472345027,23.958982398400995],[85.89576185857491,23.954708022835558],[85.90065705538643,23.95572753013905],[85.90267426226792,23.955362701868925],[85.90633932730626,23.950800860034683],[85.90655071380495,23.9484588336417],[85.91145812639401,23.94817352841054]]]]}},{"type":"Feature","properties":{"id":"20-226","name":"Chatra","source_name":"Chatra","state_id":"20","source_agency":"Survey of India (SOI)","district_code":"323"},"geometry":{"type":"MultiPolygon","coordinates":[[[[85.08891678365835,24.37226620061528],[85.08621990948484,24.370126017496748],[85.08435815223261,24.366120905072894],[85.08526801693161,24.360894819270783],[85.0849879294045,24.35636003013634],[85.08534892808834,24.352671933734253],[85.08994503437779,24.349145479839905],[85.09461719013271,24.34249603091941],[85.0986598536778,24.340958069521562],[85.09888584611889,24.33511903674826],[85.10047183767765,24.33052525986895],[85.1004805541959,24.328565419289838],[85.10150545936636,24.32860605228837],[85.104706477239,24.33068649741706],[85.1105037533863,24.333115263048395],[85.11991400681448,24.331760434043648],[85.12121439341114,24.330968844397358],[85.12850383276057,24.32976673212949],[85.13428915716297,24.326394922326568],[85.1365157632061,24.32637727794462],[85.1387933652793,24.32897842560507],[85.14195356150171,24.329170597923568],[85.14266416185362,24.33141242928133],[85.14199593385261,24.33640314885215],[85.13989635714574,24.33914928108048],[85.13677728957403,24.341521663726663],[85.13701480280744,24.34414290764791],[85.13799774480735,24.347017118464393],[85.13783530717927,24.34936251424856],[85.13614522381741,24.351039202464094],[85.13375451560738,24.35505360647139],[85.13619584129367,24.356339629372616],[85.13863805160163,24.355258151149062],[85.14265000358877,24.35566877816237],[85.14449510983992,24.355068043208654],[85.14750993624297,24.355131944156852],[85.15150251626214,24.3543053465089],[85.15773997669919,24.346905401992334],[85.15956177761775,24.347062440992882],[85.16171324946565,24.34972520092876],[85.16323600411461,24.346297240453474],[85.1628282122953,24.34333758980846],[85.16345160972848,24.340347940376372],[85.16634219056179,24.34006689876267],[85.16753312539001,24.339077110213175],[85.17182082051106,24.338172677930245],[85.1747072912182,24.336790392600033],[85.17783206049151,24.337394055573135],[85.18299555894112,24.336857009343557],[85.18513412313271,24.33499999933755],[85.18556624976256,24.33065443791033],[85.18978452356308,24.32910723865787],[85.19497004050558,24.328274521111922],[85.19690874367468,24.326293784483358],[85.19993111172742,24.325794305658484],[85.20047827858671,24.329043761474004],[85.20176892883795,24.33076857878961],[85.2009112176299,24.334418506177983],[85.20610217379696,24.337811889482758],[85.20695788014436,24.339712437526025],[85.20924920793634,24.339351191071525],[85.2093019241118,24.340159940346417],[85.21198495457152,24.341383319332085],[85.21395639769307,24.340995768419056],[85.21622106115763,24.3419784605472],[85.21990338083862,24.34076717209277],[85.22254600687275,24.34211130740494],[85.22465949989733,24.34094073160967],[85.22441121536559,24.342397078060337],[85.22620523375876,24.343195386748445],[85.22634214110721,24.344305616608125],[85.234234811529,24.343435178915467],[85.23742578766945,24.341805238033896],[85.24456371670516,24.340404714551298],[85.24596210279458,24.34127787110748],[85.24996438582207,24.339834668358083],[85.25267451481604,24.34036647397604],[85.25644943443085,24.339737198011388],[85.25864585794906,24.338372929971104],[85.26151160465575,24.335660012672484],[85.2665069184624,24.336466357227394],[85.26908968454724,24.335674164496442],[85.27119883305177,24.336330388458503],[85.2737321001107,24.334842603633714],[85.28071831776357,24.33414508292735],[85.28228617255243,24.332667077422816],[85.28530900321509,24.334616034773468],[85.28663849647886,24.3336339468739],[85.2888952169068,24.335835463259265],[85.28944039206233,24.337800927490374],[85.29321015902448,24.339586031631384],[85.2949596979491,24.338486013546834],[85.29692609966713,24.338815124552504],[85.29841522904132,24.337875806512127],[85.29973392640181,24.340219995331463],[85.3044063292167,24.33924768102641],[85.30543614941647,24.337339467496722],[85.30789995882462,24.336531673643133],[85.30905876351753,24.331991952755214],[85.31019025685369,24.330752720793615],[85.31432890192382,24.329140812685495],[85.31694864922628,24.325584815689954],[85.32042622949217,24.324065919752442],[85.32159224720228,24.32283210060951],[85.32615072483996,24.319699920374386],[85.32914958650035,24.318685506696006],[85.33170417180527,24.32075428048597],[85.3329160030693,24.32041573040941],[85.33427642432764,24.31830036184402],[85.33610891500126,24.3176515044308],[85.33673327802087,24.31593349109503],[85.3404495069942,24.3141422430778],[85.34079308122433,24.316520722190585],[85.34187160481416,24.316929747177273],[85.3457052174083,24.316113754484526],[85.34815703306238,24.317186583562485],[85.34861124499226,24.31276983515229],[85.34853999916473,24.308030001391046],[85.34788955619955,24.30597497548954],[85.34579917629722,24.307031513729147],[85.34210168612314,24.307127331808434],[85.34109414684059,24.305633525792004],[85.34176056924908,24.30287771691687],[85.34038131361687,24.302113252822473],[85.33719150131304,24.302692445455026],[85.33518993746489,24.304322835797972],[85.3346724380516,24.306231452265326],[85.33503617434285,24.308555986234865],[85.33340461642166,24.309766051063555],[85.32796392474877,24.31142187206453],[85.32344629084538,24.311047074545904],[85.32086788427243,24.30845012094587],[85.32098663827155,24.306288519183585],[85.32347954461582,24.300266346800083],[85.32626664201575,24.29583653572524],[85.32457894057794,24.292314614328237],[85.32101820702906,24.294245382133536],[85.31868110850375,24.294317210103006],[85.31721301253921,24.29209777391204],[85.31764208197147,24.288689455135213],[85.31999249792824,24.286634708145293],[85.3204277898135,24.285175466628452],[85.31800402579245,24.282147148382865],[85.31936876903967,24.277241171695042],[85.31902915041321,24.27349109229564],[85.3177762569344,24.271760833162347],[85.3176838334947,24.266062308143677],[85.3191396718355,24.263956494288628],[85.32090486445934,24.263036868654233],[85.32035966265082,24.261044383480343],[85.3187897900684,24.260941807476353],[85.31637492069211,24.2622283286795],[85.31410642770885,24.25949442215328],[85.31492255795081,24.25585560845608],[85.31627647890721,24.254001468095847],[85.31391766698967,24.253641287805497],[85.32065117289466,24.25047418155275],[85.3215774298502,24.24780267892018],[85.3211591985667,24.246651287296928],[85.31298447548343,24.246732514200602],[85.30968298667074,24.24617223004354],[85.30715859331288,24.24345339833842],[85.30609514620248,24.241555118548852],[85.30118140036949,24.23824006356984],[85.29908892856507,24.23341310333977],[85.29930821777575,24.228025000574096],[85.30128325937399,24.226846146464506],[85.301684024589,24.225577428121607],[85.29625417559022,24.22371096611021],[85.29587311068522,24.22200916028545],[85.29867871353774,24.21981927213181],[85.30228789779922,24.214189087910107],[85.30111784544995,24.208126354168673],[85.301436997543,24.207073479980497],[85.30400944328859,24.205263178804877],[85.30221786018295,24.203323924101888],[85.30230661625019,24.199570666916326],[85.29928006180789,24.199708529308758],[85.29456990208885,24.20080261388323],[85.29144626175419,24.20029811834412],[85.28813520201528,24.202021732773172],[85.28699384566099,24.201990848559323],[85.28674449525849,24.203703607228924],[85.28761108044586,24.207370227197313],[85.28550370447235,24.20962197736139],[85.28365525210955,24.20846346926497],[85.27918161933032,24.20869679069638],[85.27686616557938,24.212088906512996],[85.27549427483126,24.213075608822127],[85.2731994585748,24.21314901706503],[85.27428224197622,24.214623959563582],[85.27192319200628,24.216529564761558],[85.26920205484413,24.215111113297894],[85.26865251055231,24.216494677600444],[85.2667252206324,24.21747576069588],[85.26405617221265,24.21584415464497],[85.26358129017814,24.217473050541034],[85.25868641984565,24.216870980352333],[85.25736268718799,24.21575122186457],[85.25371754850408,24.21520835361838],[85.25307332799167,24.21334396491534],[85.25025102209894,24.216715605284072],[85.24863793415942,24.216934422097378],[85.24845824789155,24.218586635578873],[85.24667346160902,24.217708356904772],[85.2452821003363,24.219735166302666],[85.2434647046853,24.218861530413157],[85.24071642068739,24.22205950067736],[85.23710971441575,24.223724260471126],[85.23329382648238,24.221982613990022],[85.23045616546098,24.222852637034585],[85.22961328638016,24.223998548932887],[85.22715305202566,24.223674969024607],[85.22607883714193,24.221853634890703],[85.22404247485127,24.222267844386362],[85.22160098408897,24.221720150103284],[85.21677000729187,24.222196427648335],[85.21572592462317,24.21953600589445],[85.2111214888404,24.221994804706327],[85.20462072189527,24.224997264368355],[85.19913555962366,24.225854115354394],[85.19814146225927,24.224351917369965],[85.19025695283798,24.226307979224877],[85.18771678246047,24.227347734369896],[85.18668317368825,24.228723649402827],[85.18338141957992,24.228618903507847],[85.18102408654693,24.227525338692725],[85.17752982596026,24.229096341640115],[85.17335135882448,24.22564577137934],[85.17168940340264,24.227232945143047],[85.16897619103115,24.226595445846865],[85.16616623481653,24.227554822748914],[85.16296691195922,24.2276397979079],[85.16069223834181,24.229831867631006],[85.15760892850503,24.22696403029342],[85.15272457067866,24.220882586430697],[85.14791020494232,24.21543385069025],[85.14909353857438,24.209841347169657],[85.1469412779732,24.209589467885323],[85.14409623613646,24.207042558565796],[85.14144288847284,24.21008854620159],[85.13613624197237,24.207281771561096],[85.13379719573732,24.202278201515423],[85.13940584456512,24.201390243859947],[85.13902929923965,24.20057255056388],[85.13950918528747,24.195314534598765],[85.14445888293334,24.18758742124803],[85.1484155416498,24.18383881978295],[85.14858929942295,24.179985539186095],[85.14616366160087,24.175351383465742],[85.14556117449203,24.170901817658937],[85.14632173271075,24.166613310251797],[85.14287968105718,24.161241458727982],[85.14229891184773,24.158636984435997],[85.14287854300267,24.156323613569477],[85.14414087496674,24.15544504807973],[85.14596292308504,24.156008925950424],[85.14763680702647,24.158665746441873],[85.15047502337045,24.158384146013656],[85.15245652660825,24.156087671123665],[85.15468310855725,24.15007421874033],[85.15490868350412,24.148406559798616],[85.15637767019088,24.145805899189316],[85.15891638912109,24.14338966134894],[85.16038437827487,24.137755232703448],[85.16179454081124,24.136155976631674],[85.16731048436412,24.13225855414152],[85.16839316008016,24.129467955720685],[85.17046719451506,24.12821071312523],[85.17160233217362,24.124824088249582],[85.17390889138879,24.124651509158923],[85.17338223518485,24.12245343902693],[85.16913255172095,24.120851385361572],[85.16658730527926,24.121898004897584],[85.16563535234086,24.12140358498915],[85.16660580435394,24.117153449311367],[85.1696157546169,24.117514593369588],[85.17069845987005,24.116091954714683],[85.16919298304057,24.114042336982806],[85.17034814083004,24.112358700442467],[85.17408195628985,24.112313120429793],[85.1736825724808,24.109261017323547],[85.17088711688277,24.108004110099753],[85.17049607825145,24.104026668755676],[85.17061112325061,24.09938709039852],[85.1739665545393,24.098669851763464],[85.18244158756394,24.095356671754878],[85.18584828546395,24.095803409149475],[85.19243079478822,24.093132618370376],[85.19335475094334,24.09146795800381],[85.20208653833208,24.08739029956957],[85.20368998501601,24.08489056525851],[85.2051498562511,24.083882327590604],[85.20867610912691,24.083142640412113],[85.21059602161398,24.0801583638716],[85.21200978338777,24.079148579431774],[85.21680599898217,24.07781438424137],[85.21983658700296,24.07760251704877],[85.22208658353512,24.078459311184567],[85.22482188520809,24.07766036382488],[85.22767562393867,24.075382009423105],[85.2296146626848,24.075055678434133],[85.2328153406474,24.075649114109883],[85.23601327077371,24.07192971818969],[85.24136063929751,24.069219300698826],[85.24334107116556,24.066045642000226],[85.24737087192415,24.062936002932812],[85.24803659011309,24.05989626387646],[85.2467813931386,24.05819337138268],[85.24762041479087,24.056505435928763],[85.24920683245651,24.056260901661485],[85.24794457645596,24.05362877267754],[85.24723375068815,24.049494201343855],[85.24487915886066,24.043318211479924],[85.24530987638468,24.040203490312383],[85.24764811669263,24.039444850598425],[85.24788981914129,24.037910209943725],[85.24666422668135,24.037358159553285],[85.24624015387276,24.03431570545504],[85.24769984319428,24.031070496495442],[85.24938478871555,24.031514103378296],[85.24957554929031,24.029042264500664],[85.2512611144584,24.027986990615307],[85.2492442772896,24.026645703161524],[85.25120283696,24.022844036072303],[85.24921980492968,24.01537668967662],[85.24795564610439,24.01254954565365],[85.2432337480051,24.013177221710638],[85.23214196963673,24.012029477780395],[85.22926079805406,24.01103458096264],[85.23093506461134,24.009719811745793],[85.22983635229198,24.008120277304396],[85.23147638929106,24.00391337818747],[85.229631317981,24.002989155139815],[85.2279531844358,24.00028807844501],[85.22857538072074,23.998272682185963],[85.22564409584328,23.99450062904886],[85.22164983319882,23.993719964321055],[85.21984066322825,23.99235059856679],[85.21707960378237,23.993724100112075],[85.21312390324425,23.99265780642249],[85.2122380821437,23.98990261980609],[85.21254200167971,23.98639368771671],[85.21169483634588,23.982979741363874],[85.2096704454247,23.97909775468846],[85.20819525886105,23.97879451018386],[85.20569721742704,23.976330297958015],[85.20354284918649,23.976266100701746],[85.20172149150933,23.973680374705445],[85.20163881125451,23.970428860241284],[85.20305683968272,23.9631226712205],[85.20152847683431,23.957127363090528],[85.20089713593813,23.956361513126975],[85.19306643106637,23.953777479905238],[85.19027965734112,23.954232274612565],[85.18483876805546,23.95126970230333],[85.18484343364719,23.94811852448404],[85.17979743873337,23.949945909027672],[85.17638543193395,23.950158343597973],[85.1749421101031,23.951486496627833],[85.1520615320054,23.952441019558616],[85.15033974868759,23.95227583643725],[85.1483796066631,23.95055469667371],[85.14132484423617,23.955408535060663],[85.13787474045193,23.960305549275084],[85.13730968228097,23.963974252174577],[85.1363824980852,23.966382186965227],[85.13711843726466,23.967754943596365],[85.12898494570923,23.97106861290572],[85.12399560010505,23.976334895537942],[85.12140407012153,23.975481595398627],[85.11899122885328,23.971109106193534],[85.1119144625302,23.973270423184495],[85.09968760127323,23.976162354512944],[85.0956845595492,23.973747193059534],[85.08945356593999,23.96516448408908],[85.08801727071403,23.961950304523132],[85.08576195751597,23.95898784386809],[85.0846479969849,23.958576648778074],[85.08045927848998,23.96079067364269],[85.07472552535349,23.961829447530132],[85.0753127444605,23.964328659537788],[85.07815168093236,23.968653022606162],[85.08157752639863,23.969544637927942],[85.08128325525199,23.97084113851401],[85.08128802920287,23.977152420029224],[85.07658702107538,23.983370781128038],[85.07363469618356,23.98334515233818],[85.0710853002383,23.982640434844818],[85.06851883864562,23.982757194119557],[85.06417956698546,23.98576777990247],[85.06229626391453,23.986406108359407],[85.05969981540636,23.98602980422807],[85.05320253206737,23.98611649724206],[85.05292364034352,23.987999996333517],[85.05440539151755,23.990104397860524],[85.0547076786203,23.992555065598246],[85.05069592568381,23.995637115032277],[85.04888915651122,23.997492160366885],[85.0432249029279,23.999124814657975],[85.04350347516286,24.001396222691536],[85.04259253049814,24.00184505860659],[85.04090327398943,23.999169058989164],[85.0361887857448,23.994304765672272],[85.03472618686958,23.993681830753463],[85.02514079008662,23.991996798423912],[85.02359819206256,23.988753670521746],[85.02215986570555,23.983841609837853],[85.022361048249,23.980964057370137],[85.02507252788789,23.977775710855926],[85.02664387811537,23.97266758218682],[85.02680443318253,23.966638434760263],[85.0286871721941,23.963656038948823],[85.03250665721721,23.965206356929638],[85.034786653413,23.967020709658417],[85.03793660404492,23.966636631676206],[85.04320954332711,23.963598014234087],[85.04836679408184,23.961054302085007],[85.052461751977,23.961187561036056],[85.05447896185561,23.960328268101755],[85.05573516957267,23.95845720117954],[85.05458996952053,23.95489433259797],[85.0519734181492,23.951836529331906],[85.04159992581899,23.943957942511087],[85.03840255034413,23.939068675686755],[85.03845130366697,23.93844632804596],[85.04490641206799,23.931188143027995],[85.04388458059033,23.929897596354927],[85.04019238476272,23.928523265157125],[85.03890852740942,23.923130252602554],[85.04359387865564,23.921158416562076],[85.04798584553222,23.919742584363714],[85.04631842723155,23.913708144392576],[85.04553315218159,23.913680117231596],[85.0280724336985,23.915515823504535],[85.02679299848847,23.912456765506857],[85.0253232825878,23.907085381676886],[85.02186195088848,23.904114003759307],[85.02064381965987,23.897046915458972],[85.02314576526915,23.89524619317179],[85.02464384111514,23.89294506047995],[85.02562753300985,23.88894882693088],[85.0219346873314,23.88447733833206],[85.02156645647057,23.879633170832864],[85.02314144792189,23.878723417950543],[85.02998078998279,23.880300812512964],[85.03229998818327,23.87887689102228],[85.03219644908147,23.877277420720496],[85.03070347188874,23.875371348425237],[85.02856552186216,23.871317095249356],[85.02864827866108,23.868171565689963],[85.02927126476409,23.866847870086673],[85.0306852661656,23.866829799970528],[85.03184732080723,23.86863355849084],[85.03407053502127,23.86890457708747],[85.03420707374993,23.867669368718033],[85.03029080467832,23.864350822090373],[85.02983426803627,23.861428754310452],[85.0321379483347,23.85775635843804],[85.03644027319827,23.85433506323503],[85.04520673955108,23.84852269900675],[85.04847545904458,23.845170107323284],[85.05046979895812,23.84375068462964],[85.05352639477553,23.842841282520514],[85.05934416155486,23.834472609107035],[85.0597499776752,23.832924673601717],[85.05959357191918,23.828263805309675],[85.05597581392948,23.826674211731785],[85.05215215806405,23.827050328505344],[85.04777519149295,23.82834032250894],[85.04657531624187,23.82522820539598],[85.04643729036587,23.81870759970196],[85.04769954858557,23.815021704124387],[85.04641739256448,23.81282043793529],[85.04435326160868,23.811728882205852],[85.04399437966605,23.808826009740237],[85.04739577269864,23.806458353626237],[85.04809999930121,23.8044499993088],[85.05191000046038,23.802070001304582],[85.0530700001219,23.80203000141354],[85.05621000036506,23.79925999989538],[85.05776999972804,23.79606999978981],[85.05921999994945,23.79496000068499],[85.06321000078687,23.794330000356698],[85.0668299996559,23.79549000097332],[85.07301000051135,23.795020000857424],[85.0756500001127,23.792720000933045],[85.0829499999444,23.790129999296294],[85.0862400009311,23.788089999976407],[85.09014999994925,23.78766000048648],[85.09798999937726,23.785840000929042],[85.11163000020933,23.783780001649824],[85.12983999941761,23.779119999698274],[85.13239000011208,23.77873000083992],[85.13586000008317,23.77691000137986],[85.13810999970546,23.776519999691633],[85.13929000014676,23.77250999871578],[85.13474000119689,23.764119999657535],[85.13290999989447,23.76119999932434],[85.12983999971104,23.760039999236557],[85.12679500051766,23.75968000056396],[85.12968000046384,23.753069999777363],[85.12494000022653,23.751320000438746],[85.10995000044136,23.748330000155374],[85.1057100002886,23.74782999936743],[85.10385999987489,23.745489999112092],[85.10307999933735,23.7416200006329],[85.10053999944282,23.74007999962008],[85.10064000009172,23.739220000593512],[85.1030299999659,23.737439999759935],[85.10361000017211,23.73439000039858],[85.10548000018308,23.733000000164598],[85.10402367652486,23.730273114822978],[85.09788000038097,23.73078999886301],[85.08971000027017,23.734320001091486],[85.08835999989545,23.734420000267882],[85.08459399960515,23.732942001186373],[85.08363999977331,23.729000000465586],[85.0835597227761,23.72671650053504],[85.08635000007578,23.72464000073379],[85.09211000105917,23.72341999957396],[85.09673999903288,23.721459998885138],[85.09796999966946,23.718680000464193],[85.09489999969266,23.717336001134868],[85.09762867647555,23.71406503193921],[85.10422999976761,23.711479999550917],[85.10716999922455,23.709830000408324],[85.10519000034502,23.70832999934316],[85.10523000025209,23.706410000276655],[85.10707000001572,23.70578000025017],[85.11321000031305,23.70654999925063],[85.11814000039516,23.706180001206846],[85.1168599995162,23.702599999236508],[85.1121700003821,23.69313000050938],[85.1091100007346,23.689569999243954],[85.108189999507,23.68662999938685],[85.10819000008816,23.682309999628128],[85.11003000035093,23.680369999663096],[85.11050000016536,23.67657000011829],[85.10843000030673,23.67338999968267],[85.10729949979054,23.664344541232953],[85.10662649285864,23.664723727683576],[85.10395119179526,23.66330054951404],[85.10233545466625,23.663546862233847],[85.09999821072901,23.665509468450374],[85.09625817335397,23.6665381151191],[85.09269517714036,23.666178243168527],[85.0891048959576,23.667691595128286],[85.0875083102085,23.66760416887086],[85.08599687845003,23.669409454494065],[85.08269598023259,23.66754023901882],[85.07684926043638,23.668021852006156],[85.07650576882162,23.669183647366584],[85.07811675705281,23.67231267541126],[85.07420129997963,23.675926887492903],[85.06992542049665,23.678699858260998],[85.06754501314843,23.68123897219035],[85.0620205574734,23.681237730729435],[85.06055771317577,23.682330326858157],[85.06011372347983,23.684554611707608],[85.05786505111986,23.687442843570825],[85.05762377766142,23.689173419635548],[85.05928819903085,23.69463886709182],[85.06218424770206,23.69573157305138],[85.06662687351809,23.694333337628752],[85.07002463924772,23.695973901441572],[85.07076890627906,23.698041866234213],[85.0687119910087,23.700562427628643],[85.06977700287976,23.704819386315823],[85.06970053916746,23.706687433319654],[85.06772706095376,23.709516095734116],[85.06559712020143,23.710143450745875],[85.05664278915765,23.707101966676824],[85.05361059877563,23.708571781324867],[85.05389883283071,23.712277325506623],[85.052885032473,23.71319454989743],[85.05119760834877,23.712586424826874],[85.04761695089806,23.710040272271733],[85.04585566911759,23.705837574727653],[85.04446414450132,23.704456667362617],[85.0413605821969,23.704137462088077],[85.0397903303768,23.702916739773812],[85.03938937230646,23.698243634580116],[85.0371278713242,23.69472978089572],[85.03625430259834,23.69020418279834],[85.03428332210613,23.689565217135737],[85.03045194413441,23.68942630656807],[85.02202217944767,23.690592001206625],[85.01960735363836,23.688894266920194],[85.01674806212098,23.690542603101964],[85.01536340995219,23.693287758307044],[85.01284220154501,23.69532298704882],[85.0110103114359,23.695869028347783],[85.01023993748,23.694296403680532],[85.0105784923655,23.690038217115926],[85.00632835733575,23.68198485292916],[85.00347709507125,23.680584763594148],[85.00001019372101,23.681641601456807],[84.99787882989169,23.683185072481393],[84.993489285435,23.689439431067196],[84.99277895284412,23.691010312376836],[84.9920430643849,23.69553328053937],[84.98965830439747,23.702084437589253],[84.98928805028214,23.704374079297665],[84.98720697039667,23.705284915036476],[84.97927776100148,23.706337257623574],[84.97680674575052,23.70824620980262],[84.9733708818159,23.715487495734244],[84.97135824868835,23.7169057272022],[84.96742427764141,23.71701659171658],[84.96607458826465,23.715518182541615],[84.96341630537954,23.715573510135115],[84.96066090417531,23.71651004408202],[84.95995404229447,23.718769198044694],[84.9611581260838,23.723949580686533],[84.96085515266682,23.725567707145863],[84.9557282396798,23.72800956462191],[84.95439144455064,23.729611492397975],[84.95266859008518,23.72877612145861],[84.94769213834684,23.72967631153776],[84.93843146074909,23.732656722530667],[84.93650756743742,23.736190621715995],[84.93689261254373,23.74287688559368],[84.93637512128959,23.74382027233311],[84.93298595415601,23.74607309133834],[84.9329783084492,23.747701597471796],[84.93166081393872,23.749002899392107],[84.92977515416926,23.753227864096115],[84.9298860800701,23.75613651999646],[84.92828884022455,23.758516784879248],[84.92732536616026,23.76175415396649],[84.92861661263747,23.764461983996316],[84.92762559525558,23.768191015261095],[84.92806536588874,23.77077456412047],[84.92903618208182,23.77141959475336],[84.91316938484151,23.774122230167862],[84.91189441994287,23.773482083416226],[84.90345188990904,23.776915034759778],[84.90352117102583,23.77992333082137],[84.90263893274978,23.785382590786323],[84.90588073755472,23.786961405782858],[84.90721484448136,23.789426170387447],[84.9075833583268,23.793990572171257],[84.90593221759498,23.792938962732006],[84.90595435309555,23.794618572115674],[84.90763174873824,23.79648310755244],[84.90802406108861,23.800171986764447],[84.90721304348966,23.80179520655891],[84.9096181128383,23.80388171194685],[84.91228528907743,23.803687630332725],[84.91358430861493,23.805994101654896],[84.91611439615313,23.808470307557748],[84.92345423701084,23.80910187310908],[84.92722112972601,23.807328787908983],[84.93261906264992,23.80603793026515],[84.93520916047437,23.806063526429348],[84.93732287588789,23.805197992148834],[84.94041242120537,23.806530309769506],[84.94267533844138,23.805531258128017],[84.94636695676193,23.806031905700745],[84.94699519082742,23.80975999716234],[84.9454827264858,23.81358601154277],[84.94659689264722,23.81449926892498],[84.9471447609648,23.818348213628134],[84.94598610348004,23.82275676643141],[84.94455111031863,23.82538305531523],[84.94449631572483,23.82823530894514],[84.94785615907064,23.831151123132937],[84.9484551956487,23.834878856684753],[84.94788318955445,23.839421631994952],[84.94823609932504,23.84296982685272],[84.94766466291226,23.84644302588928],[84.94543040727002,23.84994340867026],[84.94369132275183,23.85502130333357],[84.9423308296724,23.85663729295475],[84.9395417754374,23.85794526641816],[84.93670194581388,23.857500979061175],[84.93474376103956,23.858413697807098],[84.9305373231067,23.858978183986075],[84.9291805988326,23.861932343230958],[84.93254554052724,23.865173666332513],[84.93494011883273,23.868320609186153],[84.9361414992951,23.871812631531284],[84.93978931454747,23.87333312525134],[84.94172091074742,23.874731290564934],[84.94454699641244,23.872963340756776],[84.94755734706983,23.87444811856847],[84.9477273572115,23.876120649946593],[84.9493494112444,23.877234693768834],[84.95100564692716,23.876182390460144],[84.95246407234278,23.876454728047438],[84.95058178358633,23.878162969919266],[84.94887186136266,23.88162115844844],[84.94925019698839,23.884781188558534],[84.94668162657982,23.88514426117234],[84.94694582163172,23.888316801914875],[84.94652264407136,23.89086620621953],[84.94750026119546,23.892386973206126],[84.94617099834655,23.89448191717806],[84.94460379336223,23.894858229017423],[84.94379807522967,23.90171811750708],[84.94201058049765,23.904836167077573],[84.94234159417228,23.906880992745304],[84.94056649547855,23.908590753375467],[84.93867176863725,23.909170312325905],[84.93799566928232,23.910930750397036],[84.9330394989114,23.911342807511854],[84.93176097616472,23.912074923111664],[84.92914269794984,23.911832101294898],[84.92656835717486,23.91437499231395],[84.92715661383302,23.91689731530454],[84.92895420047996,23.91996414783889],[84.92821415845191,23.92382658945875],[84.9281483617016,23.927028011411057],[84.93080686493887,23.93129264632906],[84.93396244391667,23.934829274230232],[84.93366955178946,23.941506152542246],[84.92965213815981,23.944987472774844],[84.92753778458702,23.948146313743184],[84.92562848575272,23.94862955232793],[84.92277214438985,23.951978428680682],[84.9203543448463,23.952846665343166],[84.9172995308465,23.95282337679892],[84.91200177459307,23.951162465033004],[84.90993850033352,23.951793461365405],[84.90793196849259,23.951332756176065],[84.90688778138939,23.952122079573986],[84.90462806916064,23.951531517415933],[84.90267425582152,23.952073622377856],[84.9018698581412,23.950789623643093],[84.89754702927964,23.948997144620122],[84.89634354589653,23.946886155215246],[84.89453530235724,23.94632868209778],[84.89118659570971,23.943845159026214],[84.88939809364551,23.94402904369208],[84.88820224023779,23.9455375674958],[84.88816811391473,23.949446341566077],[84.88395600002771,23.951121727586283],[84.88241443688257,23.952879058340198],[84.8791221289136,23.954765653505035],[84.87594059801359,23.955281442362498],[84.87437505851018,23.954907719282858],[84.86983689526863,23.955476748581564],[84.86527056240223,23.955074845165846],[84.86405999763683,23.957301452243847],[84.86134637368797,23.958031131986676],[84.86043135410334,23.960285965746397],[84.85750828924907,23.961408260737123],[84.85536972523666,23.961224973126605],[84.85423561591725,23.96207583940712],[84.85371959765175,23.964758948405557],[84.84979244998675,23.965874944762902],[84.84522899483774,23.966084524391896],[84.84339572605555,23.96407264535038],[84.83914678743596,23.963778181482244],[84.83215818073863,23.958696160276585],[84.82980818510556,23.957642880066352],[84.83063299115392,23.960606660291983],[84.82846358916805,23.968719229357056],[84.8258103799281,23.972265772600863],[84.82641198145738,23.977988933447335],[84.82731748328695,23.98199213436686],[84.82731053692174,23.987092828303137],[84.82529000951176,23.987461412794396],[84.82296537177011,23.98663396786305],[84.82247320308014,23.984986482620762],[84.81799119115455,23.98443277531275],[84.81566097793927,23.982187727594432],[84.81236159940875,23.98323314359928],[84.811672729462,23.982717736026803],[84.81262221613913,23.98060071644275],[84.81027698368143,23.97925823745031],[84.80951441817128,23.976710519072025],[84.80675308719132,23.97324950835129],[84.80334501603566,23.973964244765494],[84.8017680354801,23.976374074555366],[84.79950571182664,23.97652223876034],[84.79610211230175,23.97329556458337],[84.78955790836771,23.974688460371194],[84.78483738491559,23.97476745679455],[84.78323937933331,23.976856898649167],[84.78114715971928,23.97625791368546],[84.7807498885307,23.97478962601498],[84.77803214028889,23.971130164405388],[84.773385279243,23.96940170462702],[84.77089063100588,23.97131868554737],[84.77076118631324,23.97392598528508],[84.76212512602172,23.97403168621204],[84.76164301243386,23.975586807854793],[84.76459543482565,23.97720029818954],[84.76761678461821,23.98004290401505],[84.76691986496489,23.98256951350728],[84.76734734465576,23.983993127336383],[84.77157759298811,23.984253238937395],[84.77347040674894,23.986176460665526],[84.7732406545565,23.98811408416085],[84.76998708265396,23.988184229830715],[84.76762854922457,23.989341555633196],[84.76505754257573,23.994838099381838],[84.76323354107993,23.997465668701675],[84.76394680811882,23.998839224131125],[84.77138256879658,24.005293911785795],[84.7715619692969,24.006573998384262],[84.7704942282685,24.011789983719808],[84.76807190573898,24.01243852035245],[84.76500698907036,24.014277308540823],[84.76428011379421,24.01537370042314],[84.76320540163407,24.022390564760382],[84.76028715916239,24.02737671065551],[84.75744863299532,24.027903593573015],[84.75533850321278,24.029425482738862],[84.7529927865561,24.03544857965],[84.75397561846259,24.03658238604064],[84.75732789273655,24.03826551974942],[84.75776548136075,24.040239975544562],[84.75557356290903,24.042736185489606],[84.75380378706114,24.04195129667392],[84.75166962190127,24.037770933291714],[84.75014968463357,24.038413065294066],[84.74933147755075,24.04193239842676],[84.75037447954828,24.045827984734792],[84.74626647380984,24.048584173786562],[84.74439053141003,24.04905303514054],[84.7413726437917,24.045677421646012],[84.73836109545223,24.044757251849468],[84.73550578504975,24.041373568372567],[84.73032274218355,24.041253089374376],[84.72589095302735,24.04284836826959],[84.72345945264468,24.04527677761969],[84.72079198570259,24.04294202110826],[84.71412236192124,24.040199669661686],[84.71334505648011,24.03469034080891],[84.71194197123812,24.031771625417182],[84.71246759201394,24.02928791468447],[84.71551043618439,24.028403507779537],[84.71617020955519,24.027221713171553],[84.71506270428158,24.02593230310974],[84.71077844940754,24.02587734704625],[84.70727500437391,24.02275093764196],[84.7046656758289,24.022527004153066],[84.69892406793969,24.024792115980468],[84.69358043596344,24.02536162422077],[84.69004413659596,24.02213191544823],[84.68722441190867,24.017922691661255],[84.68645644960057,24.014155714001134],[84.68203734044945,24.01068565260024],[84.68096120024937,24.008773628508024],[84.6800777813957,24.004423567989953],[84.67901935816217,24.002746322455366],[84.67529223503996,24.001592352782435],[84.6698380157423,23.998891591814033],[84.66645992982411,23.999318674456905],[84.66528712187973,24.00005917232858],[84.66488318179087,24.002886635855283],[84.66400620120321,24.00406576028486],[84.65839498369037,24.006246015861553],[84.65271448075688,24.005743949450547],[84.64678413899772,24.003847576565626],[84.6455296779909,24.001508359981255],[84.64547230939186,23.99871808794748],[84.64111384966083,23.99309030844633],[84.63951025895528,23.99158525963906],[84.63629271098364,23.990217734665837],[84.63230186611925,23.99353226538555],[84.62560678195348,23.991605342101632],[84.61887396356859,23.987646876733578],[84.6153925298037,23.987903601066854],[84.61186134062135,23.990426982197516],[84.60849197383476,23.991893143186285],[84.60564215391099,23.990509662386017],[84.60417289378638,23.98867223994669],[84.59872283617824,23.983216042317594],[84.5956248360084,23.983393168018917],[84.59149093368426,23.988022273353216],[84.58710558675324,23.987150011141217],[84.58031425527867,23.986501811868937],[84.57892845045681,23.986768392180124],[84.57194789085148,23.986754278353857],[84.57038729206181,23.98747289112018],[84.5682227297478,23.99012643349567],[84.56288874891592,23.99542387879111],[84.56066453746385,23.99822297240452],[84.555457473091,24.0075548786614],[84.55423037811786,24.008778180158117],[84.55478099933329,24.01059066119657],[84.5539891634586,24.011412980724458],[84.55428470048467,24.01501037801168],[84.55546811191293,24.01634710148332],[84.55723257422494,24.02022070661179],[84.55793752944933,24.023481542473718],[84.55727830914324,24.025601382482726],[84.55858333534152,24.026759530254992],[84.5651141801317,24.03065470139439],[84.56503327002902,24.03495019358122],[84.56247390388339,24.03662090297556],[84.56206774558328,24.038193223094616],[84.56093922991082,24.037836782198852],[84.5589324306593,24.03896928130545],[84.55678379657004,24.041363153303458],[84.55463132593847,24.04603174295679],[84.55527561491604,24.04885834071698],[84.55764311501804,24.049979308379722],[84.5623068977656,24.051299384923453],[84.56676071517863,24.05072931763057],[84.56861106324116,24.051629383802407],[84.56944787442316,24.0531460293813],[84.56908785433573,24.0560142896189],[84.57011918235146,24.058211676741113],[84.57219373103189,24.060284724024875],[84.57369867994541,24.065986425425663],[84.57724864916322,24.070122739872737],[84.57692792937296,24.072536849966802],[84.57257286722256,24.0746161678889],[84.56587021574981,24.0755206882282],[84.5642205904664,24.07751358890191],[84.56312009304433,24.081100515254114],[84.56036674278641,24.084757585121263],[84.55801254819492,24.091210227205025],[84.55782701513357,24.096383336552762],[84.55581311263768,24.09726806510431],[84.55435281784916,24.099086157774934],[84.55446530310654,24.101967499794384],[84.55533768102578,24.101597789183828],[84.55820582553218,24.10643226900927],[84.56046465183869,24.10710925377918],[84.56115475400259,24.10909710913441],[84.56406394345007,24.11230737022044],[84.56656585317101,24.11261349512283],[84.5687696329457,24.11621419245762],[84.57063864726202,24.11567523480726],[84.57306268494828,24.116986461164682],[84.57309120502515,24.11807916079387],[84.57523576203644,24.118922674604164],[84.57673347188852,24.12103461982222],[84.57682047805241,24.12477303117221],[84.57791628529237,24.12768804284308],[84.57992667763776,24.130093926613153],[84.57972375226763,24.133566003963992],[84.58194358159108,24.13582180237352],[84.58220532394574,24.14154503539192],[84.56811698907617,24.145433173449177],[84.55548068216322,24.151210359740077],[84.55220685143759,24.151938865872932],[84.55330036152492,24.1528860968635],[84.55290189304324,24.15882826170203],[84.54957795210548,24.16257871448418],[84.54943060568857,24.16509026990584],[84.54732408234669,24.167052126489992],[84.5423503228259,24.16836220385768],[84.53733565870655,24.17127815162109],[84.5374591708477,24.17561287519809],[84.53705308380867,24.176779761508378],[84.53493553864291,24.177909982070872],[84.53245629592739,24.17789687375202],[84.53240973689083,24.18134428615577],[84.53094438115367,24.18437147771718],[84.52837202534188,24.187146088526035],[84.53023257909082,24.18965854235274],[84.53227642162072,24.19109070216596],[84.53281389410672,24.19267048120048],[84.53497331021309,24.194898424831596],[84.53613856364048,24.194854077157558],[84.53737149395586,24.19658900073877],[84.53790881850583,24.199865302269803],[84.53757157315032,24.202053281982845],[84.53090647287304,24.204743662098064],[84.52824213702566,24.206135659776994],[84.52515064329346,24.201617364000715],[84.52261339806255,24.199490981276174],[84.51762459800227,24.199969488922584],[84.516007065799,24.201170656375833],[84.5103115574141,24.200545172393834],[84.50596584546167,24.198822266345886],[84.50145463705951,24.198026254806607],[84.49791837205925,24.200215858874795],[84.49551332781786,24.20042005781661],[84.48988980772171,24.199641442810524],[84.48644475656914,24.201687798439515],[84.48438014540793,24.20183876525244],[84.48369182768167,24.203564997132496],[84.48169118111697,24.204714339575304],[84.47652170428043,24.205185456218093],[84.47474784887666,24.20615799338582],[84.47513315631753,24.20990414970241],[84.47445899578196,24.211653139546247],[84.47439220342262,24.217040623719225],[84.47605261019952,24.223178870230235],[84.47435886063175,24.227212562044645],[84.47272416704608,24.227782645565654],[84.46389213005787,24.2333748856534],[84.45850674042501,24.235911680814077],[84.4520604931307,24.238322151242027],[84.4474944028397,24.239541837822763],[84.44744079228022,24.247361095101628],[84.45076803220655,24.250931554495814],[84.45352070085937,24.2559564490765],[84.4574638617752,24.260643763188394],[84.45814134669716,24.262386262113978],[84.45796516609626,24.266130948446584],[84.46335538870484,24.26590507034673],[84.46650527168387,24.264946651434766],[84.47290019134816,24.266677823201114],[84.47329696565556,24.26553805522915],[84.46858875157892,24.262156191599484],[84.46452063282374,24.25977326096123],[84.47324680522433,24.260103541704616],[84.47919095877228,24.260725624358457],[84.48515990104613,24.260589787082015],[84.49022407803942,24.26190999459199],[84.49126260821728,24.264680150894822],[84.4897089568704,24.26658610990188],[84.48965064207343,24.268047407670355],[84.48654940747132,24.27062184935073],[84.48710685897501,24.27723919688423],[84.49029953938943,24.281128098616033],[84.49109581064913,24.28270278103197],[84.49163125444589,24.286311828802535],[84.49624931879018,24.28626947195173],[84.50162527465551,24.288093357160108],[84.50233219440028,24.291219068348003],[84.503336607087,24.292228405870986],[84.50416709701157,24.29508537930966],[84.50697052592179,24.297776065646612],[84.50994723356978,24.30471196116262],[84.5100042703027,24.30733955285181],[84.50920908627957,24.310738432514714],[84.50933725039037,24.314766220327805],[84.5110179175504,24.31667507942101],[84.51444359796295,24.316573899259975],[84.51628212595529,24.31725391244653],[84.51870820110899,24.32064234065439],[84.52037720227328,24.325480624839724],[84.52102694513063,24.32854207896171],[84.5224505572068,24.33182387065114],[84.52519555373549,24.334540366005776],[84.53139940144432,24.337904692635966],[84.53101613257174,24.340701290777755],[84.52616102256648,24.34554306530991],[84.52470126899084,24.348458109958397],[84.52471752518025,24.350518158167],[84.52774739866216,24.35431353710665],[84.53369288485639,24.359690674236784],[84.53519338104985,24.362594495700463],[84.53474334216791,24.36460836116663],[84.53253511393139,24.36705539308387],[84.52795593912539,24.371115246421347],[84.52686120022638,24.374429275987943],[84.52810384091126,24.376829325675402],[84.53042757339632,24.37814490266954],[84.53220941884032,24.37803100623048],[84.53925812421582,24.375797023118054],[84.54442304715641,24.37620930143511],[84.54682689186136,24.37702784674493],[84.5496153894449,24.37288029496902],[84.5539747191928,24.372827708320745],[84.55444998811147,24.37475795463045],[84.55723112139997,24.376000868185884],[84.55893976853939,24.375985716070456],[84.56197194278974,24.378733687564548],[84.56945341052108,24.382441729420414],[84.5722567512535,24.382701778859516],[84.57433151700076,24.38535863913609],[84.57393331904167,24.389179542497207],[84.57214022385993,24.389471369904413],[84.57106418683203,24.390785331100524],[84.56950301937533,24.390471443692643],[84.56847511896585,24.39165553428717],[84.56508131265183,24.392514859484137],[84.56153736455626,24.39627155132073],[84.56159261227428,24.397345140330252],[84.5649946163611,24.400432331103207],[84.56707733534704,24.40547475709791],[84.56758006773451,24.40915131423865],[84.5702391982298,24.41000108585375],[84.5781944218593,24.40996161447365],[84.58306969202823,24.412831457732263],[84.58582004269999,24.41104697280778],[84.5878231276807,24.408526012464836],[84.58767296183254,24.404568519401842],[84.58603075617464,24.40020556549508],[84.59120531202234,24.4008462924997],[84.59402833543497,24.40276896595707],[84.59455319367972,24.40467082312702],[84.59780176575595,24.404838197818567],[84.60265642627382,24.403020240267296],[84.60458576292068,24.400773093289974],[84.60961993140867,24.400532639816507],[84.61467701639809,24.398667029924106],[84.61628318703445,24.40121102341226],[84.6192255063378,24.400352316189995],[84.62224498772359,24.403361487398595],[84.62555733470028,24.40138000805758],[84.62793574822344,24.40190439280843],[84.62962012830837,24.403054830705127],[84.63073068051249,24.40495372359708],[84.63540817343952,24.40184878093811],[84.63639915116046,24.399975313213666],[84.63999705911151,24.40033119522853],[84.64131506638537,24.398940389802167],[84.64457738652524,24.39905029691729],[84.64420116110907,24.40020980845821],[84.64535657727414,24.402934982482545],[84.64754633843415,24.401640479905975],[84.64907673603484,24.39867969064155],[84.65026356697737,24.39772222092571],[84.65649242499461,24.396543413253905],[84.6601711704246,24.392470308963627],[84.66239042527324,24.391115384055585],[84.6650203783332,24.39085074155408],[84.66515350916383,24.392788212117],[84.6663419302131,24.394207247451803],[84.66780959274206,24.398785567076217],[84.66840066834031,24.403160357449956],[84.66748477897377,24.404616010030733],[84.6700998452035,24.40458578523123],[84.67005759061634,24.408239528822605],[84.66831974046691,24.40958559764779],[84.67216775229322,24.411014070518576],[84.67360905424692,24.410129062305735],[84.67316912505761,24.416938810003998],[84.67499465000938,24.423170473272886],[84.67617601260811,24.424678180055185],[84.67528430498044,24.426696992355694],[84.67069468311043,24.428075857240504],[84.67130312584035,24.429920105669677],[84.67255343348492,24.430553248105447],[84.67711380774077,24.43548603332557],[84.67885259277641,24.435461334884927],[84.68038273253858,24.441289010954364],[84.68209821091408,24.44453794274882],[84.6811887547485,24.445975650248357],[84.68360473174927,24.450097008806644],[84.68388728832193,24.451816504082238],[84.68563816663502,24.45551705486615],[84.68793454815285,24.45764765728058],[84.69465784901737,24.4592445627624],[84.70071934463299,24.461606801306544],[84.70303399259639,24.463130736950262],[84.70340490549546,24.465436157765232],[84.7050887617223,24.466855203627343],[84.70743431586997,24.467324128683874],[84.70826559361731,24.469154855215677],[84.710338906429,24.470877958247183],[84.71593329820391,24.471946574117506],[84.71721617816016,24.470040741295406],[84.72066459880703,24.468594312878178],[84.727213420056,24.469144237331097],[84.73011765935507,24.470887340385087],[84.73070218991343,24.47243433501544],[84.73430261186338,24.474870624851338],[84.73552227142851,24.47696924722991],[84.73689359609175,24.476924273403018],[84.73825537278691,24.4791254477586],[84.74353467940155,24.485040270401562],[84.74566256510832,24.485801194647923],[84.74635795323262,24.487071958409206],[84.74704249962268,24.492305921880032],[84.74900053979306,24.496122234329253],[84.75051745474836,24.497246483144167],[84.75345869091379,24.497986045799863],[84.75568189415479,24.500008621611272],[84.76242817734295,24.500039115237442],[84.76987188629089,24.501484870371325],[84.77766099998362,24.504285463549206],[84.78156360412153,24.504207381257977],[84.783080081647,24.50343601207888],[84.78612467748155,24.503490112165515],[84.78942607015124,24.507301010209495],[84.78898323038797,24.513750176778238],[84.7893180981277,24.517994293041458],[84.79003618610301,24.51886800676926],[84.79454569338458,24.52000980850937],[84.79732440890686,24.52254598511632],[84.79716777738781,24.52495151058635],[84.79954850982158,24.528407284913374],[84.80213715555067,24.53051427350283],[84.80373975817369,24.529888325572436],[84.80437481645376,24.52780507216162],[84.80752959938641,24.52474092174561],[84.80838786808565,24.52190071683681],[84.81136168656337,24.52163303313614],[84.81824039560385,24.52398074062678],[84.82351582964921,24.525141036127724],[84.82586321849216,24.525218247933694],[84.82705627771283,24.524342992878424],[84.83492046561717,24.516510479067023],[84.83662764941134,24.515589766315443],[84.83881257900717,24.512667368066868],[84.83994459032257,24.50807522194871],[84.83941991985583,24.50349980125296],[84.83815182305018,24.50020926248597],[84.83806310741637,24.497473635521857],[84.83678103991835,24.4973354890749],[84.83439268529999,24.495373650596715],[84.83378253401541,24.491075099663554],[84.83476230453688,24.488588540630307],[84.83455083026215,24.48524212469592],[84.83528353798235,24.484971369852985],[84.83328341298213,24.477589911219464],[84.83328000087357,24.47490870566957],[84.83409170370597,24.47321526078772],[84.83278131579345,24.470155502708547],[84.83445036135919,24.469423443481272],[84.84073000598066,24.46888934448215],[84.84095501932134,24.466583849167655],[84.84013365334879,24.460681964370895],[84.83750986765939,24.460277068242345],[84.83694715720632,24.458865193859346],[84.83987206720529,24.45232421446792],[84.84175278542425,24.452405689813045],[84.84882021451374,24.45441775007442],[84.8490523603636,24.456251641438964],[84.8515629877724,24.463401216750327],[84.85369322950778,24.466473754844692],[84.85537240067681,24.466238358501215],[84.85635336431598,24.46474230550345],[84.86305134490598,24.461319857199715],[84.86390220714138,24.46000662506369],[84.86406071622781,24.4572741052237],[84.8679086236981,24.457049660780477],[84.87095655600888,24.458134897297942],[84.87302391550223,24.46279857352563],[84.87263251683281,24.466257664695302],[84.87525503808541,24.467114962699377],[84.87714353765071,24.466944109495966],[84.8797176151963,24.465726649138304],[84.88188121661986,24.46392817725617],[84.88256578585944,24.4622872239348],[84.88388939189271,24.46277004019409],[84.88473549615343,24.465235886878755],[84.88734929876622,24.463166468267133],[84.88586149671104,24.459155953573678],[84.88611109599682,24.4544328775185],[84.88697673251447,24.45282025730251],[84.88514622747137,24.452495548672726],[84.88590942662641,24.444986978274127],[84.88463596396961,24.44093382771302],[84.88574462045881,24.43713059958613],[84.8875331912137,24.433354857726936],[84.88728267175934,24.431088759327],[84.88501965245062,24.42781031093185],[84.88534139901593,24.42589032371885],[84.88207806416679,24.424588327700274],[84.88678539218951,24.42118607390633],[84.88772967435648,24.41814834294667],[84.89004846059261,24.41646671160449],[84.8913656639601,24.414499726668936],[84.89120458071363,24.41001523060718],[84.89255468545524,24.405180248869158],[84.89717375216728,24.40021274403914],[84.90436777820972,24.395411631511884],[84.90492104091726,24.390463610955884],[84.90657663186842,24.387321712687836],[84.90922843232772,24.383608093249588],[84.90821393389525,24.381484191872957],[84.90289969330013,24.378298668616512],[84.90078296132329,24.37648984861609],[84.90408679582869,24.372171314962795],[84.91129699625702,24.373033636438496],[84.9165756881761,24.37324223617536],[84.92300755709033,24.377566025817643],[84.92921938746773,24.37873645374811],[84.93744496458714,24.379696338529637],[84.94156884440122,24.376201830655702],[84.94282108173715,24.376001268754866],[84.95147913696754,24.372294397012947],[84.95522647330974,24.371471072519068],[84.96004228712185,24.373254390931752],[84.97156586363685,24.374937166926948],[84.97469309834129,24.374618023980425],[84.98168543938593,24.38120748164434],[84.98185819710397,24.3834196661605],[84.98304321773902,24.38474895046666],[84.98398823114213,24.387396801492297],[84.985556978586,24.38755568153779],[84.99079919200801,24.39052240370507],[84.99406974231786,24.393225963414007],[84.99786331390744,24.3950077699484],[85.00137607461494,24.39840817920389],[85.00438889538674,24.400444471706752],[85.00536191506947,24.401998841562904],[85.00742081558049,24.40281470680508],[85.01088607122689,24.40554223513384],[85.01439821653113,24.406933547215083],[85.01744460293277,24.409687397283896],[85.01950799676334,24.410882262171896],[85.02253338372476,24.41169936261845],[85.02556748775564,24.413211530860117],[85.02821114326967,24.415337099719853],[85.03149873096748,24.41573454895225],[85.03522841952713,24.41454912358121],[85.03742218430082,24.41298982017351],[85.04100447923248,24.415188234258252],[85.04241253882404,24.41400710649903],[85.04539701246556,24.409113657812874],[85.05067748880485,24.40741189658427],[85.05292522920578,24.4074227705724],[85.055116173784,24.406445426604957],[85.05515763026257,24.40757589568419],[85.06187459797222,24.407351869417706],[85.06278459825569,24.408693768355008],[85.06535880678297,24.418235265485965],[85.06736385557664,24.422756292053677],[85.07460103950248,24.430131851903298],[85.07956171430224,24.433419286218108],[85.08059424291248,24.428175009357776],[85.07966293799383,24.424030054143206],[85.0787238692755,24.422146552375416],[85.07886146275669,24.41510473991141],[85.08082391652405,24.41487214352491],[85.0810781367487,24.416438846504725],[85.08287287753788,24.416282890619456],[85.08167914135231,24.413076503988993],[85.08049456858488,24.406732866599107],[85.0816109440385,24.4012764407502],[85.08174288994326,24.398387579318822],[85.07737549267001,24.398463947609756],[85.07610443952953,24.394584772509887],[85.07764088165811,24.393202676227588],[85.08014264653829,24.393404576421116],[85.07741106785087,24.387537862731183],[85.07271238103377,24.380776644520438],[85.07404761174816,24.37925075556221],[85.07385865784012,24.377363881166705],[85.07654062509431,24.376657592622045],[85.08434060401632,24.376449315190587],[85.08724172180735,24.374933009745344],[85.08891678365835,24.37226620061528]],[[84.51711065115909,24.260416739797567],[84.51360487521262,24.25759974331577],[84.51211937596473,24.257545569904384],[84.50718752206609,24.2595499788162],[84.50382365131664,24.260334713399168],[84.50306848279541,24.262006723757573],[84.50195856748387,24.270871584354516],[84.50338464738095,24.2775882314363],[84.50706868219929,24.280133964480708],[84.50914837945942,24.283167111957102],[84.5109309776107,24.281813036021017],[84.51514979329761,24.275909102712628],[84.51711065062773,24.271413261525446],[84.51669471182669,24.269192365421002],[84.51877440874796,24.267296447991534],[84.5222801848047,24.267079769391888],[84.52186424580005,24.264317092617368],[84.51913092803254,24.2611751520709],[84.51711065115909,24.260416739797567]]],[[[84.48481823038124,24.302234945165335],[84.47858165757256,24.302084854267175],[84.4757216367878,24.303048789304764],[84.47209025219713,24.306946251767233],[84.47207721480366,24.308139183708683],[84.46993809660103,24.313229373659958],[84.47046985807359,24.315476373737233],[84.47218421523601,24.314820782106917],[84.47572008217533,24.31661729504823],[84.4776590410782,24.316934086742034],[84.48018136877955,24.316107301909135],[84.481277463112,24.31405907765494],[84.48307713236413,24.312975747266243],[84.48699463718961,24.313573239604708],[84.49108778771463,24.318613233008143],[84.49263824851545,24.321324844577177],[84.49485766148179,24.322974288009398],[84.49573007518404,24.325809011866813],[84.50042281472949,24.329547232614598],[84.50380493030049,24.329961092263705],[84.50506243847377,24.331354564800236],[84.50610669360469,24.32811263817347],[84.5077956575021,24.325719437807813],[84.50737949520264,24.324526009917047],[84.50540415181048,24.324389675821198],[84.50328329587809,24.32048886958974],[84.49926954039026,24.319570209995806],[84.49791145109914,24.31737811178242],[84.49579465627369,24.316421284320484],[84.49071154274067,24.315605106632056],[84.4888502551446,24.314634348870904],[84.48535179133746,24.30656842310975],[84.48481823038124,24.302234945165335]]]]}},{"type":"Feature","properties":{"id":"20-227","name":"Deoghar","source_name":"Deoghar","state_id":"20","source_agency":"Survey of India (SOI)","district_code":"324"},"geometry":{"type":"MultiPolygon","coordinates":[[[[86.91725414793822,24.545499183431822],[86.91501370900988,24.54368406635116],[86.91466969260219,24.542122312581448],[86.91573488182652,24.538361521849247],[86.91780621017872,24.536609961968555],[86.91660992468798,24.533587586087467],[86.91655243841578,24.53084188726866],[86.91550912388225,24.52603646455555],[86.91394272682984,24.521140413380614],[86.91606118559818,24.5191092087796],[86.916354430236,24.51648140684623],[86.91776944436087,24.513010061735486],[86.91794946535536,24.5076222196398],[86.91753625224855,24.50485528045976],[86.91594046437247,24.500477020444613],[86.91780738697538,24.498220171951953],[86.91734527709582,24.495447194140446],[86.91570570342924,24.491638600924034],[86.9159372074997,24.490370530141746],[86.91464688956395,24.48752084366195],[86.9095739318484,24.486618822276903],[86.90906465503403,24.48117235677674],[86.90472568834255,24.476689970534412],[86.90487518087382,24.474730198034187],[86.90330343375311,24.472339614451638],[86.90541079022627,24.470928160442277],[86.90715433464746,24.471010539951024],[86.910140392149,24.46525644333232],[86.91020181735084,24.463805018033746],[86.90646437656778,24.460524258727645],[86.90457042523349,24.45975541546662],[86.90251968529223,24.457649750607214],[86.90184410294779,24.455643489729233],[86.90234718755511,24.450911946237436],[86.89907346614262,24.44848926214182],[86.89230516760506,24.448448555792744],[86.8888139787213,24.446820340573673],[86.88767428638843,24.44131916095602],[86.8883010925872,24.435322548271746],[86.88920478608438,24.43299768742234],[86.89336453027899,24.432119880662125],[86.89451852047324,24.432400643183453],[86.89697705690672,24.43487877834451],[86.90161521494363,24.432889255336747],[86.90180247306118,24.427772134245437],[86.89835907503938,24.42725407985548],[86.89729013720589,24.423860779110388],[86.90171716953306,24.423183951103244],[86.90196462481329,24.422091255092134],[86.89978904706112,24.416390762931655],[86.90052034275216,24.414666191731936],[86.90355057011048,24.411778008868854],[86.90502016924691,24.411941452198555],[86.90769177899118,24.41377655583959],[86.91176522487622,24.41412214496612],[86.91343094204102,24.413602600501275],[86.91492812733563,24.40999117011378],[86.91722180098942,24.411009158127197],[86.92042747347267,24.410812155916926],[86.92138998369123,24.412627742675994],[86.92498108732111,24.416414152692656],[86.92701033295758,24.41916846036095],[86.93487410888156,24.417222472483683],[86.93678653324112,24.41962572983899],[86.9402282505658,24.421469607340693],[86.9420332638513,24.421696102836325],[86.94547560813862,24.420933698070858],[86.94588132590924,24.419313094174967],[86.94389111260362,24.41377585551862],[86.94238271752769,24.412194702211938],[86.94057796933521,24.411634126245076],[86.94161430108514,24.409981657607922],[86.9354950471021,24.39829208078179],[86.93243883254827,24.39609600840672],[86.93005372557188,24.39334029745285],[86.92628722158713,24.391974729434068],[86.92644727640872,24.387838189684473],[86.92937796761636,24.384533913854224],[86.93142096759924,24.38138272223557],[86.93453679963778,24.38191696534265],[86.93713274686571,24.380783639951314],[86.93442991817537,24.378791912369554],[86.93177055880852,24.372929050699025],[86.93302454676225,24.36868735677971],[86.9356129768683,24.367888951669755],[86.93775221855711,24.359781159121923],[86.94394528081554,24.356522989324578],[86.94488133902796,24.357891689295556],[86.94766112382271,24.3593151267731],[86.950104790619,24.35764704708187],[86.95292513688113,24.356898009622395],[86.95785833516737,24.35719358404634],[86.96071807762141,24.355095392821827],[86.96515307209536,24.353647971472274],[86.96682952386541,24.351697441844717],[86.96701908658562,24.349096152066416],[86.9664169014111,24.34606148698008],[86.96654620191711,24.341708170790344],[86.96562026605386,24.338754527729158],[86.96547341488464,24.334924996804585],[86.96460698893544,24.331158506723952],[86.96486451982416,24.32626320374716],[86.96648161289063,24.32438660227451],[86.96590054664904,24.32206363987477],[86.96329922933293,24.31910960829922],[86.9615306085104,24.31332603425037],[86.9652644515637,24.315080465429133],[86.96625792339947,24.31227304651666],[86.96911557232596,24.31074175248038],[86.97576912270513,24.309574225697556],[86.98140643734675,24.309981404764052],[86.98995149061949,24.304987504384787],[86.99473115732484,24.307688250376266],[86.99762864238006,24.309783652272888],[87.00273370677014,24.308600438171652],[87.00566084510955,24.309223558455262],[87.01114030643419,24.30752515991186],[87.01528928819687,24.306639645776418],[87.01931527147632,24.306986867619568],[87.02287409688964,24.304293859745822],[87.02593141649788,24.299286130679203],[87.02622169515189,24.29590953512811],[87.02554574099862,24.292841892963203],[87.02252811329731,24.291353023472638],[87.02365180157732,24.28470561507406],[87.02356463205776,24.280263171280346],[87.02465521574065,24.275161987901477],[87.02441830031445,24.272517786069532],[87.02681214402935,24.271169451463205],[87.02961917300392,24.267258016559],[87.03018493332452,24.2642277088788],[87.03157369268287,24.262926776449426],[87.03544988008797,24.26096140078917],[87.04004410020785,24.26087447466896],[87.0459644139768,24.257807315380774],[87.04800369402578,24.257431101882357],[87.05113161546608,24.25555566880427],[87.05401796971613,24.255274657940536],[87.05786926973046,24.254117111854175],[87.06510892965888,24.253717439500033],[87.06656653851303,24.251539382251167],[87.0651955212417,24.248288441149445],[87.05943159586418,24.24563542735233],[87.05788369102218,24.242772948165744],[87.05634677316955,24.24207803408014],[87.05354723415543,24.237445699860935],[87.05312247500589,24.234456247743626],[87.05377773603824,24.230622278059126],[87.05182022407335,24.229552261539276],[87.04682495399966,24.225209574015498],[87.04434196054257,24.221157135575755],[87.04463622751538,24.218887839275794],[87.04869433212244,24.215091648333043],[87.04732182067447,24.210938806342003],[87.04796036641864,24.209115775154505],[87.05065949654947,24.206931502163844],[87.05067788524995,24.205726156287003],[87.04913103514357,24.20383894545758],[87.04381232265,24.200589144276798],[87.0406952565939,24.196213085954785],[87.03797350304833,24.198934435512953],[87.03539830395361,24.200796055913358],[87.02861112457784,24.20446825256179],[87.02555715077582,24.207213905135823],[87.02333138326064,24.206211776588876],[87.02072194384903,24.20659151599929],[87.01670427799998,24.20797392230591],[87.0155094960263,24.207894672041796],[87.01210592277678,24.21291496935671],[87.00686683456188,24.213348847509724],[87.00334125625082,24.21459548846774],[86.9997269629765,24.214351675796937],[86.99558097451215,24.211669140908437],[86.99356207489022,24.211650976031173],[86.98849019509245,24.21450490437025],[86.98770239931557,24.213321600411575],[86.98169488361246,24.215199786216658],[86.9793264752372,24.214449806214265],[86.97683029522103,24.212344966725162],[86.97343253179712,24.213396709460607],[86.97255620286964,24.212534026693888],[86.97435982895499,24.209538874306173],[86.97430008398845,24.208289279447374],[86.97651692532341,24.201940056965704],[86.97469544646044,24.200458469903992],[86.975506178235,24.198727002922737],[86.97504076020475,24.197071561005576],[86.97808994717188,24.195424567280156],[86.97880336329365,24.190054160550538],[86.97883347227413,24.185845208522576],[86.97716481194874,24.18470242086946],[86.97810460243919,24.182772502190414],[86.97966246962218,24.18252967627325],[86.97938588066872,24.180713255526115],[86.97739368470754,24.179725063762415],[86.97214028802706,24.180204775377106],[86.97122361165782,24.18084027921842],[86.96707608406035,24.17871032562166],[86.96405676333914,24.17815624526076],[86.96163577633568,24.174840958300468],[86.96267995125939,24.17256506133892],[86.958811103693,24.172013192288432],[86.95767011028462,24.168833573673073],[86.95548673094106,24.16697343816015],[86.95801184245403,24.16362766919237],[86.94705526420555,24.164658035823564],[86.94460763925417,24.165523785948974],[86.94352939334748,24.161729050934113],[86.9377527822536,24.151223381691132],[86.93834307940617,24.14795840909172],[86.93658076649389,24.143429032478583],[86.93438390804786,24.136490615101444],[86.93676666869109,24.13442319603486],[86.94493541571167,24.134841794491006],[86.94873168123542,24.134112163644442],[86.95274442790046,24.130600912970515],[86.95521946556659,24.129125712621125],[86.9606848285384,24.127801405220453],[86.96205256973383,24.128406885538052],[86.96407048534212,24.12688097003553],[86.96604427669813,24.126983583198715],[86.96234396563663,24.1149404630266],[86.97047047436149,24.111599921222364],[86.97245396317811,24.109628517135448],[86.97507113588786,24.10899187578704],[86.97614917472292,24.107492027061856],[86.97275534578125,24.103308686933982],[86.97342492964613,24.10128560650069],[86.97259861548133,24.09996676047387],[86.97018827988826,24.098430898280196],[86.97120272723109,24.094104592134915],[86.97353834450666,24.092573357083076],[86.97458783152653,24.09088970186499],[86.9747751651083,24.088821425274595],[86.97771353666445,24.082015332837575],[86.9784455729374,24.07807714330128],[86.97686312503514,24.076014045356786],[86.97448331172147,24.07131688930945],[86.97393367842595,24.06653204388532],[86.97614112056597,24.06571855669204],[86.97658958960668,24.06451599293158],[86.97547842858684,24.06276354704628],[86.97586217549267,24.06128233455764],[86.9728914258719,24.062465080128053],[86.97042249794691,24.062293032570963],[86.96549547990503,24.05771273166504],[86.96281026814074,24.057567527157214],[86.95640823765852,24.053591848027125],[86.95535602701732,24.05046626416065],[86.9569492434854,24.04970451414846],[86.95929239940222,24.04612286742423],[86.95786678351801,24.04437925004195],[86.95551645617562,24.043863827309757],[86.95358954198825,24.041605224936255],[86.94981289235635,24.04134208006748],[86.94272131433087,24.042667422142777],[86.9406654843917,24.043461457674947],[86.935373985231,24.04379361947371],[86.93321962471038,24.044840467146393],[86.92973797174362,24.044811772674517],[86.92432687938185,24.04786213682429],[86.91896001113086,24.049606159389075],[86.91455640228376,24.054071324751128],[86.91816214173623,24.060513255609237],[86.91850192613033,24.06214710108446],[86.91661650143845,24.062607856517133],[86.91296842260176,24.06072717154399],[86.9074316666472,24.058908529393946],[86.9018099775543,24.058481605813235],[86.90048603084925,24.060502934015574],[86.89614439020689,24.065115915104066],[86.89511221618757,24.067572001804976],[86.88659904855496,24.06952926167719],[86.88280239114228,24.069210336993663],[86.88294336382432,24.06564273560145],[86.87948475363136,24.06141298500236],[86.87536190220067,24.06267419493767],[86.8699496691749,24.064864564371433],[86.86788464377432,24.064347922281836],[86.86494657603528,24.061292513818426],[86.86199635259156,24.060720831125966],[86.85997204127513,24.058795178259793],[86.85442427438477,24.05888941428746],[86.85069794529981,24.057549073705992],[86.85009197428411,24.05408112352856],[86.84748824532346,24.051698590289625],[86.84546201919076,24.0517597462241],[86.8385886001534,24.050352768924594],[86.83593105802126,24.05290478171861],[86.83301979749739,24.05946939937813],[86.82995918908291,24.06281511817157],[86.8257759497793,24.062915075652455],[86.8240575214939,24.061561090342583],[86.8226971813949,24.061660223968026],[86.82032407741262,24.06485745028626],[86.81875384935785,24.06506028503429],[86.81828397570524,24.06718424317432],[86.81925583570192,24.071940377739796],[86.8167533054486,24.07328898655495],[86.81481826664667,24.076311743740778],[86.81435077782784,24.07999625385606],[86.81508152586308,24.082648407081347],[86.81287090415825,24.083023514980255],[86.81173336370861,24.080484161687878],[86.81021059760066,24.079018996629525],[86.80941621268944,24.080551160562663],[86.80647151616498,24.079511181302163],[86.80528925127821,24.08061736659603],[86.80542388804844,24.082770464324394],[86.80270818887296,24.08302885511892],[86.8017879263845,24.08007412622149],[86.79918473982725,24.077541839249157],[86.79275965381818,24.078310031598832],[86.79307776314769,24.072509870105616],[86.79247933191029,24.070152351388405],[86.79346604737316,24.067174359691155],[86.79112062287324,24.063720884399626],[86.78992143914522,24.063141235121947],[86.7873515507936,24.064736349301125],[86.7841815315894,24.06506778062452],[86.78052072678314,24.067237669323543],[86.77886479925449,24.067562780812846],[86.77271350088715,24.06631581179052],[86.77093534746959,24.06946959711416],[86.76791372050148,24.071476778547403],[86.76713743279335,24.073686713746696],[86.76385897500269,24.07681413138769],[86.7620141838406,24.077226154503357],[86.75753661241438,24.080287647951952],[86.75863330042213,24.083016748347347],[86.76024827890373,24.08112808870368],[86.76130178737299,24.082730707281502],[86.76325829153501,24.08252754317271],[86.7651829811538,24.084481421412132],[86.76754266457924,24.085352065649193],[86.76664353240389,24.087455223334295],[86.76447596194377,24.09018769477105],[86.76125240825704,24.09276985903335],[86.75752510965464,24.091960127698304],[86.75406902794931,24.09335465378135],[86.75215095606873,24.093071565541248],[86.74698621932481,24.094880317994686],[86.74575531126945,24.096378119978112],[86.74303158770488,24.09571587787421],[86.74160523674908,24.097208922850427],[86.73956918245622,24.09618244720218],[86.73790707465125,24.09862865579018],[86.73418359745055,24.098695568252683],[86.73066011131799,24.10074065780612],[86.72913466820553,24.102531349268705],[86.72769643483659,24.101711623374126],[86.72310217231954,24.103923593942824],[86.72257865842408,24.105038828237294],[86.71848224947125,24.10682348282781],[86.71684324624415,24.106362803358167],[86.71182983837846,24.1071408071468],[86.70950098679337,24.1057138439479],[86.70737511799149,24.107320948731314],[86.69776358669773,24.112737277284403],[86.69732629761538,24.119362188263455],[86.69791418296927,24.120492306271952],[86.69807196790516,24.12459320627457],[86.69720113702586,24.12665085917305],[86.69756657416825,24.13024631226039],[86.69930861905782,24.134440602917657],[86.70463200438319,24.139264998218948],[86.70894371653851,24.138939072176672],[86.71209770733799,24.139872322065035],[86.71192033738647,24.141473680836032],[86.71445580932446,24.141714637408697],[86.71593154532445,24.14351338984497],[86.71360494869269,24.144775040022388],[86.71365244228122,24.14597487266144],[86.71608667135041,24.149086432794242],[86.71540167862122,24.151740587667604],[86.71613472532196,24.15407225325357],[86.71512692022463,24.155978896897384],[86.70692010628716,24.15898888366219],[86.70450496847306,24.16024192554476],[86.70359241716197,24.163357218240687],[86.6998796165047,24.1640758498413],[86.69559318046265,24.16587382782553],[86.69733859544998,24.161702936829087],[86.69623640938497,24.160248106114253],[86.69610514081326,24.157465969982013],[86.69236240112751,24.15430657367452],[86.69179076269185,24.150421410330658],[86.6903952952148,24.149479331460636],[86.69030147949921,24.14697827968784],[86.69176572702787,24.144415083255236],[86.69117981512706,24.14244488255428],[86.6884878216981,24.14248010483426],[86.68816613316507,24.13916925541937],[86.68667409987886,24.137513348782957],[86.68750611215025,24.135320200748136],[86.68522415273459,24.13477364307699],[86.6836534952718,24.13310851535689],[86.68331394747612,24.131111710647115],[86.68079917284605,24.12919778307346],[86.67809048372274,24.13007121916852],[86.67174234005053,24.130229368411293],[86.66925483571573,24.129284702594077],[86.66723634809445,24.129632529581574],[86.66278573375844,24.128647424207305],[86.65976692352852,24.129534912752302],[86.6563627041437,24.129184066327785],[86.65014753838665,24.131102939522467],[86.64362340788992,24.134357457007514],[86.64238304226502,24.13443585546338],[86.63568674027398,24.13229753332993],[86.627615065656,24.132076071210374],[86.62620482198935,24.133801139680322],[86.62540820983496,24.13614255817015],[86.61892889171345,24.13809153073148],[86.6173480194639,24.13966831292535],[86.61468204216129,24.139706617318872],[86.61233664192432,24.137433742191547],[86.60948552246344,24.13754526844898],[86.60748539091047,24.139948785226043],[86.60473535490439,24.141623209821457],[86.60027659324102,24.141710949330708],[86.59894269952,24.140217251465497],[86.59564037706733,24.13870925513462],[86.59500675401283,24.136734068452853],[86.59155042618576,24.137307489093004],[86.5890445805892,24.139188482006613],[86.58529163145272,24.14013571365986],[86.58279396808133,24.139415436076664],[86.57866883348774,24.13979249121222],[86.57331023648322,24.139260454174387],[86.57070591986512,24.143010260228564],[86.56775907233623,24.146443583469537],[86.56189498244257,24.150323058151983],[86.55729318274686,24.152086881974988],[86.54978463941329,24.155656271790882],[86.54685369098512,24.153825071677204],[86.54276446983108,24.153835412344126],[86.527647258807,24.15521723702066],[86.52659397514269,24.155521829458365],[86.522908565717,24.158663950509656],[86.51696056316784,24.152455420351767],[86.51345613793039,24.149942439968694],[86.5092623198476,24.1500056613289],[86.50453396664219,24.148713349600712],[86.50149587365678,24.150211031351205],[86.50070142755062,24.151879438537204],[86.49763690757081,24.152862777747508],[86.49178080968287,24.152725993412],[86.48456341608637,24.151798251441267],[86.48381297085473,24.154150361503728],[86.4858165288085,24.156350813104225],[86.48745264061344,24.15935159998181],[86.48892999423764,24.16065336671371],[86.49188876772855,24.16536624688616],[86.4938260082432,24.169199526529592],[86.49565093582876,24.176010631470067],[86.49929118467536,24.18051472180284],[86.50057741762113,24.181532202585657],[86.50085688080227,24.18464039051532],[86.50017037496256,24.186928013493887],[86.50111871617963,24.1884230277441],[86.50248621552123,24.194308769171673],[86.4991017501834,24.199840845527504],[86.50137240761853,24.202632552474327],[86.50359498104989,24.203081190282145],[86.50657773919532,24.20509248261505],[86.51020234536725,24.208250700947634],[86.50583146600422,24.209728980834026],[86.50964550259349,24.21755561232771],[86.51140766657227,24.22014041013207],[86.51394898747897,24.222313364560346],[86.51556898437774,24.222646437633294],[86.51515766457923,24.224525183521784],[86.51134603005649,24.225983786465203],[86.51145838581922,24.22881363149615],[86.50990500889405,24.229224270005055],[86.50739321306146,24.23129979468233],[86.50883640427654,24.233237247755042],[86.50874666269135,24.236091001543763],[86.51477080980467,24.24028777051544],[86.51237385992322,24.24318351852346],[86.51161477742964,24.245935783176325],[86.5086901002305,24.248274635818458],[86.50747976371714,24.252666636554675],[86.50930749176128,24.25424662196239],[86.50716190600546,24.25625457365259],[86.50785842481933,24.257924771501827],[86.50975678815736,24.259352376188865],[86.50903649151904,24.260703487770424],[86.50986434915066,24.26317175813348],[86.50818481959594,24.26649111395747],[86.50744502573531,24.269775230602907],[86.50618074704445,24.271102103544667],[86.50502724495335,24.27565368080373],[86.50354273129138,24.277428069086508],[86.50357464557045,24.282072920285508],[86.50284935416742,24.283642005716658],[86.50051762839134,24.28526912112371],[86.4946358486297,24.285087193954368],[86.49091913844357,24.28558957605247],[86.48678461288758,24.287775168031708],[86.48483494535769,24.291647453133823],[86.48506818360315,24.29679650710754],[86.48313003055773,24.298713148379523],[86.48064463883833,24.29847849531526],[86.47776288083926,24.29995126161668],[86.47605802433594,24.302970296717227],[86.4750589641346,24.30867482718191],[86.47343404331022,24.311697996844234],[86.47181076618294,24.312474974947214],[86.47090850950624,24.314302417864862],[86.4711786656552,24.316588965640676],[86.47272892777471,24.321645290620157],[86.47217713673838,24.324493991255473],[86.47396848584374,24.326978207308613],[86.47428874536324,24.3305919485242],[86.46771703129384,24.332294127071307],[86.46150490036462,24.332445449186817],[86.46030626489808,24.334146676880557],[86.45661631248967,24.335018495078447],[86.45655434944953,24.336290731254472],[86.45896806032317,24.33905663284472],[86.46143747861099,24.33946118845375],[86.4634659699631,24.34232232051227],[86.46575312985283,24.34416752106794],[86.46540393931913,24.345625695838397],[86.46842559234331,24.34912253204989],[86.46902398705112,24.354092398168135],[86.46461111678774,24.354100159435237],[86.45792104918685,24.355403676654806],[86.45569393820897,24.356534159032385],[86.45530241937449,24.358354841734833],[86.45776961220196,24.365170073871706],[86.45633790690394,24.369220550342256],[86.45603852927508,24.37194048952535],[86.45653403304034,24.375181003064906],[86.45776415337627,24.37807546499926],[86.46024615969904,24.37874364796451],[86.46358869733373,24.378791612724072],[86.46703120859424,24.380862965884475],[86.46761350449155,24.383104759059187],[86.46679834340162,24.38469148611492],[86.46987921652567,24.388396233147944],[86.47019550810643,24.390591975012676],[86.47207704991058,24.393470522864995],[86.47024313694254,24.39731298085887],[86.47019732449863,24.39937178971187],[86.47151355937946,24.400919684192164],[86.47087351504148,24.405433200025886],[86.46921023127811,24.410896809965756],[86.46757257392902,24.41285528731777],[86.46620796880597,24.41758735836236],[86.46765738826704,24.424898547054877],[86.46856854404528,24.425989991294536],[86.47263340924383,24.424675684401635],[86.47711717905605,24.42449342594542],[86.47961779758005,24.428105534720494],[86.48103911938415,24.427884614992525],[86.47725200905735,24.434437087760426],[86.48092737313353,24.43412738640408],[86.48375484771766,24.434889561866655],[86.491254562135,24.42798603414968],[86.4918262471979,24.43149760118284],[86.49322344469537,24.43486209011007],[86.49420730840639,24.440491956790016],[86.49586875251167,24.44196065831314],[86.49676685572238,24.444365965900825],[86.49575058423132,24.446873430226987],[86.49543788365241,24.456057449162834],[86.49400226114548,24.457660959568294],[86.49273918796864,24.461508480188776],[86.49075754835769,24.463962770942],[86.48865891156653,24.465531858806106],[86.48478446905668,24.46632919846351],[86.48358089026081,24.467608931883234],[86.48425772117439,24.469246265712503],[86.48721933778494,24.4709863395468],[86.48897711953099,24.47319752997711],[86.48846726850333,24.476541641913244],[86.489662342601,24.47762401784136],[86.49227096112983,24.47812167499714],[86.49027362199837,24.481171125536015],[86.49077258628395,24.483766752389386],[86.49344494469602,24.487152338478076],[86.49366722714458,24.489190581445712],[86.49280449481482,24.49074575142617],[86.49635955295528,24.488618376051356],[86.496752816057,24.490237028329137],[86.49924702867517,24.48894332816489],[86.50029938073351,24.489363688599994],[86.50279859292228,24.49379730532311],[86.50190616290398,24.49737090074135],[86.50255604550996,24.500386253795167],[86.50122471738436,24.505647053753727],[86.4997562677465,24.509811608718643],[86.50300742966618,24.511542453321926],[86.503713294021,24.510602596453825],[86.5067535602205,24.51647508069173],[86.50914240841294,24.51988288276313],[86.50944996240298,24.522051408203076],[86.51170353077144,24.523883123038896],[86.51539061812525,24.525195485524904],[86.51621431823563,24.52745155722652],[86.5146131986999,24.528617109941457],[86.51555891891743,24.529466362744348],[86.51527295166657,24.531459169815665],[86.51671784487986,24.53529238282214],[86.51969753551893,24.5366710143572],[86.52022109637407,24.538192099562117],[86.52254175357125,24.538307872641834],[86.5239669345802,24.54016890129589],[86.52854012122873,24.544395287431126],[86.5343306146561,24.540667699155343],[86.53731585636446,24.541107117899887],[86.53958775202427,24.543213526627866],[86.54263869622807,24.543318246006233],[86.54515518397017,24.54190783702036],[86.5481920162107,24.538927149745447],[86.55247112723279,24.536048084584884],[86.55200967807419,24.53893189515421],[86.55267207055634,24.544292459993788],[86.55480452498365,24.54719863015654],[86.55818060178994,24.550558902494497],[86.56122083543698,24.552636348494058],[86.56302545329471,24.55323830605614],[86.5630962872597,24.555300244614653],[86.55934195323685,24.560203991402048],[86.55800162020296,24.561191341231414],[86.55905358081796,24.564763567175824],[86.56315499226321,24.564294052578344],[86.56335410558263,24.565358076961953],[86.56656462474949,24.5663535431411],[86.56976000461547,24.564700928340873],[86.57465820864279,24.567416447052324],[86.57581436378598,24.565640817769342],[86.57777456638594,24.565897613688993],[86.57890897190019,24.567432433260688],[86.58050766800211,24.566627747397863],[86.58521270267619,24.574317444059016],[86.58939295799837,24.579567071395125],[86.58847734536428,24.58473058923635],[86.58912422888201,24.586285818812627],[86.5889376757104,24.58895859539537],[86.5929140969426,24.593286405447444],[86.59763260142391,24.597308950386083],[86.59776527534802,24.60060927477023],[86.59943074431249,24.600285082759385],[86.60322880465841,24.601884709852474],[86.60421459530991,24.6056623792357],[86.60342904334237,24.60812084291853],[86.60812109174654,24.60742052673349],[86.61502011908955,24.608726315999867],[86.61530378800633,24.606096754921648],[86.61330684830706,24.60573626185143],[86.6116145763101,24.604032001328548],[86.6106721402909,24.59935946897968],[86.61312584273863,24.59881460792556],[86.62099551040976,24.60013767444161],[86.62423328141145,24.59986905256885],[86.62379162568682,24.594642378139888],[86.62494032985558,24.59008478288441],[86.62905840711933,24.588042241666496],[86.63161324859459,24.58494085678114],[86.63818274751543,24.582699219902928],[86.64290862733533,24.58194253645087],[86.64634397144332,24.580427512278145],[86.64784208230672,24.579178140680902],[86.64829312252625,24.57623930583785],[86.6501568019178,24.571706701670642],[86.65287683801459,24.569891110009273],[86.65569080587635,24.56951198507444],[86.66207277132477,24.567407751907957],[86.6694276951775,24.56611103862754],[86.67364978610168,24.566703034673825],[86.67677725496357,24.568262091809665],[86.68039833754804,24.571996230949463],[86.68336090324253,24.573362580502092],[86.68815007542437,24.571507829689608],[86.69218717600212,24.576821164059247],[86.69555358099068,24.575677123553422],[86.69710941573454,24.57342627050503],[86.70094608096032,24.57481449713989],[86.7030484160418,24.574762604300513],[86.70679023473306,24.575620077088825],[86.7177347047118,24.581445923038956],[86.72160809274315,24.58309860494642],[86.7243989515961,24.583238222522624],[86.72738707976912,24.581250288924224],[86.7294734561061,24.580931900536243],[86.73331004175955,24.579066482447672],[86.7350034354287,24.579472606676728],[86.7359445376381,24.58168215784316],[86.73561617254371,24.584317604764077],[86.73976835201397,24.58542924115649],[86.74240143840744,24.587699222880353],[86.7430888628602,24.58967832041965],[86.74749967639475,24.594309867578538],[86.74959877088064,24.594844546648353],[86.75024503311414,24.597114155957403],[86.74847291354574,24.60409260425698],[86.74931322488158,24.608745284602296],[86.75076184271224,24.610571981083442],[86.75125155279122,24.61274036894083],[86.75343289092413,24.61796283370459],[86.75914197214554,24.61681376452427],[86.76072755845689,24.617673362043938],[86.76844564826408,24.617658864191405],[86.77145472378997,24.61850482754618],[86.77880794402998,24.617427595247154],[86.78385442219552,24.614999218801092],[86.78706116576797,24.61637757132834],[86.79096562173108,24.612859065488504],[86.79543174136334,24.60781156563839],[86.8066123772752,24.59890570788889],[86.81090219566249,24.59914769616081],[86.80612613793485,24.593785005113432],[86.80705070964837,24.591078001029842],[86.80876767552115,24.58901464980866],[86.80835925305938,24.586333622643284],[86.80966891325731,24.58444721661583],[86.80980922195668,24.58168481610142],[86.80320382735759,24.57825965012804],[86.80149918145023,24.575289084805544],[86.80212336694409,24.570238440457818],[86.80543573005397,24.56931459418618],[86.81024499231752,24.569429122665127],[86.81131462668434,24.568872561968217],[86.81612951638199,24.57041176081754],[86.81813069930726,24.572888778564824],[86.82192451877326,24.574584675063395],[86.82221848390303,24.575511039851314],[86.82436419675533,24.57380080942904],[86.83183398624271,24.57269813449847],[86.83291780222773,24.57290118391719],[86.83513072166691,24.576165498689218],[86.83771495792496,24.575962243054374],[86.84382860152016,24.574610101970972],[86.84375626055404,24.569279445179916],[86.84228065358516,24.56681009690691],[86.84088275565885,24.56274860270727],[86.84234500309405,24.560611555181787],[86.84448903264355,24.55928777822567],[86.84803763133381,24.560048950764408],[86.85193422600383,24.55944349580813],[86.85624596373852,24.557141894466913],[86.85677861249816,24.55464132344553],[86.85999874605044,24.55597378599762],[86.86308467775213,24.562622325516365],[86.86080303748093,24.564064218859823],[86.86119300288,24.56631718585759],[86.86457812529856,24.567770159316666],[86.86788897439945,24.56689979255519],[86.87138908904755,24.56808063371708],[86.87705767557257,24.570894262397953],[86.87969503999493,24.57404727910221],[86.8813188133312,24.574092288228982],[86.88265619702196,24.572346801617496],[86.88292885380199,24.569758340254268],[86.88833344587538,24.566949330511594],[86.8870996586967,24.56246977762574],[86.88873953050329,24.56083939989115],[86.8932319732613,24.55976154978514],[86.89509922698475,24.559739784132088],[86.89564418337275,24.561161279323922],[86.89747986137623,24.56074414153651],[86.90069568458411,24.55892793478403],[86.90496836135672,24.555075098823494],[86.90483927608032,24.550417693013063],[86.90651745536522,24.55025107898623],[86.91157271301333,24.546942631315922],[86.91296916690844,24.546927292886128],[86.91725414793822,24.545499183431822]]]]}},{"type":"Feature","properties":{"id":"20-228","name":"Dhanbad","source_name":"Dhanbad","state_id":"20","source_agency":"Survey of India (SOI)","district_code":"325"},"geometry":{"type":"MultiPolygon","coordinates":[[[[86.46615416081413,24.019228537533373],[86.47053617872989,24.016342345992083],[86.47640728167113,24.011214121170806],[86.47896092335083,24.009452520999165],[86.48583569428116,24.00647705090326],[86.48899143363253,24.0040192174853],[86.49643018590325,24.000018105023397],[86.4990996771679,23.999398412353813],[86.50716478339936,23.99521164311846],[86.51322383496465,23.991332965908615],[86.51655264970611,23.990165408184485],[86.52007956945067,23.988153264599923],[86.52538733069534,23.986787061804424],[86.53516597152594,23.989166030410605],[86.54162269073433,23.989754426316274],[86.55065282292838,23.989266810216808],[86.55564113188704,23.98785664025691],[86.56686121163477,23.985961721085168],[86.56999810664396,23.985681510574302],[86.5733927143462,23.98473357636125],[86.57808258876442,23.984493590088142],[86.58202789765595,23.983456645091447],[86.58660010246231,23.980045804491485],[86.58850793568482,23.976672810695746],[86.5914660991546,23.973212885971613],[86.5956835234572,23.970324369733024],[86.6010404343812,23.965347719578904],[86.60336328885674,23.959767406524996],[86.60643822447696,23.956957216071718],[86.61295383548638,23.954438115498522],[86.61663370702878,23.952457835906],[86.62229737966986,23.948136311620253],[86.62813393915393,23.945070538533347],[86.63681090109603,23.93828089819814],[86.64362894440528,23.93536130805219],[86.64684737660156,23.93349000191405],[86.64997899259401,23.93097710363674],[86.6529263670164,23.92747922691707],[86.6559873128137,23.925580260628358],[86.66059149573776,23.923440812282816],[86.66597051284246,23.921772478189236],[86.66971522734733,23.921337953033426],[86.67437557291974,23.920146602340395],[86.67904700541678,23.91840409816999],[86.68421653201798,23.915269137669622],[86.6896925598181,23.910747971107586],[86.69219563900441,23.90919986797902],[86.6964246217007,23.907621913586983],[86.70910377145007,23.904924206230184],[86.71409858668662,23.903127052318734],[86.71709871074229,23.901389311872304],[86.7186937255231,23.899775399090352],[86.72098116048247,23.89590468388362],[86.72468987430054,23.891137727423335],[86.72621818328226,23.876711197683544],[86.72844699846156,23.867637582447482],[86.73058416093247,23.864645545998968],[86.73566763392054,23.859921505789575],[86.73914173907808,23.858325545830144],[86.74315772336888,23.858747712780676],[86.74738285650137,23.862765085284547],[86.75110323413585,23.8637375330825],[86.75395673349084,23.86618083283429],[86.75619584589306,23.8663017952136],[86.76100093461147,23.86499961271136],[86.77099606541134,23.861202994520607],[86.77517428036576,23.85878845041748],[86.77981616656126,23.854992448694126],[86.78649981527965,23.84556292683208],[86.79175898988196,23.842110672315076],[86.79870296237628,23.834812568384482],[86.80043150983138,23.83378533546247],[86.7995330047179,23.83138127932147],[86.8011348830981,23.830012713167037],[86.80410135063121,23.829698037684793],[86.80765078312598,23.82304551457972],[86.81029918605276,23.82141391299864],[86.80883946283267,23.819190170419525],[86.80701541894713,23.81107667748781],[86.80688067334174,23.809206796785993],[86.80546091642437,23.806712056606692],[86.80402428395139,23.802338586481916],[86.80474459160445,23.799819364527174],[86.80898729324302,23.79852395811476],[86.81068799679595,23.79566285864289],[86.81485749731196,23.791612182150722],[86.8187817667391,23.78603469613063],[86.82574251628317,23.777479768075665],[86.82613237336167,23.772060744213796],[86.82801494012882,23.765929752580956],[86.82851362438589,23.759788148402503],[86.82831611363818,23.75321224586994],[86.82661209509223,23.750536702109088],[86.82311272015352,23.748271598167538],[86.81655715201951,23.746738566477156],[86.8133036465344,23.746451627097965],[86.8117716337609,23.745075420319015],[86.81033146590678,23.73756503128719],[86.80766383534014,23.72997440910927],[86.80820215609359,23.724158038537634],[86.80606956868968,23.719892016098004],[86.80573908942796,23.717841205519363],[86.80428013254189,23.715951616365516],[86.80359847552384,23.712518368133573],[86.80126783504308,23.709724347273877],[86.80071313844803,23.70676999213235],[86.79907822770377,23.704618071437586],[86.79913069114879,23.699819345912083],[86.80484661987222,23.696435511178247],[86.79997394045829,23.689616061571165],[86.79858311695597,23.68831360479931],[86.7934532537052,23.688460450883678],[86.78945285936888,23.68758795585055],[86.78170351755392,23.68433631046667],[86.78032752422999,23.683291098465926],[86.77694169290554,23.682671444841283],[86.77120169178936,23.680778711548164],[86.76563029228089,23.681149777255314],[86.75577182421702,23.68004181741227],[86.74806251972284,23.678906571732515],[86.74536022207518,23.67989864438646],[86.74364502515411,23.68436691733771],[86.74310932396922,23.68827048433667],[86.74201291480597,23.691418761956758],[86.73964311441438,23.69441363497107],[86.73055466410231,23.69718917714522],[86.7251473212875,23.698471450657735],[86.71822094796467,23.699046189684037],[86.71300365459837,23.69853078010718],[86.70926808032165,23.69715639432687],[86.7047480824744,23.69691657697311],[86.69440027083849,23.692452538447668],[86.68265950575125,23.68834630651671],[86.6747073404518,23.68740856848458],[86.6645660176614,23.687323830874554],[86.66145744386371,23.687091320602725],[86.65594968303834,23.685381046850395],[86.64700474087228,23.68174803565304],[86.63424819214572,23.677066756075337],[86.629436282845,23.675790800176852],[86.62165516066369,23.674319592693426],[86.61865287116804,23.67424728904973],[86.61478676277716,23.67496038083339],[86.61030665687548,23.67516932660452],[86.6023619256563,23.67468524167264],[86.59824735982423,23.67381867347713],[86.59593538379988,23.672410496965906],[86.59616507095258,23.671074335633282],[86.59919227535576,23.66564456842407],[86.5918480471318,23.662236624930316],[86.58400198407998,23.656328284102162],[86.58141718529227,23.655120011978607],[86.57820922923369,23.652509955426012],[86.57456608364618,23.64762798246234],[86.56894809597433,23.645542323660962],[86.56374086190871,23.642586854382404],[86.55906216357845,23.64165723286944],[86.55594204473343,23.64055218711049],[86.55298242954254,23.6401462217163],[86.54419029978774,23.636589025227792],[86.53844873166767,23.63260164131742],[86.5287859405673,23.629797015586824],[86.52711691866989,23.62955598002126],[86.51216257141249,23.631898121874023],[86.50550468004434,23.6334902139028],[86.50072587953592,23.63504915689403],[86.49692355289318,23.63675051562171],[86.49062594442668,23.63761519211901],[86.48800965882621,23.63722722793204],[86.48437338031883,23.639464300088196],[86.47956045831837,23.6392134485153],[86.47629760917634,23.638564962257593],[86.47009302062926,23.638305353828844],[86.46781689738873,23.638685990576207],[86.46556522888845,23.64028602088069],[86.46097872632613,23.64462385277022],[86.45597694314935,23.647325192281386],[86.44981215526158,23.649055756472222],[86.44407615916852,23.65140181123049],[86.43492020586274,23.65320245269179],[86.42912195010057,23.653958068087917],[86.42428800072153,23.65616216786217],[86.42218137860927,23.658042099805662],[86.41567705211399,23.66515528952343],[86.41348293301245,23.667041880421735],[86.40973733830761,23.66914128592912],[86.40434443850134,23.6709271729823],[86.40025716256787,23.670685597132348],[86.39477378691218,23.668866908406027],[86.38975032850611,23.669416294988963],[86.38507904921303,23.672261137474347],[86.38295501867321,23.675576609013987],[86.38369071437857,23.68392536193656],[86.38347695815143,23.687691067381692],[86.38087133465189,23.691158139609215],[86.37647657728327,23.693380556913294],[86.37298110097493,23.69417034662749],[86.37135409240402,23.69597016657486],[86.37158407743699,23.70120987487965],[86.37413587488231,23.708420318650198],[86.37333639746844,23.710185941340878],[86.37167056609613,23.711084152371974],[86.36526548585738,23.711724774519816],[86.36295965285339,23.712348301516222],[86.35672851551521,23.712249620771697],[86.34651855270562,23.713841796295014],[86.34476420316095,23.712910161344393],[86.3431793523897,23.708733419483995],[86.34107923829801,23.70500324337651],[86.33935787644278,23.70398436622402],[86.3351213449548,23.703794670926918],[86.33093670396212,23.7049869108393],[86.32952114935377,23.70750080322047],[86.32841091309109,23.70764916461335],[86.32428659292768,23.71021788468449],[86.3228430715405,23.711621375097256],[86.31980211786352,23.713182908968115],[86.3140812007225,23.717900809818524],[86.31099472261579,23.71998611516192],[86.3088173705337,23.720859173430043],[86.3041366922529,23.720029808297326],[86.30206412283792,23.71912251135887],[86.29648479802012,23.71880050444314],[86.29275025833608,23.720433544766642],[86.28756883238724,23.72023327777863],[86.28178605986639,23.718099671430387],[86.27649346405549,23.71486886172923],[86.27417544580197,23.71430052100451],[86.26953941043607,23.71194538705718],[86.26678309093428,23.711101155331882],[86.25968614726766,23.710586995933614],[86.25186179089249,23.712125272808336],[86.24781982509361,23.711550883788565],[86.24358823834262,23.712520660060814],[86.23997228238355,23.712611022017306],[86.23291483614288,23.711281304854843],[86.22817681071196,23.710746251600828],[86.22317433447606,23.711685804404546],[86.21535812766437,23.71241710967685],[86.20874866831149,23.714072997074762],[86.19627112804869,23.71929969627041],[86.19089841452069,23.719539058378338],[86.18885306707286,23.720470290907237],[86.18220567314745,23.72609504373792],[86.18284303544583,23.729815323579825],[86.18852664146405,23.733272844553213],[86.18898616922401,23.73511325516669],[86.18846009703428,23.737698198234973],[86.18895906950353,23.740293005053804],[86.18805065563765,23.743602950579863],[86.19136077352425,23.749409811771095],[86.18907264795894,23.75051223673425],[86.18612075598459,23.75339707366452],[86.1863482795589,23.758091797968408],[86.18548989575463,23.75939095201235],[86.18166675471643,23.76199506274349],[86.18314663687367,23.76694740292353],[86.18287186243758,23.769651319172326],[86.17941995887459,23.77203973702028],[86.1758623434732,23.773005010049665],[86.17308310882787,23.77468394824138],[86.1719687878958,23.776696661072485],[86.17194254086569,23.778514174546345],[86.17385206855126,23.781922658823486],[86.17395008707584,23.783880833949404],[86.1726118682443,23.784806211573162],[86.16682218126536,23.785411869620184],[86.16172602348345,23.793811094993092],[86.16142104715532,23.796600328122622],[86.15991941460112,23.798491106264123],[86.15955755231045,23.802498303556565],[86.16041038266412,23.808778830017932],[86.16284334683077,23.813825051356336],[86.16117468741614,23.820488238286604],[86.16107867035613,23.82321084775377],[86.1618895698843,23.827275110818942],[86.16050719418982,23.828875215260126],[86.15864951128466,23.829194783012348],[86.15506950383198,23.828637845995775],[86.15382918418712,23.829141383191047],[86.1514623878653,23.832255817743185],[86.14966131093367,23.831923630268545],[86.14646348386286,23.82945303442614],[86.14346723724944,23.829711956931035],[86.14203770139629,23.832106473106524],[86.14259609401141,23.834916203425273],[86.14184405341081,23.83693286555012],[86.13544066787411,23.84236590574499],[86.13549209663171,23.84460835198889],[86.14046303428218,23.845365373618552],[86.14168775845033,23.846144420748953],[86.14139435067817,23.848244707102722],[86.13705530590255,23.852102180611034],[86.1365556845307,23.854154080264326],[86.13894091811412,23.857292387988398],[86.13961999460301,23.8593001356957],[86.1367602131142,23.861096173511267],[86.129833110958,23.86163979258326],[86.12792884227459,23.86223871686081],[86.12628230595286,23.86394088898421],[86.12493787823098,23.868187257609563],[86.12412099767654,23.869167062195515],[86.11979434603946,23.868510186145542],[86.11685093524031,23.869527471408745],[86.11691619821454,23.87149229372209],[86.1185138051376,23.874883760733237],[86.11767705197599,23.878794263201616],[86.11502641265713,23.88151114155602],[86.11521593466297,23.88397336132268],[86.11891539386149,23.8860502853519],[86.11965824235779,23.88794345666787],[86.11861322881886,23.888865473587735],[86.11491333756486,23.887513402075204],[86.11470999971294,23.89044000069092],[86.11562500054163,23.892610000288126],[86.12153604413264,23.896308262773537],[86.12474947385252,23.89933312388921],[86.127719347326,23.90304083072122],[86.12729804129128,23.903988015951644],[86.12762438804248,23.90782368470373],[86.129855807114,23.909610675861114],[86.1281182349003,23.91663610539344],[86.13075613692729,23.919141357882094],[86.13229516005441,23.925194699688035],[86.13386460529576,23.92825600841695],[86.13594507703104,23.930437140779443],[86.1372344790307,23.932919208245124],[86.14123359251901,23.932047939572765],[86.14494851567855,23.930530992158964],[86.15073920975271,23.93016732329354],[86.15385023213472,23.93211272075419],[86.15668200950944,23.933104886287264],[86.16099135164545,23.9335162697118],[86.16597104733287,23.935760801660294],[86.16926823500363,23.936437964267903],[86.1704699833749,23.9390636760536],[86.18026830793592,23.939088913157182],[86.18425930097703,23.938613623966692],[86.18887605126979,23.940385963733757],[86.19138361081009,23.940688881019806],[86.19450307039148,23.942845483641744],[86.19927336510216,23.941917006288804],[86.20297020086406,23.941593002505176],[86.21092558797714,23.937452387426557],[86.21267819822855,23.937420566029783],[86.21437448769147,23.938887730818372],[86.21952170629619,23.938403423200487],[86.22038363887748,23.93982805818029],[86.22237555912824,23.940880288504275],[86.22784351830983,23.93708568241015],[86.23084289243779,23.93590150587286],[86.23222219191825,23.93896204390829],[86.23743090469108,23.937053797562655],[86.23990002196291,23.93544750745097],[86.24423007207855,23.93428981194398],[86.24534813905157,23.932370663473538],[86.24710199022147,23.9312113997858],[86.24931101497198,23.931703376598147],[86.2504485024684,23.930701000832762],[86.25115370690763,23.928357550073894],[86.25262182612154,23.926527447498533],[86.25639712711371,23.925563064638617],[86.25867272544873,23.921554646373437],[86.26768725721718,23.921156753075426],[86.26960181617443,23.92279744474721],[86.2729747079987,23.92430946441958],[86.27417895476906,23.923164442133878],[86.2793993977002,23.924135125169865],[86.28255593480631,23.923332402678916],[86.28381739537205,23.92058271746781],[86.28668902703774,23.920236277797784],[86.2871054950491,23.917234043945346],[86.29093058206627,23.915996768868748],[86.29276969959143,23.916329679242686],[86.2934275286705,23.922093482705357],[86.292984232674,23.92334819776369],[86.2955475704392,23.930488134852574],[86.30011232408341,23.937780598587523],[86.30225720646666,23.940100433846194],[86.30391395421968,23.946349075197276],[86.30574605824214,23.951767170569035],[86.30784639978557,23.956170538538753],[86.31196372011274,23.963503792967565],[86.31275454044219,23.965684219581757],[86.3100043536516,23.968437056916247],[86.31254086508095,23.977287500328423],[86.31602403963261,23.97970938944437],[86.31695587746127,23.983598537174082],[86.31792939778602,23.98446096807696],[86.3205186555193,23.983713748039612],[86.32179032647089,23.98555534809997],[86.32139570759524,23.98688012955386],[86.32350452152279,23.987195815287293],[86.32421874133016,23.98957903555211],[86.32755975726275,23.99333322670892],[86.32829510311498,23.99585979400324],[86.33337454091492,24.004510939733134],[86.33575522004047,24.004025659396145],[86.33928483287995,24.00706485530088],[86.3380911486384,24.009040305204426],[86.33948920673284,24.012648546831493],[86.33913117591561,24.0150668943896],[86.34015616100584,24.017677858544957],[86.33654960908117,24.018914425299027],[86.33150996652513,24.018654392488383],[86.32526265295678,24.019911087535476],[86.32504448407242,24.02278672825722],[86.32206907938296,24.026671972162205],[86.31950058529516,24.027967927193185],[86.31700591357355,24.030800624680385],[86.321041537671,24.033412867263163],[86.32602577813124,24.034722150457497],[86.32784642496283,24.03648183279826],[86.33217775148381,24.03638802123946],[86.33342025509444,24.041442230075248],[86.33100886371044,24.041827407964487],[86.33119743960737,24.04339251114205],[86.33356500083372,24.045805227936],[86.33121115052491,24.049254078549385],[86.33288968944758,24.05034884282756],[86.33543238576314,24.050827641889086],[86.33759029519535,24.053077157347595],[86.34068652485287,24.052762313304072],[86.34262495588179,24.05390232371529],[86.34872170770294,24.053348758073223],[86.35806428232121,24.049594828305334],[86.36246008046069,24.048660614196702],[86.36716506133804,24.04917551418826],[86.36932879533028,24.050951136114037],[86.37251970154607,24.05769147919694],[86.37518019712279,24.059786735283428],[86.37962651303958,24.059856827940646],[86.3817109659363,24.059008181177603],[86.38537673442049,24.055526064243537],[86.3868850501694,24.05292080319409],[86.38922869565673,24.046470058899413],[86.39343844006157,24.041752748381803],[86.39541853752473,24.040722242726513],[86.39990486259408,24.040324390292174],[86.40675394693945,24.036687992106252],[86.40901689548043,24.034868352563972],[86.41398253259374,24.03202655154912],[86.42084783784564,24.03034323226004],[86.42524113387579,24.03089267326418],[86.43010197394688,24.032164372404655],[86.43575618213067,24.032512238160606],[86.44042015735768,24.031906071122158],[86.44630322183554,24.029028150983393],[86.45162192260129,24.024693760604446],[86.4556263319509,24.022319947286537],[86.46046176995692,24.021139042625638],[86.46615416081413,24.019228537533373]]]]}},{"type":"Feature","properties":{"id":"20-229","name":"Dumka","source_name":"Dumka","state_id":"20","source_agency":"Survey of India (SOI)","district_code":"326"},"geometry":{"type":"MultiPolygon","coordinates":[[[[87.04900557210352,24.62330981760666],[87.05266850701365,24.625261929756242],[87.05363771063459,24.627438128034697],[87.05400488552401,24.63113193459348],[87.05544916979724,24.634906559103005],[87.05480891472799,24.639395489662892],[87.05766489193441,24.639981447924992],[87.06063914304168,24.6417885117052],[87.06428687758397,24.64304942452306],[87.0673885348034,24.640880491976773],[87.07069813581577,24.639749968398753],[87.07580507658774,24.637047035679284],[87.08228632503054,24.63605912507446],[87.08390701694644,24.636401346254782],[87.08699194913044,24.639316771089113],[87.09151566869312,24.636676827013606],[87.09537679992535,24.633639811504825],[87.09623005507557,24.631891636381184],[87.09825026138726,24.631371028559858],[87.1015312233844,24.632109340307636],[87.10375386632562,24.631502767805937],[87.10553027199843,24.629026880848468],[87.10734751397807,24.62799627327629],[87.11244785300912,24.630557128089695],[87.11598924592849,24.634961823298944],[87.11703664019346,24.635006158977387],[87.12383262589903,24.632914342530665],[87.12645759097542,24.629732996160122],[87.1273734674507,24.626751842352895],[87.1305130120646,24.624536386934782],[87.13173493191782,24.621482671484937],[87.13484649472021,24.620983154345982],[87.1365045487053,24.619410146756422],[87.13946783330003,24.61885646950032],[87.1441193818042,24.61734376210916],[87.14833318303505,24.613338607097496],[87.15107914134606,24.612965606241026],[87.15674216749707,24.61481116533399],[87.15958737391617,24.614844277289677],[87.1612299920336,24.61688366142161],[87.16393610465126,24.61620337137954],[87.16609028036349,24.616535117910413],[87.17014704232588,24.613875285820594],[87.1729357037917,24.608724063021985],[87.17563868554409,24.606038534429135],[87.17645259775375,24.608774146473266],[87.18051167316399,24.607992593218825],[87.18282345632102,24.608134314787034],[87.1859734084914,24.607191106138092],[87.18992972172913,24.603916727295292],[87.18930090450267,24.59964561873435],[87.19259596568693,24.596886753148535],[87.19605400952751,24.597406059010275],[87.19876452609971,24.593699571182114],[87.20207341562867,24.593595787981684],[87.20549178492567,24.59407884711606],[87.20821908019379,24.593795004036547],[87.20984251679819,24.590929808949074],[87.21337892193213,24.59107832238743],[87.21687771360445,24.592337740264917],[87.21640511681319,24.59324158921917],[87.21784955721695,24.594567126666888],[87.21787465076511,24.597610677433998],[87.21894333085604,24.598683893249543],[87.22290205170708,24.597359401600094],[87.2232854625496,24.596338303271384],[87.22625465771956,24.594130140370552],[87.23144825995179,24.59307453600033],[87.23892692370313,24.588610276321383],[87.24387065371104,24.58617281029867],[87.24728403269368,24.589102455497628],[87.24944760725528,24.589351736161355],[87.2515398617775,24.59094230409224],[87.2551172542819,24.591834904809748],[87.25878037974518,24.591148975317328],[87.26252968736493,24.593899309402588],[87.26372023500265,24.59405983406],[87.2667073226009,24.598281232932987],[87.26728613321099,24.601159232223804],[87.26960530040976,24.6023041055238],[87.27207508109382,24.60467947070193],[87.27456952590968,24.60459708703707],[87.27552251256992,24.605385170814486],[87.2784839038009,24.603691399784598],[87.27901682454291,24.601230168154917],[87.28156509624064,24.601071864337896],[87.28236220677745,24.599760817629534],[87.28547959787248,24.597957663684717],[87.29030161501672,24.59654851196646],[87.29156950759776,24.59805429120915],[87.29405111444086,24.596902390264166],[87.29627633620055,24.598153829555756],[87.29904859543758,24.596648657326483],[87.30164664510578,24.59669767076241],[87.3066890205639,24.598620149527033],[87.30836762913455,24.596720846614957],[87.30859860956802,24.591887800626647],[87.31257114465004,24.588664356358567],[87.31629204932291,24.583662100848144],[87.31912378983606,24.582527190962587],[87.32265073426545,24.579042437411236],[87.32518856356408,24.578910529759014],[87.32618322226912,24.577824633008095],[87.32529977743914,24.576083387049206],[87.325777851902,24.573851591918004],[87.3228552930366,24.57026338174767],[87.32739810709468,24.56648740073537],[87.32854932282045,24.564895352255558],[87.33274326066972,24.56375715385864],[87.33731423122842,24.55960141983154],[87.33942795683505,24.556137570596395],[87.33978498195353,24.551241709399438],[87.34156136140473,24.549070150931392],[87.34560277650601,24.546550112709998],[87.35198393907466,24.543988351175578],[87.35299785594401,24.542902249860322],[87.3550831623615,24.536620343598695],[87.35769784236444,24.532540888536428],[87.35856641714835,24.52899850135366],[87.36535175357649,24.52322901644314],[87.36868314314076,24.521405541966374],[87.36965568427595,24.51979558602395],[87.36941289333102,24.514422395536148],[87.370162136848,24.510744647490327],[87.37014159997126,24.50712304255369],[87.37173008259704,24.50501684560554],[87.37437845435049,24.504565658045983],[87.37928778279498,24.50252123590866],[87.38113597277355,24.50332042440102],[87.38345171229996,24.5020772006499],[87.38559946603804,24.501933393330024],[87.39196366038777,24.503265452207525],[87.3963786826396,24.501077342926784],[87.40244167531034,24.50500799157983],[87.40511347491453,24.507114184936384],[87.40641669675567,24.507191952409524],[87.4099956078558,24.505926871564085],[87.41360335650904,24.507434277987677],[87.4190676171075,24.509162234121067],[87.42159946945348,24.513589637164436],[87.42373995987296,24.51552686259794],[87.42553825113704,24.516549989025197],[87.42733325134517,24.516084218829562],[87.42902245366612,24.513550638339613],[87.43041624851566,24.513406820450328],[87.4348044378483,24.51813939509563],[87.43740111176805,24.518656426588517],[87.44135378631388,24.51701011614857],[87.44462006438751,24.516684382362136],[87.44631060620459,24.517401932798172],[87.44943986212,24.52016531416607],[87.4527786481006,24.520760380159977],[87.45529759222123,24.518485852224927],[87.45717113335719,24.519192527629244],[87.45867478855958,24.521510226444896],[87.46125889801574,24.523579546191083],[87.46560297064386,24.52368358249498],[87.47103474244463,24.524271743522796],[87.47451521325333,24.523122884139323],[87.47714372454908,24.523809932423905],[87.4793758274504,24.52927593391615],[87.48328449057487,24.52907379707286],[87.48936659768592,24.52927085054392],[87.49249161599005,24.52811362555519],[87.49533032490929,24.529468083822028],[87.49755952892039,24.528991036497874],[87.50054463281417,24.524926091287774],[87.51048886193765,24.520837563149648],[87.51334005202325,24.517991962589914],[87.52069932015371,24.514453445984614],[87.52275998390947,24.513850191859397],[87.52630636374197,24.514506178377314],[87.529253750935,24.513529461257534],[87.53209596016784,24.513356857354495],[87.53185439721408,24.509934800291276],[87.53513307343191,24.507981454156216],[87.53868670871896,24.508013967432785],[87.54067768989022,24.509641491638185],[87.5425861447976,24.515017382124388],[87.54386861703158,24.51713508449133],[87.5467030158678,24.519716871776275],[87.54937423890456,24.521070826304715],[87.55349580701971,24.51997203462101],[87.55813842971288,24.52287199812053],[87.56089730932777,24.523918384026757],[87.56351210058355,24.52364675861891],[87.5662829236326,24.52074626335197],[87.56944306502994,24.514475610476648],[87.56952030218635,24.50970673332448],[87.57148604226921,24.507856832232264],[87.57503652302526,24.507211151914184],[87.56767568697026,24.50121508933367],[87.56673349778937,24.49778688401089],[87.56723411668007,24.473255469119184],[87.56794540657096,24.455876311152085],[87.56803153289708,24.448704982179024],[87.56839130844784,24.440945542319984],[87.56883243047689,24.419431731659852],[87.56903457454847,24.415076944428698],[87.56964653235379,24.3866614800302],[87.57225410809694,24.37885735485357],[87.57323238526521,24.37497011198082],[87.57792585809878,24.359797263003827],[87.58241749605331,24.343875434870604],[87.58787048328443,24.325245335623496],[87.58811788466093,24.323134859379397],[87.586181965975,24.292290430715767],[87.5858891606886,24.284325563773105],[87.58507454703481,24.270004544052853],[87.58471962283227,24.26782020387995],[87.58194904049121,24.257425432044],[87.58493315626694,24.256485044430786],[87.58539524417023,24.254026261081684],[87.5863869802721,24.25334506242631],[87.58940787168007,24.256882766173128],[87.59264544883654,24.258261110452715],[87.60048496878342,24.25783289144556],[87.60402363012798,24.25620211434733],[87.60719221629155,24.255476008912837],[87.61278914841066,24.257855894292263],[87.61680014795608,24.25817387601919],[87.62188198318513,24.25790017246652],[87.6255974110422,24.258228174756976],[87.63032418822569,24.255860368378976],[87.63346752912723,24.256045927203655],[87.63882655091103,24.25470080891508],[87.63931080723329,24.250476037076645],[87.64155036578123,24.247242268169373],[87.63757539436996,24.244215348897626],[87.63595762330569,24.24176553756439],[87.63755138223088,24.239401598099956],[87.64484378016174,24.23428603756738],[87.6462112064055,24.230071494339857],[87.64502850581276,24.22911509175439],[87.64416556179474,24.226738473296805],[87.64395404800246,24.222486725967048],[87.64286164755775,24.220096694319313],[87.63797767858871,24.216305909977642],[87.63925861849808,24.213852551547927],[87.6422313448632,24.21225985032532],[87.64586873033925,24.211016102037128],[87.64983725691692,24.20907540481565],[87.6558827382949,24.207532798495265],[87.66128232762094,24.20765331009146],[87.67178717121196,24.2072550094712],[87.67445687564768,24.207468978923615],[87.67529175169443,24.20518928087445],[87.67561214731407,24.200599802257045],[87.67682819694129,24.197821600985264],[87.67669726921885,24.19540171637479],[87.67787156129359,24.194023744389863],[87.68007622368552,24.193860293300805],[87.68968166417042,24.18756717997686],[87.69407791913203,24.1866891978493],[87.69530758314664,24.182830670325288],[87.69738945359013,24.178292698671566],[87.69990939954118,24.17642060627563],[87.69899243946054,24.174356551659656],[87.69883790262155,24.167683340430695],[87.69534102300658,24.165477100716615],[87.69514379668396,24.163599435914627],[87.69645675495298,24.158842742938077],[87.69411835597694,24.15056234590924],[87.68807768202227,24.151077427929398],[87.68592301532573,24.149407312451224],[87.68356330681775,24.150384293371026],[87.68186108806452,24.149985468160935],[87.68088735032119,24.148264807070756],[87.6790619774688,24.147414965444188],[87.67729789986782,24.150728405620285],[87.67451429879915,24.151092984551184],[87.6697158376264,24.152998446434616],[87.66828783853651,24.154163108999835],[87.66781963124164,24.153017719004193],[87.665918972815,24.154173183726357],[87.66435662178884,24.1573354504386],[87.660529933498,24.157277783254923],[87.65698832640759,24.15848462084355],[87.65677406226642,24.156192196406668],[87.65491549695503,24.1565343981175],[87.65488627489317,24.158333181520756],[87.65236469136941,24.15819814268063],[87.65272062340325,24.15662804286952],[87.64838196034155,24.153626821800838],[87.64576716600124,24.152858798349648],[87.64149069252998,24.15290659535144],[87.64000399185147,24.154791451579072],[87.6404244164549,24.156198624966365],[87.63620380061613,24.158609745691777],[87.63278139023886,24.159238193169276],[87.6318547932654,24.16098517227724],[87.63233614730902,24.162771459602304],[87.6312096810383,24.163914142776076],[87.6275377606297,24.163884119730287],[87.62451042948872,24.164826817063915],[87.62294820416761,24.163397234475934],[87.61824768183179,24.16456100562383],[87.61579295461348,24.1657022796836],[87.6134762733645,24.16444335664245],[87.60962648042393,24.164842077824023],[87.60811539510175,24.16587769488047],[87.60608575326067,24.163420094818974],[87.60641655528146,24.160528695329194],[87.60274367730737,24.160263265681603],[87.59806075983686,24.16083269213236],[87.59454359560645,24.16063507721415],[87.59368670816036,24.159518950008806],[87.58878520614863,24.160227619206086],[87.58676122401556,24.161057313128932],[87.58574879723626,24.16355394060849],[87.58407601480219,24.16369584993944],[87.58157946497144,24.162359729419563],[87.58005108507541,24.159144008724983],[87.57594273329497,24.16089617201264],[87.57533726998741,24.15955652953056],[87.57616919995579,24.157634332621313],[87.5782270061486,24.15527470995455],[87.58166980587161,24.1540861936592],[87.58281973829828,24.152368803761433],[87.58864008283103,24.147935855069115],[87.5958133693338,24.143247554473522],[87.59870009028174,24.13965056483504],[87.60060419197738,24.138141370814978],[87.60259816552072,24.137693364527735],[87.60645442090846,24.13523953885777],[87.60771361047078,24.13512608825685],[87.61029057245115,24.13272066303427],[87.6100107244554,24.131829303184034],[87.60665048922921,24.13092153740451],[87.60387961333458,24.127672059787304],[87.60192525811921,24.12675129270613],[87.59778663541248,24.127640967295278],[87.59578248074283,24.126004053237853],[87.58862805644011,24.12601568459083],[87.58524373279211,24.124077814980186],[87.58418629814318,24.116603564785404],[87.5833086189273,24.114032844188756],[87.58103942259629,24.11269574565853],[87.57520475011475,24.11279920537949],[87.57464182095642,24.112349723168073],[87.57443099139414,24.10481792613909],[87.57479941140981,24.099198664542637],[87.5758511031201,24.096765135167356],[87.5778192109367,24.09464427685319],[87.57867822137074,24.091643362847584],[87.5807111664039,24.08879953529902],[87.58025089132123,24.08700157867357],[87.57617490226914,24.087777238178763],[87.57213867028618,24.089409066594637],[87.56928885771647,24.087929531068504],[87.56827881317004,24.08644304697281],[87.56570389443547,24.085510731901984],[87.56150593703754,24.082645782148752],[87.55889085182568,24.081365644717117],[87.55635940065773,24.08516830964686],[87.55593618008287,24.087391646936513],[87.55317645018795,24.08851263708547],[87.5516213032226,24.088337692918028],[87.54937924358386,24.086304559670854],[87.54681555145645,24.08493188348677],[87.54308031385136,24.085694885428133],[87.54285088834092,24.08958845365973],[87.53946348544322,24.09286816291334],[87.53508230669148,24.09519761899397],[87.53257352300137,24.099984267753136],[87.53203289702657,24.102488066587288],[87.53304818097209,24.105667095963092],[87.53197367615192,24.10717583044689],[87.52950469358078,24.10693316477216],[87.5259530775453,24.105101267483505],[87.52354358818644,24.105398583514663],[87.52436942880998,24.107635655773226],[87.52211487138753,24.112168397191343],[87.52130121901843,24.112911780113556],[87.51806571043397,24.11339253020267],[87.51461061043898,24.113088108211574],[87.5131578957615,24.111539533361615],[87.51105868248486,24.11070662341541],[87.50766382932098,24.113174612962396],[87.50409971775314,24.112680730060493],[87.50348732853341,24.11459748758621],[87.49963383033143,24.1155946718061],[87.4975979625455,24.11779406017057],[87.49559650913055,24.11231116610973],[87.49714670529674,24.108603073155887],[87.49724380679731,24.106615040391354],[87.50011707152001,24.103246409744308],[87.50029519523126,24.101496986250652],[87.49873014207546,24.098274348101334],[87.49674446700848,24.098908011568536],[87.49740985902618,24.09479520528377],[87.49582968016429,24.093189226125272],[87.49227055079564,24.093627238599034],[87.49142934508629,24.09145421101791],[87.48965742394932,24.09022918179918],[87.49067540481118,24.088862053687492],[87.49216152620687,24.089010833302012],[87.49305903020905,24.087038963893526],[87.49787423537386,24.085614321634715],[87.49935115772332,24.085916548303366],[87.50180739417719,24.08506857014945],[87.50828097968804,24.085137384288515],[87.5110948231142,24.08277825573181],[87.50607753956284,24.080204246335285],[87.50185482326177,24.075378868128677],[87.50093270091476,24.07269760046584],[87.49653122216334,24.076668059305963],[87.49290185887662,24.076886678823335],[87.4905962861737,24.070721609148844],[87.49383099454307,24.067726079148134],[87.49737486912247,24.063325052718444],[87.49496137299255,24.05985556001452],[87.49551539330919,24.057456653317967],[87.49342409117732,24.053971647816713],[87.4964165162337,24.05203810457828],[87.50040444786595,24.050697386707768],[87.50460942731756,24.048158765944194],[87.50920687865991,24.048130319236584],[87.51073222144468,24.04589434311923],[87.50972313415706,24.04191454888873],[87.512165211206,24.037733623119635],[87.51146404037917,24.03452050727398],[87.50911398437297,24.032107806195878],[87.50196112322782,24.028663195799425],[87.5024270761501,24.02457914863641],[87.50121603407167,24.02419480793542],[87.49863429940164,24.025341291746244],[87.49667632024712,24.02505865906925],[87.49275681251902,24.02097077696257],[87.49068930451227,24.01771687578485],[87.48262078976502,24.01623424329541],[87.47864038736593,24.014097126855525],[87.47640053477774,24.01196351629567],[87.47376696224364,24.015051654881464],[87.47204946166296,24.015942068186032],[87.46829546464073,24.013803979642844],[87.46133087365395,24.01294003238059],[87.4612043718816,24.01606554411348],[87.4599160324285,24.018742868629243],[87.45835150283544,24.018193572732525],[87.45836355678809,24.01632635591266],[87.45237507781063,24.016209362743524],[87.45255669981906,24.01754558485798],[87.45088549859541,24.017658852110557],[87.44920452130303,24.014954208859503],[87.44580718522536,24.013491935512743],[87.44488712467776,24.01473203710566],[87.43859916811515,24.013287019011276],[87.43782835006944,24.01215117531983],[87.4382589964964,24.008921731483678],[87.44039040497131,24.009053136505333],[87.44214240772183,24.011452258438112],[87.44863608411636,24.011234651363143],[87.4494089952591,24.008739518701177],[87.44855981326516,24.007694303180745],[87.44385667619414,24.00672350295099],[87.4451531391708,24.005420532257784],[87.44530491129028,24.001887129536442],[87.44715271929127,24.001744467680297],[87.44862184118327,24.002925180909713],[87.45286028163271,24.000392721104873],[87.45594268851428,23.999879161676837],[87.45712045755937,23.9984922775326],[87.46075996866513,23.99627753407569],[87.46057972997114,23.991661851335817],[87.46211598735401,23.987837464043015],[87.46006242110805,23.984117236377543],[87.45614285921638,23.98530906872066],[87.4497814699659,23.988678068918297],[87.44760330569798,23.98706777490204],[87.44811994459597,23.985819777463156],[87.44557513434287,23.98333432830039],[87.44373671692007,23.983303615704003],[87.44029005825546,23.981516125751543],[87.43794341695204,23.98234479604186],[87.4357398792891,23.984798854850315],[87.43306937214864,23.985096347861706],[87.42874864580514,23.9872211236743],[87.42837273058151,23.991254206395265],[87.42736368000318,23.992819960095375],[87.4250793204605,23.992713997753928],[87.42303296039012,23.9936455152497],[87.42081665728004,23.992413385373204],[87.42066783051257,23.993439794970552],[87.41544826035484,23.99346299478005],[87.41246571180415,23.995367762600075],[87.4081429326378,23.996318748881283],[87.40088923007947,23.999632262652877],[87.39717446076216,24.000574726681652],[87.39510537634507,24.00232327407984],[87.38757784128332,24.00353480927973],[87.38543306100728,24.003052508189118],[87.38390308305253,24.00432991826072],[87.38043120086199,24.00393215098036],[87.37773755655991,24.007398100154536],[87.37402628572875,24.009213694978648],[87.37074245468692,24.00928493015763],[87.36329589038787,24.01151575433681],[87.36061272572805,24.012769900671216],[87.35867710252813,24.012169068704626],[87.35733302579658,24.00919901221477],[87.35672018287077,24.00526285408268],[87.35431849009112,24.00309611080796],[87.35142179151907,23.99844681513325],[87.34390039206959,23.99834658275109],[87.32922267944859,23.998658927102674],[87.32641091717421,24.00004408054525],[87.32380053191663,24.000567291457987],[87.32160335006205,24.002640321014105],[87.31907777759284,24.007454570136648],[87.32046778472238,24.00984542471768],[87.32225158260871,24.010769835150814],[87.3231538392117,24.01320471943198],[87.32653751524988,24.017578064709532],[87.33216799075007,24.019887176826693],[87.335147486518,24.019898752189334],[87.33621668444057,24.020791295405132],[87.33616566199309,24.025740345703515],[87.33951906114054,24.026034393428482],[87.33882210908598,24.03005164139968],[87.33702299070019,24.033939658955514],[87.3320630277747,24.032577649028898],[87.32769348744772,24.032358253001306],[87.3238035938619,24.033056021498634],[87.32103855494462,24.034289051596478],[87.31634493451907,24.03530264256588],[87.31320664761384,24.034848492309983],[87.30934505605735,24.032128654574898],[87.30634424598956,24.031520557963923],[87.29897233872877,24.033133824762324],[87.29181458857501,24.03306524478407],[87.28985284438058,24.031706289308424],[87.28977897493692,24.02949360243407],[87.2882622355366,24.028448697816113],[87.28525502717204,24.029312435339822],[87.2795170746523,24.031644359266558],[87.27873299984313,24.032865116041613],[87.27744355420042,24.032352664259104],[87.27394513958303,24.033533163691626],[87.27318084661816,24.034853267067184],[87.26658193772384,24.037934095548724],[87.26213102898863,24.03681459401988],[87.26002776090353,24.03743232399457],[87.25502081807005,24.04181242626585],[87.24750508810793,24.045202553926803],[87.24543778221584,24.044989471263104],[87.24401802983405,24.043140167264735],[87.24103800554765,24.04134879279849],[87.2405471368059,24.03833146516624],[87.23955307063267,24.037944706524854],[87.23695133738931,24.035013311843244],[87.23678226952917,24.033965772926894],[87.23453242444225,24.03250608888252],[87.23458136926656,24.02967895549631],[87.23532009726405,24.02667549077631],[87.23374319315747,24.0243782532546],[87.227463287884,24.025119378522852],[87.22132693429248,24.025038076135914],[87.21514882995886,24.023475390150512],[87.20818088975322,24.026077295399688],[87.20563632889855,24.02750786138335],[87.19900535049372,24.02555673326134],[87.18578352162315,24.028734686420055],[87.18433787317419,24.02862811972876],[87.17696111978434,24.03024611193029],[87.16864538456502,24.030579226523724],[87.16575491655873,24.031133353380188],[87.16145942877803,24.032754733968797],[87.1577848518132,24.03554954176057],[87.15262594573228,24.038905812887542],[87.14821150634481,24.040183737886192],[87.14340052933498,24.03859873080722],[87.1392104427226,24.03814193146927],[87.13638648990106,24.036798775152096],[87.13398553191087,24.04005256416043],[87.12936766379364,24.043472100586957],[87.12741689381221,24.04627231441789],[87.12064380489213,24.04985468004163],[87.11934779613588,24.052321508239796],[87.11908398433785,24.055581624729868],[87.11645315522247,24.059874660881732],[87.11342428692878,24.060744056966065],[87.1130619094884,24.062433327332705],[87.11109306791363,24.06372209658665],[87.10976386505715,24.070637040642882],[87.1071341553559,24.078533080938364],[87.10168470026846,24.08495433969464],[87.100353786421,24.088157033963498],[87.09748403246756,24.092295633858754],[87.09696031595409,24.096387153371854],[87.09510753253927,24.098150067585166],[87.09387195867932,24.10378680167612],[87.09681138303117,24.106828818388408],[87.09528100413257,24.10633313115646],[87.09349084715882,24.107291615602296],[87.0921118363529,24.105368650531688],[87.08926850729365,24.105930305226803],[87.08820556715146,24.10546579425952],[87.08726190920902,24.106879846941062],[87.08314795223369,24.105518354529032],[87.08251670606839,24.10339612207876],[87.07929992344617,24.10474363981338],[87.0784155630687,24.106613799226473],[87.07682200631321,24.10746362976918],[87.07503067172932,24.106642607808684],[87.07400773172475,24.107492151483793],[87.07445154615114,24.109171939238355],[87.07198323720988,24.111846589272503],[87.06892383251159,24.113609347116586],[87.06685771910954,24.113998699736307],[87.06242053650628,24.115825076950244],[87.06040426708066,24.117975601375893],[87.05875118943722,24.118427844676372],[87.05536735268117,24.123801586675047],[87.05504493592153,24.127109160410264],[87.05358862732659,24.127389695826047],[87.05316631524569,24.129476291495717],[87.0509230925568,24.131093805287104],[87.04731788333042,24.13649323740109],[87.04370142304661,24.137472846110285],[87.03709713434502,24.137384316691463],[87.0327916009877,24.138393964198805],[87.03191105064742,24.14026680025717],[87.02699980847638,24.140918067569878],[87.02359460864162,24.142679920129382],[87.02212809816464,24.14237307859743],[87.01911652625728,24.143845762860312],[87.01551410942228,24.144388177531326],[87.01037639434522,24.14698989297201],[87.00798450640403,24.146682935852574],[87.00684269255946,24.145445611259486],[87.0091064121164,24.143675173461038],[87.00966717379364,24.140360402856295],[87.00698142518328,24.136387197315724],[87.00529676993558,24.13458912296625],[87.00451910414475,24.132294923236692],[87.00216693719786,24.1327376043487],[86.9997584687728,24.129848641983433],[86.99805304422844,24.126749311219143],[86.99508732769127,24.12672142212255],[86.9905735903448,24.125602049298806],[86.98792009973009,24.125672440549284],[86.98573155616023,24.126577140116435],[86.98284967814507,24.124916421465667],[86.98006323037886,24.12431857168848],[86.98038678388572,24.122227004074883],[86.97961124813474,24.119531424120485],[86.98046779189286,24.117156118184365],[86.97895245884845,24.115963711397082],[86.97884442119997,24.11435591455608],[86.97743771814923,24.111528693404267],[86.97614917472292,24.107492027061856],[86.97507113588786,24.10899187578704],[86.97245396317811,24.109628517135448],[86.97047047436149,24.111599921222364],[86.96234396563663,24.1149404630266],[86.96604427669813,24.126983583198715],[86.96407048534212,24.12688097003553],[86.96205256973383,24.128406885538052],[86.9606848285384,24.127801405220453],[86.95521946556659,24.129125712621125],[86.95274442790046,24.130600912970515],[86.94873168123542,24.134112163644442],[86.94493541571167,24.134841794491006],[86.93676666869109,24.13442319603486],[86.93438390804786,24.136490615101444],[86.93658076649389,24.143429032478583],[86.93834307940617,24.14795840909172],[86.9377527822536,24.151223381691132],[86.94352939334748,24.161729050934113],[86.94460763925417,24.165523785948974],[86.94705526420555,24.164658035823564],[86.95801184245403,24.16362766919237],[86.95548673094106,24.16697343816015],[86.95767011028462,24.168833573673073],[86.958811103693,24.172013192288432],[86.96267995125939,24.17256506133892],[86.96163577633568,24.174840958300468],[86.96405676333914,24.17815624526076],[86.96707608406035,24.17871032562166],[86.97122361165782,24.18084027921842],[86.97214028802706,24.180204775377106],[86.97739368470754,24.179725063762415],[86.97938588066872,24.180713255526115],[86.97966246962218,24.18252967627325],[86.97810460243919,24.182772502190414],[86.97716481194874,24.18470242086946],[86.97883347227413,24.185845208522576],[86.97880336329365,24.190054160550538],[86.97808994717188,24.195424567280156],[86.97504076020475,24.197071561005576],[86.975506178235,24.198727002922737],[86.97469544646044,24.200458469903992],[86.97651692532341,24.201940056965704],[86.97430008398845,24.208289279447374],[86.97435982895499,24.209538874306173],[86.97255620286964,24.212534026693888],[86.97343253179712,24.213396709460607],[86.97683029522103,24.212344966725162],[86.9793264752372,24.214449806214265],[86.98169488361246,24.215199786216658],[86.98770239931557,24.213321600411575],[86.98849019509245,24.21450490437025],[86.99356207489022,24.211650976031173],[86.99558097451215,24.211669140908437],[86.9997269629765,24.214351675796937],[87.00334125625082,24.21459548846774],[87.00686683456188,24.213348847509724],[87.01210592277678,24.21291496935671],[87.0155094960263,24.207894672041796],[87.01670427799998,24.20797392230591],[87.02072194384903,24.20659151599929],[87.02333138326064,24.206211776588876],[87.02555715077582,24.207213905135823],[87.02861112457784,24.20446825256179],[87.03539830395361,24.200796055913358],[87.03797350304833,24.198934435512953],[87.0406952565939,24.196213085954785],[87.04381232265,24.200589144276798],[87.04913103514357,24.20383894545758],[87.05067788524995,24.205726156287003],[87.05065949654947,24.206931502163844],[87.04796036641864,24.209115775154505],[87.04732182067447,24.210938806342003],[87.04869433212244,24.215091648333043],[87.04463622751538,24.218887839275794],[87.04434196054257,24.221157135575755],[87.04682495399966,24.225209574015498],[87.05182022407335,24.229552261539276],[87.05377773603824,24.230622278059126],[87.05312247500589,24.234456247743626],[87.05354723415543,24.237445699860935],[87.05634677316955,24.24207803408014],[87.05788369102218,24.242772948165744],[87.05943159586418,24.24563542735233],[87.0651955212417,24.248288441149445],[87.06656653851303,24.251539382251167],[87.06510892965888,24.253717439500033],[87.05786926973046,24.254117111854175],[87.05401796971613,24.255274657940536],[87.05113161546608,24.25555566880427],[87.04800369402578,24.257431101882357],[87.0459644139768,24.257807315380774],[87.04004410020785,24.26087447466896],[87.03544988008797,24.26096140078917],[87.03157369268287,24.262926776449426],[87.03018493332452,24.2642277088788],[87.02961917300392,24.267258016559],[87.02681214402935,24.271169451463205],[87.02441830031445,24.272517786069532],[87.02465521574065,24.275161987901477],[87.02356463205776,24.280263171280346],[87.02365180157732,24.28470561507406],[87.02252811329731,24.291353023472638],[87.02554574099862,24.292841892963203],[87.02622169515189,24.29590953512811],[87.02593141649788,24.299286130679203],[87.02287409688964,24.304293859745822],[87.01931527147632,24.306986867619568],[87.01528928819687,24.306639645776418],[87.01114030643419,24.30752515991186],[87.00566084510955,24.309223558455262],[87.00273370677014,24.308600438171652],[86.99762864238006,24.309783652272888],[86.99473115732484,24.307688250376266],[86.98995149061949,24.304987504384787],[86.98140643734675,24.309981404764052],[86.97576912270513,24.309574225697556],[86.96911557232596,24.31074175248038],[86.96625792339947,24.31227304651666],[86.9652644515637,24.315080465429133],[86.9615306085104,24.31332603425037],[86.96329922933293,24.31910960829922],[86.96590054664904,24.32206363987477],[86.96648161289063,24.32438660227451],[86.96486451982416,24.32626320374716],[86.96460698893544,24.331158506723952],[86.96547341488464,24.334924996804585],[86.96562026605386,24.338754527729158],[86.96654620191711,24.341708170790344],[86.9664169014111,24.34606148698008],[86.96701908658562,24.349096152066416],[86.96682952386541,24.351697441844717],[86.96515307209536,24.353647971472274],[86.96071807762141,24.355095392821827],[86.95785833516737,24.35719358404634],[86.95292513688113,24.356898009622395],[86.950104790619,24.35764704708187],[86.94766112382271,24.3593151267731],[86.94488133902796,24.357891689295556],[86.94394528081554,24.356522989324578],[86.93775221855711,24.359781159121923],[86.9356129768683,24.367888951669755],[86.93302454676225,24.36868735677971],[86.93177055880852,24.372929050699025],[86.93442991817537,24.378791912369554],[86.93713274686571,24.380783639951314],[86.93453679963778,24.38191696534265],[86.93142096759924,24.38138272223557],[86.92937796761636,24.384533913854224],[86.92644727640872,24.387838189684473],[86.92628722158713,24.391974729434068],[86.93005372557188,24.39334029745285],[86.93243883254827,24.39609600840672],[86.9354950471021,24.39829208078179],[86.94161430108514,24.409981657607922],[86.94057796933521,24.411634126245076],[86.94238271752769,24.412194702211938],[86.94389111260362,24.41377585551862],[86.94588132590924,24.419313094174967],[86.94547560813862,24.420933698070858],[86.9420332638513,24.421696102836325],[86.9402282505658,24.421469607340693],[86.93678653324112,24.41962572983899],[86.93487410888156,24.417222472483683],[86.92701033295758,24.41916846036095],[86.92498108732111,24.416414152692656],[86.92138998369123,24.412627742675994],[86.92042747347267,24.410812155916926],[86.91722180098942,24.411009158127197],[86.91492812733563,24.40999117011378],[86.91343094204102,24.413602600501275],[86.91176522487622,24.41412214496612],[86.90769177899118,24.41377655583959],[86.90502016924691,24.411941452198555],[86.90355057011048,24.411778008868854],[86.90052034275216,24.414666191731936],[86.89978904706112,24.416390762931655],[86.90196462481329,24.422091255092134],[86.90171716953306,24.423183951103244],[86.89729013720589,24.423860779110388],[86.89835907503938,24.42725407985548],[86.90180247306118,24.427772134245437],[86.90161521494363,24.432889255336747],[86.89697705690672,24.43487877834451],[86.89451852047324,24.432400643183453],[86.89336453027899,24.432119880662125],[86.88920478608438,24.43299768742234],[86.8883010925872,24.435322548271746],[86.88767428638843,24.44131916095602],[86.8888139787213,24.446820340573673],[86.89230516760506,24.448448555792744],[86.89907346614262,24.44848926214182],[86.90234718755511,24.450911946237436],[86.90184410294779,24.455643489729233],[86.90251968529223,24.457649750607214],[86.90457042523349,24.45975541546662],[86.90646437656778,24.460524258727645],[86.91020181735084,24.463805018033746],[86.910140392149,24.46525644333232],[86.90715433464746,24.471010539951024],[86.90541079022627,24.470928160442277],[86.90330343375311,24.472339614451638],[86.90487518087382,24.474730198034187],[86.90472568834255,24.476689970534412],[86.90906465503403,24.48117235677674],[86.9095739318484,24.486618822276903],[86.91464688956395,24.48752084366195],[86.9159372074997,24.490370530141746],[86.91570570342924,24.491638600924034],[86.91734527709582,24.495447194140446],[86.91780738697538,24.498220171951953],[86.91594046437247,24.500477020444613],[86.91753625224855,24.50485528045976],[86.91794946535536,24.5076222196398],[86.91776944436087,24.513010061735486],[86.916354430236,24.51648140684623],[86.91606118559818,24.5191092087796],[86.91394272682984,24.521140413380614],[86.91550912388225,24.52603646455555],[86.91655243841578,24.53084188726866],[86.91660992468798,24.533587586087467],[86.91780621017872,24.536609961968555],[86.91573488182652,24.538361521849247],[86.91466969260219,24.542122312581448],[86.91501370900988,24.54368406635116],[86.91725414793822,24.545499183431822],[86.91824802466239,24.54826341943488],[86.91673660861638,24.551547253521093],[86.91808388949,24.557863918852384],[86.91713237089074,24.558782106059457],[86.91773772062191,24.560809517061344],[86.91642354163069,24.561692226313944],[86.91643406147494,24.56485894775642],[86.9142658028243,24.56870945267903],[86.9123586742491,24.570447285224933],[86.90999374435464,24.57132922470898],[86.91372711203152,24.576660060281363],[86.90856921649277,24.58497349190926],[86.90773229217412,24.589780939403564],[86.90832040065385,24.59082033316033],[86.90878303666682,24.595576193778196],[86.91254935405632,24.597005797820618],[86.91423780423591,24.600016405982327],[86.9200127623831,24.60229289856489],[86.92025043191357,24.606306361755323],[86.92395722079905,24.610940769933823],[86.92695032787361,24.612825813265193],[86.92817153417661,24.61515876774487],[86.92952428145496,24.622156495121825],[86.92877795645315,24.623951887507005],[86.92983687887359,24.62669734540953],[86.93295317195195,24.629284373998793],[86.9332293884565,24.631099934656987],[86.93869544314842,24.63106773442779],[86.94135102143258,24.632258029830567],[86.94259288471711,24.63379519682624],[86.94551508700887,24.63571380052157],[86.94618892000354,24.637700839064244],[86.94344901406829,24.639257030501614],[86.94260133013275,24.642321654077776],[86.93965468481538,24.643577735905172],[86.94002212178992,24.64665579474188],[86.93870735893002,24.65172934254843],[86.94166165464847,24.652129296377744],[86.94292888058798,24.650860495291603],[86.94945287131247,24.650777833329716],[86.95733779607505,24.64943851427289],[86.95899304060833,24.64752020564263],[86.95767050374305,24.645571880524166],[86.95696502153645,24.641441744034474],[86.95434572675897,24.64152559185856],[86.95385405987756,24.64023599233574],[86.95405319928344,24.636348381464625],[86.9514042665629,24.633392688199848],[86.95302547086013,24.631270727292527],[86.9538650749439,24.631803868023297],[86.95813195184341,24.631808312602555],[86.96219921424915,24.6353893833128],[86.96395695679075,24.635351299903572],[86.96685034732397,24.63673983436316],[86.96908284695115,24.636380355732904],[86.97049084202422,24.637492387467407],[86.9735449864921,24.637624398249006],[86.9750386331114,24.640296801010955],[86.97840859621404,24.640041547247094],[86.98087583995074,24.63700772523266],[86.98633376591268,24.63239605088947],[86.9889252734465,24.628011433182728],[86.9927920240369,24.625297769634248],[86.99548257387791,24.620277195894733],[86.99882185983977,24.62038559557596],[87.00056963386258,24.621324868289857],[87.00298433246213,24.62127100089925],[87.00697284006276,24.622914199078306],[87.00781276781879,24.625099760119745],[87.00765799258426,24.62882013410155],[87.01090350564809,24.631169326566376],[87.01359334931935,24.630167621978675],[87.02004284912032,24.62965921292337],[87.02163573994088,24.62868380726468],[87.02391101625643,24.625321607954735],[87.02449612750836,24.620942092721727],[87.02324375324883,24.61933003530081],[87.02306344152872,24.615656649257538],[87.02756663961321,24.61512801422396],[87.02785702418299,24.614539256503306],[87.03242120497698,24.614312528489723],[87.03589268962553,24.61292858955501],[87.03806084306282,24.617123544238847],[87.0416680772069,24.613967000217762],[87.04565663778547,24.611657658831998],[87.04584545879558,24.609847346688074],[87.04776137140652,24.608365487458766],[87.05112014952083,24.608481804895007],[87.05026078776348,24.611257860418675],[87.04890740616301,24.61928933491088],[87.04900557210352,24.62330981760666]]]]}},{"type":"Feature","properties":{"id":"20-230","name":"East Singhbum","source_name":"East Singhbum","state_id":"20","source_agency":"Survey of India (SOI)","district_code":"327"},"geometry":{"type":"MultiPolygon","coordinates":[[[[86.55946927288248,22.71237428259858],[86.5585203800288,22.711002294102208],[86.56158603460456,22.708399999524215],[86.56173113718343,22.707189860564167],[86.56594232756308,22.704057620145008],[86.56892576826456,22.70277384376748],[86.57085188384174,22.700195425899345],[86.57707307822457,22.69711332473445],[86.57956251561752,22.694870486449478],[86.58435267341599,22.691621812638815],[86.58908879852667,22.690309710538845],[86.59527128566427,22.6899604743694],[86.59739713924671,22.68876427484007],[86.60159568374566,22.68787135609821],[86.60531823246183,22.684913025107516],[86.60755348380214,22.684543639950924],[86.6103290230946,22.680720034680622],[86.61933045719732,22.678447116431705],[86.62305635104158,22.675790925902927],[86.6254981362062,22.672770326356478],[86.62731088176939,22.66835705268287],[86.63026627961229,22.66613252273143],[86.63509589040954,22.665529330761274],[86.64123618490504,22.658704581133787],[86.64116481056234,22.656211091009965],[86.63790593030907,22.651795402331896],[86.63879773905397,22.641995772643426],[86.63891587233705,22.634001136453165],[86.63797438545667,22.62557056177117],[86.635889763686,22.622675037793748],[86.63444986795069,22.618877675514774],[86.63318630907217,22.610961160601526],[86.63759640316286,22.61007226988568],[86.63766699540045,22.606689429018854],[86.63720934151478,22.601801002786807],[86.63851216699068,22.598398212707774],[86.64356043954649,22.595066922765955],[86.6500244942364,22.593622483459594],[86.65610042905259,22.591381288022625],[86.65270807368701,22.582394367602816],[86.65360480417905,22.581718750570726],[86.6585907526559,22.57562257203962],[86.66576946573868,22.575727930763716],[86.67095490824512,22.57547659447495],[86.67475989974565,22.574815790898224],[86.6788447484877,22.575140147249915],[86.68370966630283,22.578916803023983],[86.69044961916232,22.579580296970683],[86.70462649977098,22.58258806170739],[86.71019018588454,22.582986555935523],[86.7127495895523,22.582548516923115],[86.72046930248614,22.57990609421231],[86.73052291948618,22.577511117279936],[86.73357767434692,22.577389742175104],[86.73947188463166,22.57781487301795],[86.74697193243264,22.577881001868576],[86.75113955453568,22.579090746530014],[86.75239967739064,22.57806102324028],[86.75422710676548,22.578885873117223],[86.75751578520013,22.57847531747586],[86.76231511284364,22.57643170867775],[86.76586711707829,22.575623834561263],[86.76643271742383,22.568461810765317],[86.76779845428572,22.566628882041524],[86.76983185003084,22.56636082481484],[86.77163812039173,22.564838186199474],[86.77150219827027,22.56206302105987],[86.77007296459556,22.56036711470611],[86.76694596839106,22.55867786222804],[86.76677736781943,22.556056862108516],[86.76865752452409,22.554172566326045],[86.7736588994418,22.551677064393374],[86.77534131167401,22.548761446597247],[86.77627865949324,22.549494499000133],[86.78079390773388,22.548525720759983],[86.78168249785416,22.549376948051645],[86.7861656941121,22.549621014634535],[86.78891970102195,22.54862200754934],[86.78931404483203,22.5476690410575],[86.78999269401727,22.540955009640744],[86.78860788204554,22.538742545405373],[86.78678073253865,22.537972317219552],[86.78855455127547,22.535390965499452],[86.7885895986028,22.53148828039871],[86.78659442648498,22.526816845852906],[86.79231413481392,22.524925462432844],[86.79297697336972,22.52392570789664],[86.79465968615287,22.516942412901816],[86.79460602798062,22.513717237004112],[86.79221380933812,22.51393095807864],[86.79315230594025,22.510517328580345],[86.79636327563014,22.508850147083624],[86.79738616866842,22.50616517069891],[86.80006370782561,22.504888828788012],[86.80202254835876,22.501684112841378],[86.79787575224152,22.49839969566444],[86.7961553117836,22.498081364946255],[86.79408829004318,22.495476979316688],[86.79510216323574,22.493617245646988],[86.799864297509,22.49076671091251],[86.80080749305787,22.48780645950041],[86.79842090177752,22.48433448019726],[86.79657041131824,22.480678813835333],[86.79371688509059,22.477585158738844],[86.79101379922996,22.477513428986146],[86.78721940241559,22.479676645191034],[86.78356326348064,22.48030423611236],[86.77820761250406,22.479917574589827],[86.7747505586692,22.480245933698157],[86.77047253844088,22.47963229143216],[86.76795216137289,22.47983996009162],[86.76435310837824,22.481198963565916],[86.75890881042527,22.48151618066816],[86.75728358066932,22.48255262488318],[86.75123683239333,22.48262480667545],[86.74975209275215,22.48119520352274],[86.74746615834697,22.476647525583978],[86.74724647513155,22.4744609494061],[86.75106456748817,22.465113009946002],[86.7518506327023,22.46045556841423],[86.75116518791654,22.45569915330168],[86.75341669641305,22.453692261049003],[86.75894124218304,22.45132457647816],[86.76106223365595,22.44999969051485],[86.76353221571605,22.447117894746224],[86.76099576789811,22.446124457448658],[86.75956497643637,22.444658375558557],[86.76020263735016,22.441163169459763],[86.76235808549416,22.436577003006153],[86.762436417006,22.43050626143128],[86.76480432823969,22.426561853092842],[86.77797387736243,22.424863909841225],[86.78547594092962,22.424584868460876],[86.79060847331282,22.423335818053435],[86.79222353535654,22.42194661421001],[86.79486713572362,22.421516370216995],[86.80018226368566,22.42153196174016],[86.80705322493776,22.420736273642955],[86.80972764917036,22.419095176678024],[86.81301189015876,22.419053795503793],[86.82517583004267,22.412620790910317],[86.82753783165498,22.41162571826739],[86.8312986995512,22.411078626131978],[86.8341739524386,22.408418359071515],[86.8382714960945,22.405601908744035],[86.83846064447447,22.40475319597954],[86.84395987081878,22.40144273822119],[86.84559380410809,22.399791055443984],[86.84660675828432,22.397443146171415],[86.84679433619829,22.39471502429927],[86.84557489387697,22.390503981840354],[86.84181995780195,22.38432113723137],[86.84117376855387,22.382116118433494],[86.84305330771979,22.377889973898714],[86.8431171074937,22.372948352101773],[86.84000366220438,22.368420635833328],[86.83983407472992,22.366680790386194],[86.8361577178377,22.360004580660082],[86.83470033499373,22.35215248190824],[86.83202424681487,22.348355338415047],[86.83193002940149,22.343801923847433],[86.8328273805946,22.339774927002967],[86.83114622030057,22.335209859096068],[86.83137498907126,22.330846448543138],[86.83324703257883,22.324361915630025],[86.83961832313774,22.319023529841182],[86.84930829177863,22.316014737332903],[86.85375669987982,22.314416912481853],[86.85858252820942,22.311705023106757],[86.8607971492784,22.31105619647084],[86.86579389950397,22.307789114215446],[86.8695512509476,22.306582218233114],[86.87207424338294,22.307132325949812],[86.8760781322489,22.30084983776444],[86.87881098454109,22.300468832347967],[86.88816401356796,22.297102458551407],[86.88792190081497,22.291568863866086],[86.8897308018778,22.28728786157681],[86.89021799757869,22.28496639665075],[86.88951189366497,22.28168652910712],[86.89017336269657,22.279907197143913],[86.89012950943925,22.273827105697077],[86.88742153395663,22.273563332445235],[86.88689466918112,22.264736494387346],[86.88840020399758,22.26334622385096],[86.88719813926073,22.26152947576436],[86.88719154183158,22.25753637412176],[86.88502674551219,22.25805883085247],[86.88334844080654,22.257136119231475],[86.88030887017266,22.259175693964394],[86.87743647235817,22.258685776901906],[86.87633858550575,22.25997684200272],[86.87371455023484,22.258443549868385],[86.87171841486482,22.260208229492864],[86.86609946645842,22.259453919247314],[86.86555475809602,22.260763380152756],[86.86374978397009,22.260463733188704],[86.8613736926742,22.258564594400056],[86.85837769848763,22.258398596121626],[86.85568397826344,22.260818986641592],[86.85194464872251,22.26320905091212],[86.85161249370042,22.265268570594035],[86.84910979595433,22.26389304945212],[86.84459692906326,22.26352748422249],[86.8436764568752,22.26203593007513],[86.84044367813108,22.26269233074153],[86.83983021701452,22.26448047718774],[86.8360344599554,22.265073022894953],[86.83272635482928,22.263624240219983],[86.83013506482347,22.263467919757172],[86.82745486521193,22.264558260743563],[86.82406476805538,22.266750001233248],[86.82311700003551,22.2659936713277],[86.82187728524934,22.26185111331617],[86.82156107756565,22.258643590695826],[86.81983004892382,22.253654798826002],[86.81686024750864,22.25366952688728],[86.8158551817353,22.257806100343267],[86.81635401786453,22.262341905146275],[86.81476188535218,22.262665361879463],[86.81474593663019,22.26745350280991],[86.81347440800896,22.26745198700073],[86.81176728800872,22.259210842988],[86.809653282018,22.250598728819977],[86.80776564911616,22.24704601690142],[86.80626983069227,22.24795676025238],[86.80306257555276,22.244312145395572],[86.79902398914763,22.24533709726472],[86.79707957126273,22.247746897437594],[86.79791098734795,22.24990698078213],[86.79907624287999,22.249529114199902],[86.79965096056733,22.25217702286758],[86.7981309975693,22.252292437421655],[86.80024838319046,22.258022775255995],[86.80118415194744,22.265476291144875],[86.80002458690512,22.265249821159674],[86.79226805030778,22.266233946162064],[86.7935820938944,22.257002657247675],[86.79407656962528,22.250670221985065],[86.79607102429493,22.247203562881293],[86.79435829725296,22.243741280557376],[86.79756470261492,22.241053135916264],[86.79918923516387,22.2381375177953],[86.80348156717437,22.243047860951894],[86.80846172703345,22.242767895024922],[86.81251916069897,22.241098022537873],[86.80868329542922,22.235817531797338],[86.80458515629704,22.223923575360487],[86.80230061536747,22.220018035487815],[86.802284202341,22.2178497699563],[86.79699337528295,22.21975857265248],[86.79579862555039,22.220705722058725],[86.79178918640287,22.222110015594225],[86.79040609520023,22.219063710283923],[86.78876606890394,22.219269338614435],[86.78523083946196,22.215072822557115],[86.78184349859309,22.215800186119367],[86.7782264293873,22.218043870485772],[86.77978943635155,22.220179041484435],[86.77963982069166,22.222780724638426],[86.78029746498444,22.224199961577053],[86.78479946558284,22.230837161799528],[86.78729664697836,22.22859986263464],[86.79289188334431,22.22448744722787],[86.79517702320486,22.22785107830704],[86.78793245212509,22.23166335241585],[86.7900910372789,22.23533403962034],[86.78659580230317,22.23651297150599],[86.78166148115895,22.236984489693963],[86.78016270120733,22.236070883299202],[86.777735693838,22.236681895430944],[86.77513974167121,22.233651922143498],[86.77438767002818,22.23105663451064],[86.77688672764856,22.227294110483736],[86.77743435231102,22.224602702185518],[86.77719554552921,22.222199260097685],[86.77573280070577,22.220661443972528],[86.7760959808981,22.21800577732554],[86.77219393271078,22.218994231127294],[86.77137622038065,22.22065542798044],[86.76499016217987,22.215151614510926],[86.76299446809391,22.213813543303235],[86.7569252000131,22.211211826979866],[86.7511429346048,22.210995322629625],[86.75010427217542,22.211328052830332],[86.74476947232773,22.215864064329686],[86.74293504560264,22.21620449859427],[86.73472887970708,22.214980830790218],[86.73087635504365,22.21531782518517],[86.72704130677,22.216693992080383],[86.72732696200498,22.21726733755165],[86.72387849442218,22.219334946664826],[86.7203973316231,22.220314306113494],[86.71433232501603,22.220104400719066],[86.71115267744288,22.22186607674167],[86.7073229927397,22.22245960026384],[86.70507516309269,22.22091974355125],[86.70183212368222,22.220179313780655],[86.69859257483066,22.221350674954774],[86.68996694618565,22.22118993480197],[86.68638506813896,22.221869735548765],[86.68136458044287,22.2239342003754],[86.67974478966346,22.225215796012748],[86.67618719681856,22.229545232272148],[86.6747300835767,22.23310246817857],[86.67411211463622,22.239446302436694],[86.67312796997086,22.24117628734708],[86.6707161599957,22.24210266832824],[86.66820227730331,22.242287271212266],[86.6638995548732,22.239767035417977],[86.66094672702636,22.236824760927785],[86.65865936365132,22.235690730189592],[86.65610295820161,22.23571137285822],[86.65433297240216,22.237254676635768],[86.65246759100522,22.241330968654047],[86.65317411770788,22.245315798302318],[86.65674009590562,22.249473398284582],[86.65394016800818,22.255603601514665],[86.65374939950979,22.25777032333492],[86.65239897928375,22.260131648473738],[86.65153690749817,22.263128137189987],[86.64655559042517,22.26546757338745],[86.64641761400877,22.26778210745582],[86.64454000489822,22.26715128432823],[86.64255905788912,22.26455820868352],[86.64007765185302,22.27058211354842],[86.63576932648492,22.27273562270534],[86.6313131430811,22.273068929091586],[86.62989799725327,22.27230686023822],[86.62889668439769,22.270435287609555],[86.62803848694534,22.27271174215998],[86.62684070575096,22.272958776057116],[86.62394911975153,22.276374854191438],[86.6207982666716,22.277837805486197],[86.61863153971393,22.28008846350573],[86.6159840583899,22.279905407046034],[86.61294765412592,22.28243644430136],[86.60961360165011,22.28197302526737],[86.60550899574173,22.28081903089885],[86.6046697168734,22.279400000338445],[86.60258684584299,22.278091563805734],[86.59887133823155,22.278063020227368],[86.59649861699188,22.27744498762091],[86.59487482722112,22.278590623026954],[86.59638557023884,22.280850864657115],[86.59476682344423,22.28506679239637],[86.5922185699423,22.28676819017993],[86.59041811542343,22.288849107797407],[86.5899756319492,22.29316639373819],[86.58747126354481,22.294285466492486],[86.58576427541337,22.298061602344564],[86.58574902860141,22.29949591987985],[86.58432989555988,22.300689981994605],[86.58156013229367,22.30168622243122],[86.57735747469913,22.301314002860895],[86.57667458900902,22.300810864212348],[86.57746194349752,22.295622873796717],[86.5737079346357,22.295890605451127],[86.57357247357201,22.2986863615913],[86.57218390393194,22.300100668416324],[86.5692802637105,22.30125677324958],[86.56554297606795,22.301102253224336],[86.56296828293117,22.301727761217805],[86.5600194673798,22.300924834572907],[86.55776852439534,22.29844627284526],[86.5534919468076,22.29862448465876],[86.55069198378794,22.30052231571754],[86.54992143324964,22.302799680395538],[86.54764021016314,22.3040376140395],[86.54591929315782,22.3063870195119],[86.54173468475766,22.308092562226047],[86.53973680854457,22.307454555687464],[86.53969620327167,22.305024307233055],[86.53441279292646,22.30105981956692],[86.53399883239793,22.30198534636806],[86.52781142188378,22.306590707968112],[86.52817005917883,22.30990186760323],[86.52623988558152,22.31243390988646],[86.52566001275125,22.314521452503232],[86.53007749518446,22.314276396992508],[86.53054288536683,22.31849538529881],[86.5293909041742,22.322306334335458],[86.52618659185451,22.32379435458433],[86.52208095810754,22.323285432046163],[86.51560461891194,22.324936599947335],[86.51434575600219,22.32595511320236],[86.51015538334845,22.327154566443937],[86.50944771237431,22.328255480143557],[86.50910819347715,22.334449578306707],[86.5068995351193,22.334976978800874],[86.50566354811814,22.33610230667997],[86.50587717664628,22.339321943203846],[86.50471752779639,22.340531163730596],[86.50449633019436,22.342570124963824],[86.50041459975984,22.344370654558784],[86.49886395952214,22.346378161954227],[86.49818136871585,22.34547908534079],[86.49696372880584,22.34710227315158],[86.49577276151855,22.346125169083415],[86.48996914578852,22.347724115531097],[86.48737640545383,22.3476617878984],[86.48678296084692,22.346264744281168],[86.4883256934055,22.34498736438396],[86.48685058827051,22.342484819404394],[86.48651759471173,22.338562871759812],[86.48535415185844,22.33701607661194],[86.48368334052847,22.33693210722626],[86.47995254353037,22.335623722809814],[86.47667189054047,22.33613681017741],[86.47565090665509,22.33507280858305],[86.47504813747912,22.336875548724795],[86.47397543269949,22.335725788775274],[86.47154297689065,22.335713388035686],[86.46963793163476,22.33361133266472],[86.46959847056958,22.331801174887357],[86.47077815189415,22.32978907476437],[86.46948496896037,22.329253281966807],[86.46476995734808,22.329084450884846],[86.46570586855395,22.32804399384359],[86.46400923260332,22.32511601717065],[86.46233997355212,22.325365157055966],[86.4609399950185,22.324050033098153],[86.45913182490163,22.32495701912549],[86.45588170565541,22.32435910017767],[86.45373019948367,22.32475389522276],[86.45090736192277,22.327045639526222],[86.44835919746973,22.328240558340205],[86.44607798460837,22.32694746150487],[86.44558205482222,22.319255094777624],[86.4460931768868,22.317933256709757],[86.44602447211726,22.313222154048862],[86.44693239024035,22.311478841755658],[86.44597861435085,22.307976961399746],[86.44450994849704,22.30557847565265],[86.44176505029932,22.302617222841782],[86.43966531329019,22.303195245587748],[86.4373268673553,22.305501267520565],[86.43378684531802,22.306021945868018],[86.4322699992303,22.306843310514658],[86.43045289365052,22.31021248866791],[86.42952211918248,22.314276985428492],[86.4297052708865,22.316569620888142],[86.42404419653774,22.31686343525157],[86.41689549931584,22.318679247030722],[86.41103618113266,22.319718781298345],[86.40542091692278,22.322925128654706],[86.39696760680238,22.32879026130654],[86.38349422456727,22.337354314344974],[86.37902457902878,22.34076039238409],[86.36795550281582,22.34373639964724],[86.35957613491973,22.348689858783445],[86.35985840247425,22.352233740223586],[86.35835543939906,22.354497756273616],[86.35447211674551,22.35880076728676],[86.35193917989564,22.363540509146606],[86.34264664695833,22.37173837813793],[86.33909725739032,22.373396308260883],[86.33575311050036,22.37386526461583],[86.33008877576015,22.377195396064074],[86.32699125708982,22.38024715663537],[86.3243744433581,22.383749038850784],[86.32292481086793,22.38469124834839],[86.3224731115478,22.38821378546853],[86.32455759564465,22.39186292135467],[86.32268838326085,22.396699949474122],[86.31758432586311,22.40028768689515],[86.31492843111721,22.40309332628916],[86.30932947579487,22.407755029162768],[86.30834520869634,22.40890707661291],[86.30792561975622,22.411411398972103],[86.30941343552485,22.41448982561633],[86.30817749559303,22.41686643055943],[86.304156769913,22.421859933576343],[86.30042236798646,22.423443143514586],[86.2974693440212,22.423880105425194],[86.29416231283075,22.42674849773538],[86.2931705924511,22.42890572014629],[86.28976790222336,22.434080397942697],[86.28886758354489,22.436456907035],[86.28544967605231,22.44263100654939],[86.28342798650299,22.44775034418498],[86.28181252937692,22.44734949050256],[86.28131669245128,22.448590295440944],[86.27647415561161,22.447249819881005],[86.27265565688852,22.444207733949447],[86.26935927683425,22.442207439839603],[86.26542257880914,22.444677754088904],[86.25925043634521,22.444744591595107],[86.25202976838538,22.447843272119556],[86.24910389606165,22.447795430367258],[86.23785535792831,22.45237510295178],[86.22911441792543,22.4531195839729],[86.22590028372719,22.452951824375855],[86.22119516312993,22.458971701625075],[86.21894445118777,22.462252331899162],[86.21401590647909,22.468113676702977],[86.21158983599514,22.471375213742046],[86.2075501244541,22.473467139274845],[86.20536503083204,22.473140212681628],[86.2014513459676,22.471689097293122],[86.19745939891757,22.472255123731635],[86.182981600523,22.477874983749825],[86.17303018601119,22.48080989730124],[86.16978957653288,22.481443689483243],[86.16049062357393,22.48247962561959],[86.15633377119943,22.480289913097103],[86.15212579236973,22.48022880393891],[86.15302670637632,22.482344842341405],[86.15034729130065,22.483275663637887],[86.1391329468311,22.485926346861927],[86.1323197504726,22.487335210458838],[86.12376767350163,22.48853556904099],[86.11864686336035,22.4865827011857],[86.11330813194755,22.49023953753103],[86.10630447945375,22.49782510921789],[86.10404613127736,22.500791101787396],[86.10326797724328,22.503541525844746],[86.10081137054614,22.508176338597917],[86.10054433230458,22.51005126164433],[86.09930838550031,22.510444195139925],[86.09656946685777,22.51650577822464],[86.09246242498946,22.523738394131144],[86.08929110130636,22.528527815375057],[86.0849118867547,22.532756440912646],[86.08425575239878,22.53415264888788],[86.08081495429423,22.537770923160014],[86.07871695365527,22.541221273250137],[86.07772513335911,22.543792420887545],[86.07308644097446,22.54822797990364],[86.06999657766625,22.5502888648928],[86.06828439151744,22.553221183671067],[86.06912688842321,22.55584306346423],[86.06647145145983,22.556421280660274],[86.06933618265776,22.559059987359586],[86.07744711937326,22.56788678093499],[86.08167626220974,22.571108744695476],[86.08688040686036,22.57313180001979],[86.09196474085203,22.57557351333266],[86.09870765417365,22.580057449958716],[86.10144961127646,22.581489477544288],[86.1033744610435,22.583235406011735],[86.10485816641332,22.58714661538601],[86.10650851480557,22.58943741728857],[86.1113945839702,22.594824933771836],[86.11345606368513,22.596434880770335],[86.11574244194303,22.60104565420384],[86.11606220497542,22.60429933858531],[86.11766903661554,22.605719138583154],[86.1216004415068,22.60697640147814],[86.12744450853315,22.61210289451291],[86.13087055912392,22.613458383706497],[86.13455567113066,22.616965055848787],[86.1392463314268,22.61995310976134],[86.1425832401484,22.62316866131786],[86.14633275384178,22.625790152133312],[86.14825190223056,22.629177029838345],[86.14853161482954,22.632152189125005],[86.15330390549086,22.635393822608574],[86.15425389311179,22.636852517172837],[86.15480962650778,22.639872583460026],[86.1567912740844,22.645425033050717],[86.1560873422787,22.647376829809335],[86.15721990775882,22.64996623856321],[86.16006805338348,22.653729947491602],[86.16244875542807,22.659171290116422],[86.162905205632,22.662552046520446],[86.16611540124946,22.669298461259068],[86.16566644216829,22.67272873942146],[86.16361875668646,22.678137955220265],[86.16276522142206,22.692089718666708],[86.1638213493675,22.704154485657426],[86.163482366978,22.707079424966878],[86.16183397933423,22.710774361776245],[86.16175510737135,22.712526404995252],[86.16263179087814,22.718881237160986],[86.1639605450716,22.721543691143502],[86.16489577489129,22.726101435721954],[86.16378660597388,22.727384562999408],[86.16508735081025,22.729824107167573],[86.16356609077215,22.733402258544643],[86.16117646743957,22.73562092097328],[86.15955162895116,22.741768499124237],[86.16124012514364,22.745207087445724],[86.16013682629719,22.748008869594397],[86.15923219976567,22.748622878928824],[86.15967622138851,22.7516648095505],[86.15904646604722,22.752727456703546],[86.16259807392954,22.755135318017423],[86.16205693897979,22.757368198382366],[86.16221391025482,22.76036795941352],[86.16507909341986,22.76010288003464],[86.16811079742398,22.761293040793852],[86.17121241651896,22.76382033719354],[86.17205079011214,22.766726040231458],[86.17182669818752,22.770182763643152],[86.17251855615986,22.773374974434738],[86.17308643346975,22.779375905002173],[86.17461737362657,22.785607535723628],[86.1746193051873,22.788525239456007],[86.17230560951933,22.79256912912454],[86.17054470166245,22.793779460120476],[86.16754921859692,22.794531643258306],[86.16412901394374,22.796230098679466],[86.15838572607524,22.80180035605137],[86.1563487140895,22.801925160301753],[86.15153309370977,22.799189732734344],[86.14852560791111,22.798704001590025],[86.14660926843135,22.799777763110388],[86.14538742020657,22.801993303475978],[86.14509132084667,22.805731405809237],[86.14672186806294,22.811630626037225],[86.14787831910179,22.81351463017148],[86.15149278508899,22.816740595330053],[86.15741312002454,22.820565808156687],[86.15904654167694,22.822751397622387],[86.15915860998922,22.825136642283415],[86.15811250848012,22.833631167017987],[86.15874261118057,22.835757265721863],[86.16088167111542,22.836563400147273],[86.17115365959435,22.833292939828322],[86.17509547486205,22.83250040197377],[86.17865412238247,22.8289688473888],[86.18118828282672,22.82562157084618],[86.18476399872088,22.82245118865684],[86.18727238501972,22.82176848159019],[86.19798586577828,22.817694485599063],[86.198678381974,22.819242691385483],[86.1981716449997,22.82174673673342],[86.19708775264452,22.82296983960513],[86.19556885831766,22.822749922915307],[86.19447737617277,22.826086592467423],[86.19604603853642,22.827792713554285],[86.19575635497486,22.82899271274122],[86.19775056001139,22.831270024994932],[86.19775061520009,22.832923082097413],[86.19914192080256,22.834971525636128],[86.20026744434895,22.83916847513476],[86.19814744753657,22.8400430964651],[86.19892028862951,22.844554446069665],[86.2013066444514,22.848134422183566],[86.2014375013905,22.85077273826864],[86.19943773586817,22.854412018456266],[86.20084782657635,22.858294246501103],[86.20194151330078,22.8596275607492],[86.2045861903632,22.860751821399287],[86.20569916431434,22.86212137685477],[86.20740213953074,22.86764900698226],[86.2069112501886,22.870785591259963],[86.20915255667367,22.871758753876037],[86.21273066127834,22.874854174715857],[86.21902245685025,22.889674634146694],[86.20695532347331,22.89260498319742],[86.20002709308612,22.893654269636663],[86.19674615068467,22.89450496289273],[86.19483617588031,22.897665868851274],[86.19398383021992,22.901824016015393],[86.19221360701887,22.90823961473861],[86.1903655019766,22.91007253165823],[86.18947681829167,22.913572775926745],[86.18958590415934,22.916563169151605],[86.18901242369542,22.919532143134795],[86.18886615628637,22.9244633538384],[86.18956747403283,22.927881343813453],[86.18974894523477,22.931811567256062],[86.19120751902713,22.93416756484184],[86.1917644341711,22.937295767011136],[86.19361841291364,22.94042154568773],[86.19540585527496,22.941631941575235],[86.19384705561431,22.944627256058716],[86.19019625067988,22.945173494527356],[86.1878288646834,22.946362784715607],[86.18754672715794,22.94787888661953],[86.19055498929971,22.9520945039796],[86.19204197591935,22.95628429941355],[86.1957472358885,22.95980784756634],[86.19709760243815,22.96238905849148],[86.19883013727674,22.968016285914242],[86.20473292591998,22.966969961288218],[86.20872072418194,22.96817420643616],[86.21627419162549,22.968237697792844],[86.217848402905,22.968680112686908],[86.21805462631075,22.973531769523774],[86.22020731255331,22.974102442694818],[86.22800757744595,22.973092712285244],[86.23291301938693,22.97336037875914],[86.23778264917654,22.973049618503353],[86.2417993398229,22.973502400926208],[86.24405719870406,22.97755674990446],[86.2461195070516,22.979496419286484],[86.24723400039258,22.98216369879582],[86.24698902315302,22.98412266981637],[86.24212625556028,22.989322207024415],[86.24016275302229,22.992310187872906],[86.23747146073332,22.995016141687383],[86.24147407123438,22.99919714426486],[86.24475028752869,22.9988821680262],[86.24548428169223,22.997908047231764],[86.24793051905358,22.997328285923114],[86.25492127155178,22.999335925769106],[86.26501037561172,23.000137263324483],[86.26884639703947,23.00256385805918],[86.27195540255961,23.00615079965665],[86.27826901340302,23.009171547907698],[86.2822121939693,23.009280622784306],[86.28531476794558,23.01023082571987],[86.28990754195048,23.012967362383925],[86.29326418950397,23.013814732955442],[86.29680143822142,23.010711909649885],[86.29845612233672,23.01081165180691],[86.3013882632291,23.013072808304894],[86.3032036504962,23.01632955784838],[86.30524513603805,23.015613569789842],[86.30364145152055,23.010578174976494],[86.30409201370874,23.009992865752434],[86.3089860843573,23.00835205929814],[86.31002822738517,23.00417035264822],[86.3118844397799,23.00292275627229],[86.3169038518819,23.00069119343751],[86.31970625605611,23.000827675589495],[86.32234986425205,22.99704514405271],[86.32612697818595,22.994848132661218],[86.3283080324262,22.99439545580824],[86.3379874877125,22.990505493170527],[86.34181883657125,22.996686316424526],[86.34421607975717,22.99776526772362],[86.34829087334307,22.997720508489465],[86.3511191454307,22.996611566153025],[86.35483007252738,22.994145373945923],[86.35435201164988,22.999418733770863],[86.35884272778628,22.999567974927977],[86.36402247103872,23.0007959559947],[86.36654090781971,23.000377160159506],[86.37136307203279,22.997448659583757],[86.37247576145428,22.998488735737194],[86.37683471245056,22.99842040795307],[86.38175279395217,22.996278469994873],[86.3858844882564,22.995971373918323],[86.38693373295372,22.98985311237619],[86.38863765735509,22.98663383020777],[86.3901131157363,22.984949589690647],[86.39291889512661,22.98298819307417],[86.39401101628376,22.9809630785377],[86.40106463012059,22.98151637736655],[86.40202649692962,22.982554309323497],[86.40532347662365,22.988162469335432],[86.40865928680456,22.988772385461694],[86.41014458406397,22.990485229836352],[86.41222559335974,22.99004834953577],[86.41555955359983,22.990652915437106],[86.4151306671174,22.991551474792793],[86.41717715683396,22.99325726232818],[86.41728130989725,22.996292760265433],[86.41923516827005,22.996087642481143],[86.41890158775931,22.99843959178585],[86.42022929422318,23.000558116273602],[86.4216599358776,22.999145145133188],[86.4256121653502,22.996729611724845],[86.42928147314252,22.996580241298656],[86.43532644309938,22.994511777018648],[86.44198918214586,22.993301168623802],[86.44686526760613,22.9880704709733],[86.45047829125706,22.98836252381951],[86.45144381668688,22.99087710626746],[86.45502565673517,22.99060932887447],[86.45804507354757,22.989463421772406],[86.46152748308593,22.98966501044337],[86.46504364855821,22.988728380307094],[86.46661464566299,22.98954644277159],[86.46880680866113,22.98931267509217],[86.47028559523325,22.991661699241472],[86.47268921980692,22.99197871076525],[86.47741337168021,22.99175053354961],[86.47937730231408,22.991025229265198],[86.48217766495276,22.991838624902392],[86.4893293761623,22.992647525062196],[86.49771389172922,22.992773490980625],[86.49953080841259,22.994865857408232],[86.50140503497734,22.994636875246652],[86.50147504744302,22.991511590775474],[86.5028579922573,22.989528643454225],[86.50257795877693,22.98752687459658],[86.50403031618247,22.985910749616156],[86.50831667878977,22.982842935328236],[86.51337961137351,22.977556061534454],[86.50819194018166,22.97414360028162],[86.5079631911807,22.972652392995972],[86.51094762587967,22.972664337748608],[86.5143290434936,22.971217613061363],[86.52063371842331,22.970468857349232],[86.5243785107015,22.971279562654917],[86.52641093002437,22.972708363053723],[86.52682121392529,22.975383419936332],[86.52520138764152,22.975478019331092],[86.52401640156174,22.976766158945352],[86.52864761977528,22.980411334212903],[86.53062754161859,22.98059785892181],[86.53318639533825,22.98263787185038],[86.54020365788911,22.984817336788787],[86.54486224712495,22.989266046427254],[86.54594360022743,22.989765928483283],[86.5476065138144,22.98854115415292],[86.54765458265166,22.981768308946428],[86.54923383899036,22.978326593062285],[86.54664404739229,22.973045742260222],[86.54459738137031,22.969755558142666],[86.54498061847677,22.966335781732848],[86.54384939550593,22.965370061805622],[86.54143562996047,22.966636845106596],[86.5393773810019,22.966585743454246],[86.53162819894676,22.964705511360364],[86.53347907546424,22.96203001097716],[86.53189409614745,22.958106954443025],[86.53114453992217,22.95417547096903],[86.52905742378996,22.95105738287172],[86.52551151855471,22.94722762169914],[86.52287024510036,22.948843456037114],[86.52080122382675,22.948369948670877],[86.51551199439203,22.948600385899038],[86.51162669109029,22.947016493011894],[86.50943141430778,22.94950732324605],[86.50616960112309,22.950946408651337],[86.50295328376268,22.951415864372166],[86.50272060448822,22.948347148286512],[86.50079501880958,22.945385681022746],[86.49783595143583,22.945495797839573],[86.49545182910059,22.947478068449875],[86.49464839468519,22.943234441578454],[86.49310216060465,22.94200101098148],[86.4913102661315,22.938691005069398],[86.48973418289434,22.9376000567775],[86.48809904232215,22.938321098131382],[86.48683660530115,22.94118367769246],[86.4829122812506,22.943937473680887],[86.47823238696407,22.946017910832943],[86.4771506054496,22.94802392992034],[86.47774707552234,22.95081445552524],[86.47475273298676,22.950450817917822],[86.47069148369508,22.948865602457992],[86.46975959858472,22.94768819170098],[86.46920917207629,22.94502154691451],[86.46565552406112,22.94534266964153],[86.4633202432165,22.94234940546307],[86.46217856530731,22.93962804940416],[86.46284672314306,22.936945023516106],[86.46021687743657,22.93669272856202],[86.45959733982716,22.93506167021537],[86.45299770010752,22.930879036248957],[86.45029361565275,22.932039986486252],[86.4475316134005,22.931124828912214],[86.44291093473261,22.93075650246512],[86.44326599775627,22.92910663125083],[86.44089258850228,22.92759880184741],[86.43733588607229,22.926899735345835],[86.43551914167715,22.925221416752123],[86.43625329749868,22.922850139013836],[86.43769678435997,22.92260088700709],[86.43880897400705,22.920397919048423],[86.44084616000264,22.919875258680772],[86.44149541769343,22.916782051649434],[86.44421404243951,22.914637433353356],[86.4467146920936,22.91076314354943],[86.44737929067672,22.90831658242236],[86.44905762819737,22.907886722117645],[86.45269377616829,22.90462707062762],[86.45296612597349,22.90349559883616],[86.45649841226135,22.903903213475193],[86.45788821428684,22.902936249538463],[86.46356564846708,22.902662610250147],[86.46571248150715,22.90311971298512],[86.46734787153133,22.90081554663838],[86.46471924484811,22.89480854695391],[86.46030331731208,22.892110778425454],[86.4565520527149,22.88769529355329],[86.45614994249786,22.88593249559821],[86.45326058505125,22.885691776744327],[86.45421012148354,22.882225698048664],[86.45577711805298,22.880433462338225],[86.45356781590823,22.877056456700377],[86.45321819484487,22.874282065031174],[86.45183799995118,22.873256547176517],[86.45239141064945,22.866501487256997],[86.45098511676113,22.86229620138349],[86.43795804641753,22.86328963783812],[86.43653290873927,22.861405702715256],[86.43491918154247,22.860600996337542],[86.43587964044914,22.859090826999548],[86.43296028317482,22.853199808809734],[86.43380950028063,22.850529021511854],[86.43449205994453,22.845725707853173],[86.43569320156719,22.84279408850532],[86.43616516065067,22.834674791400147],[86.43874258079397,22.831196957636717],[86.43581151360564,22.82917883591432],[86.43324625620744,22.82542539528168],[86.4272108405083,22.817849964551336],[86.4250629326308,22.81419272737049],[86.42246212792635,22.810722620003748],[86.42471957079049,22.808151922113186],[86.42498690410869,22.806749017194356],[86.4234973692928,22.80291303925813],[86.42499757109753,22.79953143398775],[86.42242102638639,22.79674953040629],[86.42339470054024,22.795170464609267],[86.42324590294221,22.792752680885513],[86.42098328348499,22.792818012982874],[86.41943164689697,22.790920533300195],[86.42155517976143,22.78868796821808],[86.42586010684488,22.78601203395403],[86.4277435279706,22.781194443076593],[86.43053286960266,22.778078863860145],[86.43254314939885,22.774879089275927],[86.43494615104773,22.773252579114928],[86.43751989339482,22.772773861427936],[86.43978972330812,22.77366719249131],[86.44038708361306,22.77197996587234],[86.44217358677001,22.7710196074455],[86.444275298145,22.77160500132268],[86.44723739186522,22.76900464637477],[86.45108647127029,22.763760419627925],[86.45536944587128,22.76360084135379],[86.45870249179019,22.764477545923445],[86.46323311730805,22.760031047985176],[86.46406142964068,22.758023490160454],[86.46958489910428,22.754036667126858],[86.47176155881834,22.748427461526973],[86.47184456419211,22.744889180414155],[86.47353374634908,22.74248062121716],[86.47631264787,22.739905724657273],[86.47725119244085,22.736690397859448],[86.4798926388447,22.734453114246747],[86.48182746595143,22.731794324707252],[86.48222116415731,22.729316556452513],[86.48546150224333,22.72833936697077],[86.48679499923905,22.72918104038135],[86.49363647661924,22.726492021482812],[86.49498452604425,22.723134317462947],[86.49772329469447,22.722750360190098],[86.50293891424225,22.717100024074348],[86.50746890606963,22.708324354665944],[86.51072419342344,22.70468024378005],[86.51290962727495,22.706172943470612],[86.51271608882034,22.70861133750168],[86.51156135124356,22.710224851766696],[86.51131823841345,22.71288907049017],[86.51314449268683,22.718028441657214],[86.51405015806179,22.71842781377623],[86.51779060453991,22.71712889051174],[86.52058017301661,22.717087175660357],[86.52301708948794,22.720918390000065],[86.52861290582396,22.720862107192982],[86.52884672336876,22.71956762503596],[86.5327029210979,22.718101863865744],[86.53465481146071,22.717852054499605],[86.53928720648383,22.71979103975262],[86.54282633243683,22.7221329405899],[86.5441224524216,22.721829480093813],[86.54832295097701,22.718739139870667],[86.54807308896605,22.720802473771126],[86.54967873440715,22.718922029539208],[86.55274639208763,22.716992235534732],[86.55551118939965,22.714176778435235],[86.55769256800637,22.712704547183225],[86.55946927288248,22.71237428259858]]]]}},{"type":"Feature","properties":{"id":"20-231","name":"Garhwa","source_name":"Garhwa","state_id":"20","source_agency":"Survey of India (SOI)","district_code":"328"},"geometry":{"type":"MultiPolygon","coordinates":[[[[84.01719940928946,23.797109265006632],[84.01761556429534,23.79268961599247],[84.01889113451593,23.790512318244744],[84.02240421305846,23.78654630505461],[84.02372875574865,23.783503685736914],[84.02351801845904,23.780268912446484],[84.01973013331275,23.776513886577757],[84.01843758768574,23.774287029753857],[84.01576882637706,23.77134771758982],[84.00851507113997,23.76484186100724],[84.0070840695581,23.76179439456802],[84.00615105462423,23.75672276984856],[84.00714669849647,23.751769681515512],[84.00638846925615,23.748851197747914],[84.00272432025949,23.74538510992391],[84.00003655949438,23.74502612659281],[83.9949405252872,23.742815384746002],[83.98946035478656,23.738557657115425],[83.98398114139931,23.735129984930147],[83.98221960257113,23.733299746998007],[83.98160091215881,23.731221150100197],[83.98434677320728,23.72350504301137],[83.98902942080655,23.720203229489666],[83.99016722453065,23.718456631355323],[83.99287903280738,23.718550824702582],[83.99510628645865,23.715502497740058],[83.99654464019936,23.715178525228335],[84.00061736940643,23.709806865674537],[84.00530510698319,23.70924799838563],[84.00932450141748,23.707051666115458],[84.01123335188495,23.703280248192968],[84.01368006597397,23.70041266431367],[84.02252977778492,23.69522272147746],[84.02975954567621,23.6944682529776],[84.03180048190437,23.69478718021251],[84.03678976374745,23.696471080548815],[84.03872262055219,23.696372702601966],[84.04673706928082,23.693412432006415],[84.0500494520544,23.69384560053766],[84.05242544293691,23.696264302387288],[84.05573616269702,23.698087127275958],[84.05613999189907,23.699746292259317],[84.05737678274055,23.700094683022524],[84.06337499103547,23.696024734570088],[84.06247600715325,23.694271500434752],[84.0619148960227,23.695695763230074],[84.06096894925729,23.694612852771524],[84.06051526259414,23.691238074524765],[84.06156579081012,23.690716593037227],[84.06310675981535,23.691919017506628],[84.06338454855984,23.693521635872838],[84.06625133202002,23.695042496183646],[84.06817787129677,23.693468085450306],[84.06794431881258,23.688130172524357],[84.0629793859416,23.688415081577862],[84.05983456850285,23.684438738084612],[84.0589691201172,23.67976557207356],[84.05809140916782,23.67739353948288],[84.05715675271703,23.671209715256374],[84.0550313334311,23.670747405882647],[84.05496355496356,23.66655871802597],[84.05399290705401,23.664401467568258],[84.05116226327137,23.660430913787955],[84.04805935248258,23.65986650294044],[84.04677689214081,23.658515415648196],[84.04258437373282,23.657614284890627],[84.03881149926313,23.655484584944798],[84.03127573822745,23.649059449686618],[84.02733702916004,23.646050969715358],[84.02620952822222,23.643926706960453],[84.0227634345441,23.642100772126824],[84.01941062058265,23.638760520353514],[84.01928624424943,23.63646594254802],[84.01657314462263,23.634355265142165],[84.01417836264505,23.63364226865717],[84.00623769850009,23.634364516377865],[83.99913173824378,23.63370372036534],[83.99713545366596,23.634477318177815],[83.99307869981457,23.633261612153692],[83.98736105452821,23.63229335354814],[83.98096250827842,23.63368493891891],[83.97950916683563,23.62872041285793],[83.98065165221136,23.625027747438672],[83.97722766011958,23.625707057046935],[83.97513530321068,23.625548962126253],[83.97347786882857,23.624060341879616],[83.97274683593048,23.625917446731954],[83.9693500503013,23.62669031648418],[83.96656622722108,23.62593203615279],[83.96134374075575,23.625180083992205],[83.95842288191433,23.62527629390186],[83.9562865941781,23.62617284187564],[83.95230466339348,23.62598640588332],[83.94775343968568,23.626700013868764],[83.94252012512452,23.62599229656494],[83.94104122839487,23.624726854131794],[83.93549099216385,23.622496690917423],[83.9319060421619,23.620413474472347],[83.9305548340147,23.618131634150977],[83.93130010170161,23.615312052125503],[83.93065109137697,23.61124095301326],[83.93380132283,23.607377162207026],[83.93298950174643,23.60076155169822],[83.93701893781012,23.595265643869105],[83.93737998824402,23.592412228718864],[83.93909454791445,23.590423203553588],[83.93807868563844,23.586154204665295],[83.93856978077044,23.578493565376284],[83.93991458304191,23.574540436135557],[83.9397541424812,23.5704855402377],[83.93769368925078,23.568992071125262],[83.93559841931395,23.569004895178935],[83.9336990385946,23.57027594006173],[83.93114269446305,23.57074879577439],[83.9270304849803,23.573708562914156],[83.92444303770077,23.574252953838542],[83.91867092267752,23.576385506590096],[83.91463876577549,23.576115972702617],[83.90856567059976,23.576247944470882],[83.90017191963855,23.580150376903518],[83.8994579549712,23.582352664004947],[83.89415341769907,23.582538748844105],[83.88848008275586,23.578788613780347],[83.8834395785067,23.579761380405404],[83.8817515445375,23.58055765694113],[83.87904832666482,23.580395044693386],[83.8735435074022,23.58201740566226],[83.87149597285172,23.58214532174137],[83.86970294253052,23.583177538245327],[83.8649932012702,23.583947029736525],[83.86067265510786,23.58530351322856],[83.85100438320671,23.587417994224097],[83.84705011845341,23.587517968955073],[83.84477507831029,23.586660175487573],[83.84087265401124,23.587906782163063],[83.83860467784274,23.58939454205924],[83.83579727566506,23.58929222035996],[83.82581185449664,23.59073967962083],[83.82438115217823,23.591942153143037],[83.81698739123124,23.59464658016539],[83.81541976625182,23.596054730660043],[83.81227288528464,23.58919000834485],[83.8071000865604,23.58750915352774],[83.80539962456375,23.588872083648475],[83.80437870376367,23.59537108100259],[83.80141656302831,23.601238268170512],[83.80064377220586,23.60201634122806],[83.79634474240738,23.603651123058672],[83.79461744985285,23.60502300701],[83.78986988192096,23.604563946693062],[83.78782251542275,23.605405892711527],[83.78231364807391,23.60645564643003],[83.7771162918318,23.60797200005321],[83.77248167659758,23.610898300013293],[83.77483654663126,23.614303809340207],[83.77637171053527,23.617593019400196],[83.7759354554824,23.62063200087584],[83.77458367901717,23.622626827674686],[83.77235207716798,23.623780400352686],[83.76946020750056,23.62390065518681],[83.76465669804905,23.624901311131534],[83.76196971900607,23.62505276422656],[83.75944895516639,23.62601069073281],[83.75665747240686,23.630003541627307],[83.7553748182606,23.634713889808676],[83.7519169238364,23.63867464850944],[83.75179395966012,23.641360699965],[83.7532129142728,23.643393494452987],[83.75681353371326,23.645923164410338],[83.76057496362009,23.647896563261398],[83.76166438799265,23.65019310254512],[83.75892821367974,23.653510511705417],[83.75651925634115,23.654678144927377],[83.75523870116963,23.656158116653792],[83.75089820720511,23.65898151069428],[83.74623440363845,23.662989010735906],[83.74259186222932,23.664509498337168],[83.7388526863233,23.666767616570862],[83.73343525153177,23.672689687823123],[83.73000653856609,23.675838396913832],[83.72359904021991,23.683892870674764],[83.72269073098764,23.687133358945378],[83.72302231893474,23.68876447108731],[83.72493394380675,23.690681628264873],[83.73211574106773,23.695001934026077],[83.73326899760977,23.696298492332247],[83.73507014804837,23.700306472464497],[83.74104969345869,23.702570891999542],[83.74264010504174,23.70481496428472],[83.74406273280859,23.708688592475035],[83.74597177397752,23.71704772227269],[83.74606788192088,23.719494893362512],[83.7448631305947,23.72260883293223],[83.74321646784482,23.725246964631832],[83.74006408387991,23.732352099312095],[83.73920910131625,23.73677314441646],[83.73910507331837,23.74921321845404],[83.7377358667104,23.76048965067286],[83.73547243089745,23.763590691604843],[83.73055312530461,23.76665357677935],[83.72430559947807,23.768722654815132],[83.72270116019415,23.76994429756613],[83.72127121267657,23.7724476103405],[83.72110062806388,23.775340280769047],[83.72299692662116,23.782210571517147],[83.72311571326948,23.783728858197584],[83.72203801794117,23.78799037477863],[83.71802736001356,23.793085349615968],[83.71359529599808,23.79971269048607],[83.71015238181906,23.802093424619468],[83.70550155664631,23.803374536054292],[83.70439022122736,23.806607827602605],[83.70532642994313,23.80992097909666],[83.70739509150219,23.813826818726202],[83.70763799992939,23.817413929634768],[83.70534695125448,23.820757310251768],[83.70259397960686,23.822972102840378],[83.69954805233715,23.823583588265034],[83.6956975212549,23.82536871448942],[83.6914930811887,23.826415232086763],[83.68872888338612,23.825579975560462],[83.68630846997299,23.821639351457687],[83.68406962799402,23.81943480519759],[83.68217517528056,23.819502306715094],[83.67797994498765,23.822497538489674],[83.67658137714844,23.82542671175683],[83.6743399822705,23.827173735994506],[83.66839852295071,23.827099486333466],[83.66467195150098,23.827529549692148],[83.66330206584914,23.830029668738014],[83.66389253779188,23.832252873410418],[83.66722663309996,23.83495947209774],[83.66848748033554,23.836664861670247],[83.66725406355788,23.840021532332127],[83.66654766562704,23.844293963331253],[83.66153689714626,23.848396472018937],[83.65608262240164,23.849947172700418],[83.65181995282697,23.84901557043911],[83.64633553592029,23.846776022547328],[83.64142415972837,23.847426783837225],[83.6347739396943,23.84969941382042],[83.63078392552151,23.85037004776851],[83.62279521797728,23.853181228687774],[83.61912484791415,23.855139550969742],[83.61740730993182,23.855552906375703],[83.61219476316612,23.85381436828956],[83.60885092814054,23.854525651242856],[83.60584628111818,23.856525344859918],[83.60034372159876,23.858388723986327],[83.59431646059356,23.86117842494186],[83.59151789656029,23.862785478685346],[83.58576936542738,23.86391203705683],[83.57853499019032,23.86259660543187],[83.57465745033478,23.861211270399966],[83.57118997491706,23.862135439883964],[83.56941047329762,23.864892426941495],[83.56892146808622,23.866694861349284],[83.56948639645783,23.869080085270614],[83.57070282942401,23.87056870701065],[83.5744185297037,23.873267751469125],[83.57734797237521,23.874532857047537],[83.58091568276951,23.87540605604413],[83.58421539774344,23.878636955376194],[83.58601308048182,23.882562110345553],[83.5853767418583,23.887088894160083],[83.58276513526347,23.88939447510344],[83.5790785273662,23.891910736524533],[83.5740971559607,23.893658239826536],[83.5704262073581,23.894451441289092],[83.56710573086544,23.893863119435654],[83.56285270667964,23.892550231919202],[83.557856183863,23.893376620954538],[83.55474587406366,23.895598417772376],[83.5534440624341,23.89806817247503],[83.54930316200488,23.909709025420593],[83.54834847499744,23.910759085712687],[83.54691921673178,23.91430444770314],[83.5475514482509,23.9215266421008],[83.5488295024377,23.926607324543912],[83.54924214596369,23.931018967488768],[83.54887085992307,23.933906471835407],[83.54738419234273,23.937552679662453],[83.54600326142065,23.93949835917905],[83.54177743930772,23.942965448030666],[83.5369695953264,23.950661581934995],[83.53440189846226,23.95344533612046],[83.52839356181964,23.95824407233399],[83.52648755417239,23.960501333106112],[83.5244943999573,23.964172885997158],[83.52260069366835,23.970328468336522],[83.5198889045385,23.97372103783845],[83.51753242722104,23.975922844314372],[83.51517379139071,23.981480291139462],[83.51570141070343,23.985587857416093],[83.5154945608641,23.98998546981875],[83.51421109458461,23.992797878056788],[83.51380110845683,23.99635190396785],[83.51438544058306,23.998349800600348],[83.51694349381715,24.000981095676742],[83.51999351681079,24.002965036172096],[83.52292939105504,24.00636182099607],[83.52387527153637,24.009743693025356],[83.52385601145896,24.012333991227866],[83.52188471821354,24.01585016339189],[83.51636302426532,24.02210212513053],[83.51590829852775,24.023259665922467],[83.51617416733198,24.026672566171943],[83.5132270097201,24.02870509028607],[83.50900004599796,24.030865180611606],[83.50083917011996,24.032275547808098],[83.49805619992594,24.03348386753615],[83.49248862574277,24.03668505934941],[83.48343273348947,24.03920155614084],[83.47925176069222,24.040882470135674],[83.47485575315439,24.04143973098503],[83.46440415373428,24.041460195590297],[83.46043170542454,24.041248402761425],[83.45423830084287,24.04145048307508],[83.45015790670524,24.04386513691755],[83.44937441001736,24.046465820615936],[83.44712275502727,24.0498098761417],[83.44429716572985,24.052892352154227],[83.4422719074555,24.053666109945283],[83.43768197968086,24.058024486581736],[83.43675236198615,24.06038418912516],[83.43680875069258,24.062376047247433],[83.43832338948293,24.068232587041464],[83.43840972600333,24.071860855234892],[83.43719132555731,24.077943132900288],[83.43420654261018,24.084202633437926],[83.43166344513907,24.085937781648475],[83.42642300100822,24.086229294764983],[83.42122466003501,24.08272054310187],[83.41043693503029,24.08077698762112],[83.40664416797578,24.080444211105487],[83.40509969616716,24.081562577304492],[83.40307138679482,24.08522358955682],[83.40115177743263,24.091851633852468],[83.39809133490476,24.094349198260176],[83.39360523788928,24.097100946383414],[83.38783143231218,24.09997496962732],[83.38303435014465,24.100115792613163],[83.37219208329157,24.101817008571516],[83.36835084252603,24.10280705520286],[83.36424216860716,24.10328541756167],[83.36083671970832,24.1014967631358],[83.35472943394086,24.099897452216933],[83.34981873234399,24.09635259974683],[83.34853698929794,24.09615961885824],[83.34587847760544,24.097515063657763],[83.34217003535308,24.098577851863435],[83.33712925445329,24.09892612344094],[83.32983492506311,24.101664782417828],[83.33426193379029,24.104078487680574],[83.33775764985073,24.106535867251253],[83.34020331373061,24.10898306381561],[83.34494680410126,24.110821156322725],[83.34802505402968,24.11523334798938],[83.34873587906304,24.118578736749605],[83.35084733226644,24.122092855761288],[83.35280146886493,24.123185918269957],[83.35475364103876,24.126777333872056],[83.35488901949607,24.13564734776352],[83.35566872101826,24.13721331886749],[83.35879829619546,24.140321636623163],[83.36159886286023,24.148814136304214],[83.36170271960073,24.15555444830195],[83.36508806755843,24.16151660787878],[83.36581240809222,24.164212447599862],[83.36892318745294,24.169969150649578],[83.37181034441673,24.17425924999971],[83.3718293970185,24.175324106957504],[83.37542187567588,24.18391603562432],[83.37504668657685,24.186022116052612],[83.37914825772536,24.190850346480463],[83.37980021236208,24.19325484714645],[83.38212889193889,24.195232810329053],[83.38282531104365,24.198532539382253],[83.38143217451636,24.200159195888947],[83.38212532669331,24.202397462186436],[83.38183818602685,24.20465971187034],[83.38039949936325,24.20503248342755],[83.3806695117665,24.207777422622396],[83.37865506168284,24.21072769182289],[83.37928047888288,24.21308579800648],[83.3830861714028,24.215626629286525],[83.38136342813362,24.216682210241938],[83.38251696646559,24.219254980101635],[83.38462080336802,24.220713716899283],[83.38325555354255,24.2222925114245],[83.38137401348082,24.22587384872403],[83.37900778477639,24.226070158788772],[83.37877060078421,24.23033083386882],[83.38130220434024,24.233973814719125],[83.3849230432327,24.236024565297935],[83.3852797766438,24.239036904335595],[83.39767839202091,24.243813949091653],[83.39831715933931,24.25046790238723],[83.40075505047955,24.25682174752055],[83.4042647611668,24.259015457728303],[83.40524639663737,24.260490929105835],[83.40790268792733,24.262596818874297],[83.40824296160997,24.265540984940944],[83.40910569286649,24.266249604596858],[83.4079191224248,24.268971119828855],[83.40829313208495,24.273200253536114],[83.40793292647253,24.281074282691907],[83.40652417162347,24.285353654664938],[83.40719961808149,24.288756830017654],[83.40180992393373,24.29226075343534],[83.40152666756626,24.295509961653813],[83.39239716645967,24.29595706351323],[83.39061762580589,24.2974713604361],[83.38680113666997,24.298289363337016],[83.38573538686057,24.299836752330165],[83.38548555386143,24.303996627740144],[83.38312439985839,24.308445196116047],[83.38025166598325,24.31031894982826],[83.38007201887058,24.313102132283195],[83.38426966227611,24.31640434737534],[83.38591756589886,24.31721454451625],[83.38777678400398,24.316183020937075],[83.39005066302182,24.319888833662652],[83.39217784136484,24.32477794565535],[83.3948123279509,24.32609315305645],[83.39728963965754,24.32971194832324],[83.39986517545388,24.330682964828952],[83.40568492688826,24.336396666721424],[83.40787064458748,24.337088906833458],[83.4114554619022,24.339834698191503],[83.41431342802657,24.33973100065645],[83.41978335013097,24.338119393328334],[83.42309844852684,24.337863891628807],[83.42808221339257,24.338486514623526],[83.43095304329707,24.337922721920446],[83.43365942253872,24.339014674264998],[83.43380183774408,24.342364551621696],[83.43611207355593,24.344944552378617],[83.43951237587538,24.346224254289954],[83.4395471951969,24.34779454590999],[83.44079755029831,24.34885226107795],[83.4433110516291,24.35262760193072],[83.4443673239728,24.3578120149218],[83.44608106144071,24.359557067740067],[83.44876705318964,24.361045343863392],[83.45588024071327,24.363568445375428],[83.4572782541057,24.36450105670634],[83.45520104068659,24.366202259394143],[83.45155699516435,24.36798420735652],[83.44787586714516,24.37109112868367],[83.44825399564866,24.37482537083022],[83.44971083655858,24.376609484041587],[83.4491069566976,24.37731445857912],[83.44541184858707,24.37820444409772],[83.44485252375058,24.380780854140433],[83.44356584002503,24.381281455354326],[83.44259267650513,24.38567923280268],[83.4388891235725,24.387802083856233],[83.43752855736729,24.392063749222668],[83.43556687797853,24.392125820906855],[83.43355556161464,24.393251079022328],[83.43400291007156,24.394506370870793],[83.43271311807665,24.396097219820096],[83.43585850402265,24.398924894733874],[83.434458571803,24.40072301853358],[83.43300944829214,24.399714728175656],[83.43005871387739,24.399915770030113],[83.42721050947375,24.40150921872028],[83.42359581519906,24.404507751594004],[83.41893900343963,24.406189266836826],[83.41667817280721,24.40635557491908],[83.4134655289348,24.404705176028017],[83.41128438558034,24.405491058056118],[83.408485902191,24.404853383360358],[83.40511014060611,24.404755101470208],[83.40426535540625,24.4098855260232],[83.40351206274053,24.41686894153068],[83.40342619344246,24.42348053181221],[83.40470752167461,24.42868476691285],[83.4043156137009,24.431733176746967],[83.40490927249142,24.435969837635813],[83.39415827724558,24.434618925950396],[83.39357426905535,24.43740270873771],[83.39077588307474,24.4394097677475],[83.38988426033173,24.444656680283487],[83.38660590711244,24.448143812870455],[83.38555234657657,24.45123774020769],[83.38523153261553,24.454883054433424],[83.38595088800531,24.457985121641297],[83.38750938041315,24.459312216096436],[83.39043718546262,24.46402887170374],[83.39158209492894,24.470612289422792],[83.39106352483228,24.473620796255112],[83.39350650166364,24.475357670285064],[83.39357206042538,24.47789379828132],[83.39660195486316,24.481204372141324],[83.39823721418516,24.485388652085195],[83.39759367051937,24.487559978415405],[83.39540265931964,24.48869830600446],[83.39770466755704,24.49071051213012],[83.39843881679197,24.49318156290377],[83.396126775413,24.494440749869703],[83.39698326069184,24.49687208587341],[83.40009104072188,24.500756679744935],[83.4016279742565,24.503425519799958],[83.42081987934128,24.507938807059453],[83.43089158160973,24.511199263495037],[83.44176806579652,24.512159816414616],[83.45160157056158,24.513796418155763],[83.45903335270131,24.51593077612715],[83.46767473462536,24.516467253617797],[83.47243489851546,24.51758891080544],[83.48011378180418,24.520826369875127],[83.48423968942744,24.522077218316106],[83.49312213070478,24.523898777686785],[83.49933810888183,24.5242861782348],[83.50335495126707,24.525468614173217],[83.51007154518508,24.5253204251407],[83.51358545772983,24.525546128801626],[83.51988587459923,24.524482879682985],[83.5320686762266,24.52428554635234],[83.53770500485764,24.52478498156815],[83.54426641717043,24.523907129099303],[83.55205562493859,24.523201444722176],[83.55907859845706,24.521305105350077],[83.56538495895404,24.518562157163153],[83.57603653682418,24.51591764349051],[83.58410168333943,24.515198478166933],[83.5959843178621,24.512589384019297],[83.61041270800507,24.512093428766033],[83.62938049855005,24.51256360683257],[83.64420419747162,24.513895525161306],[83.65052439783737,24.514725416078583],[83.6539325522538,24.514779247267146],[83.66356022013386,24.513882962466223],[83.67315841347595,24.51410396583422],[83.67632411307308,24.513334777338187],[83.68340874096545,24.5131479202499],[83.687830129057,24.513750232329144],[83.69011361021238,24.513159844299423],[83.69169859010934,24.511372182682997],[83.69829389242601,24.509362104615853],[83.70572586495085,24.50801669304018],[83.70982655283339,24.506534386573268],[83.71454999576916,24.503986519331164],[83.7186596604164,24.503300134934022],[83.72751124475226,24.504159950005864],[83.73123651146958,24.506135373358916],[83.73582180396484,24.50650530110873],[83.73813154086895,24.507556669937024],[83.745248819606,24.509718177180975],[83.7498959184426,24.51020142755828],[83.75463628624289,24.50932650379198],[83.76513019588694,24.513135340576795],[83.77300526602279,24.516650996801644],[83.78594499635365,24.52138090830084],[83.7915372762598,24.524193326267405],[83.79535384707896,24.527138168186326],[83.7995054539648,24.529463882432076],[83.8014940645147,24.529898145123916],[83.81076617306155,24.52872848335254],[83.81688684358697,24.529115515554043],[83.8227162966024,24.52987008817365],[83.83776845536491,24.53216247561361],[83.84281398606619,24.532728321803333],[83.85176182833968,24.53582408395309],[83.8602282988553,24.536881603913088],[83.86257174749977,24.53693482724354],[83.86859636306745,24.534318208221453],[83.87271589074646,24.532148921563778],[83.87231003486593,24.528127967103284],[83.87134105566531,24.52624015159976],[83.86831239540918,24.522297476673014],[83.8652369034172,24.51707262339994],[83.86098133091923,24.508547810197147],[83.8565597642751,24.50038043824035],[83.85520185215016,24.497094897646242],[83.85321281064427,24.48827432326167],[83.85203581469023,24.482087313464984],[83.85236890346567,24.475435490996425],[83.85218941373476,24.462835941127192],[83.85266808433228,24.449131359750375],[83.85469459476042,24.44452685733396],[83.85548962796548,24.440293610603923],[83.85516740238002,24.43739065631676],[83.85577677030541,24.435472458458616],[83.85596802957332,24.4265708772201],[83.85531060994005,24.419302885803244],[83.85285835295952,24.410111883757477],[83.85079685097887,24.40106422327197],[83.84706331965145,24.398261616290583],[83.84311092094019,24.39436260213559],[83.83948131449452,24.392545532778506],[83.83247190008449,24.386804958809776],[83.82592013296252,24.38249030055387],[83.82221527298847,24.3809509347099],[83.8202292290513,24.37922196865313],[83.81548621562325,24.37312229491907],[83.8141265760895,24.367238117580218],[83.81271179491563,24.363951162037072],[83.81181675900237,24.35997145789],[83.811495035887,24.351194651123347],[83.81393157569342,24.347104495691973],[83.81780828287253,24.343703243941526],[83.8247686120109,24.33510617048722],[83.82646544227809,24.332218336358732],[83.82999394995284,24.323386663814375],[83.83033368886488,24.317249271304174],[83.82943709692859,24.314108682961294],[83.82807312803389,24.31233879673385],[83.82399760148324,24.308761790626622],[83.81873292793166,24.303526704104595],[83.81605270039674,24.2957380344777],[83.81643690455451,24.292570159091998],[83.81805228492539,24.289373902456695],[83.827613806808,24.28172405582071],[83.83395260635817,24.27300495614072],[83.84068464238041,24.264266606647936],[83.84497484215318,24.257525405706748],[83.84666028693213,24.255430989276082],[83.85212318305742,24.25059967784631],[83.85732741562434,24.24346183719599],[83.85902749995374,24.241954016264593],[83.86147637244558,24.237195357005447],[83.86754290168945,24.229759106187167],[83.87185845202505,24.22267458016621],[83.87497884327566,24.215763862157857],[83.87621743763826,24.2121800317047],[83.87950725949982,24.206770487666347],[83.88267638709401,24.20429086796486],[83.88840397111177,24.198939933724244],[83.89254854884189,24.196380768329448],[83.90242005898013,24.191294185096655],[83.9048304957152,24.189646811308116],[83.90727264425338,24.186682665380353],[83.9117984426135,24.18377869773268],[83.91742385734393,24.17809060159946],[83.9208572680282,24.175191286041958],[83.9301869331182,24.166744017202475],[83.93438827260424,24.163787683388758],[83.93956849682962,24.161013272503318],[83.94502073401736,24.159615612313896],[83.95260266907468,24.157150499624343],[83.95516469119524,24.155694775153723],[83.96226123601366,24.153363825099312],[83.96753842809902,24.150608319961826],[83.9692948821204,24.146185524992493],[83.96963010516251,24.14364747802604],[83.97105029932935,24.142222844874954],[83.97085551771606,24.140542121753967],[83.97315625198249,24.141317197476333],[83.97531570317474,24.14106668826989],[83.9759556157347,24.139049053316285],[83.97496373106601,24.137847314362563],[83.97534833647194,24.135395958888022],[83.97640175319422,24.133774503125725],[83.97648610254089,24.129562105295403],[83.97565580689488,24.128074818761377],[83.97731065846027,24.12522901026992],[83.97699447030683,24.124040628215468],[83.9812510495857,24.121137960162105],[83.98256639951869,24.119133664804014],[83.98490633559103,24.114099509901433],[83.98840316495215,24.11179699825821],[83.98936313741486,24.108497893018086],[83.98916700494058,24.104275386891224],[83.98816660294419,24.10165684502846],[83.97980650757854,24.101419613195066],[83.97678492131132,24.102203521363993],[83.97633595404842,24.101436690204107],[83.9742824559122,24.103484978464078],[83.96943100223808,24.10661933309675],[83.96691428514396,24.10620846136875],[83.96350076189418,24.108387511075257],[83.95927506992656,24.10968921028606],[83.95769261983104,24.106232623421935],[83.95334849512504,24.098295504483534],[83.95055965012486,24.095437131332403],[83.94696782307405,24.0956460396185],[83.94363164185633,24.09777883430228],[83.94335343474172,24.098835795627572],[83.94119033813281,24.10040996135014],[83.93812038177703,24.101257581523964],[83.93531361081168,24.097758837744852],[83.93391784191644,24.09693230128531],[83.9295517561935,24.09617683529204],[83.92651126291311,24.0909543071515],[83.91968992995993,24.088894959731356],[83.91701701729777,24.091746657115383],[83.90994115123776,24.09538448533706],[83.90903718009872,24.091684716453376],[83.90664041389816,24.088757759104],[83.89946639124503,24.085851221525065],[83.89631146289678,24.08421713503195],[83.89273807806111,24.086490591572684],[83.89039056863234,24.08601873476895],[83.89030378060947,24.083914560577277],[83.88772348401345,24.080063276032252],[83.88496465106908,24.07953783774947],[83.8819971498724,24.077889229154465],[83.87904280757054,24.074887443353074],[83.87342515393303,24.07189429402138],[83.87204749526532,24.069944111706018],[83.86972987982581,24.069472666431594],[83.86473880900505,24.06983053544246],[83.86391702954612,24.06806321224117],[83.86478235272169,24.064805537894447],[83.8639839194796,24.061270144265134],[83.8639663426071,24.05876139818007],[83.8623364379301,24.05668870975026],[83.86240780917451,24.053351642461582],[83.8614472725246,24.051432543241948],[83.86210692012276,24.045116378545533],[83.86036325455329,24.04328502023171],[83.8609572761631,24.039462337104666],[83.85818677672653,24.036229398891187],[83.85561982031882,24.03513000318205],[83.8519393855968,24.035785175259534],[83.84921924396545,24.03764844827785],[83.84740243651142,24.0369099318298],[83.84539291825445,24.033105958940627],[83.8442497903289,24.025611288768904],[83.84045868056629,24.02035390015367],[83.83584487584608,24.012201039583818],[83.83274918084504,24.00745416062603],[83.8299223644343,24.003768477241266],[83.82651982055619,24.002335582227047],[83.82477653077986,24.000530906530972],[83.82811925800266,23.99598941953513],[83.83695196542264,23.991434892856276],[83.8407550669657,23.991292771767206],[83.84045739337873,23.98784381014111],[83.83793434110277,23.988612875340735],[83.8356326284578,23.985948685238608],[83.83489923323759,23.97979793696998],[83.83282080698055,23.976443526151176],[83.83156880458279,23.972628027582978],[83.83417299603191,23.970137251186426],[83.83171091663884,23.966820146726405],[83.82910693554282,23.96529560308509],[83.82223447242318,23.964458586815574],[83.81848273384576,23.96329805780901],[83.81619540417461,23.96168066513411],[83.81709171385843,23.95836976460275],[83.81976295756655,23.955943879438813],[83.8224602397372,23.95685691061692],[83.82527050962987,23.955561573825392],[83.8274305428538,23.95195191986304],[83.83153992847653,23.950520936470742],[83.83583263035088,23.952441181674494],[83.84036435167462,23.951406720298205],[83.84327063612484,23.953415478007937],[83.85060469307116,23.953421776787998],[83.8565075238777,23.954147335437767],[83.8599608821307,23.95506620093463],[83.86583430977653,23.955217866178828],[83.86470193248391,23.958772452465464],[83.86422011994313,23.962859138094252],[83.86430550970597,23.967444696327163],[83.86355435835262,23.968864060101915],[83.86302180481427,23.972606769260718],[83.86377703730183,23.97426450478662],[83.86607395794334,23.974708429772146],[83.86818513454791,23.97633967654124],[83.86642726140292,23.978776076737756],[83.86580601455427,23.980910946666157],[83.86741615071573,23.982956002990097],[83.86962494974664,23.98299209782131],[83.87215765072942,23.98465898323002],[83.87713735494351,23.98463416231073],[83.88171652925689,23.985340954252322],[83.88839692228863,23.98279671788206],[83.89138676681453,23.980980505184924],[83.89291656200999,23.981277697223945],[83.89345139115854,23.97761145256173],[83.8958637156123,23.97427203402733],[83.89444142895442,23.973589030452207],[83.89517678478985,23.971591697303474],[83.89346586304279,23.969229014890335],[83.89544210438883,23.966255226822636],[83.89697104957745,23.96637645615943],[83.89930707281081,23.965187424287983],[83.90017066151964,23.96561995027851],[83.90499798188212,23.96043866220843],[83.90589822520646,23.9511085816049],[83.91398528763638,23.944648097870438],[83.91751857148375,23.942634603181563],[83.9183892879389,23.941524167147293],[83.91603195280032,23.938679536922795],[83.91391732744476,23.93842948665118],[83.91409324456565,23.937223888719387],[83.91724553596053,23.936357762317357],[83.9192513921254,23.934575230783903],[83.92035764956773,23.936357021258893],[83.9227077640122,23.937026808709078],[83.92463310130358,23.93615398487027],[83.92566107840581,23.93088676210045],[83.92732766140587,23.930153085773416],[83.92730593538496,23.928997576016005],[83.92454607923283,23.927399318911842],[83.9250964599361,23.925713946070324],[83.92754648950651,23.924228969192363],[83.93056041976271,23.923386830595014],[83.93270131220022,23.924178541250452],[83.93477505477514,23.92407555466992],[83.9362833836498,23.92546821732037],[83.9400909941793,23.92270760059902],[83.93953957254485,23.9214273607862],[83.93671183965824,23.920622031137658],[83.93737460852367,23.918325148628323],[83.93677937458068,23.9148481921539],[83.93741038120483,23.910565478062388],[83.9404851354671,23.90462601240459],[83.93582161501489,23.90260205688307],[83.93444850642771,23.901311301719097],[83.93378956667537,23.898040652473313],[83.93537436203472,23.896177314365552],[83.93288144031621,23.88869205185236],[83.93251029120249,23.885291768522873],[83.93117588190809,23.88278358572437],[83.93408966701476,23.881569370108274],[83.93439833010743,23.87971669763484],[83.93560257591845,23.879415762835695],[83.93724067783428,23.876109663490872],[83.93582654251672,23.87282388469486],[83.93716047132088,23.870973547202247],[83.93623828309339,23.868672158808753],[83.93941114231122,23.867688560882744],[83.94223505211046,23.865687319998674],[83.94583251005422,23.86207706164749],[83.94782190593908,23.86092535022767],[83.95106601302821,23.86024061593602],[83.95758830778539,23.857409891577564],[83.96140012440789,23.85972307367289],[83.97208093027646,23.85821902080662],[83.97592913505598,23.85602060690275],[83.97992230247776,23.85433925397058],[83.98048661074053,23.850731780895615],[83.98272672512303,23.843394047942503],[83.98234944216793,23.837656395547672],[83.98472480423757,23.83505884287135],[83.98487663060051,23.83315779791905],[83.98980233840719,23.827162835135944],[83.99156568822906,23.82301011812546],[83.99506866654201,23.819983189826644],[83.9979950676745,23.81856028862756],[84.00012279493987,23.81819699711295],[83.99932253339315,23.813938681363762],[84.00048345619341,23.81016209053672],[83.99656704341375,23.80303801576255],[83.9968630848208,23.799551498269285],[83.99871476218401,23.797927066531287],[83.99863729697326,23.795750747740176],[83.99768362480971,23.793931846343373],[84.00059856755338,23.7927657748579],[84.0037148664333,23.795434324212405],[84.00831809582623,23.79570415426407],[84.01147688481365,23.794808814386467],[84.01719940928946,23.797109265006632]]]]}},{"type":"Feature","properties":{"id":"20-232","name":"Giridih","source_name":"Giridih","state_id":"20","source_agency":"Survey of India (SOI)","district_code":"329"},"geometry":{"type":"MultiPolygon","coordinates":[[[[86.45603852927508,24.37194048952535],[86.45633790690394,24.369220550342256],[86.45776961220196,24.365170073871706],[86.45530241937449,24.358354841734833],[86.45569393820897,24.356534159032385],[86.45792104918685,24.355403676654806],[86.46461111678774,24.354100159435237],[86.46902398705112,24.354092398168135],[86.46842559234331,24.34912253204989],[86.46540393931913,24.345625695838397],[86.46575312985283,24.34416752106794],[86.4634659699631,24.34232232051227],[86.46143747861099,24.33946118845375],[86.45896806032317,24.33905663284472],[86.45655434944953,24.336290731254472],[86.45661631248967,24.335018495078447],[86.46030626489808,24.334146676880557],[86.46150490036462,24.332445449186817],[86.46771703129384,24.332294127071307],[86.47428874536324,24.3305919485242],[86.47396848584374,24.326978207308613],[86.47217713673838,24.324493991255473],[86.47272892777471,24.321645290620157],[86.4711786656552,24.316588965640676],[86.47090850950624,24.314302417864862],[86.47181076618294,24.312474974947214],[86.47343404331022,24.311697996844234],[86.4750589641346,24.30867482718191],[86.47605802433594,24.302970296717227],[86.47776288083926,24.29995126161668],[86.48064463883833,24.29847849531526],[86.48313003055773,24.298713148379523],[86.48506818360315,24.29679650710754],[86.48483494535769,24.291647453133823],[86.48678461288758,24.287775168031708],[86.49091913844357,24.28558957605247],[86.4946358486297,24.285087193954368],[86.50051762839134,24.28526912112371],[86.50284935416742,24.283642005716658],[86.50357464557045,24.282072920285508],[86.50354273129138,24.277428069086508],[86.50502724495335,24.27565368080373],[86.50618074704445,24.271102103544667],[86.50744502573531,24.269775230602907],[86.50818481959594,24.26649111395747],[86.50986434915066,24.26317175813348],[86.50903649151904,24.260703487770424],[86.50975678815736,24.259352376188865],[86.50785842481933,24.257924771501827],[86.50716190600546,24.25625457365259],[86.50930749176128,24.25424662196239],[86.50747976371714,24.252666636554675],[86.5086901002305,24.248274635818458],[86.51161477742964,24.245935783176325],[86.51237385992322,24.24318351852346],[86.51477080980467,24.24028777051544],[86.50874666269135,24.236091001543763],[86.50883640427654,24.233237247755042],[86.50739321306146,24.23129979468233],[86.50990500889405,24.229224270005055],[86.51145838581922,24.22881363149615],[86.51134603005649,24.225983786465203],[86.51515766457923,24.224525183521784],[86.51556898437774,24.222646437633294],[86.51394898747897,24.222313364560346],[86.51140766657227,24.22014041013207],[86.50964550259349,24.21755561232771],[86.50583146600422,24.209728980834026],[86.51020234536725,24.208250700947634],[86.50657773919532,24.20509248261505],[86.50359498104989,24.203081190282145],[86.50137240761853,24.202632552474327],[86.4991017501834,24.199840845527504],[86.50248621552123,24.194308769171673],[86.50111871617963,24.1884230277441],[86.50017037496256,24.186928013493887],[86.50085688080227,24.18464039051532],[86.50057741762113,24.181532202585657],[86.49929118467536,24.18051472180284],[86.49565093582876,24.176010631470067],[86.4938260082432,24.169199526529592],[86.49188876772855,24.16536624688616],[86.48892999423764,24.16065336671371],[86.48745264061344,24.15935159998181],[86.4858165288085,24.156350813104225],[86.48381297085473,24.154150361503728],[86.48456341608637,24.151798251441267],[86.49178080968287,24.152725993412],[86.49763690757081,24.152862777747508],[86.50070142755062,24.151879438537204],[86.50149587365678,24.150211031351205],[86.50453396664219,24.148713349600712],[86.5092623198476,24.1500056613289],[86.51345613793039,24.149942439968694],[86.51696056316784,24.152455420351767],[86.522908565717,24.158663950509656],[86.52659397514269,24.155521829458365],[86.527647258807,24.15521723702066],[86.54276446983108,24.153835412344126],[86.54685369098512,24.153825071677204],[86.54978463941329,24.155656271790882],[86.55729318274686,24.152086881974988],[86.56189498244257,24.150323058151983],[86.56775907233623,24.146443583469537],[86.57070591986512,24.143010260228564],[86.56586190779403,24.13813516425232],[86.56370011950528,24.136996781735775],[86.56473157334187,24.131572620222823],[86.56458141764774,24.12659939557652],[86.5636924443051,24.123911351032053],[86.56044403777518,24.122102860890852],[86.55941574560548,24.120321573920783],[86.55893957374826,24.11719214478468],[86.55851545353029,24.109974715796326],[86.5553652155928,24.10713805849512],[86.55245942656141,24.10298712504895],[86.55148826317206,24.1008275027933],[86.55293659174406,24.100165824319628],[86.55164912025575,24.096657028897333],[86.55032017583166,24.094658582427662],[86.5494753649698,24.094954556757774],[86.54854810169175,24.09236385453799],[86.54599453426933,24.091931061852062],[86.54510107791363,24.08859565429969],[86.54429131649017,24.087993672058737],[86.54473910463676,24.085570722705842],[86.54211665467507,24.082008390719878],[86.54393408804371,24.080723308883993],[86.54359494307676,24.076912477376997],[86.54447622118788,24.07512532284976],[86.54241023352064,24.07169118829332],[86.53951860369905,24.069931112607076],[86.53729790461074,24.06956887276683],[86.53585885533334,24.06837660436356],[86.53412888506527,24.064551456906234],[86.5323940826139,24.06359795401437],[86.52985097406915,24.05880211768457],[86.52900218051514,24.05438375535721],[86.52708610281067,24.054823257133545],[86.52378393470705,24.054409016295843],[86.52313065351521,24.052315200654267],[86.52022997489821,24.052642757043877],[86.51732498663964,24.050179702299864],[86.51325732933338,24.048702871856445],[86.50452054966007,24.048759679204515],[86.5005668116907,24.046248073392412],[86.49627590522448,24.04221728062308],[86.49393818604291,24.04115230658733],[86.49302055353006,24.04165192286091],[86.49206037402027,24.04438500478847],[86.49045489563119,24.04520971289235],[86.48618257293357,24.044055931987685],[86.48258851004967,24.04571228058821],[86.479983106823,24.04428401323564],[86.47635993533461,24.040353196161718],[86.47575845122441,24.035898348000202],[86.47573144297162,24.03142423575242],[86.4751682227323,24.02805124691016],[86.47655757852937,24.02726870434804],[86.47861618253923,24.02766238203997],[86.48108707272691,24.030687472888598],[86.48218617067847,24.031180004477218],[86.48338699891315,24.029428282944984],[86.48351154455531,24.023506946624263],[86.48204620926477,24.022279471735814],[86.47635258945378,24.022849257403795],[86.47090698754229,24.02293398752183],[86.46730273734624,24.02149084140014],[86.46615416081413,24.019228537533373],[86.46046176995692,24.021139042625638],[86.4556263319509,24.022319947286537],[86.45162192260129,24.024693760604446],[86.44630322183554,24.029028150983393],[86.44042015735768,24.031906071122158],[86.43575618213067,24.032512238160606],[86.43010197394688,24.032164372404655],[86.42524113387579,24.03089267326418],[86.42084783784564,24.03034323226004],[86.41398253259374,24.03202655154912],[86.40901689548043,24.034868352563972],[86.40675394693945,24.036687992106252],[86.39990486259408,24.040324390292174],[86.39541853752473,24.040722242726513],[86.39343844006157,24.041752748381803],[86.38922869565673,24.046470058899413],[86.3868850501694,24.05292080319409],[86.38537673442049,24.055526064243537],[86.3817109659363,24.059008181177603],[86.37962651303958,24.059856827940646],[86.37518019712279,24.059786735283428],[86.37251970154607,24.05769147919694],[86.36932879533028,24.050951136114037],[86.36716506133804,24.04917551418826],[86.36246008046069,24.048660614196702],[86.35806428232121,24.049594828305334],[86.34872170770294,24.053348758073223],[86.34262495588179,24.05390232371529],[86.34068652485287,24.052762313304072],[86.33759029519535,24.053077157347595],[86.33543238576314,24.050827641889086],[86.33288968944758,24.05034884282756],[86.33121115052491,24.049254078549385],[86.33356500083372,24.045805227936],[86.33119743960737,24.04339251114205],[86.33100886371044,24.041827407964487],[86.33342025509444,24.041442230075248],[86.33217775148381,24.03638802123946],[86.32784642496283,24.03648183279826],[86.32602577813124,24.034722150457497],[86.321041537671,24.033412867263163],[86.31700591357355,24.030800624680385],[86.31950058529516,24.027967927193185],[86.32206907938296,24.026671972162205],[86.32504448407242,24.02278672825722],[86.32526265295678,24.019911087535476],[86.33150996652513,24.018654392488383],[86.33654960908117,24.018914425299027],[86.34015616100584,24.017677858544957],[86.33913117591561,24.0150668943896],[86.33948920673284,24.012648546831493],[86.3380911486384,24.009040305204426],[86.33928483287995,24.00706485530088],[86.33575522004047,24.004025659396145],[86.33337454091492,24.004510939733134],[86.32829510311498,23.99585979400324],[86.32755975726275,23.99333322670892],[86.32421874133016,23.98957903555211],[86.32350452152279,23.987195815287293],[86.32139570759524,23.98688012955386],[86.32179032647089,23.98555534809997],[86.3205186555193,23.983713748039612],[86.31792939778602,23.98446096807696],[86.31695587746127,23.983598537174082],[86.31602403963261,23.97970938944437],[86.31254086508095,23.977287500328423],[86.3100043536516,23.968437056916247],[86.31275454044219,23.965684219581757],[86.31196372011274,23.963503792967565],[86.30784639978557,23.956170538538753],[86.30574605824214,23.951767170569035],[86.30391395421968,23.946349075197276],[86.30225720646666,23.940100433846194],[86.30011232408341,23.937780598587523],[86.2955475704392,23.930488134852574],[86.292984232674,23.92334819776369],[86.2934275286705,23.922093482705357],[86.29276969959143,23.916329679242686],[86.29093058206627,23.915996768868748],[86.2871054950491,23.917234043945346],[86.28668902703774,23.920236277797784],[86.28381739537205,23.92058271746781],[86.28255593480631,23.923332402678916],[86.2793993977002,23.924135125169865],[86.27417895476906,23.923164442133878],[86.2729747079987,23.92430946441958],[86.26960181617443,23.92279744474721],[86.26768725721718,23.921156753075426],[86.25867272544873,23.921554646373437],[86.25639712711371,23.925563064638617],[86.25262182612154,23.926527447498533],[86.25115370690763,23.928357550073894],[86.2504485024684,23.930701000832762],[86.24931101497198,23.931703376598147],[86.24710199022147,23.9312113997858],[86.24534813905157,23.932370663473538],[86.24423007207855,23.93428981194398],[86.23990002196291,23.93544750745097],[86.23743090469108,23.937053797562655],[86.23222219191825,23.93896204390829],[86.23084289243779,23.93590150587286],[86.22784351830983,23.93708568241015],[86.22237555912824,23.940880288504275],[86.22038363887748,23.93982805818029],[86.21952170629619,23.938403423200487],[86.21437448769147,23.938887730818372],[86.21267819822855,23.937420566029783],[86.21092558797714,23.937452387426557],[86.20297020086406,23.941593002505176],[86.19927336510216,23.941917006288804],[86.19450307039148,23.942845483641744],[86.19138361081009,23.940688881019806],[86.18887605126979,23.940385963733757],[86.18425930097703,23.938613623966692],[86.18026830793592,23.939088913157182],[86.1704699833749,23.9390636760536],[86.16926823500363,23.936437964267903],[86.16597104733287,23.935760801660294],[86.16099135164545,23.9335162697118],[86.15668200950944,23.933104886287264],[86.15385023213472,23.93211272075419],[86.15073920975271,23.93016732329354],[86.14494851567855,23.930530992158964],[86.14123359251901,23.932047939572765],[86.1372344790307,23.932919208245124],[86.13594507703104,23.930437140779443],[86.13386460529576,23.92825600841695],[86.13229516005441,23.925194699688035],[86.13075613692729,23.919141357882094],[86.1281182349003,23.91663610539344],[86.129855807114,23.909610675861114],[86.12762438804248,23.90782368470373],[86.12729804129128,23.903988015951644],[86.127719347326,23.90304083072122],[86.12474947385252,23.89933312388921],[86.12153604413264,23.896308262773537],[86.11562500054163,23.892610000288126],[86.11470999971294,23.89044000069092],[86.11491333756486,23.887513402075204],[86.1127111071532,23.886880731112004],[86.10531565582517,23.888303483149397],[86.10313082156794,23.88759885993892],[86.09842863907284,23.88405885215838],[86.09707299364477,23.884049517040378],[86.09268811977739,23.88659037272564],[86.09092878219566,23.88830200062312],[86.09089999979325,23.88956000116805],[86.09283999954981,23.895159999550284],[86.09138000045736,23.89645000075825],[86.08468999983333,23.8941499994327],[86.0799571885936,23.89404997301777],[86.07665000002349,23.894700000827292],[86.07488999995212,23.899131999812347],[86.07064000081907,23.90506999891405],[86.0666299996311,23.908010000149684],[86.06377568193307,23.910851836162113],[86.05767000027743,23.907900000552953],[86.05513169474477,23.909568168959236],[86.05179394122891,23.907817739460736],[86.0523000001633,23.905639999366002],[86.0503100004249,23.90560000059279],[86.04691999985505,23.90346000089078],[86.04589999935034,23.900150000292744],[86.03701327811598,23.89924998003495],[86.03528000006328,23.90041000061933],[86.03580142798897,23.90318571345202],[86.03795500006461,23.905465000650572],[86.03674000101186,23.907526667506776],[86.03467000088229,23.907874999987104],[86.03130000027306,23.910375000345446],[86.02547500065421,23.906635000009523],[86.02329600028055,23.90720800013042],[86.02308123863128,23.90587863807867],[86.02100420343727,23.906304115361312],[86.01985666733037,23.905370834106638],[86.01817666676563,23.906886666057904],[86.01656000030137,23.90629999982568],[86.01617666590421,23.907413333458603],[86.01406114406937,23.90796864888756],[86.00857000019377,23.910590000555356],[86.00748163054807,23.911949430236913],[85.99775361374918,23.91203768743978],[85.99490727053178,23.911653026801385],[85.9904174833014,23.909981634423612],[85.9895591270925,23.906962562579842],[85.98635415266787,23.907377518678818],[85.98632312190995,23.906103273380822],[85.97858804236634,23.902001047954517],[85.97438647023657,23.900269401053404],[85.97229095359063,23.894052323770865],[85.9693815695561,23.89343530100805],[85.96660104274751,23.895571841566138],[85.96672642238994,23.90025779646334],[85.96538398836783,23.902305996489723],[85.9608979048635,23.900241041820895],[85.96026006393906,23.904278297588363],[85.96015797586843,23.908646031715364],[85.96063200311566,23.910593804684318],[85.96254452230889,23.9134269876102],[85.95912592615986,23.915247812505072],[85.95632909070662,23.91817123507922],[85.95588556890925,23.921028956689863],[85.95137745158793,23.922611647803567],[85.9482222694532,23.922779741540456],[85.94639394353523,23.923635061026577],[85.94365191281959,23.928043992043413],[85.94379608253597,23.93206398033585],[85.94614025276627,23.937283290441233],[85.94474829207596,23.938251740859734],[85.94073045808429,23.93507972853676],[85.93927323663907,23.932246353190372],[85.9348436137948,23.929641912677504],[85.9316153536592,23.925537332966055],[85.9300495700747,23.926144557086904],[85.92869156766366,23.92883458165645],[85.9275464111386,23.93900486531006],[85.92740850883312,23.94409513386079],[85.92668666237151,23.94554839716671],[85.92377076821693,23.947378843401786],[85.92139456282078,23.947853790879595],[85.91740872787669,23.946426466172905],[85.91657745102343,23.94523051103376],[85.91145812639401,23.94817352841054],[85.91227579731537,23.95553755489908],[85.91474588516392,23.95605717813641],[85.91704065932123,23.95805030796639],[85.92207996631308,23.958302549747216],[85.92747369815378,23.956121220487237],[85.9298175120582,23.95893231694246],[85.9295818626524,23.96339001252462],[85.93010603506588,23.965744059735876],[85.93139892165924,23.966264651059177],[85.93034635653292,23.968876416363585],[85.93001382176887,23.973513383853167],[85.93116599964294,23.974632537651203],[85.93016385935688,23.97966504604676],[85.92761574574203,23.98051332889589],[85.92647749388681,23.9819211668491],[85.92464923043349,23.982542773218764],[85.92366745418363,23.985013822693798],[85.92225994905378,23.986189389423284],[85.91854288603692,23.9843398726105],[85.91651252798331,23.98700692061005],[85.9128249310846,23.987179476946245],[85.90873755698023,23.990474027709055],[85.90433658863583,23.991318745128044],[85.90353467282188,23.989651280038736],[85.90232450357088,23.98978710241858],[85.89776615675322,23.992396168063436],[85.89586512775423,23.99684829118297],[85.89769405793439,23.997954262720192],[85.8966955070077,24.000927369939387],[85.89574464820055,24.00154277188212],[85.8978793978923,24.00389806139386],[85.89700065080974,24.005499346658212],[85.89714661898037,24.008761320769846],[85.89631689128363,24.009436665538853],[85.89592193845878,24.012812401814827],[85.89213703989923,24.015147920228582],[85.88468177274122,24.017180024464732],[85.8838414235599,24.01700860883245],[85.88442987632283,24.014277031485012],[85.88202243935294,24.007677408164145],[85.87998467390585,24.006468830286916],[85.87675294947142,24.007294210094532],[85.87522085204094,24.006606464995272],[85.87319935345734,24.00782809185412],[85.86935194657961,24.011737869800807],[85.86607112093523,24.013510311989847],[85.86354316278599,24.013663163111307],[85.86070069793955,24.01602628641743],[85.85678812993116,24.01821044096144],[85.85721182076442,24.02041730511971],[85.85940508369937,24.02247391645958],[85.86423507774374,24.02824538301403],[85.86805108357784,24.028814548041325],[85.87014470140856,24.031165921068663],[85.87510331133008,24.032651108714195],[85.876169961457,24.036520022877426],[85.87817408495721,24.039068380272056],[85.87701005593556,24.04168435769486],[85.87550158726243,24.047516907146406],[85.87384862505168,24.04843523869068],[85.87184561207779,24.045491079179893],[85.87029377465895,24.0458525458968],[85.87028570723324,24.048780658471294],[85.87221954845411,24.05133851473117],[85.87029328566102,24.05242021314381],[85.8686966781981,24.052046900727976],[85.86444955693192,24.04662745090766],[85.86318762702898,24.046455600703553],[85.85665064692112,24.050440637132592],[85.8549558369596,24.048594722162],[85.85364548704774,24.04886483062656],[85.85341714332851,24.052115808049386],[85.85433476762458,24.05542651109593],[85.8536921666858,24.05691186020485],[85.8506742860783,24.057520415004095],[85.85267265857104,24.05940038488223],[85.85217376080648,24.06060086412019],[85.84582613717647,24.06442080267505],[85.84490508505966,24.060729197883145],[85.84398129088761,24.059693242668605],[85.83817629461042,24.06100167424449],[85.8377443928256,24.06182380958882],[85.83989997430446,24.06414540131628],[85.84061668882926,24.06680078291349],[85.83596685964336,24.068866649998796],[85.83532924325873,24.07015723662745],[85.8358047699292,24.072119584283595],[85.83479447073827,24.07213378257229],[85.83168340493947,24.0698043533458],[85.82939581730994,24.069784218748907],[85.82847818425032,24.072403736376398],[85.8245401043997,24.07332597772705],[85.82269248103812,24.07207459769148],[85.82248039700922,24.069444901436086],[85.81847796364343,24.06738426285594],[85.81767819221136,24.063359705841318],[85.81563544577695,24.062280413487546],[85.80288032300089,24.067071444173326],[85.80104884027722,24.067927606196573],[85.80013374529901,24.071671308137176],[85.80097367188688,24.074326335293925],[85.80458230959934,24.077641824022837],[85.80466791225675,24.078774811234766],[85.7968619496182,24.07880045289637],[85.7889672605766,24.08540925194065],[85.78881327156638,24.088584629605297],[85.78510383927573,24.09046587003791],[85.78044363776341,24.090193969645593],[85.7770908190951,24.08898421036162],[85.77432730594369,24.090509151486774],[85.77137452599963,24.09115092217896],[85.76803999967628,24.093730000249675],[85.76557000010109,24.093810001129462],[85.76388999933066,24.0929100005997],[85.76187999946153,24.089350001941884],[85.75808999975563,24.090909999897256],[85.75605002814247,24.08822576829238],[85.75428999991746,24.087390001125176],[85.75150600041083,24.083566000696766],[85.74904999961478,24.08552999932632],[85.74321000067404,24.087270000756067],[85.73798000096221,24.089520000892424],[85.7358100001113,24.089225000665877],[85.734329999508,24.091550000781996],[85.73557531963078,24.094585399247595],[85.73285680254413,24.094505386715287],[85.73085975191552,24.097215236680377],[85.72813343822314,24.09986385735879],[85.72566046907694,24.09856497520531],[85.72158952900578,24.097338516252954],[85.71842298593681,24.09836657383632],[85.71559170499704,24.100196501045755],[85.71066763438736,24.10158658952108],[85.71140922484294,24.10402759999464],[85.70961245219232,24.106250351139725],[85.71084876776165,24.108556233656067],[85.70992664445951,24.11171196603436],[85.71323016267803,24.114900543790803],[85.71547276562197,24.118910964314928],[85.71163761189882,24.12656368423139],[85.70441253803139,24.13073793244055],[85.70187538680307,24.132531543167392],[85.69840624099112,24.136954115300725],[85.69452220035897,24.137155755419695],[85.69291380443809,24.139521522596553],[85.68295032874444,24.144592947208224],[85.67919233286611,24.146099589508694],[85.674300779119,24.147104743642238],[85.67471872294314,24.152382164466044],[85.67575924683206,24.15216993265771],[85.67721243747917,24.159185710226005],[85.67685044060276,24.160889267132443],[85.67858429406611,24.163125806339895],[85.67928790874099,24.167850346661606],[85.67876139541116,24.17081824478283],[85.6815787039186,24.17248918226899],[85.68128481790357,24.175127447726183],[85.68436223429,24.176495676291005],[85.6859502643797,24.17814387764495],[85.68852962421353,24.179502491895594],[85.69141937236499,24.17973640706688],[85.69335359368114,24.180618768084695],[85.69988530736202,24.181453668590834],[85.70197605941304,24.183672725641983],[85.70364549620957,24.18435472040782],[85.70998057296788,24.184318170555024],[85.71430676712329,24.183365827091574],[85.71646613588418,24.184258796497236],[85.71699646353426,24.1873907257649],[85.71847423727428,24.188279879221945],[85.72239533295061,24.187655593339937],[85.72442488417587,24.18847101389214],[85.7272930266408,24.18861914717437],[85.73440337633527,24.190871299787382],[85.73585475975715,24.193213998730617],[85.73421952956924,24.197961842739808],[85.73584416521075,24.19914982643758],[85.73909898382877,24.19791790085259],[85.74132936799181,24.198212980594178],[85.74307659751443,24.19927462983968],[85.74556382328001,24.202296860757873],[85.74947797213576,24.20073061261177],[85.75499389920785,24.201207269098933],[85.76331781012841,24.2051240642143],[85.76742834373853,24.209753885178777],[85.76911317851048,24.210661446354877],[85.77215556932265,24.20964756795098],[85.77599459534012,24.20750621478259],[85.77824183445296,24.20744782844927],[85.79221441092145,24.21163293307911],[85.79518147994624,24.213173861202932],[85.7977835829139,24.215843124314866],[85.7997486712979,24.223955287989565],[85.80145813177273,24.226488274957877],[85.80345719981693,24.226494939451086],[85.80627635595874,24.225144371617475],[85.80712343607861,24.22388028086957],[85.8082399609156,24.219999822056334],[85.81481181138227,24.21688472262612],[85.81556154155501,24.213540122560865],[85.8170348188761,24.210734030735242],[85.81897888590953,24.209502197502335],[85.82017898038315,24.209694061924136],[85.82318748311083,24.21462574984147],[85.82546845285901,24.216595132506644],[85.83031146722907,24.21789853575651],[85.83584522658052,24.215755441950297],[85.84013296664396,24.214547763385124],[85.84212215540363,24.214986844964397],[85.84402457615717,24.218319241898335],[85.8453670233178,24.219152924193565],[85.84839959435483,24.21906778136204],[85.85012609468643,24.21717897455262],[85.85138247352523,24.212586145191217],[85.85294692184567,24.211622645251257],[85.85911290100849,24.211626365324364],[85.856325550842,24.21368897993014],[85.85488677593823,24.216017160234912],[85.85449764692416,24.21879567131792],[85.85464137251908,24.222544538133274],[85.85571595076789,24.229027753372648],[85.85667858802015,24.231509391242167],[85.85670935552088,24.23571974287542],[85.85595737543639,24.239252231798137],[85.85386338069304,24.24543315292504],[85.85395549917503,24.247713754267977],[85.85254794766473,24.25067537859183],[85.84871585311836,24.252976675570636],[85.84705161038079,24.253202050002255],[85.8421816012769,24.252053344099835],[85.83797270782819,24.25222507573788],[85.83642183992093,24.253093043958145],[85.83528322451546,24.256246446429927],[85.83921121049282,24.260483375205947],[85.84375533118293,24.263083044579854],[85.84979596814578,24.268125315514823],[85.85033483250677,24.271101477679224],[85.85283152270628,24.27201053536639],[85.85567087916623,24.27494081673456],[85.85804141416902,24.275702350283318],[85.85852021456482,24.281183431491847],[85.86041402822677,24.28203862806633],[85.86203863523359,24.287680327547015],[85.86713580059299,24.288409238795364],[85.8707134233094,24.288282339909866],[85.87343071059614,24.287667427566827],[85.87319443237294,24.291840825588906],[85.87157227995174,24.29407836146972],[85.87247130027225,24.29937588999636],[85.87152558997936,24.30316329464523],[85.87181123194155,24.305677701242242],[85.87127251111595,24.30974351900752],[85.86956336743643,24.311347340954793],[85.86725434099604,24.316425883432462],[85.86986245737154,24.32036776016594],[85.87013571932998,24.32377953148481],[85.86918966902488,24.328113198297732],[85.86854112614479,24.328845523243594],[85.85583877984594,24.328486751800046],[85.85377455043539,24.327895158484374],[85.85091831597067,24.328143328715306],[85.85049271341917,24.33205665415782],[85.85089214456697,24.337921840708354],[85.84812227155929,24.340044630337676],[85.8461062921377,24.33994668871627],[85.84503814302406,24.34083997841541],[85.84545914957167,24.346573265724306],[85.84687744807438,24.350595725532656],[85.84858278767152,24.352986577943017],[85.8492522750561,24.356257857223664],[85.85227835716204,24.362373989930965],[85.85096885129212,24.367723193448047],[85.85157871420103,24.37408369478478],[85.84857495658231,24.375542769127236],[85.84879363390326,24.37845207749336],[85.84993004045285,24.381621041303525],[85.85027301173932,24.385127484877447],[85.85121318522982,24.388015434963872],[85.85043713944091,24.390171936056653],[85.85235413023655,24.392144864938828],[85.85431874333187,24.395533027568124],[85.85075347946584,24.398953776154375],[85.85004085085755,24.400175136807082],[85.85049349141497,24.404680377262064],[85.84973473510472,24.407555454713062],[85.85476775399168,24.413855248996416],[85.85467096216273,24.41474575917921],[85.84974158121884,24.417243039213194],[85.84181780535495,24.42238762429005],[85.83642835628288,24.424832991903234],[85.8350451109052,24.43370738477849],[85.83250697290867,24.437684172021164],[85.83054067404336,24.441646421855385],[85.83017915329344,24.445508360176103],[85.83460790055727,24.448447977723507],[85.83579896056924,24.448732219070102],[85.83960081546729,24.451918513867156],[85.84550720780645,24.457918888356772],[85.84852134366903,24.45810336670414],[85.84915563997498,24.460542251336552],[85.85037877423727,24.46210893601157],[85.84996485571948,24.46381918570356],[85.85488068786462,24.466773748872953],[85.85654241150839,24.468998329818927],[85.85764644532999,24.47385558530865],[85.85915835866928,24.476024194142425],[85.85885540655549,24.47905786793025],[85.86084378676993,24.48390246361119],[85.86205602608256,24.489638009133397],[85.8647056186046,24.490856872181546],[85.86379507166869,24.493496969773314],[85.8637948767821,24.496110636705378],[85.8652253414957,24.498543810892787],[85.86573173893585,24.501133283433663],[85.86459447234924,24.50899525476387],[85.86776760829174,24.522473347398066],[85.86869766977867,24.524126167530646],[85.86828704454992,24.52630560141819],[85.8641633952056,24.529432580931864],[85.8547674319094,24.53453329236516],[85.84851382649438,24.53913029155321],[85.8441584886966,24.54114510004639],[85.83841629045067,24.544915611877013],[85.82551421348859,24.548515282772172],[85.82191267218246,24.548769817430617],[85.81895646195471,24.548317214139264],[85.81066565125273,24.54873480204178],[85.80919583048728,24.550200508416783],[85.80613002337935,24.555741131011228],[85.80658097739077,24.56025987718839],[85.80550620168792,24.563231322639332],[85.80369823523024,24.56438192954708],[85.80346392853458,24.56695879783976],[85.80572205882007,24.570306048319683],[85.80710899632523,24.573550384598928],[85.80290424791937,24.576250479090746],[85.79994469557141,24.579062415293954],[85.79784571864812,24.581709663795305],[85.79421843485349,24.584091688537296],[85.7923298333455,24.586406396087174],[85.79100799430832,24.589827535908654],[85.79189617469758,24.591459854900073],[85.79426484358058,24.59815221402854],[85.79426658091006,24.600443715406172],[85.79562283311151,24.600693514620414],[85.7995549653041,24.605167091760183],[85.8016005486452,24.609327640972616],[85.79793433200904,24.608638590338877],[85.7966005388394,24.60764358677412],[85.79435889073538,24.607589528170095],[85.79174774961788,24.605846337158486],[85.78926250345384,24.603448956652795],[85.78595405232649,24.602401924147358],[85.78293664175841,24.602910362393953],[85.77782937939656,24.608298039385033],[85.7733794709526,24.61064388463486],[85.7730939950087,24.61412442379726],[85.77459902051524,24.615250181431456],[85.77437734244742,24.62278862501054],[85.7720617719136,24.627248658795104],[85.77356466094284,24.63015053507194],[85.77365925689085,24.63868486156377],[85.77257436094145,24.64422826145141],[85.77634525190317,24.645912744278203],[85.78250633473858,24.64736243849019],[85.78393865112017,24.648550336826304],[85.78419301882037,24.65146641846282],[85.7836514844923,24.656380936524872],[85.78989388420781,24.663601452718712],[85.7931781582146,24.665944283096458],[85.79347440016193,24.667575509788975],[85.79511283944161,24.668827780491906],[85.80183114355316,24.671303181802053],[85.8032074516186,24.671025146399508],[85.80543723742846,24.673440190372965],[85.8118880074521,24.670901897921013],[85.81608469619268,24.668869583532278],[85.81833959848935,24.66867969723545],[85.82306249931035,24.666477883424015],[85.82737716453275,24.662638429900788],[85.8312820146456,24.666411929243857],[85.83586506503333,24.665515909965222],[85.83768559991587,24.66582347675791],[85.84162659169719,24.668174664523537],[85.84134426169054,24.66985208069949],[85.83691547578738,24.67339966763436],[85.83660910535221,24.67658873818788],[85.83497522547243,24.67916783111681],[85.83242034545832,24.680804625347374],[85.83160458902375,24.683607290870416],[85.83178260202578,24.68636662215512],[85.82999366009362,24.694075321536587],[85.82817901587907,24.696480952830147],[85.8277111445026,24.698215119058386],[85.83007960858622,24.70362817451231],[85.82627285638965,24.7069125267142],[85.81893962973541,24.714088244444515],[85.81771926853179,24.715604712969313],[85.81704546223978,24.718904423495204],[85.8173777560563,24.72358635583162],[85.81973604242285,24.726244967204288],[85.82522890928033,24.728630945918223],[85.83362174871051,24.730872692644912],[85.83816187767054,24.731720681426857],[85.84440896209503,24.733655905270485],[85.85362844081291,24.73510254519786],[85.85429182503235,24.738823341323652],[85.8550745017214,24.739761151691848],[85.85712989902494,24.738810589437065],[85.86061816839555,24.73570277620759],[85.8657734705523,24.73426175893409],[85.86839964102307,24.73284987091167],[85.87208718838397,24.73368593830248],[85.87688344004411,24.736855751739732],[85.87952189879113,24.735927344165635],[85.88244698268976,24.73368585862596],[85.88329337923949,24.732117543133004],[85.8857311674782,24.731686834119017],[85.88829511380193,24.733152825151713],[85.88933230497705,24.734500148052405],[85.89005083185452,24.737359336553556],[85.88712308739234,24.739463205345732],[85.88613809949047,24.74132248959601],[85.88191476970228,24.74385855691616],[85.88564084976929,24.747920711824065],[85.88422683789638,24.74940328479759],[85.88520270821269,24.75122420585368],[85.89078258008938,24.75285868568333],[85.89198362392918,24.75228343714531],[85.89743725426491,24.75510492137837],[85.89972761706218,24.75666594563809],[85.89883489104366,24.75926346934215],[85.90013226014045,24.760127496820438],[85.90082243104722,24.764973425667165],[85.90284511347015,24.76654088606163],[85.90697751608332,24.760225364514742],[85.90759635078777,24.758539574645],[85.91006961125979,24.755643916522715],[85.91376200655284,24.750525876157997],[85.92029603077941,24.744154167522474],[85.92832823151033,24.73948260986062],[85.93104620305834,24.738477169330547],[85.93837298184665,24.734620157490895],[85.94241469274174,24.733908796636474],[85.94538830346941,24.73289100844802],[85.94950544257964,24.73289895715933],[85.95580106217061,24.731602601115146],[85.96009244077491,24.731210654392513],[85.97014342693018,24.732953498564196],[85.97242426682632,24.73560674315158],[85.97206506988864,24.737741304149417],[85.97376592207658,24.7411115597702],[85.97371340366509,24.742681354691275],[85.9752614097128,24.744557860000494],[85.98042343821146,24.748644155551258],[85.98438264499512,24.748624792024405],[85.98588164918287,24.750756737219614],[85.98887341020836,24.750873318311115],[85.99075414936104,24.752024145023203],[85.99652156407271,24.75308714398705],[86.00156545642484,24.759262649913595],[86.00595989845276,24.76224723790179],[86.0107305290505,24.763909401537664],[86.01337092566311,24.764273729611457],[86.01593715973556,24.76360711522072],[86.02185228612682,24.7663873106701],[86.02486217177479,24.766744440804278],[86.02639147177193,24.768040618712874],[86.0288705281777,24.768725720335475],[86.03458008125034,24.772306600700627],[86.03746550656999,24.776494388371116],[86.04451777062664,24.77624599660048],[86.05531182912958,24.779685425639123],[86.05703604079014,24.773870594862313],[86.05861488578022,24.771368373354186],[86.05664929170808,24.760592221138385],[86.0538224265291,24.755919558379993],[86.0518252832906,24.75439107716767],[86.04764887113869,24.752996246132085],[86.04624734702873,24.752022193623922],[86.04384947441139,24.748330798874733],[86.04233612634278,24.747087010871187],[86.03597396636923,24.746562984089426],[86.03449229995094,24.74599345221153],[86.03394416745608,24.744511330058828],[86.03691716109492,24.740628752766053],[86.04190623163986,24.741791402880448],[86.04818516360031,24.7443579424785],[86.0537323842111,24.745321292540883],[86.059117125006,24.747896705138],[86.06343058527253,24.750451685012678],[86.06644130210721,24.751790581619307],[86.06823840638083,24.75173497872699],[86.0725804438584,24.749946441799246],[86.0794988388202,24.74887292892813],[86.08790444344507,24.747011667236283],[86.09190172037894,24.744570034106637],[86.09424277309233,24.744881262843773],[86.09804277168554,24.741384318366823],[86.100053109097,24.740290168847192],[86.10713305181292,24.734930528598973],[86.10850197676763,24.732873158895217],[86.10860991330664,24.72987547772914],[86.1072499010762,24.727585795146656],[86.10796776562954,24.726317934722147],[86.11518790663878,24.71930895568943],[86.11695242133558,24.71318227760728],[86.1200504123633,24.711010808872683],[86.12371822882356,24.707166047775303],[86.12442201668075,24.704917814418614],[86.12614006953747,24.70300399916091],[86.12853123745163,24.698720097460967],[86.12831372327904,24.69274827559515],[86.12885501989362,24.687514020925573],[86.1286397261897,24.686009134352172],[86.13202456403192,24.67987223153486],[86.13125435781319,24.675608028905067],[86.12479654026174,24.671921995158726],[86.12437934854297,24.670640720594097],[86.12643692307303,24.667719319821938],[86.12395590556415,24.656914609522122],[86.12437447829487,24.65459663541014],[86.12281220860619,24.653680428306888],[86.12234414187688,24.651724282268077],[86.1196521974335,24.650427072864254],[86.11750799199892,24.646118163839663],[86.1153971041504,24.6437063163063],[86.11682545344448,24.639576902546242],[86.11948764616632,24.63860365061029],[86.1192561195348,24.637656651202445],[86.1214203834581,24.635327017606283],[86.12185174648467,24.632733722147506],[86.11989313841907,24.6303200730369],[86.1209638360517,24.62943827069427],[86.11953561100822,24.62773693289748],[86.1184006187106,24.624221082902967],[86.120678555526,24.62349251994304],[86.12152717582103,24.620824040514304],[86.12065394217926,24.619511081930565],[86.1246269852298,24.611231505206277],[86.12553740341444,24.610610651984405],[86.1292623282027,24.610466324631894],[86.12951143357199,24.608031039208825],[86.13183335955527,24.605390538678645],[86.13174285863523,24.603883248808163],[86.1337205095527,24.603291736608416],[86.13626299217958,24.60536208406831],[86.14092480968735,24.60523999869343],[86.14273577127385,24.603388831916643],[86.14675056821596,24.602926994516782],[86.14783013981042,24.601747237361476],[86.15015315671347,24.601587803733352],[86.15114044482654,24.598892666562495],[86.14974402117316,24.59816204681431],[86.14978264851548,24.5952865420166],[86.1506430408095,24.59242711386952],[86.1524181310971,24.590692148243214],[86.15385188228548,24.591585988255076],[86.15521948192402,24.589264352791513],[86.1583464164009,24.58665663860375],[86.16057276194704,24.58626880236656],[86.16347498248022,24.58669457389372],[86.16487984053629,24.584198706577872],[86.16691463914059,24.58367986758902],[86.17250405973991,24.584654911015583],[86.17509758283656,24.582740621006938],[86.17873612716471,24.58344940613803],[86.18010988423043,24.58229898232713],[86.18209218905989,24.58361828730642],[86.18356781402791,24.58262517237317],[86.18520455865956,24.584325621701588],[86.18881168840238,24.583445628428734],[86.19021532381947,24.58441678004892],[86.19443164008622,24.585160300001398],[86.19733056205924,24.587165643037174],[86.20069015563661,24.587426719570363],[86.20842360415642,24.59107643085601],[86.21367031069201,24.594274160392214],[86.21693498455981,24.59970708541135],[86.2144167233196,24.600891983162892],[86.2140533009694,24.602229700062114],[86.21524116248204,24.60390114313871],[86.21421599005672,24.60542431404097],[86.21497193064612,24.60934173682782],[86.21501587448209,24.613783767057775],[86.21765356192255,24.613447202449514],[86.22051295876491,24.610662879963108],[86.22430525117151,24.610140758467463],[86.22535080240776,24.606517604123045],[86.23078337196523,24.605509690195156],[86.23296048068363,24.603399822148123],[86.23445659917164,24.60314024562752],[86.23688004315186,24.60115646175495],[86.24004283356354,24.59949441623275],[86.24129915573673,24.597106615364883],[86.2423563751621,24.59665189245122],[86.24209339017814,24.59374986076686],[86.24106794193324,24.59223305149044],[86.24136828990565,24.59037943958126],[86.24299010873393,24.587694823063686],[86.24573113587233,24.586614042106305],[86.24766132973159,24.587850565066343],[86.25160091774353,24.586620230269514],[86.25469035832292,24.586904443709415],[86.2560478185721,24.582204092509166],[86.25749893726989,24.579455010861487],[86.25928607163924,24.578137566485108],[86.2616281795886,24.578640765137635],[86.26357983189415,24.580789797970823],[86.2627755959681,24.58351199156163],[86.26435384990951,24.5840773193407],[86.2659641439968,24.58193783486935],[86.26661134323595,24.579883266525574],[86.27026875546902,24.57915925079548],[86.27212937570725,24.577131910321295],[86.27423227053862,24.57691009929819],[86.27537161206246,24.57854338296141],[86.2751896681389,24.579990836527806],[86.26994629686858,24.584244788759648],[86.26995053437257,24.585368594875167],[86.2755881978007,24.586576051804272],[86.27743808772867,24.586405442475776],[86.28112448223591,24.585044302986656],[86.28260183369265,24.58536688479035],[86.284844131316,24.587880251962513],[86.28797914671314,24.586959278961316],[86.29241794986592,24.587823522524396],[86.29741107653719,24.584947955880924],[86.29967819861183,24.585915495548647],[86.30088036929698,24.585507118202305],[86.3025732375985,24.583196057955348],[86.3087915702131,24.583442461339157],[86.30915167935434,24.584906793179393],[86.30800549647752,24.587306510563767],[86.3084780025537,24.588502428541997],[86.3114023100244,24.587514863732153],[86.31474591500691,24.58717161881708],[86.31744935518621,24.587844861936496],[86.31879289251805,24.58597992256396],[86.32287571758906,24.586766806260954],[86.32261645484681,24.585753562068845],[86.31535146970052,24.580656797206],[86.31761931027191,24.577986858000486],[86.31712499325975,24.577005017870427],[86.31455039800662,24.575828540323343],[86.31034067538955,24.572733331124507],[86.30598406153348,24.57119116751351],[86.30667315590563,24.567718959971817],[86.30441882794968,24.56553214986677],[86.3006387699419,24.56088706231263],[86.30079302166399,24.558989137615495],[86.30224320792321,24.558859477357977],[86.30234555809831,24.5567235050153],[86.30393128041446,24.554786736725347],[86.30412360213145,24.553243876912877],[86.30773622785158,24.54911129942529],[86.30777864301997,24.547642063953827],[86.30416253776754,24.542121970089646],[86.29962230127934,24.53627443839775],[86.2972002592726,24.53610319115759],[86.29715839784875,24.533300567669933],[86.29959730569674,24.530096488536625],[86.30520118573956,24.52789860239643],[86.30487536561023,24.526274721646885],[86.3058763653689,24.522172134546835],[86.3057141987665,24.518707285208098],[86.30898303589917,24.512720248236974],[86.30919674067295,24.511250621560617],[86.30648480859469,24.50781373655944],[86.30282869008255,24.50565773037211],[86.30156276374377,24.502366934757557],[86.29998287911131,24.501032876680735],[86.29870563141034,24.498712809209696],[86.29824521984986,24.49495612299315],[86.2942993936515,24.49025775937553],[86.29347482474118,24.488372294713436],[86.29362868124234,24.483099363639838],[86.29180308139469,24.480642965960524],[86.29031278346685,24.480562987000383],[86.28937605142254,24.478813693335727],[86.28385466413535,24.479719095559133],[86.28182702969991,24.479034665943633],[86.27849844955634,24.474392534072287],[86.27603807964908,24.469029066896663],[86.2761611439558,24.46586082146813],[86.28304821924576,24.464673935616624],[86.28600769073614,24.46272394801697],[86.28749292512988,24.462834298093217],[86.2906886590201,24.46159890379545],[86.2913119816787,24.46310960733234],[86.29520102458247,24.46136098446904],[86.29888304921839,24.46063665765988],[86.29835636690503,24.458945959742262],[86.2943913891603,24.4560904508632],[86.29375142215555,24.454310786432046],[86.29432822645396,24.451317141401358],[86.29694348350816,24.450802830747005],[86.29842513050441,24.44886293493751],[86.30135527078689,24.448010012868455],[86.31152460802778,24.447728935087667],[86.3143620419349,24.446331848213628],[86.31594784315529,24.44216796238929],[86.31720006193478,24.441516268634633],[86.32069322608251,24.44135910004485],[86.32409028159601,24.442302473772514],[86.32533512231977,24.443684814805472],[86.32796171257789,24.443010776494916],[86.33061739881481,24.44371199033527],[86.3341627950458,24.442359553718006],[86.33821611357925,24.443509965524022],[86.34408486271877,24.44396337181968],[86.34505721102725,24.444615790435243],[86.34472449371142,24.446833197134442],[86.3491399460116,24.44649292119434],[86.35020629560927,24.445023446424482],[86.35108249791891,24.440750128640477],[86.35380716096839,24.437789140711814],[86.35454039356566,24.435551387424866],[86.35712369567496,24.432601930136478],[86.35761137221333,24.4299219806016],[86.35952142484831,24.428517931341332],[86.36141290069172,24.428457942538138],[86.36517760531467,24.425401852174655],[86.37513234859188,24.429320278182974],[86.37650895598652,24.430991795781907],[86.3773807553203,24.430696997145287],[86.37825844941685,24.42767450308854],[86.3796815607006,24.425435452255734],[86.38450073221085,24.42263621148293],[86.39069478453567,24.41786849834919],[86.39546409731058,24.415259868558362],[86.39659417594588,24.41337779088176],[86.39601618944901,24.410155728008444],[86.39785050306999,24.408832383076916],[86.40203884069736,24.40790151930388],[86.40470214103742,24.399613175560923],[86.41042395911772,24.392524413192454],[86.40514275230181,24.387679471037394],[86.4073468120895,24.38614314252227],[86.41303779736725,24.380240991699207],[86.41762694649772,24.380132202764496],[86.42032856964141,24.37862043605752],[86.42375070816895,24.379463577747607],[86.4272501677608,24.377322462724432],[86.4289928720484,24.377474290386505],[86.43132789858001,24.37993459082557],[86.43271497807076,24.380082643401757],[86.43553440496414,24.376033666761405],[86.44091364569954,24.372147301432925],[86.44331923810928,24.368698281520377],[86.44532486946403,24.367776977234453],[86.44876232252626,24.370091340314442],[86.45603852927508,24.37194048952535]]]]}},{"type":"Feature","properties":{"id":"20-233","name":"Godda","source_name":"Godda","state_id":"20","source_agency":"Survey of India (SOI)","district_code":"330"},"geometry":{"type":"MultiPolygon","coordinates":[[[[87.47815338328284,25.1943276367725],[87.48177591072218,25.183950555103095],[87.48581398635572,25.173929457033985],[87.49043470186801,25.163095343796268],[87.49302146035998,25.15585337884585],[87.49697570207681,25.146484119684217],[87.49939955856554,25.139919622990313],[87.49429647682045,25.134075875472096],[87.48952775908153,25.128005236605468],[87.47241859359868,25.104932966128825],[87.47517148492983,25.10380433185132],[87.48016586852006,25.100184904451407],[87.48310466266327,25.09846850941971],[87.48689707541173,25.09695692035571],[87.4902260163549,25.093649713936976],[87.49212588639531,25.092586792505497],[87.4922969348859,25.08826048539417],[87.49374756370351,25.086485646846207],[87.49305954577709,25.08554870885998],[87.49778878586295,25.08287785217098],[87.49972272456203,25.080496174753407],[87.50137053954172,25.080942190053566],[87.50295007782584,25.07920293452505],[87.50447224057659,25.080434963776955],[87.50634389043562,25.07982352179101],[87.50802976765146,25.077469724595463],[87.50710086063052,25.071042950147852],[87.51007626768927,25.066463130453638],[87.51312389423401,25.06505471651465],[87.51459587790168,25.06370213291989],[87.517793801214,25.062634439979952],[87.52111283651479,25.059741922926836],[87.51992665597226,25.05822894988121],[87.51497229958203,25.05653939519406],[87.51304963455992,25.054315507408383],[87.50979739595245,25.054209318781055],[87.50740173824856,25.055066420365243],[87.50424583400276,25.053393313200516],[87.50418684035664,25.051970845067103],[87.50663583679821,25.049650562356323],[87.50744545927884,25.044048722303508],[87.50722474040595,25.042437486109648],[87.50990071402825,25.04088855279371],[87.51061958757253,25.039730077742906],[87.50968189884622,25.03830644141028],[87.5050293793284,25.036067033481142],[87.50498496523642,25.033897393369173],[87.50603214536032,25.030615672592123],[87.50077546813515,25.027373363770156],[87.49957624571914,25.02009856079746],[87.49652988767491,25.01880313118872],[87.49097135496824,25.014627484840386],[87.48540385709116,25.0140060155739],[87.48056207389322,25.012057763091025],[87.4756164999108,25.0061614163061],[87.46850861013513,25.003633638400455],[87.46512543269961,25.00190050401908],[87.46365584108989,24.998505017937603],[87.46459178084736,24.996557294306964],[87.46375142535172,24.9928353652217],[87.4640213502937,24.989008848163827],[87.46567560126034,24.985958317287835],[87.473262337579,24.980736048488136],[87.4789096073844,24.978874591282352],[87.47976525455903,24.977323356770686],[87.47303416493573,24.975927226430127],[87.47252077681628,24.974893048775783],[87.47377572657756,24.971687036721594],[87.47274894983497,24.968274091606208],[87.47274895032359,24.95937931036759],[87.47594336502455,24.95493167952896],[87.47662788292712,24.95032872825395],[87.4738327687627,24.94867369308263],[87.4684707145199,24.947587562975617],[87.46342624345708,24.947362667254737],[87.4625382287284,24.946604867335644],[87.46179666768509,24.943346396676517],[87.46510516981435,24.942105050679796],[87.46447769492816,24.941484373656834],[87.45877352477858,24.94072204541233],[87.45416228343093,24.939246073480266],[87.45483908890719,24.937437804355437],[87.45739461052992,24.934810978300312],[87.45775785159749,24.93127875458241],[87.45909314032154,24.928122779075903],[87.45778066098678,24.92732080086602],[87.45907790413803,24.924031833913844],[87.45782012489744,24.92133541496338],[87.45999469450238,24.917562783819907],[87.46629030546322,24.919457758396483],[87.4672074979241,24.915824374140595],[87.46645331949095,24.910173389735988],[87.46753786599919,24.903685703260383],[87.46712663693364,24.902305182262708],[87.46361402762314,24.896980128318226],[87.46222994955907,24.895592406485076],[87.45777368744741,24.895061533505732],[87.45434755677284,24.89533672308687],[87.45286801691968,24.8914669098879],[87.45554694098209,24.887638574487838],[87.45926709698398,24.884294721651134],[87.46096829543005,24.88459085227833],[87.46703711528468,24.881181845182557],[87.4678915297915,24.8793549020295],[87.46703274081678,24.87740695259871],[87.46804764840518,24.87351136532226],[87.46549531474638,24.87398897924378],[87.46136421185469,24.873179996475802],[87.45816814118591,24.870905000724786],[87.4556997116737,24.86996432571688],[87.45580821551867,24.864473053604534],[87.45663468405199,24.863115922197753],[87.46015642534738,24.865886989226247],[87.46171372610684,24.864210651274472],[87.4689370761348,24.858306622651305],[87.47022683405653,24.858205877668937],[87.47296232086795,24.861737357066815],[87.47700987422462,24.861480581526145],[87.47991820758828,24.858445864512085],[87.47839905141564,24.85723154068727],[87.47440282229252,24.855329750502165],[87.47276779991765,24.849672478482002],[87.47743811586285,24.84931433195452],[87.47438666321348,24.84335456030488],[87.47813355259152,24.84226792830903],[87.47696291026493,24.836410505413284],[87.47756016964321,24.834152119414217],[87.47712144295598,24.83129834184107],[87.47971190549315,24.830702982410273],[87.48292873836886,24.828317456480317],[87.4830021720985,24.826845113483564],[87.48178910152393,24.825354424602388],[87.48213130254635,24.821727314445535],[87.48465988497287,24.82054511341912],[87.48484168996545,24.818955032274808],[87.48666875860665,24.817411525506973],[87.4875134680654,24.81813049268986],[87.48924315368303,24.815969436546215],[87.49239562973541,24.814441791099227],[87.4919628429609,24.81310662750867],[87.49280607400459,24.811162180735497],[87.49281121188967,24.80745932986559],[87.49486529063479,24.807714447772046],[87.49460687360526,24.806189066177577],[87.49582614817139,24.80304671979525],[87.49690285078628,24.803833369899735],[87.49894325948117,24.80193000384809],[87.5009911913996,24.80191410558253],[87.50510832437905,24.799805020176596],[87.50460717482609,24.79820816267969],[87.50942662494329,24.79851695136045],[87.50450092259744,24.79396395335585],[87.50043266858597,24.793417729611257],[87.49709239200467,24.791848441894523],[87.49546234137232,24.78994823203743],[87.49537130015864,24.786959259959705],[87.49754850579264,24.784694252392825],[87.4982736651154,24.78296688205143],[87.49626565462528,24.78300063833551],[87.49330480938553,24.784744388191765],[87.48986635353803,24.785785266734653],[87.48739378628981,24.785919837983933],[87.48681431308208,24.786959693130004],[87.48724947792931,24.78950565213215],[87.48524256833093,24.789837354286767],[87.4801777344779,24.7873115530339],[87.47218348584158,24.78970762743728],[87.46951803048265,24.791188124132862],[87.46750818064844,24.793425144771465],[87.4653356092267,24.794470516358967],[87.46053953362097,24.793642827960344],[87.45775772680665,24.79186591248846],[87.45755523526599,24.790611215567072],[87.45904145335673,24.788547533577656],[87.45909434554332,24.7867952779094],[87.45800347020469,24.78607613273919],[87.45314883474775,24.786786407386654],[87.45273732424141,24.785161981777364],[87.45555592922655,24.782254440134004],[87.45558082835865,24.780944858788672],[87.4539305533187,24.778719134949295],[87.45066417617159,24.778151020243328],[87.44884286651164,24.7750768714859],[87.44888109114626,24.77197002058994],[87.44791580793817,24.770374455359516],[87.44319583843593,24.769864703848263],[87.4421963917265,24.766950576362866],[87.43832883875277,24.76410811659109],[87.43705277496817,24.76125800755267],[87.43510537196627,24.758716845564766],[87.43486420046968,24.757041931837623],[87.43865996788539,24.751418296760434],[87.44263033889986,24.751328368555686],[87.44537804187156,24.748065887405144],[87.44549235762678,24.74685085161259],[87.44736022603594,24.74603995833061],[87.44773198786544,24.743994812484246],[87.45162155786677,24.740763445699734],[87.45156812909326,24.739666309544493],[87.45352779992098,24.737857149517108],[87.45242557102979,24.737505250156005],[87.45354259287717,24.73602975875093],[87.45702543668058,24.735228927538248],[87.45912029192579,24.73213837871941],[87.45795532568785,24.729965347224805],[87.45647244183924,24.730051209861077],[87.4561008845442,24.72713528051758],[87.45666583532592,24.726158123798772],[87.45987803499064,24.726163370354648],[87.46084347734963,24.724817704074855],[87.46020877393877,24.722972804799515],[87.46378603013748,24.721078742724565],[87.46398576942377,24.71895580882586],[87.46300353159732,24.718055723403552],[87.46401820910201,24.714385853509125],[87.46293384666737,24.712582975664223],[87.4624659429357,24.70904418794583],[87.46414288844925,24.70272612363213],[87.469008052262,24.700435062651596],[87.46905722350117,24.69771644720462],[87.4699100695309,24.693198130275988],[87.47261379851386,24.689306246422586],[87.46932883357339,24.685830445268024],[87.46963746226757,24.68378839003042],[87.46707265526885,24.68252307698072],[87.46788330253673,24.67461815885358],[87.47085627289835,24.6688378194791],[87.46902396339259,24.66778686735862],[87.47191088127234,24.657581475873208],[87.47122781917741,24.652020348236576],[87.47350519560993,24.647985154547285],[87.47120758910786,24.645346632481598],[87.46849915127028,24.643783229871868],[87.46560874315266,24.645083757545525],[87.46416650793005,24.64254138339599],[87.46163740509078,24.63998426739304],[87.4563878936157,24.63925978451425],[87.45420297730367,24.63620481092189],[87.4477580133507,24.63268389284339],[87.44651885998898,24.631522596063277],[87.44709539315002,24.6297417044968],[87.44565639043118,24.62793067945815],[87.4462628000888,24.62344027130066],[87.44420143447223,24.61884938108783],[87.44861098450816,24.61702093734702],[87.4513102377089,24.617654083916275],[87.45387579944004,24.616654360486237],[87.46056539481081,24.617174370503],[87.46284285391535,24.610556373404812],[87.4621657763166,24.609104452800963],[87.46324405571961,24.604179013421394],[87.45517667643385,24.599588674648356],[87.45543935798388,24.59304913619606],[87.45458873751996,24.590008084321763],[87.45529608598201,24.586778635070058],[87.45625303117575,24.585929890443243],[87.4595988358882,24.585269455598667],[87.46010783310744,24.58400343902063],[87.46342720980971,24.581554733290893],[87.46552058707867,24.58142186711063],[87.46657436257223,24.57532237851185],[87.46672379034,24.57032757631389],[87.46385841861415,24.567274749663714],[87.46257378153149,24.56704394679414],[87.45685764194852,24.56928889546878],[87.4547643222813,24.56757352582586],[87.45021486571358,24.56292697422968],[87.4476286199155,24.56268769427785],[87.44399974334262,24.564652448045077],[87.44310719191076,24.56639813640893],[87.43907745852586,24.569029099187514],[87.43690756343078,24.56413133794463],[87.43651044700046,24.55785565111343],[87.43055001372086,24.55896568024193],[87.42757523935438,24.555352518444025],[87.42271762961059,24.555519774992444],[87.41933707839863,24.554490684682147],[87.41924103720591,24.552341403913353],[87.4170023566538,24.550189108841856],[87.41566770535638,24.54671573427404],[87.41305528226243,24.54495276612046],[87.41189475815005,24.54332127705209],[87.41381976461744,24.540245224277538],[87.41121274616901,24.540089791944293],[87.40603344659253,24.541386430694548],[87.40462433562627,24.5361067244927],[87.4033267629692,24.537862361739826],[87.39924229209305,24.54502622461784],[87.39694910521,24.547362468874496],[87.39092652744235,24.548102275910782],[87.3887558695128,24.541657856066657],[87.39003774951159,24.537942550145885],[87.38772313625772,24.530118248280044],[87.38589949358301,24.524944782815812],[87.38867618704327,24.522240274910143],[87.38903621687315,24.517362360756135],[87.39069033811789,24.515976197692776],[87.39267849616985,24.510782855278006],[87.3960150642772,24.510994909144777],[87.39822987391015,24.509038283803704],[87.40056767847491,24.508553359680946],[87.40655073817948,24.508970818722105],[87.40989402831207,24.51109319331682],[87.41535177665583,24.51081629017861],[87.41817073787463,24.512551544958686],[87.42008782338806,24.51651835005263],[87.42106920282836,24.517375336741477],[87.42373995987296,24.51552686259794],[87.42159946945348,24.513589637164436],[87.4190676171075,24.509162234121067],[87.41360335650904,24.507434277987677],[87.4099956078558,24.505926871564085],[87.40641669675567,24.507191952409524],[87.40511347491453,24.507114184936384],[87.40244167531034,24.50500799157983],[87.3963786826396,24.501077342926784],[87.39196366038777,24.503265452207525],[87.38559946603804,24.501933393330024],[87.38345171229996,24.5020772006499],[87.38113597277355,24.50332042440102],[87.37928778279498,24.50252123590866],[87.37437845435049,24.504565658045983],[87.37173008259704,24.50501684560554],[87.37014159997126,24.50712304255369],[87.370162136848,24.510744647490327],[87.36941289333102,24.514422395536148],[87.36965568427595,24.51979558602395],[87.36868314314076,24.521405541966374],[87.36535175357649,24.52322901644314],[87.35856641714835,24.52899850135366],[87.35769784236444,24.532540888536428],[87.3550831623615,24.536620343598695],[87.35299785594401,24.542902249860322],[87.35198393907466,24.543988351175578],[87.34560277650601,24.546550112709998],[87.34156136140473,24.549070150931392],[87.33978498195353,24.551241709399438],[87.33942795683505,24.556137570596395],[87.33731423122842,24.55960141983154],[87.33274326066972,24.56375715385864],[87.32854932282045,24.564895352255558],[87.32739810709468,24.56648740073537],[87.3228552930366,24.57026338174767],[87.325777851902,24.573851591918004],[87.32529977743914,24.576083387049206],[87.32618322226912,24.577824633008095],[87.32518856356408,24.578910529759014],[87.32265073426545,24.579042437411236],[87.31912378983606,24.582527190962587],[87.31629204932291,24.583662100848144],[87.31257114465004,24.588664356358567],[87.30859860956802,24.591887800626647],[87.30836762913455,24.596720846614957],[87.3066890205639,24.598620149527033],[87.30164664510578,24.59669767076241],[87.29904859543758,24.596648657326483],[87.29627633620055,24.598153829555756],[87.29405111444086,24.596902390264166],[87.29156950759776,24.59805429120915],[87.29030161501672,24.59654851196646],[87.28547959787248,24.597957663684717],[87.28236220677745,24.599760817629534],[87.28156509624064,24.601071864337896],[87.27901682454291,24.601230168154917],[87.2784839038009,24.603691399784598],[87.27552251256992,24.605385170814486],[87.27456952590968,24.60459708703707],[87.27207508109382,24.60467947070193],[87.26960530040976,24.6023041055238],[87.26728613321099,24.601159232223804],[87.2667073226009,24.598281232932987],[87.26372023500265,24.59405983406],[87.26252968736493,24.593899309402588],[87.25878037974518,24.591148975317328],[87.2551172542819,24.591834904809748],[87.2515398617775,24.59094230409224],[87.24944760725528,24.589351736161355],[87.24728403269368,24.589102455497628],[87.24387065371104,24.58617281029867],[87.23892692370313,24.588610276321383],[87.23144825995179,24.59307453600033],[87.22625465771956,24.594130140370552],[87.2232854625496,24.596338303271384],[87.22290205170708,24.597359401600094],[87.21894333085604,24.598683893249543],[87.21787465076511,24.597610677433998],[87.21784955721695,24.594567126666888],[87.21640511681319,24.59324158921917],[87.21687771360445,24.592337740264917],[87.21337892193213,24.59107832238743],[87.20984251679819,24.590929808949074],[87.20821908019379,24.593795004036547],[87.20549178492567,24.59407884711606],[87.20207341562867,24.593595787981684],[87.19876452609971,24.593699571182114],[87.19605400952751,24.597406059010275],[87.19259596568693,24.596886753148535],[87.18930090450267,24.59964561873435],[87.18992972172913,24.603916727295292],[87.1859734084914,24.607191106138092],[87.18282345632102,24.608134314787034],[87.18051167316399,24.607992593218825],[87.17645259775375,24.608774146473266],[87.17563868554409,24.606038534429135],[87.1729357037917,24.608724063021985],[87.17014704232588,24.613875285820594],[87.16609028036349,24.616535117910413],[87.16393610465126,24.61620337137954],[87.1612299920336,24.61688366142161],[87.15958737391617,24.614844277289677],[87.15674216749707,24.61481116533399],[87.15107914134606,24.612965606241026],[87.14833318303505,24.613338607097496],[87.1441193818042,24.61734376210916],[87.13946783330003,24.61885646950032],[87.1365045487053,24.619410146756422],[87.13484649472021,24.620983154345982],[87.13173493191782,24.621482671484937],[87.1305130120646,24.624536386934782],[87.1273734674507,24.626751842352895],[87.12645759097542,24.629732996160122],[87.12383262589903,24.632914342530665],[87.11703664019346,24.635006158977387],[87.11598924592849,24.634961823298944],[87.11244785300912,24.630557128089695],[87.10734751397807,24.62799627327629],[87.10553027199843,24.629026880848468],[87.10375386632562,24.631502767805937],[87.1015312233844,24.632109340307636],[87.09825026138726,24.631371028559858],[87.09623005507557,24.631891636381184],[87.09537679992535,24.633639811504825],[87.09151566869312,24.636676827013606],[87.08699194913044,24.639316771089113],[87.08390701694644,24.636401346254782],[87.08228632503054,24.63605912507446],[87.07580507658774,24.637047035679284],[87.07069813581577,24.639749968398753],[87.0673885348034,24.640880491976773],[87.06428687758397,24.64304942452306],[87.06063914304168,24.6417885117052],[87.05766489193441,24.639981447924992],[87.05480891472799,24.639395489662892],[87.05544916979724,24.634906559103005],[87.05400488552401,24.63113193459348],[87.05363771063459,24.627438128034697],[87.05266850701365,24.625261929756242],[87.04900557210352,24.62330981760666],[87.04935874471892,24.625398543868716],[87.04719588137567,24.62768419994713],[87.04630750651752,24.629897221257185],[87.04954006525455,24.63408682832708],[87.05043093564393,24.638428319962486],[87.05247760742276,24.640976901828086],[87.05245860465276,24.642692820929536],[87.0511744843764,24.64370487201428],[87.05146344011474,24.649385538902667],[87.05083195931437,24.65182435997584],[87.05215732387235,24.65562369194832],[87.05342992837973,24.65738399405401],[87.05481473745782,24.666423974127188],[87.0542785090301,24.669607078906996],[87.05733074379376,24.672354725795497],[87.05976865038703,24.676273838426013],[87.05956947711852,24.68129864036551],[87.06046211727146,24.68495198732925],[87.06194962105539,24.688722570738214],[87.06535852800404,24.688450349049283],[87.06804876101455,24.691059208286006],[87.06931527660554,24.693208103395985],[87.07033296920945,24.697033596142592],[87.06924046686683,24.699123290817973],[87.06807137096065,24.70334312831033],[87.0707186092914,24.70936220552649],[87.07388452161825,24.71325571078404],[87.07398506913654,24.716046377934283],[87.0784762067004,24.719719852511208],[87.07716068666933,24.72113966006563],[87.08043719168477,24.726121881700244],[87.07915732018724,24.727282281552643],[87.08118172900917,24.72911107891488],[87.07955987357674,24.728895220461258],[87.07687171918046,24.731172557860955],[87.07895971619054,24.733564797524583],[87.07801877232838,24.736817353212874],[87.07292728030566,24.736986424631855],[87.07388307873293,24.74132593273374],[87.07333350651295,24.742280232909398],[87.07049082476406,24.743368124966704],[87.06985872021735,24.74491282525053],[87.07082266696881,24.747515608547538],[87.0727244823949,24.746953477142736],[87.07614369404287,24.748874831861553],[87.0798297316076,24.748393918520392],[87.08006879907595,24.75042237230543],[87.07836394723462,24.752633650522053],[87.08394865866187,24.75548125625936],[87.08425003881683,24.756820170661577],[87.08327520883009,24.759527264782452],[87.08114817550371,24.76314964018036],[87.0787348024539,24.76824551738734],[87.07987392118427,24.770998768316655],[87.07999758347584,24.77537877608429],[87.07872966729892,24.777429344775456],[87.0835937029257,24.781873238497674],[87.08526035457827,24.78424992054446],[87.08540395580005,24.785861962099823],[87.08874800210225,24.7862664022897],[87.0909965457922,24.79019361835795],[87.09347521493771,24.792707904287056],[87.09508369982531,24.801624515335003],[87.09567976393147,24.802620710628815],[87.09146157018601,24.803496531207394],[87.08953868491808,24.80253787265821],[87.0858698980857,24.80372452296948],[87.08286637437136,24.80664027903382],[87.07865815665086,24.807698028296556],[87.07427714547471,24.808295988538354],[87.07570902082978,24.811646284727303],[87.07435407260944,24.817059605616095],[87.07693442320388,24.82369744076511],[87.08096135555267,24.822393776389752],[87.08415957462864,24.822055810711905],[87.08954559527632,24.82221624193549],[87.09138362832525,24.823411906831623],[87.09211189664673,24.825496753609496],[87.09558835005656,24.830106128172204],[87.09944055608628,24.834345274961624],[87.10220781573979,24.839130204949097],[87.10447663429554,24.842323834044105],[87.10471105399677,24.84676104740375],[87.10704997808413,24.847345745825184],[87.11108384451421,24.846474333032315],[87.11237816246104,24.848330753232464],[87.11087769747274,24.848899984647186],[87.10940935969245,24.85161212792189],[87.11533370523915,24.852088771985972],[87.11810137525286,24.851562339840303],[87.121544906665,24.853536312314088],[87.12267024952203,24.854997729116334],[87.12605892940987,24.855293650933167],[87.13040103156092,24.860071724436004],[87.13198975319959,24.86058868544956],[87.13248503520867,24.86237880411477],[87.13430989368642,24.86033214561623],[87.13783891161559,24.85960814572227],[87.13985939334093,24.860563546405427],[87.14255151005638,24.860317082022114],[87.14430408768932,24.862305605222243],[87.14287680649544,24.86313593662609],[87.14211908661572,24.861466921834793],[87.14102914063915,24.862351583286724],[87.14120533258516,24.864497252043165],[87.1423155748052,24.86461850850275],[87.14588378393003,24.867258073390797],[87.14926280237206,24.871267391016875],[87.14973515846381,24.873512736986722],[87.15385433236527,24.878491412188307],[87.15597310586531,24.87951118980664],[87.1571608747342,24.88291920129297],[87.15738184659843,24.887773166027227],[87.15674662376644,24.894423252881584],[87.15794053380846,24.896754436257613],[87.15703634726785,24.899753036462116],[87.1545328090207,24.90270889429689],[87.15031466815955,24.903258420233307],[87.14913160113521,24.9068342778738],[87.14635371120534,24.91032145418779],[87.14572424433281,24.912856312050078],[87.14500882587879,24.919164484985096],[87.14604546709378,24.92123598587673],[87.15152095312476,24.925137042614413],[87.15256307209857,24.926585692129425],[87.15447461015604,24.932352376818326],[87.15274262744474,24.93509678091693],[87.1504699617538,24.93583951100998],[87.14765310442178,24.938603752766454],[87.1462242543397,24.941647021256014],[87.14707624080543,24.94457810186355],[87.15001406763483,24.947915777899617],[87.14994792247565,24.95464457694892],[87.1520240220391,24.960456592614022],[87.14991458323553,24.963362372193018],[87.1528427148643,24.970513447868],[87.15247695369055,24.972520929896316],[87.15426912944719,24.97537236082707],[87.15444249895991,24.977946578683778],[87.15315815145463,24.981703617049238],[87.15281650610247,24.985245535005674],[87.15311529227802,24.990493871671898],[87.15177157850333,24.993299535905386],[87.15167420970629,24.99662181018328],[87.1507652160088,24.999358753883904],[87.15174230111931,25.000425718205136],[87.15046827703473,25.00164879519559],[87.14970048562769,25.004191584880797],[87.14614338401928,25.008894324440817],[87.14593785132155,25.011025912319948],[87.14704076367997,25.01339993489212],[87.14622919681611,25.0190241108104],[87.14668863277271,25.020594204768617],[87.14819666983647,25.021603029028356],[87.15037817250217,25.02601268325985],[87.15458990241932,25.0272884792598],[87.15817342683282,25.027906960905955],[87.16007514158517,25.031083128995245],[87.16239597886364,25.033226827971905],[87.16399194768569,25.03869300013785],[87.16600387387628,25.03909005256973],[87.16806523527568,25.04229316442957],[87.16639981274064,25.04521206085722],[87.16661392989793,25.04656592156841],[87.16830383335562,25.04752443818444],[87.17134504191401,25.04708938954413],[87.17304555766556,25.049607114316352],[87.17270993968025,25.05163218616723],[87.17479044702301,25.054388607056925],[87.17555743370022,25.05687120382025],[87.17736654961107,25.059134236423898],[87.17806826281057,25.06204734169408],[87.18113241449082,25.065747046053527],[87.18503366288836,25.06599265374302],[87.1883081591691,25.067590620532805],[87.18966526975684,25.067570259428795],[87.19205765031266,25.06596475443584],[87.19449242213008,25.068455545124564],[87.19288891729174,25.07014317977379],[87.19357603642793,25.07123043666972],[87.19656631231878,25.06993852815738],[87.19831024053083,25.070967331738707],[87.19948620649701,25.0735593465121],[87.20056227812053,25.07811652746254],[87.20379879658799,25.079036241247127],[87.20542785558855,25.08135094799766],[87.20687971347861,25.082179715747458],[87.20996810534567,25.08045614108184],[87.21129068571929,25.080650585879603],[87.21237724836612,25.08247824734656],[87.21279412124068,25.084892115755366],[87.21269754169036,25.09108674100645],[87.22680181559807,25.087823937431715],[87.229521347354,25.08786746674156],[87.23056135503391,25.090046517270565],[87.23289320722705,25.090052818423608],[87.23715838761098,25.089132396930975],[87.23778167501267,25.092006165302976],[87.23985056713767,25.092009804184922],[87.2403606206866,25.09440416641173],[87.2400520371553,25.097236124508854],[87.24289777150327,25.098863850782326],[87.24417107902889,25.10056943535055],[87.24786390083332,25.100275507330764],[87.2485294033791,25.102772204714544],[87.25071605664591,25.103073526701834],[87.2503701734137,25.10568617284413],[87.25664390238748,25.104604291015754],[87.26085971849481,25.104407353528572],[87.26420285028298,25.10217578429759],[87.26357270801212,25.100539924267625],[87.26420802114149,25.09907402608926],[87.26712288031835,25.097856762784275],[87.2673205869245,25.0963110426778],[87.26989892064718,25.09392521180907],[87.28428154665208,25.090548842720143],[87.28568571867197,25.091207855784845],[87.29064863854654,25.089504418147897],[87.29555165946347,25.088484436869514],[87.29668720414863,25.091014923885556],[87.29756912242841,25.097224960590548],[87.29826321235068,25.099740394128286],[87.29539089168156,25.10228818102928],[87.29554452789598,25.103910689088455],[87.29821120734987,25.112617247122145],[87.29656752156248,25.113619716462836],[87.29781226693753,25.116160524627805],[87.29821232853509,25.119633601854172],[87.29912064232836,25.12024086431542],[87.29999635144004,25.124431568934284],[87.3032936046714,25.134314803203754],[87.30513795849366,25.135852504045097],[87.30676217208661,25.13601043053758],[87.3070996004637,25.137499198324416],[87.30591593427002,25.137890081762453],[87.3068266175256,25.140737934107374],[87.3051209631087,25.142832568422637],[87.3070975996014,25.14477221419592],[87.30818446890537,25.147354889284045],[87.31160931160677,25.14823781568659],[87.31272284026538,25.15007809593403],[87.31440367854981,25.157790888225666],[87.31467407792658,25.16021177402693],[87.31699610109764,25.160637839396866],[87.31943994419962,25.16524451361734],[87.31631218948407,25.168303631635045],[87.3147661122953,25.169074584251366],[87.3164556648361,25.177722422029007],[87.31660270575301,25.180067683502422],[87.31574841999125,25.18052347766137],[87.32107421779243,25.190022536841933],[87.32013676773057,25.19299050916763],[87.31843513990793,25.194682119513217],[87.32135406665299,25.201579806798946],[87.32337109730348,25.20729499473248],[87.32331771532955,25.211171308546866],[87.32551621100012,25.215050024020886],[87.3275694026935,25.223563691103667],[87.33353632272758,25.222622789260882],[87.33366351854752,25.21960716041861],[87.33475978269013,25.21798103896431],[87.33458090241275,25.21607515787864],[87.34073397376586,25.214616680014593],[87.34174633084211,25.21519789250544],[87.34518698816953,25.2135655939386],[87.34576577681406,25.214549673688257],[87.34845643410482,25.21381700810786],[87.34890762527435,25.214512388975802],[87.35251190496916,25.213321752492686],[87.36026189134796,25.21183082955422],[87.36575804218376,25.208851253192165],[87.37097836744535,25.20701024632464],[87.3719293080324,25.206195724227975],[87.37381055331267,25.209087814452445],[87.37553586561468,25.21500029281997],[87.3794225738029,25.217922057671494],[87.38208369922077,25.223093985426278],[87.3845763126476,25.2243310156517],[87.38801481549315,25.22287814964689],[87.39010266871055,25.22620011254721],[87.39097557234048,25.225885136013016],[87.39184627502725,25.227767429289337],[87.397954177875,25.226505811124312],[87.39841996226785,25.227031407463176],[87.4021930827155,25.226938527039906],[87.40353704624326,25.22523546627849],[87.40380781225838,25.22266914731749],[87.41214133018195,25.218997731399842],[87.41194560293675,25.215374440837195],[87.41674549163142,25.214600747800464],[87.41965758102339,25.215105831945756],[87.42314378948221,25.213875265219826],[87.4272818695392,25.210782637769086],[87.43138745030113,25.209774741247028],[87.43272418773552,25.20849624071244],[87.43862456135099,25.206586453639318],[87.4421456934829,25.204540185886817],[87.44620718444634,25.20410048129588],[87.45053442472641,25.20133875841175],[87.45997536664082,25.196664055384623],[87.46084292995135,25.198018629669193],[87.46235176599329,25.19744645392224],[87.46300007328844,25.19500816039164],[87.470680744752,25.19534315581718],[87.47244568738326,25.19403656679145],[87.47815338328284,25.1943276367725]]],[[[87.4879969540254,24.97414787230168],[87.49162156998108,24.974147872620325],[87.49732588298599,24.971723965770845],[87.49405778702405,24.96725307744363],[87.49480069435369,24.9650829510192],[87.49282741713782,24.965753789504756],[87.49005799535925,24.96797911557585],[87.48665915986884,24.969919110184406],[87.48414150379597,24.972543761943374],[87.48351209061967,24.974141346976264],[87.48478827838922,24.976571733657376],[87.4879969540254,24.97414787230168]]],[[[87.49613333739579,25.005670709132424],[87.49447908640292,25.00928939316289],[87.49271668432088,25.01147386404425],[87.49761645895009,25.01399352534359],[87.50069678791101,25.011460553778875],[87.50103904756884,25.00846227639175],[87.49767350300273,25.005722406525084],[87.49613333739579,25.005670709132424]]],[[[87.5427229169957,25.069543550366333],[87.54198135700582,25.067373418588563],[87.54009893415505,25.066960056448597],[87.53850172521533,25.06985356668058],[87.53747494911751,25.07006024173643],[87.53353897339194,25.067063397598517],[87.53331079974427,25.06499656304411],[87.53085794546946,25.05941594122998],[87.5272071856018,25.059260920621114],[87.52583815010217,25.059829329885837],[87.5259522362656,25.061586214040954],[87.52834804765082,25.066029985771454],[87.52953397777121,25.071952020704693],[87.53675684659514,25.075746496250314],[87.54123979635432,25.0731086819843],[87.5427229169957,25.069543550366333]]]]}},{"type":"Feature","properties":{"id":"20-234","name":"Gumla","source_name":"Gumla","state_id":"20","source_agency":"Survey of India (SOI)","district_code":"331"},"geometry":{"type":"MultiPolygon","coordinates":[[[[84.38553340006781,23.60524407397299],[84.38784832626575,23.603353454166474],[84.39186527092879,23.601109182815776],[84.39450532206986,23.59750617829125],[84.39693523046894,23.5986752174338],[84.39936571794706,23.60159573640651],[84.40095318879173,23.60257071391568],[84.40454428228276,23.60315691595177],[84.40708183962272,23.6021812814327],[84.41521776796286,23.597989815468218],[84.4249027500589,23.59420431438756],[84.42652216053496,23.59233408840866],[84.42990199037321,23.591457017380307],[84.43296851168711,23.591550777710772],[84.43576959961102,23.58960390221324],[84.44031115504895,23.591064798392686],[84.44063139663582,23.594473188828005],[84.44264064387289,23.595835686734983],[84.44528024396917,23.59427693907183],[84.44896337842188,23.594176405208408],[84.45130749640037,23.597389296187654],[84.45563777574695,23.596903983011053],[84.4545866456177,23.59219570124644],[84.45424129911642,23.588331379872468],[84.45216854885122,23.58566482452707],[84.45244646641767,23.584869526061773],[84.45645802113245,23.584569615311576],[84.45881357212737,23.58364280043165],[84.46418283500537,23.583340915117727],[84.4645828978915,23.582316739669064],[84.47043239039076,23.579856623881838],[84.47002067393854,23.576521287751838],[84.47239012062296,23.574822276311913],[84.47311369329525,23.573006968972386],[84.47236977181835,23.57063296290469],[84.47030812884934,23.570524669593006],[84.46807021248621,23.56802589460165],[84.46851960262559,23.56649068502732],[84.46818911665024,23.56301012725222],[84.46663130771805,23.562496371384572],[84.46647512138516,23.55630681213115],[84.46493989503597,23.545738967800823],[84.46605988178881,23.54372480517008],[84.46123542026214,23.53463049204636],[84.46291094705585,23.528634153540487],[84.46844514468687,23.52369185175911],[84.4700338316457,23.520259794291977],[84.46958237382938,23.518815341523723],[84.4702748082641,23.514887229269057],[84.46953708678546,23.51037293307507],[84.47000706444263,23.50364572474975],[84.46932637769604,23.50054293135475],[84.47002098647528,23.498213197937012],[84.4737052973722,23.493243182773703],[84.47520379122987,23.487779398314615],[84.47493806562208,23.48581571363424],[84.46939937055839,23.481995201916135],[84.466181476539,23.47887756243371],[84.46418736927546,23.468305955822228],[84.4623261333882,23.46630183497073],[84.45766591599178,23.46439465759113],[84.45596651953343,23.46262574159759],[84.45395814558717,23.45940788450561],[84.45173546486272,23.457869404956565],[84.44948964263345,23.45839884058623],[84.44649058099544,23.45096448299941],[84.44623025520971,23.449190300499442],[84.4446727949513,23.446685357855472],[84.44225973831168,23.445327428451442],[84.43669624524401,23.440241707131097],[84.43225573464622,23.438787376203],[84.4298487575139,23.435229598313555],[84.4328984292687,23.43272623383375],[84.43388471181747,23.428089239132955],[84.43432255595793,23.422639756068346],[84.43640495540279,23.41899111756022],[84.43914611954528,23.41675007429022],[84.439596073415,23.41161723433395],[84.44138783766756,23.404713423331977],[84.44660118271042,23.40237243943827],[84.45236453935517,23.40407181482498],[84.45764256740337,23.403825215660337],[84.46025040764614,23.404875843340598],[84.46165083768938,23.406899874671378],[84.46525570186056,23.40623640404376],[84.46826026751977,23.40415561972314],[84.47178863022192,23.40295481040205],[84.47400093504476,23.40452507606973],[84.47654104051553,23.399823114980553],[84.47782158074948,23.398576160301296],[84.47994176132195,23.395012655185408],[84.47973475505071,23.393139117145047],[84.47597207713414,23.391529867767066],[84.4736519379359,23.389215277918872],[84.47201120046554,23.386164349949144],[84.47174086357757,23.384381198420254],[84.47226918667961,23.377884176280876],[84.47144102214654,23.375640887461806],[84.47134397340677,23.369952295929217],[84.47189501962241,23.36784813798125],[84.47370691298019,23.364487958980252],[84.47536545093847,23.35896989673518],[84.4806510794371,23.358447223410952],[84.48098731836932,23.356821689186273],[84.48341961381085,23.35581091589012],[84.4861435557541,23.352218126001997],[84.48656875747186,23.3533640097579],[84.49045671015543,23.35394360583643],[84.49248074585432,23.353567358693493],[84.49388655127302,23.352170221292894],[84.49625534212302,23.351346230145786],[84.49629812903696,23.352652830637275],[84.49938165111182,23.352494353193247],[84.50054678532697,23.356350768358105],[84.49958479972983,23.360074727966797],[84.50101484220804,23.362885918751694],[84.49950083931225,23.366097297673345],[84.49917355694433,23.371018085630947],[84.49974503259178,23.371790594987488],[84.50428238468362,23.372922823085496],[84.50500463746552,23.374688622783605],[84.50695139471368,23.376464862499436],[84.50906569083001,23.379362680357122],[84.51126414933742,23.38371854442152],[84.5137848767606,23.38461400965387],[84.51609032620026,23.382426067770396],[84.5193152583723,23.380175288181277],[84.52086797300383,23.377286987281565],[84.52096276042825,23.37477226031022],[84.52010921437669,23.371837149059584],[84.52007832377848,23.367529985237493],[84.52230996968761,23.365499821751147],[84.52408535126055,23.364959264714788],[84.5259969019197,23.3658589418425],[84.53148607575696,23.355762726668615],[84.53329201201825,23.35341613633684],[84.53461959835835,23.3496696414134],[84.53641507004451,23.348271056101957],[84.53857799941794,23.34545516018593],[84.54074488983386,23.344313942575372],[84.54733154686356,23.343400920035897],[84.55590625395618,23.346235633613887],[84.56254655274793,23.34582312028609],[84.56448927895637,23.342428666696865],[84.5663181559178,23.34179286083277],[84.5687628153923,23.342055549738447],[84.57019575818546,23.34117570063959],[84.57114039413769,23.338810221884838],[84.57525426902761,23.33327197300607],[84.57605690740439,23.33113671775155],[84.58497692948242,23.32315265553758],[84.58927426976366,23.32065956797525],[84.59068325813317,23.318467670426607],[84.59416910206973,23.317095800606488],[84.5971656933938,23.316893173382994],[84.59889655063394,23.31547586924503],[84.60048516154265,23.31632042503212],[84.60331074964266,23.31572027799725],[84.60336189050663,23.317090563859395],[84.60566702980086,23.315571643431202],[84.60757845475808,23.3153822759709],[84.60901550911937,23.316628511480033],[84.61132674573575,23.320639746636743],[84.6128964701942,23.32233991625665],[84.61819601537816,23.317802920128187],[84.61980932689391,23.315708177227354],[84.62275233557675,23.314407914952955],[84.62247363172952,23.31023175126762],[84.62602249296171,23.30784340325589],[84.6293904731722,23.306877179690602],[84.63273884237705,23.30651142519163],[84.63829181970051,23.307386903796672],[84.64127349657187,23.306117913642037],[84.64386910411716,23.30697087866306],[84.64735005706243,23.309787704059257],[84.65021965003615,23.31108745159546],[84.65312806657641,23.31053612657912],[84.65280992842774,23.309216505656433],[84.65616282225822,23.306549060921007],[84.6575951328597,23.30700475085396],[84.66105510150622,23.30660834894133],[84.66288106082622,23.313522808107646],[84.6627986371451,23.314756442397055],[84.67083034318549,23.315827781618946],[84.67285487444082,23.317691790945084],[84.67273851542913,23.320405166164345],[84.67751504356536,23.32115759326193],[84.67846530166678,23.31974812591388],[84.68185086502562,23.317823696692027],[84.68315509948305,23.31767928040876],[84.68484517564788,23.314649160181215],[84.68676099645988,23.313560338375027],[84.69012626533754,23.307789036310638],[84.69979573121316,23.309066843765446],[84.70114474692635,23.308845049906893],[84.70951969605339,23.31117489922961],[84.71139198426647,23.311255071419616],[84.71254166941915,23.312730814008773],[84.71314948094886,23.315263206040232],[84.71451942509712,23.316959967469565],[84.71420854804623,23.319795502913422],[84.7201440560023,23.32088904032672],[84.7198667444838,23.322704180742132],[84.72634120725348,23.325156086754305],[84.72924214088974,23.32748834870408],[84.73051547359954,23.3303047311434],[84.73634461765,23.331925928597993],[84.73911082797893,23.330752359068168],[84.74416618134528,23.330872772967663],[84.74635488193032,23.32911934639538],[84.74674863085306,23.326608867548],[84.74821788215493,23.325818036937623],[84.74902361683958,23.32150704001223],[84.75363909232031,23.321005104168623],[84.75708039581606,23.32127865682746],[84.75976952046483,23.320874306458826],[84.76428781604639,23.31944626238282],[84.77217314559428,23.31940191741923],[84.77257303772413,23.320828919814527],[84.77997046337057,23.319379838103533],[84.78403226243573,23.320226411149253],[84.78630950539349,23.321735713352137],[84.7878989815901,23.320774965400666],[84.78969638650209,23.315629061510858],[84.79325193814928,23.312940124234505],[84.79187599852555,23.308858015828136],[84.7906157816888,23.30728175143401],[84.7894305480308,23.30329001066279],[84.78924179356585,23.30031472403404],[84.78790227486907,23.29658068458831],[84.78665776870925,23.290181971048057],[84.78658129506422,23.287667248317668],[84.78559894240242,23.280208258959988],[84.79005622422268,23.27988113783173],[84.79329190746789,23.279025027940108],[84.79488926696308,23.280407396789965],[84.80229855284367,23.279891772298647],[84.8074049392281,23.281126571937246],[84.80941279026614,23.282793356388513],[84.81256988126702,23.2828533882599],[84.81265099794528,23.28721915739544],[84.81361354228281,23.291051906903792],[84.81541000992773,23.292777916285452],[84.81654291946737,23.295085504379756],[84.8226037503704,23.295006313191326],[84.82831799409416,23.295693130089965],[84.82966961462596,23.298269486173595],[84.8331720693801,23.298065029754408],[84.841767354107,23.299467578685725],[84.84363722559195,23.302295997579037],[84.844785544549,23.310484275817917],[84.84793290433333,23.31432693949774],[84.84910114715629,23.3149727072163],[84.85713268952611,23.316720953401838],[84.86561432542787,23.31544404309757],[84.86810755959229,23.313186801145175],[84.87009226761775,23.312608934185118],[84.87410066876127,23.310112400369068],[84.87852942949786,23.312857294495707],[84.88989537866922,23.317159223597233],[84.8910826250164,23.316496189865727],[84.89493056443416,23.316824456759477],[84.89698420852504,23.319280321406342],[84.89877814786362,23.318905310694472],[84.89841198453027,23.323285756580947],[84.90127962354359,23.324973730692843],[84.90055121768567,23.32268916752113],[84.90164023580768,23.32307394469441],[84.90623036274873,23.327171654896183],[84.90685348223674,23.326050941041753],[84.91013215978936,23.32706567590819],[84.91345393959054,23.324739475985655],[84.91636538357803,23.32048044015245],[84.9190811591887,23.321247802589852],[84.92116073285386,23.31828682553805],[84.92160170412458,23.316333359965768],[84.92432298268587,23.311028435455047],[84.92604462059533,23.31100185764487],[84.92550732435623,23.30845759009203],[84.91135781378186,23.298690140649917],[84.90982808304496,23.298371782450566],[84.91020501081732,23.296769622133233],[84.9069371433895,23.29361058227031],[84.90635859167013,23.290519972907585],[84.90379458406379,23.28790795170529],[84.90049940719638,23.286121317831306],[84.90053821985978,23.284270963975917],[84.89871429325629,23.279993793412658],[84.899235349165,23.276353183506835],[84.89792375384918,23.273365122115436],[84.89867819751008,23.267632787551708],[84.89801959229759,23.265412713277545],[84.89864455148863,23.263542236477786],[84.89677871748042,23.259073990115457],[84.90278479272476,23.256968715725183],[84.90856199948205,23.256170047158548],[84.91016950834788,23.255567234074036],[84.91202254061866,23.256046022882938],[84.91386451049797,23.25321726957752],[84.91224618326953,23.25133846876297],[84.90918651299327,23.251168755262835],[84.90900526675716,23.24963142983391],[84.91022451068268,23.249146481862105],[84.91074274596383,23.2433996938517],[84.9201934206769,23.24014569724598],[84.92327853316455,23.239644794675474],[84.92792580611865,23.23794565641599],[84.930015547744,23.235472349539283],[84.93206372582277,23.234954692717647],[84.93353080835588,23.233676789872174],[84.93602839361219,23.23356790970489],[84.93581183485215,23.23148029828496],[84.93831119664321,23.230922733628166],[84.94083317115432,23.2314523145599],[84.94344987633106,23.230267778362926],[84.94427548138262,23.231217563111706],[84.94633208895046,23.23047084740741],[84.94753745340053,23.23183116911732],[84.94854118429397,23.229791739119566],[84.94971323562739,23.231200216121472],[84.95088315890376,23.22805257048075],[84.95099962106856,23.224902915709485],[84.94822744548625,23.217554983616424],[84.94689574308259,23.21663285648841],[84.94376404581696,23.209332430405205],[84.9378682894853,23.209038617218845],[84.93730865064514,23.20858878632499],[84.93533995952167,23.201294562119443],[84.92994616853545,23.201827066523407],[84.92724904783239,23.202453285454663],[84.9232711600293,23.202222042288405],[84.9225228115883,23.20009049178435],[84.92002300262327,23.198162640837435],[84.91638879356934,23.196343815709696],[84.91363577650101,23.196872959808587],[84.91101568012995,23.194508725861603],[84.91082769209333,23.192772662926394],[84.91199605493053,23.19120608519547],[84.9146126413016,23.189332289215482],[84.9165754460276,23.18870829612284],[84.92502089550521,23.187624211327154],[84.92438354486502,23.186523231457542],[84.92419391130719,23.18045319874978],[84.92264301816522,23.175258984462424],[84.92338952748362,23.17245176886413],[84.92193766533842,23.169073827391088],[84.9200637389798,23.16768446358036],[84.91155373135484,23.16997093458143],[84.90940621832011,23.17106309445271],[84.9051881162084,23.17168711460355],[84.89839263028462,23.173641940251837],[84.89542433139725,23.17300645399472],[84.8947878404879,23.17124646817416],[84.8922980725356,23.171240223574653],[84.88874159657217,23.16702144123517],[84.88864230351946,23.162144828751543],[84.88700526174178,23.15384395635203],[84.88707549916587,23.150612708099498],[84.88657539077906,23.14515294223324],[84.8840427594589,23.14292508894678],[84.88315112179426,23.140646977888526],[84.88503719395436,23.13679012524699],[84.88474871136806,23.13277766072866],[84.89210012356348,23.129355961304643],[84.88696947232664,23.1281036783932],[84.88576413773794,23.122796934453007],[84.8853319460908,23.11923392090316],[84.88592506552992,23.11750844655011],[84.89284728521167,23.113628638075856],[84.89297662716079,23.11222190383764],[84.8979822460648,23.110862847676593],[84.89889023809553,23.109693277847324],[84.89716045688263,23.106429518664452],[84.89699781689978,23.104482951442204],[84.89519502799617,23.103041334814243],[84.89565270464226,23.098623650509317],[84.89306633586574,23.09872675504696],[84.89233510194516,23.099546540385536],[84.87893420427127,23.099756023733764],[84.87860794295996,23.09866743738524],[84.87368731677815,23.09817688787413],[84.86807415640135,23.098904696541464],[84.86583254807326,23.098747119825994],[84.86639117031912,23.089193274429583],[84.86768671473138,23.087587008728008],[84.8725807213865,23.086224193621526],[84.87238553220311,23.083124675424788],[84.87364243364807,23.08138989297788],[84.87474007350936,23.077991737683867],[84.87512759124303,23.073202513478254],[84.87446745267101,23.068633979072207],[84.87158919731306,23.068427349811675],[84.87905931186873,23.06586685460407],[84.88585122036812,23.06234404573069],[84.8907636557634,23.062653469380546],[84.89378658097105,23.061867950319996],[84.89584521670808,23.059934359187004],[84.89808173165197,23.059243417123582],[84.89862898262452,23.057609871651035],[84.90345099153006,23.056551722642258],[84.90405534582531,23.055331820476653],[84.90235952838235,23.050794735259966],[84.9043884092399,23.04799008186504],[84.90972518914919,23.043386491532907],[84.91201319196031,23.040403393938277],[84.9124999247119,23.03794490943212],[84.91127610859942,23.034425339690195],[84.91417978193748,23.032698033300452],[84.91316208020696,23.031687289495117],[84.91309171644282,23.029284566392725],[84.91745518615653,23.026682850341977],[84.92228691148956,23.030252285228734],[84.9257501365378,23.028311412447316],[84.92771952867504,23.02964634358279],[84.92419069955538,23.035233970142034],[84.92482121875506,23.0360999053908],[84.92706772527274,23.03527166602158],[84.9287240288102,23.036042725048862],[84.93219775019013,23.034727237038688],[84.93331651907909,23.03173508326243],[84.93594501669179,23.030180181822274],[84.94164524867566,23.02513384858203],[84.94261839405745,23.023698565622595],[84.94269169915432,23.02144218574337],[84.93755195044882,23.016869646713275],[84.93665032221777,23.01522361378324],[84.93870287054501,23.012129499808754],[84.94672589495897,23.008835296992686],[84.94474858982086,23.007364977895733],[84.94340493096885,23.001800287272328],[84.94297832545648,23.000610267699997],[84.94005800816892,22.998674853275855],[84.93961478283603,22.995054110064714],[84.94058459031193,22.991123735276286],[84.93863445343443,22.989223089266936],[84.93909060765522,22.98633422753186],[84.93890760926438,22.983430280123684],[84.94240967025615,22.970456367325596],[84.9444312052948,22.9670155847016],[84.94708090168851,22.96587613019189],[84.95226311901244,22.96477742136283],[84.95482254605668,22.965300881219328],[84.95743940649864,22.96685494975423],[84.96139105526645,22.970193202431602],[84.96349556570742,22.970960655760265],[84.96769945902302,22.969587862547964],[84.97275182346226,22.970167190477675],[84.97794576257638,22.967786479334734],[84.98143167710084,22.9674697307314],[84.98447331536613,22.96620814600984],[84.98913165401105,22.962429673681935],[84.99088104676693,22.958198901039438],[84.99300552402455,22.956570706927632],[84.9963708431865,22.956868770059913],[85.00003685443987,22.954892291151324],[85.00201202780745,22.95118797297643],[85.00674174895798,22.94596071105647],[85.0113837886057,22.94526444358144],[85.01153049947548,22.94235909831561],[85.01454287298549,22.936355910206263],[85.01570434484276,22.93225285270209],[85.01262083863125,22.925088172409257],[85.01188846845888,22.92038461245783],[85.01270362890526,22.919006294747277],[85.01238567547449,22.916848886493607],[85.00859830800788,22.913325872722705],[85.00728387028184,22.91733511448791],[85.00743137108412,22.923501758993464],[85.00357774355793,22.92395054719714],[84.99931260222634,22.926024227998248],[84.99679541615369,22.926388494833],[84.99088975304342,22.92514246945952],[84.98963045575726,22.92413320477462],[84.9866433394337,22.923635277214647],[84.98605706507404,22.92095152982595],[84.98718037450818,22.92070463757705],[84.98754706844485,22.917685010011063],[84.98471902081818,22.91633019738052],[84.98511532874139,22.908616108942425],[84.98397936682613,22.907182189485827],[84.9829577818982,22.90347719526023],[84.98208309155906,22.903578239689818],[84.98218543719186,22.899013459156834],[84.98172920769818,22.89822894588477],[84.98492943001739,22.897835431039635],[84.99003065005955,22.897841993799588],[84.98993174069565,22.896164710617274],[84.99119156473971,22.894853274820814],[84.98954274079337,22.889953446534],[84.9869633809975,22.888135716159063],[84.98673577225645,22.87805156924794],[84.98586343431279,22.875589262343055],[84.9860661295997,22.869423839497568],[84.98580648701589,22.864780347156437],[84.98711396643678,22.857963969555005],[84.99188222366067,22.856348648307033],[84.9953600480542,22.852862632368243],[84.99446748009393,22.848910424193694],[84.99816030088492,22.844784453940193],[84.99813847073438,22.83773507028936],[85.00052367373576,22.83390243433473],[85.00023324673313,22.831720412031647],[85.001008886119,22.829301167541498],[85.00258242481912,22.828282422476406],[85.004534426122,22.822008628518038],[85.00316136932426,22.819973215921802],[85.00541615332448,22.81899013473575],[85.00636947013724,22.817069715569826],[85.00713786149788,22.812455978717473],[85.00704904972571,22.804183432758602],[85.00589782188302,22.801947821532448],[85.00134316754105,22.80250006027222],[84.9978840313688,22.80200084735123],[84.99425295403194,22.80237069266963],[84.99038733405153,22.801635852919386],[84.98512507047624,22.8018403502617],[84.982472644698,22.804541546626265],[84.98208054708681,22.797603034573793],[84.98137739919869,22.796329917210212],[84.98113881729775,22.792711869885203],[84.97973547807374,22.785417686328184],[84.9795181910331,22.78441197160346],[84.96668936029928,22.783616210738742],[84.96627234107329,22.782564487700284],[84.96271493946432,22.778083014061153],[84.96114507275331,22.77490409873908],[84.95834542715737,22.77493832225953],[84.9519140950618,22.77603199045003],[84.94268696203162,22.780357142553434],[84.93928224887595,22.7843745542897],[84.93871993572156,22.78706066720003],[84.93690301009656,22.787091541330433],[84.93463009196645,22.789754009545735],[84.9302748948735,22.79113382888231],[84.93000607843467,22.788726243251947],[84.92897107480731,22.78794323527784],[84.92725248941906,22.78445333596186],[84.92886187853806,22.782963157912754],[84.9287421571955,22.781741893644888],[84.92552830348583,22.77810940100113],[84.92115446224062,22.777581321313484],[84.91957599004186,22.7749562212583],[84.91921225116513,22.771714521777145],[84.91971208833799,22.766833586495366],[84.91787170677543,22.766635422168623],[84.91766688237546,22.765583483515133],[84.9153294625451,22.76397217530907],[84.91539178745195,22.761001182852706],[84.91464615041662,22.75813207830378],[84.91262598932121,22.759148504740764],[84.90908141468103,22.757783453901897],[84.90795902221431,22.756705706397376],[84.905924211438,22.75745451444182],[84.90504160225848,22.755710412158535],[84.90589925625368,22.7546190228738],[84.90115249714934,22.753843288240475],[84.90017676294259,22.755350015686545],[84.89690747476791,22.753938836971972],[84.89749764765389,22.750624382825446],[84.89560709571509,22.750646486942045],[84.89316026762287,22.746837153563355],[84.89096938958994,22.744196026644296],[84.8869096966781,22.74516272913476],[84.88486001483813,22.742476346641865],[84.88072581022519,22.738387345086295],[84.88059033057765,22.743037653477124],[84.8760591005441,22.744616845694782],[84.87318201657651,22.749750490763653],[84.87057415738258,22.752139145758],[84.86933059245086,22.755650397059142],[84.86749088546225,22.756647001352704],[84.86294372960992,22.757531664771214],[84.85769975528332,22.76124659728465],[84.85790885083807,22.76592027153677],[84.85134566259856,22.767522341571848],[84.84899351985692,22.769842824489018],[84.8456972198555,22.770718145330573],[84.84276641231858,22.76999510773115],[84.84058075969646,22.767737174163084],[84.84118018572454,22.765619659734288],[84.84132264437974,22.760576355849356],[84.84099123698304,22.7567101765163],[84.84300595985718,22.75347800020831],[84.84601968401444,22.745130922994587],[84.84784013599987,22.74208616830565],[84.85018734294415,22.739641748552685],[84.8505064128787,22.737409037083257],[84.85193437519563,22.736479256026332],[84.85350034732382,22.7329382812305],[84.85569294080207,22.729670554078197],[84.85733067378972,22.72377067019648],[84.85912302320459,22.723421647448166],[84.85849326829637,22.72242873767786],[84.85631281301339,22.722500719027924],[84.85757199902135,22.72150340497844],[84.85725191597854,22.719796793166868],[84.85514485648596,22.721128068270918],[84.85334899005389,22.720888479882607],[84.84632536264844,22.722657391254767],[84.84331230368696,22.72439056394548],[84.8413746327417,22.726209793830098],[84.83914052339652,22.726231923068795],[84.8355039904919,22.729075596130237],[84.83143944303914,22.72990526722938],[84.83068432003886,22.73190523901008],[84.8319834115703,22.733761348202858],[84.8313741749779,22.736158727283705],[84.83215236640137,22.738398449984846],[84.83065695409782,22.741472788992617],[84.82753562052048,22.74455570664586],[84.82477003247838,22.746035937363878],[84.8213417318541,22.749312733576122],[84.81967663490317,22.750084283862503],[84.81726276684304,22.748033580383456],[84.81421630304223,22.74350100506254],[84.81427443626994,22.735800939764278],[84.81481052079934,22.73368922835233],[84.8165209739154,22.731047180127742],[84.81531360038069,22.72722205848078],[84.81705426671503,22.722789495271147],[84.81919950027896,22.720203706944258],[84.81819090920222,22.717738725695124],[84.82097560248032,22.715491245523456],[84.80997420469744,22.708993111442727],[84.80585654934485,22.709966586536506],[84.80556183470793,22.711415104097817],[84.8036995747528,22.71203814317453],[84.80271080771041,22.713482554905273],[84.80107884663686,22.71289237931256],[84.80099955135685,22.711383468792977],[84.7996751252109,22.711408730171293],[84.79602293708888,22.715154485411343],[84.79672303644834,22.71628808466406],[84.79557861109012,22.717682735156814],[84.79145528128298,22.719316296163004],[84.79054062793344,22.718596783216817],[84.78834516983987,22.719281915584528],[84.78610907783528,22.72277580617478],[84.78734192417608,22.72544419355866],[84.78565995748997,22.726956554669414],[84.78810387451303,22.73155380653312],[84.78721553297258,22.735481526165525],[84.78769941838065,22.73639618724886],[84.7894490822218,22.74447677781403],[84.79087367530046,22.747227322094158],[84.79150074422498,22.752182989199202],[84.79276386005529,22.753176723588926],[84.79228537347242,22.7557197584189],[84.79332406714107,22.75654304311614],[84.79417983974811,22.759379654258293],[84.7935938412533,22.763781043694536],[84.7921154739565,22.76675781215269],[84.79241626800197,22.76901334627154],[84.79158319377139,22.76947338264445],[84.79265959096901,22.77212649977526],[84.78882587237777,22.771959718612628],[84.78679728113856,22.769310534559676],[84.78511810317872,22.768327658316895],[84.78482897826646,22.7638687189845],[84.78339069475408,22.75950631937255],[84.7823906975759,22.757877245354997],[84.78188920882667,22.758925309282247],[84.77933349564297,22.760460520661706],[84.77980651245655,22.761745674201805],[84.77836636341111,22.763166331407806],[84.77462801311192,22.764836845213754],[84.77525306753326,22.769075773304685],[84.77534246072291,22.772940759283305],[84.77472366612035,22.773783557860735],[84.77395819577083,22.778843386671657],[84.77311948764377,22.780806654199928],[84.7772679649208,22.787965826680832],[84.77974688799158,22.79447585801452],[84.77932289649513,22.79491805425114],[84.77558155826797,22.79359735306034],[84.77212829923639,22.791138953612823],[84.77115870034041,22.788734034634555],[84.76636243187748,22.79031975207487],[84.76534180583413,22.792064638551956],[84.75838059230152,22.792233512558354],[84.75436725630802,22.79316512020403],[84.73966421903137,22.798916868322003],[84.7336180917607,22.80158500251777],[84.7299698051992,22.800734182783966],[84.72879512997068,22.799908225382683],[84.72771743844875,22.797511802232805],[84.72569094148454,22.796524349913547],[84.72547909074164,22.79321034314575],[84.72381289732547,22.79219102243222],[84.72235439318858,22.788688233866186],[84.71870197385516,22.788252409276748],[84.71757884714398,22.787058053412945],[84.7165662288971,22.783874136722464],[84.7170283198678,22.78325525723673],[84.72088969404757,22.78323937795239],[84.7227729616178,22.78159478589758],[84.72117548795778,22.781081012663133],[84.7211444268399,22.779246060024747],[84.72421622245486,22.777634178777838],[84.72745277748251,22.777423375045935],[84.72727314427294,22.775941531939385],[84.72883059185504,22.774848707524004],[84.72828748050782,22.772136721799146],[84.72510239804508,22.77099197795849],[84.7239225892801,22.768915691114813],[84.72415844741077,22.765195137912595],[84.7214024577515,22.76471372973729],[84.71348605028396,22.76460092783333],[84.71296831439764,22.763684003977616],[84.70829703433975,22.765218335307946],[84.70372325313514,22.764370664449057],[84.7027103576794,22.762177445156333],[84.70050952682722,22.76164115686173],[84.69669484030892,22.756644699431178],[84.69696506815389,22.75354913907147],[84.69812190457071,22.751455301999194],[84.69879180931328,22.747479977621975],[84.69525576827498,22.74631219952831],[84.69470955432375,22.74497142576187],[84.69683648637391,22.74348057520325],[84.6949398409971,22.742560342489888],[84.69493932916102,22.74153197388033],[84.69000561491042,22.74111531780574],[84.68790938286944,22.73984287515482],[84.68619457149512,22.73650233158321],[84.68407462429899,22.736437673343165],[84.67690989128016,22.737584862819546],[84.67241740062049,22.738579479897805],[84.668883361946,22.73845411512845],[84.66798010680117,22.73748805888972],[84.6679501622525,22.735149315449796],[84.66701698835814,22.731691035620283],[84.66529114882495,22.730623582682476],[84.66224879067205,22.730154815144324],[84.6569752788359,22.731135743649695],[84.65471709022545,22.73268716968936],[84.64955354859245,22.73741756545891],[84.64837588332664,22.739198995578402],[84.64734848652171,22.737329945644696],[84.6470591362091,22.733856847966894],[84.64466311388429,22.73133420797855],[84.64082746195349,22.731246534173884],[84.63660743110643,22.731842909162726],[84.62900445532371,22.73153858432007],[84.62505698727179,22.732861555357996],[84.61977822573392,22.732931448082454],[84.6111990156636,22.734371342773137],[84.60812548805488,22.731655120508744],[84.6037157513622,22.730997761909748],[84.60344192044428,22.722897480240395],[84.60240293715263,22.72240527126917],[84.59843346360024,22.72392738429106],[84.59770605664968,22.72313597995827],[84.59284268493036,22.713503834903054],[84.58806867798566,22.715630351506032],[84.58448868960124,22.71656607896549],[84.57997810022414,22.720811309795625],[84.5761956572096,22.722925520231556],[84.56969554236836,22.72545853642386],[84.57019966837116,22.728162702173602],[84.56874883733407,22.729162945394496],[84.5628533030978,22.73167350224302],[84.5583902659594,22.73232774241609],[84.55888290323266,22.733859427594837],[84.5613282054709,22.735117960463405],[84.56172084026805,22.738529302801453],[84.56637515008681,22.74266005106311],[84.56883688143401,22.745842583100316],[84.56851027083367,22.74762158019662],[84.56333577472509,22.746681894133555],[84.56053198306462,22.75059275249855],[84.55783424929301,22.753219653896483],[84.5557425098398,22.75698886016338],[84.55409013789262,22.758771597208238],[84.55016029442646,22.760729447445023],[84.545272994688,22.76374991890311],[84.54353484326691,22.763875446269164],[84.54112114606886,22.76201631964709],[84.53897704336828,22.761184357584025],[84.53695898698965,22.753803286325745],[84.53692006177587,22.749834671585077],[84.53374538220967,22.74686795198865],[84.53376848140051,22.745286274943744],[84.52812016151657,22.743908030217778],[84.52759725363738,22.74008578002976],[84.52159444776309,22.743210591874448],[84.52097103009542,22.74810944017027],[84.52115399818858,22.75064004055313],[84.51825099636049,22.75180821526473],[84.51774329161198,22.754705925573106],[84.51622178653935,22.754840360995708],[84.51488423140653,22.753311043852282],[84.51444997922279,22.754552477901385],[84.51646567055028,22.757294484015457],[84.51831020352097,22.76117649263117],[84.52112933857077,22.760972917456456],[84.5242588127111,22.76216682756079],[84.5275693088475,22.762405966323595],[84.5295671842886,22.766899668255842],[84.52981910297044,22.76859520233657],[84.5341256612906,22.76856607945517],[84.53651474406274,22.766887851499323],[84.54273073206826,22.765177693449292],[84.54543637732836,22.767359790415117],[84.5493434320004,22.767765769504717],[84.5512440831658,22.768841271277424],[84.55517844731904,22.77279371870149],[84.55644595496864,22.774659030635867],[84.5569120355465,22.782307773381312],[84.55622792184629,22.787102764606324],[84.55567469165469,22.788169524571636],[84.54964603665705,22.793136166630696],[84.54839856460724,22.79469778544872],[84.54412767056147,22.794828936680872],[84.53933953676608,22.79304297926096],[84.5354683873211,22.792587192942214],[84.53425735960502,22.790270184606484],[84.53124268155011,22.790900632579454],[84.52840272331682,22.792427225270387],[84.5260138903075,22.79282767179813],[84.52311847810304,22.79667719516651],[84.51695421630113,22.795503681012935],[84.50929320025845,22.796753588393965],[84.50161771716259,22.798257354643557],[84.50266593592674,22.807020466038487],[84.5034948360614,22.811574530681447],[84.5013513407949,22.820192131965733],[84.50155435519905,22.82418364703362],[84.49787107630308,22.822986464422417],[84.49505641202279,22.82659472390706],[84.49255046285953,22.827248388600896],[84.49038723293089,22.826329547555414],[84.48890521143802,22.828529689813898],[84.48680857169099,22.830320644380965],[84.48455864162696,22.82971919248361],[84.48262289471005,22.832274200897277],[84.47902112352531,22.832334503178988],[84.46969546598858,22.835443125179875],[84.46374369959626,22.836732538836877],[84.46144981353203,22.83534932306605],[84.45657487854811,22.836745980165254],[84.4503086676922,22.8360860380377],[84.44861455552775,22.834264818283323],[84.45142371972344,22.82908391068896],[84.4494527493114,22.818828490624995],[84.45050921174288,22.81560778681103],[84.44746282132839,22.811560147823226],[84.4409013945055,22.80923049293219],[84.44018732149559,22.80852260009178],[84.43522480370791,22.80846426284742],[84.43034298807748,22.810335817920574],[84.42894965619637,22.81030835871422],[84.43179937431893,22.80753473373881],[84.4355056025336,22.798408323686267],[84.43423245559049,22.79595152865099],[84.42981997379452,22.790993972795874],[84.43041510299977,22.788903456780933],[84.42656132026296,22.78778555092385],[84.42099975934512,22.78088677169344],[84.41694216961612,22.772004271690452],[84.4187880814405,22.76754677012877],[84.4162517811209,22.764237526163676],[84.41341682640018,22.764493727478257],[84.41188534095981,22.767105215881926],[84.40728642891978,22.770185179341212],[84.4044391690391,22.77109100436447],[84.40360829780377,22.768982502029132],[84.3994203191643,22.77501220193831],[84.39740615604131,22.7739543326103],[84.39468679996818,22.77417085724147],[84.39157008753718,22.775170411730816],[84.38802431021975,22.772596488914832],[84.39005445867267,22.767646412392878],[84.39035078497916,22.765924164816063],[84.3860240203538,22.76728178131481],[84.38251847573649,22.762121329405158],[84.37994064101838,22.76309597581088],[84.3773628510733,22.76132573197704],[84.37169065870425,22.75401551280704],[84.36944735932452,22.754538183314292],[84.3660971561614,22.756379354450697],[84.36211127589968,22.757997544238503],[84.3591472600709,22.756779104490537],[84.35735077849483,22.758955543148996],[84.35192777954504,22.76052985444829],[84.34921071460255,22.762114741696315],[84.34855061444154,22.75875965604481],[84.34929388526085,22.757054002297284],[84.3521526839091,22.753828588286126],[84.35424456454423,22.750558670403073],[84.35050448823584,22.747793122791624],[84.34526127924384,22.74650522018228],[84.34182441081269,22.746223737621435],[84.33904261075537,22.747696069388798],[84.3358858334252,22.748325308569058],[84.33531561409019,22.751965631706707],[84.33246824731087,22.75510227235567],[84.32987009061463,22.759513433951113],[84.32761332573403,22.760842075358756],[84.32493895543891,22.763512008373606],[84.31921062560893,22.765361245875663],[84.3150317532552,22.76420533249955],[84.31201143384705,22.763895022220712],[84.3092000267763,22.766523237945147],[84.30379056406933,22.769561555217948],[84.29682492828525,22.771185778314262],[84.29441326476433,22.773272364953527],[84.29145359687,22.773630520145705],[84.29223816424052,22.775710268164367],[84.29076387673585,22.780643881952905],[84.29114474847042,22.78338280948474],[84.29231781516599,22.785880016468166],[84.29793975341754,22.794273654626128],[84.29933850203388,22.795887205574537],[84.30565658156202,22.79703609995352],[84.30745627686949,22.800680163122923],[84.30842046569263,22.801214724638584],[84.3150980244913,22.800652885088116],[84.31509310771902,22.809306945835004],[84.31643483072001,22.813587320381483],[84.32206936083438,22.820219508133206],[84.32284418715746,22.827001640819716],[84.32532754681927,22.834977608870187],[84.3251976424517,22.837646672097595],[84.32332396824592,22.837092750630227],[84.32174476713017,22.837744924992926],[84.32288172057478,22.841870911682964],[84.3229943166445,22.848016545646537],[84.32421926148423,22.85094230044622],[84.32546774903331,22.85146984456347],[84.3276497623685,22.854547462705064],[84.33361677416178,22.860568471421153],[84.33609552861081,22.862071259020865],[84.33821121304747,22.860344997278624],[84.3419480552418,22.860377375186054],[84.3440871122595,22.859574130288912],[84.34924044598985,22.860982432388745],[84.35199383414162,22.864985987523784],[84.35284593855285,22.8653908721883],[84.35561864625907,22.862917048575657],[84.35850753226714,22.862976072115917],[84.36044227288217,22.861152160492136],[84.36271257338113,22.862267609154905],[84.3715082712284,22.864666605399016],[84.37302670524954,22.865974796272116],[84.37346036106834,22.868512204926603],[84.37301210230422,22.87145158438309],[84.37491720713143,22.873894139622706],[84.37967290507395,22.876368326489384],[84.38092031908046,22.87901713054344],[84.3791875202797,22.883773694839135],[84.38046530676452,22.88714460504715],[84.38260784981489,22.89025428895274],[84.38314362891911,22.893478477955075],[84.38241041327814,22.896525529212344],[84.38150084620813,22.89738966117294],[84.37572083379771,22.900666733998122],[84.37489673749799,22.902335887475374],[84.37627370471847,22.907576542923636],[84.37754394100808,22.909631882065042],[84.38319328833732,22.913924168775747],[84.38793559482549,22.914325721389346],[84.38897389767506,22.91482222631008],[84.39371220340908,22.920542268804116],[84.39618429829792,22.925865091940537],[84.39597337735356,22.930103638381464],[84.39597613717255,22.938847414424934],[84.39284360093673,22.94548303505416],[84.3885972547853,22.948013074003043],[84.38366912395483,22.952743190309427],[84.38368841955,22.962551604498625],[84.38220403158354,22.968401035763566],[84.38047051404415,22.972077370400076],[84.37702359331452,22.976836892850407],[84.37414258776408,22.979076173653834],[84.37289852657906,22.979276843416205],[84.36975598440448,22.97570774338427],[84.36499933817726,22.974233423443575],[84.35840796228321,22.975333352210267],[84.35107161501267,22.97812465539032],[84.34810116899007,22.976421421383773],[84.34375795769871,22.976140558696596],[84.33955218763032,22.97998886649542],[84.33199517481236,22.98054172558422],[84.32810687118295,22.981900758196296],[84.31967735539064,22.977347438448028],[84.32057825378006,22.974849280385346],[84.31860904457842,22.9733477193794],[84.31291493199977,22.971856088886934],[84.31078161913398,22.96901494491454],[84.30763391648395,22.96743416040042],[84.30205296461023,22.96715344822468],[84.29208742886063,22.964212917351713],[84.2841582378614,22.96339054991424],[84.28053599237954,22.963973415261083],[84.27877507437222,22.96690913054475],[84.27911170065617,22.971007694705186],[84.27707694293414,22.97178556761456],[84.27710713413266,22.974319047742362],[84.27586224334686,22.975554062489113],[84.27541888255011,22.979366455167472],[84.27409073722151,22.98105894406304],[84.27368201464866,22.98372633930593],[84.27453133500262,22.985673583156046],[84.27678956284731,22.985428988008113],[84.2789348151729,22.98791810963656],[84.27843195143991,22.98875894866509],[84.28024362934607,22.98959334944727],[84.27858895459686,22.990410755855017],[84.27844570332523,22.992177759443205],[84.27733765718173,22.992911302860332],[84.27557094726185,22.99108127188414],[84.2729662058843,22.989531345279435],[84.27098289167996,22.98967564583669],[84.26932173765397,22.98587617732973],[84.26789244873711,22.985258732379133],[84.2688842351593,22.98422584271057],[84.26683823203705,22.983822030385415],[84.2655436457827,22.98147251770322],[84.26369900622804,22.980814450846417],[84.26389812070082,22.979868044837794],[84.26186781629993,22.97928724667833],[84.26122894132752,22.9769517328513],[84.25963017828583,22.976588308997037],[84.25342815635999,22.97222271300742],[84.25137374555024,22.971962059242685],[84.2493902567358,22.97383228869462],[84.24885845774286,22.975862549682862],[84.24695435745026,22.976132026013026],[84.24510075048305,22.977505237119544],[84.24257081885342,22.983317788609664],[84.23376903348722,22.982087866779523],[84.23028210552977,22.983327826728836],[84.22690152155663,22.981221677795098],[84.22051777933463,22.97893597492988],[84.21870981254189,22.979289194994575],[84.21829182513542,22.98259442820306],[84.21680170717019,22.98914118623572],[84.21209117900057,22.993488111674694],[84.20779458642501,23.000605328201047],[84.20397361506222,23.00185665449679],[84.20039662733876,23.00610110344789],[84.20090187282975,23.010546006951635],[84.20236763449675,23.011728780798435],[84.20330930454338,23.01405614532115],[84.20199765773981,23.017462844915247],[84.20158935809138,23.021136437270506],[84.19950244825172,23.022895573032546],[84.19674267831992,23.024210263211483],[84.18580179341998,23.027091723056348],[84.1840798665205,23.026298839597857],[84.18198184069051,23.02683649043475],[84.18084285902613,23.026107253639683],[84.17923328718189,23.02262616048643],[84.18057253857339,23.017104411496096],[84.17827152969986,23.013972795917766],[84.17865100029847,23.01268877858187],[84.17547541479081,23.00982746860846],[84.17675202565088,23.004563822058607],[84.17910792372844,23.001713508588892],[84.17892662795161,22.99976070293511],[84.17575379248966,22.998230597449602],[84.17509690617969,22.996673760419597],[84.17649484985886,22.99197768184557],[84.17689367940245,22.989115017379653],[84.17636051873976,22.98495705457382],[84.17687520945464,22.983368465711663],[84.17865292885548,22.981668681268882],[84.17831396293055,22.979795712135584],[84.17351767248407,22.97210369027387],[84.17102053110597,22.969964393402144],[84.16477422455779,22.969550800035666],[84.16072813473515,22.967689206814004],[84.1574743727851,22.9671188940588],[84.15458755943732,22.965792061460288],[84.15204260095648,22.966483263484555],[84.14949000638234,22.965415298924928],[84.14854263580271,22.971572289862923],[84.14712911884995,22.97516188445009],[84.14648643322764,22.980755942639316],[84.1477695584143,22.984634221430557],[84.14789593856604,22.987234075381142],[84.1469171638298,22.9905443542899],[84.14489564212012,22.9944598002509],[84.14130042734539,22.999994933000437],[84.1382123498008,23.004079576565697],[84.14006025123817,23.007373863878833],[84.14009360637196,23.00965082969755],[84.13877201139596,23.010612454110746],[84.13459129129788,23.017331276087408],[84.1339273638341,23.020233433860888],[84.13098180135363,23.02230044871181],[84.13039743305283,23.025544077865113],[84.12902173783432,23.026153251786816],[84.12607208478263,23.033478413986973],[84.12538765785604,23.036920041264835],[84.12547798456039,23.03930843211569],[84.1271378617676,23.04489858603422],[84.12479103783667,23.04534238846703],[84.12460671310023,23.048523076556652],[84.12651638920548,23.054781522419276],[84.12618577787596,23.057503838924127],[84.1325796054644,23.065362100908207],[84.13393117960285,23.06894293376639],[84.13279625201446,23.07420249258407],[84.13442673186537,23.07940697979843],[84.13337460463838,23.08317745631558],[84.13194843994731,23.08463469116868],[84.12709928872341,23.08813568757001],[84.12683527870537,23.08924403789821],[84.1242864128933,23.089420294738755],[84.12227737027202,23.088071634456806],[84.11929291080585,23.088081364378578],[84.1153968157783,23.090021842633178],[84.11280165516428,23.0931832116098],[84.11300573311351,23.096673643099844],[84.10907223839732,23.097789454256542],[84.10847741288718,23.09968602306461],[84.10661138487829,23.101236800927207],[84.10590949784965,23.104797519420707],[84.10090096635922,23.106318160029918],[84.09862286261817,23.108833773562033],[84.09631017262127,23.109630897483946],[84.09459687781637,23.109403299352703],[84.09212486846651,23.110552797830184],[84.09350694359944,23.112422084495947],[84.0863823138538,23.112640860674897],[84.08229486861134,23.112172941186476],[84.07614582061244,23.110227274148333],[84.07384056543823,23.109155616621386],[84.07128530744147,23.109106145475785],[84.06659474201466,23.110435947679292],[84.06257993582373,23.113422205331524],[84.05963118914421,23.120523628886488],[84.05871413209425,23.12187220727999],[84.05829935202604,23.12617347841472],[84.05185364702783,23.1311678945259],[84.04918130342456,23.13485304856171],[84.0463891800228,23.134197043398526],[84.04014841777116,23.136988476524422],[84.0382334996035,23.138766389201702],[84.03703124910533,23.140901227671492],[84.03648111820304,23.14593504893209],[84.0366901480613,23.148170462136815],[84.03331031429695,23.152240797963668],[84.03242409723869,23.154366804620192],[84.0319024119695,23.157863849824764],[84.03239425284163,23.16048484916998],[84.0343760666818,23.16297575610307],[84.03696476526747,23.16910691697815],[84.0382716007421,23.171057684152586],[84.04003245245723,23.174235534435947],[84.04131690485235,23.179610757039338],[84.04337814969126,23.183226343931032],[84.0448866716035,23.184057922349286],[84.04781393274904,23.187026179113282],[84.05521516955999,23.191959821243824],[84.05791409491606,23.195911533659178],[84.0586156185731,23.199672772868045],[84.06207723968461,23.2022747295643],[84.06335529454728,23.206018000602377],[84.06321770498134,23.20777866279656],[84.06155563790729,23.21060884769114],[84.0584227175844,23.214458715328462],[84.05579263098934,23.2201117612414],[84.0560656880275,23.225196899297156],[84.05745569457919,23.23093412498611],[84.05906880478926,23.23600553503569],[84.05382748415087,23.24375146600691],[84.05373417365757,23.247298878978764],[84.0559324831198,23.25290943714289],[84.05623602065036,23.25549830485729],[84.05894039821605,23.264440043717972],[84.0598027569778,23.26932955180844],[84.06334323395147,23.2724967246648],[84.06413495301615,23.274284579339522],[84.06425229059356,23.2771695045166],[84.06289856437154,23.281305109988658],[84.06248357986762,23.28843492234563],[84.06321267140963,23.29026918347541],[84.06582635915215,23.2906754434271],[84.06746503269437,23.294025442227408],[84.06171342474896,23.30722790894494],[84.06291104464248,23.309718945248637],[84.06592480847016,23.31407789118356],[84.07301323632637,23.329119869206636],[84.07423394993526,23.329296800644094],[84.0746455367508,23.333408339794136],[84.07600992158272,23.332223766871024],[84.07838291124573,23.33256926608344],[84.08077673820304,23.33192795864834],[84.08508871616145,23.33205797649246],[84.0872444494166,23.33157908862914],[84.09097356412829,23.331774812330103],[84.0961731482683,23.33102627870335],[84.09446120521281,23.333040026909384],[84.09485204249245,23.334382029666017],[84.10035759375533,23.33993166474824],[84.10366725626663,23.339779550867966],[84.10543809129693,23.341416790431456],[84.1063759923754,23.343344731326937],[84.10962241915628,23.34250398895413],[84.11193748782715,23.342823866495934],[84.11363250319735,23.34648538163948],[84.11306894376777,23.348016710873825],[84.11475658659788,23.350328260892304],[84.12004367579704,23.348951712759565],[84.12162640682267,23.346643254713165],[84.12673681042334,23.34709204244718],[84.13049291335322,23.34594957781489],[84.13229635217327,23.341733696728586],[84.13381820389621,23.34050703537552],[84.13695428494327,23.339661906880018],[84.1410400575861,23.339195069254913],[84.14751838874376,23.336483287787402],[84.14882169823854,23.334924949868356],[84.15175753941489,23.335971917321356],[84.16010868101627,23.33381770847926],[84.16612752736714,23.33167416309726],[84.16815904945453,23.33129512163224],[84.17750858944949,23.32816928974472],[84.1817433199154,23.327375054412755],[84.1857155437473,23.32528037810124],[84.19200998752723,23.32510416882652],[84.19467693041179,23.327235056656722],[84.19793117237766,23.335458506346093],[84.20112565444666,23.338069411259514],[84.20698162898788,23.338988198923133],[84.21181620636344,23.338759706865687],[84.21412508935225,23.340023231151164],[84.22044881735144,23.34020417318228],[84.2243143714031,23.34152293502763],[84.2244236871627,23.342526915050698],[84.22766518732529,23.34475630544235],[84.23339327429763,23.344926308176706],[84.23417629634777,23.346685692515567],[84.2365675537466,23.347381248680588],[84.24018824856263,23.34733950475454],[84.24335055637427,23.350086720919368],[84.24211286475918,23.354370595444646],[84.24645043992355,23.354981874367066],[84.24679539792037,23.358969316010015],[84.24619814514087,23.36191156104877],[84.2467102512135,23.362941443452165],[84.24647188028763,23.36641124992907],[84.2484431124876,23.368568082458467],[84.25015656312469,23.371964602223414],[84.25303318555642,23.373734137020303],[84.25627933431765,23.37276808698409],[84.25611014616251,23.375341723435955],[84.25815652741095,23.378223755177125],[84.25768987282143,23.380896043265583],[84.2589657245584,23.38208677808834],[84.25652863428567,23.38463065026577],[84.25525116448256,23.38981981464737],[84.25535570336318,23.393251115763157],[84.25365170682406,23.395783188081765],[84.25195328174807,23.39689056318141],[84.25244444533956,23.39954699314384],[84.25213681429175,23.402320117623837],[84.25080207925728,23.40737231780988],[84.25006772189754,23.40822877633298],[84.25049932236591,23.413482308713796],[84.25203811937344,23.419052912892035],[84.25321437735496,23.419626379273332],[84.25452588474124,23.423873867886634],[84.2535543028152,23.427033367749676],[84.2538996495158,23.429300048200496],[84.2505566940688,23.432317495923296],[84.24867954087314,23.438412945244934],[84.24733743329801,23.440871420958064],[84.24495763180025,23.442417971755287],[84.24472128810302,23.44485073346014],[84.24796600798116,23.451388644671066],[84.25233850396748,23.45447117917787],[84.25566242803474,23.458844019903193],[84.264611813277,23.461023051243036],[84.26809163973056,23.461463384158343],[84.26915743505812,23.463243343583066],[84.27208126239626,23.463214470600196],[84.27556999204629,23.466398535486057],[84.27598334594423,23.46767933912433],[84.27396443834664,23.46736450117904],[84.27514149385131,23.471611879641443],[84.27619350894919,23.471323817710594],[84.27968531120493,23.468613902414496],[84.2806254422955,23.46701379879861],[84.28233997468688,23.470404443392166],[84.28318328039943,23.474354981130414],[84.28458075255125,23.48560361240503],[84.28613551729981,23.48860122876784],[84.2859508092909,23.490184606704783],[84.28943962605551,23.493527055059367],[84.29880042221609,23.486187215652993],[84.30048380608076,23.484224028107967],[84.30867993364515,23.483723306694074],[84.31627176087943,23.481962383680358],[84.31638911909346,23.486804502121288],[84.31820145594038,23.489365726973773],[84.31777786699276,23.490773847898907],[84.31509202579582,23.491416110383653],[84.31616422883191,23.493734589104307],[84.32032737897555,23.492547085507823],[84.32439251999408,23.491901183678067],[84.32703342505921,23.492537584702333],[84.32822332068459,23.496271086287685],[84.3275388658496,23.50282253328438],[84.32792313991679,23.505090273586088],[84.32964247457153,23.50814139579841],[84.32873873975566,23.51026197368334],[84.3253625806209,23.51161820497749],[84.32536902981381,23.51485477637055],[84.32663437778132,23.522263748873435],[84.3304371134241,23.526901404521475],[84.33145472786472,23.52936668521593],[84.33056317674374,23.530319034109613],[84.32621766109733,23.532099262543614],[84.32703975974019,23.5385617508017],[84.32661204630035,23.54338378432377],[84.32645691561454,23.55264723324584],[84.32427009719031,23.559626174576017],[84.3227506255426,23.562885209556875],[84.32074497817932,23.569069625791528],[84.31791700235249,23.574765675348335],[84.3172732179524,23.57840469993016],[84.31770346737825,23.580287392489076],[84.32293484012109,23.580167299534804],[84.32690596221826,23.580597981127486],[84.33795187824776,23.583444726793534],[84.34067500381795,23.58470940322683],[84.34243179863866,23.59063652787058],[84.34087406338466,23.59177943640369],[84.34019408176435,23.594482472942136],[84.34248158232226,23.595997025441907],[84.34109003653364,23.5994834373365],[84.34755926548851,23.598958878907897],[84.34950891467867,23.599446856588976],[84.3512390214639,23.603652386024873],[84.35313794632157,23.606300571389696],[84.35730637904199,23.608978443006528],[84.36889178094475,23.606479889544847],[84.37749171182301,23.6049114978964],[84.38140268472542,23.607737724758866],[84.38553340006781,23.60524407397299]]]]}},{"type":"Feature","properties":{"id":"20-235","name":"Hazaribagh","source_name":"Hazaribagh","state_id":"20","source_agency":"Survey of India (SOI)","district_code":"332"},"geometry":{"type":"MultiPolygon","coordinates":[[[[85.3542219730468,24.523512135997837],[85.35490000022628,24.51985000033747],[85.35661000009137,24.515360000255406],[85.35177000037119,24.513589999534872],[85.34749000012921,24.51310000046979],[85.34534999993679,24.512089999976997],[85.34262999942405,24.512510001193647],[85.33947000036704,24.51200000086627],[85.33861999993397,24.50864999995677],[85.33411000028394,24.50620999939199],[85.33238000028133,24.506240000666274],[85.33014999999814,24.5014200015042],[85.32956999963646,24.49659000038233],[85.32850000066438,24.494000000248437],[85.32827999978177,24.487240001559528],[85.32915999973696,24.484040000921578],[85.33157000017162,24.481630000776185],[85.33600999945934,24.47946000060018],[85.34377000059139,24.476199999946473],[85.34526000025156,24.47449999986164],[85.34533000058418,24.471429999653143],[85.3486399998181,24.473119999953987],[85.3515100004184,24.470363999525514],[85.35433999986581,24.469479998065243],[85.3617400005545,24.46858000016572],[85.36765999997493,24.470199999059744],[85.37268000074786,24.468319999449612],[85.38352000077313,24.4696300009897],[85.38514999970238,24.47082999909672],[85.38733000025947,24.47491000115163],[85.39111166770935,24.47959333373786],[85.39755000025806,24.480179999271474],[85.40922000081497,24.480829999357926],[85.4115099988396,24.475340001132253],[85.41174000059496,24.47310000126554],[85.40998999951044,24.456309999888145],[85.41061000070108,24.45109999923468],[85.41305999990307,24.444890000599315],[85.41758000019519,24.4399000001999],[85.42135999918185,24.43752999875314],[85.42558000022011,24.436770001792205],[85.42869000098817,24.43529000017141],[85.42962999991367,24.433889999961213],[85.429950000314,24.42848000087964],[85.43340999944768,24.42720000088212],[85.43581999950003,24.425739999223634],[85.43931666667115,24.425290000570698],[85.44056999969543,24.424329998893814],[85.44222999968606,24.42149000019022],[85.44203999962647,24.419790000077597],[85.4353500000595,24.422489999285194],[85.42997000044316,24.423150001318312],[85.42908000031412,24.421789998719966],[85.42670999968662,24.41498000084605],[85.42447999966781,24.410890000099034],[85.42202000010539,24.40545999854587],[85.41782999988992,24.406669999189635],[85.41708999915345,24.407690000878915],[85.40929000000976,24.40768999955474],[85.4044699989289,24.403840000091442],[85.40193999903508,24.400250000055358],[85.40090999986003,24.397369999643804],[85.40067000013,24.392920001135163],[85.40353000003981,24.39129000073312],[85.4097749998787,24.388669999593805],[85.40981000092864,24.383349999615383],[85.40840199930767,24.378163999554623],[85.41150999960988,24.379520000957925],[85.41800000056281,24.378279998696968],[85.4211699999716,24.376749998274967],[85.42048999994857,24.374400001492873],[85.41739999942696,24.368839998627916],[85.4142299995777,24.366390000135564],[85.41518999978767,24.363239999705545],[85.41472999969146,24.360189998528437],[85.41521000000145,24.358680000578435],[85.4185199996854,24.358550000965852],[85.42068000016627,24.357669999470524],[85.42330800011756,24.35555799993836],[85.42526999974518,24.35586000043715],[85.4291500003323,24.352640001006723],[85.4312699994122,24.35327999863331],[85.43427000050205,24.352870001511445],[85.43526000012122,24.350579999921404],[85.43385000016862,24.34677000143918],[85.43434823705984,24.343156469989214],[85.43709999944325,24.3419599991719],[85.43725999992468,24.340120001183827],[85.43473999913114,24.337310000483303],[85.43427999980346,24.33551000105867],[85.43560999980419,24.33302000127209],[85.44074000033368,24.33571000142999],[85.44417999929361,24.333459998627546],[85.44624000025946,24.333290000539417],[85.45160999943278,24.337260000917396],[85.45227999960004,24.337119999124727],[85.45632000012361,24.333440001394532],[85.46233000103254,24.333230000485468],[85.46422999960153,24.332179999043017],[85.46580000069649,24.325189998816054],[85.46640999977217,24.324329999769596],[85.47180999946747,24.325029999526144],[85.4770100008829,24.329200001631314],[85.48124999917864,24.330849999596808],[85.4871499997874,24.329559998826756],[85.48744733966149,24.32809786476886],[85.49274822827749,24.32582895119263],[85.49617477977903,24.325221813876855],[85.50289492182483,24.325261160798217],[85.50775594623039,24.32334042448073],[85.50944366909788,24.322048669122122],[85.5109591485726,24.318406959097562],[85.51277893317315,24.31765576642735],[85.51619984530261,24.317526674794713],[85.51844845237217,24.319047594322154],[85.52265067696425,24.328876994694678],[85.5247901570309,24.33219362541281],[85.52750999425,24.333917725571307],[85.5300859685875,24.33359046652055],[85.53401450328109,24.332192756991336],[85.5388751120631,24.332013805479853],[85.54025714195429,24.33353516054187],[85.540433576774,24.33792533778489],[85.54115142117688,24.34064125058531],[85.54366284598082,24.34510811348674],[85.54576110390727,24.347112312322878],[85.55131837131445,24.348820450974788],[85.55312603578707,24.34790182403391],[85.55576530238669,24.345368683293124],[85.5616521733961,24.341465504798858],[85.56610944566677,24.33948847172057],[85.56869771143042,24.338944034213505],[85.57194043792764,24.339805293581424],[85.57278757445248,24.341610224454445],[85.57162435261709,24.34778034263907],[85.57279297957308,24.35080280480725],[85.57470292293183,24.35188630921975],[85.57697836194974,24.35177259764453],[85.57950081537044,24.35028733191422],[85.58160430438735,24.347060111189055],[85.58309353991594,24.34165597976124],[85.58416504193674,24.33924592514879],[85.58731166086666,24.335718639487958],[85.58994767567515,24.333508203086396],[85.59515433508797,24.332346429875503],[85.59706030092244,24.33339244788006],[85.60092007740664,24.336788267249233],[85.60543101588216,24.339764573190052],[85.60937909453101,24.338872353849865],[85.61084989642747,24.336972962785623],[85.61425625490573,24.33005081195212],[85.61778741324666,24.32640469722208],[85.62446192377033,24.325237160896375],[85.63259118084714,24.32439850957222],[85.63455808386485,24.32477746068998],[85.6369629456,24.326586975870498],[85.63977726425532,24.329955231045115],[85.64246169369268,24.330399356535782],[85.64365089997862,24.32852817807922],[85.64365392762127,24.326388005050244],[85.64082974814879,24.321382239978597],[85.63895157762929,24.314525363928308],[85.6397903881244,24.31294678133053],[85.64278709947943,24.31202418052001],[85.64505298485571,24.312109684715765],[85.65033481610267,24.31373939281974],[85.65204809712603,24.31375625991144],[85.65435770865442,24.310632036622184],[85.65811217107643,24.30930925796237],[85.6599829950358,24.310441254645024],[85.66174908451468,24.319916114464945],[85.6614983934937,24.321685764792175],[85.65965234391427,24.326561538340002],[85.65875663412808,24.329978959486382],[85.65880153070343,24.33191998653758],[85.66138314577744,24.332321224281806],[85.66624500388204,24.32985068160042],[85.66792443916009,24.32813938064279],[85.67420505603248,24.32463199838383],[85.67930936225979,24.320601765196727],[85.68439855824217,24.31707408159099],[85.68605303984633,24.315249359112446],[85.68380928999814,24.31055131314486],[85.6839111628483,24.30715661425991],[85.6852059479701,24.30569799079247],[85.68911582447276,24.303376145022686],[85.69012492568095,24.302233623024453],[85.69280582806482,24.295641689151733],[85.69499579430146,24.292286702793785],[85.6979197647051,24.289644521247695],[85.70260331806922,24.28930359318351],[85.7079133536774,24.290605426661546],[85.70926831357839,24.291462398722025],[85.71176738772205,24.294435835081376],[85.71639923402232,24.29750277480942],[85.72053268191556,24.298877076248186],[85.72725030847104,24.299827235987646],[85.73066518464756,24.296861995165475],[85.73199932060552,24.293596394934436],[85.73324584340482,24.29225211825556],[85.73571561353116,24.28781756948824],[85.73726274298242,24.2862886892158],[85.74184316691822,24.28609130907114],[85.74523277550922,24.2852158569952],[85.74905311751778,24.282938848498468],[85.751378085187,24.283189418706716],[85.75422219890214,24.2847299548219],[85.76133778299584,24.28930468422533],[85.76324639751057,24.291828477545845],[85.76386214596398,24.29465030421017],[85.76315154890949,24.30371910220204],[85.76789105259866,24.30295325101744],[85.7699092153387,24.301829339247412],[85.77224799294795,24.301791348876737],[85.77959429774359,24.298373807887337],[85.7874723960443,24.29790673392173],[85.79329251580113,24.293825215278765],[85.79895153941557,24.292129811825202],[85.80270759144706,24.291731625087866],[85.8075290543765,24.293650364404783],[85.81123806694089,24.294069216353417],[85.81855061893447,24.294300593613226],[85.81983725987016,24.291220645804287],[85.81854029180569,24.284182399820324],[85.81878706126757,24.278251237721925],[85.81661536628752,24.270386756966946],[85.81634501536283,24.266177989245623],[85.82004701460907,24.26357042714866],[85.82319998045422,24.26473896964727],[85.82738803106766,24.268522884706137],[85.83023513295954,24.27585125486854],[85.8320755822586,24.279456789031478],[85.83422647623861,24.281682942581984],[85.83664552023221,24.28159105419859],[85.84276370353923,24.276742825508745],[85.84894042456358,24.275585949790276],[85.85283152270628,24.27201053536639],[85.85033483250677,24.271101477679224],[85.84979596814578,24.268125315514823],[85.84375533118293,24.263083044579854],[85.83921121049282,24.260483375205947],[85.83528322451546,24.256246446429927],[85.83642183992093,24.253093043958145],[85.83797270782819,24.25222507573788],[85.8421816012769,24.252053344099835],[85.84705161038079,24.253202050002255],[85.84871585311836,24.252976675570636],[85.85254794766473,24.25067537859183],[85.85395549917503,24.247713754267977],[85.85386338069304,24.24543315292504],[85.85595737543639,24.239252231798137],[85.85670935552088,24.23571974287542],[85.85667858802015,24.231509391242167],[85.85571595076789,24.229027753372648],[85.85464137251908,24.222544538133274],[85.85449764692416,24.21879567131792],[85.85488677593823,24.216017160234912],[85.856325550842,24.21368897993014],[85.85911290100849,24.211626365324364],[85.85294692184567,24.211622645251257],[85.85138247352523,24.212586145191217],[85.85012609468643,24.21717897455262],[85.84839959435483,24.21906778136204],[85.8453670233178,24.219152924193565],[85.84402457615717,24.218319241898335],[85.84212215540363,24.214986844964397],[85.84013296664396,24.214547763385124],[85.83584522658052,24.215755441950297],[85.83031146722907,24.21789853575651],[85.82546845285901,24.216595132506644],[85.82318748311083,24.21462574984147],[85.82017898038315,24.209694061924136],[85.81897888590953,24.209502197502335],[85.8170348188761,24.210734030735242],[85.81556154155501,24.213540122560865],[85.81481181138227,24.21688472262612],[85.8082399609156,24.219999822056334],[85.80712343607861,24.22388028086957],[85.80627635595874,24.225144371617475],[85.80345719981693,24.226494939451086],[85.80145813177273,24.226488274957877],[85.7997486712979,24.223955287989565],[85.7977835829139,24.215843124314866],[85.79518147994624,24.213173861202932],[85.79221441092145,24.21163293307911],[85.77824183445296,24.20744782844927],[85.77599459534012,24.20750621478259],[85.77215556932265,24.20964756795098],[85.76911317851048,24.210661446354877],[85.76742834373853,24.209753885178777],[85.76331781012841,24.2051240642143],[85.75499389920785,24.201207269098933],[85.74947797213576,24.20073061261177],[85.74556382328001,24.202296860757873],[85.74307659751443,24.19927462983968],[85.74132936799181,24.198212980594178],[85.73909898382877,24.19791790085259],[85.73584416521075,24.19914982643758],[85.73421952956924,24.197961842739808],[85.73585475975715,24.193213998730617],[85.73440337633527,24.190871299787382],[85.7272930266408,24.18861914717437],[85.72442488417587,24.18847101389214],[85.72239533295061,24.187655593339937],[85.71847423727428,24.188279879221945],[85.71699646353426,24.1873907257649],[85.71646613588418,24.184258796497236],[85.71430676712329,24.183365827091574],[85.70998057296788,24.184318170555024],[85.70364549620957,24.18435472040782],[85.70197605941304,24.183672725641983],[85.69988530736202,24.181453668590834],[85.69335359368114,24.180618768084695],[85.69141937236499,24.17973640706688],[85.68852962421353,24.179502491895594],[85.6859502643797,24.17814387764495],[85.68436223429,24.176495676291005],[85.68128481790357,24.175127447726183],[85.6815787039186,24.17248918226899],[85.67876139541116,24.17081824478283],[85.67928790874099,24.167850346661606],[85.67858429406611,24.163125806339895],[85.67685044060276,24.160889267132443],[85.67721243747917,24.159185710226005],[85.67575924683206,24.15216993265771],[85.67471872294314,24.152382164466044],[85.674300779119,24.147104743642238],[85.67919233286611,24.146099589508694],[85.68295032874444,24.144592947208224],[85.69291380443809,24.139521522596553],[85.69452220035897,24.137155755419695],[85.69840624099112,24.136954115300725],[85.70187538680307,24.132531543167392],[85.70441253803139,24.13073793244055],[85.71163761189882,24.12656368423139],[85.71547276562197,24.118910964314928],[85.71323016267803,24.114900543790803],[85.70992664445951,24.11171196603436],[85.71084876776165,24.108556233656067],[85.70961245219232,24.106250351139725],[85.71140922484294,24.10402759999464],[85.71066763438736,24.10158658952108],[85.71559170499704,24.100196501045755],[85.71842298593681,24.09836657383632],[85.72158952900578,24.097338516252954],[85.72566046907694,24.09856497520531],[85.72813343822314,24.09986385735879],[85.73085975191552,24.097215236680377],[85.73285680254413,24.094505386715287],[85.73557531963078,24.094585399247595],[85.734329999508,24.091550000781996],[85.7358100001113,24.089225000665877],[85.73798000096221,24.089520000892424],[85.74321000067404,24.087270000756067],[85.74904999961478,24.08552999932632],[85.75150600041083,24.083566000696766],[85.75428999991746,24.087390001125176],[85.75605002814247,24.08822576829238],[85.75808999975563,24.090909999897256],[85.76187999946153,24.089350001941884],[85.76388999933066,24.0929100005997],[85.76557000010109,24.093810001129462],[85.76803999967628,24.093730000249675],[85.77137452599963,24.09115092217896],[85.77432730594369,24.090509151486774],[85.7770908190951,24.08898421036162],[85.78044363776341,24.090193969645593],[85.78510383927573,24.09046587003791],[85.78881327156638,24.088584629605297],[85.7889672605766,24.08540925194065],[85.7968619496182,24.07880045289637],[85.80466791225675,24.078774811234766],[85.80458230959934,24.077641824022837],[85.80097367188688,24.074326335293925],[85.80013374529901,24.071671308137176],[85.80104884027722,24.067927606196573],[85.80288032300089,24.067071444173326],[85.81563544577695,24.062280413487546],[85.81767819221136,24.063359705841318],[85.81847796364343,24.06738426285594],[85.82248039700922,24.069444901436086],[85.82269248103812,24.07207459769148],[85.8245401043997,24.07332597772705],[85.82847818425032,24.072403736376398],[85.82939581730994,24.069784218748907],[85.83168340493947,24.0698043533458],[85.83479447073827,24.07213378257229],[85.8358047699292,24.072119584283595],[85.83532924325873,24.07015723662745],[85.83596685964336,24.068866649998796],[85.84061668882926,24.06680078291349],[85.83989997430446,24.06414540131628],[85.8377443928256,24.06182380958882],[85.83817629461042,24.06100167424449],[85.84398129088761,24.059693242668605],[85.84490508505966,24.060729197883145],[85.84582613717647,24.06442080267505],[85.85217376080648,24.06060086412019],[85.85267265857104,24.05940038488223],[85.8506742860783,24.057520415004095],[85.8536921666858,24.05691186020485],[85.85433476762458,24.05542651109593],[85.85341714332851,24.052115808049386],[85.85364548704774,24.04886483062656],[85.8549558369596,24.048594722162],[85.85665064692112,24.050440637132592],[85.86318762702898,24.046455600703553],[85.86444955693192,24.04662745090766],[85.8686966781981,24.052046900727976],[85.87029328566102,24.05242021314381],[85.87221954845411,24.05133851473117],[85.87028570723324,24.048780658471294],[85.87029377465895,24.0458525458968],[85.87184561207779,24.045491079179893],[85.87384862505168,24.04843523869068],[85.87550158726243,24.047516907146406],[85.87701005593556,24.04168435769486],[85.87817408495721,24.039068380272056],[85.876169961457,24.036520022877426],[85.87510331133008,24.032651108714195],[85.87014470140856,24.031165921068663],[85.86805108357784,24.028814548041325],[85.86423507774374,24.02824538301403],[85.85940508369937,24.02247391645958],[85.85721182076442,24.02041730511971],[85.85678812993116,24.01821044096144],[85.86070069793955,24.01602628641743],[85.86354316278599,24.013663163111307],[85.86607112093523,24.013510311989847],[85.86935194657961,24.011737869800807],[85.87319935345734,24.00782809185412],[85.87522085204094,24.006606464995272],[85.87675294947142,24.007294210094532],[85.87998467390585,24.006468830286916],[85.88202243935294,24.007677408164145],[85.88442987632283,24.014277031485012],[85.8838414235599,24.01700860883245],[85.88468177274122,24.017180024464732],[85.89213703989923,24.015147920228582],[85.89592193845878,24.012812401814827],[85.89631689128363,24.009436665538853],[85.89714661898037,24.008761320769846],[85.89700065080974,24.005499346658212],[85.8978793978923,24.00389806139386],[85.89574464820055,24.00154277188212],[85.8966955070077,24.000927369939387],[85.89769405793439,23.997954262720192],[85.89586512775423,23.99684829118297],[85.89776615675322,23.992396168063436],[85.90232450357088,23.98978710241858],[85.90353467282188,23.989651280038736],[85.90433658863583,23.991318745128044],[85.90873755698023,23.990474027709055],[85.9128249310846,23.987179476946245],[85.91651252798331,23.98700692061005],[85.91854288603692,23.9843398726105],[85.92225994905378,23.986189389423284],[85.92366745418363,23.985013822693798],[85.92464923043349,23.982542773218764],[85.92647749388681,23.9819211668491],[85.92761574574203,23.98051332889589],[85.93016385935688,23.97966504604676],[85.93116599964294,23.974632537651203],[85.93001382176887,23.973513383853167],[85.93034635653292,23.968876416363585],[85.93139892165924,23.966264651059177],[85.93010603506588,23.965744059735876],[85.9295818626524,23.96339001252462],[85.9298175120582,23.95893231694246],[85.92747369815378,23.956121220487237],[85.92207996631308,23.958302549747216],[85.91704065932123,23.95805030796639],[85.91474588516392,23.95605717813641],[85.91227579731537,23.95553755489908],[85.91145812639401,23.94817352841054],[85.90655071380495,23.9484588336417],[85.90633932730626,23.950800860034683],[85.90267426226792,23.955362701868925],[85.90065705538643,23.95572753013905],[85.89576185857491,23.954708022835558],[85.89235472345027,23.958982398400995],[85.89122806693867,23.95935352360264],[85.88824033587203,23.958600418775013],[85.88653893762968,23.956456786286743],[85.88633695797553,23.952499676938608],[85.88316454024809,23.950020099080305],[85.88225841259218,23.94683459513532],[85.88211421654839,23.94418736413264],[85.88438199402171,23.942135670284284],[85.88684800899658,23.936303973170254],[85.88663270272562,23.935197920068852],[85.88127576794514,23.926290401012526],[85.88199140300884,23.923053399650474],[85.88353646238926,23.919890151140244],[85.88756732560053,23.91898460339794],[85.8851463847312,23.909150178399035],[85.88242211359541,23.907793753954973],[85.88052749836979,23.904781589326824],[85.87861774895181,23.904108445204457],[85.87695536545579,23.902100455472755],[85.87652161714793,23.89772164123411],[85.87496447642863,23.897181967742444],[85.87360151337295,23.894634190757237],[85.8697166401978,23.89181508917289],[85.87005886992091,23.889722346795605],[85.86812892861167,23.886885906038607],[85.86802112410099,23.884604756140817],[85.86397809392626,23.880817990109243],[85.86135976477713,23.879236298103677],[85.86280937453711,23.87631181661405],[85.86239793180043,23.87169378792645],[85.86011931517787,23.868344413710016],[85.86129266354287,23.866682344708337],[85.86109974742087,23.865154596947377],[85.85572382111681,23.861159133454713],[85.85426437936404,23.857391270239724],[85.85285809285678,23.85650481108677],[85.85083489308742,23.8565438988739],[85.84846208288458,23.853916179513927],[85.84499803833565,23.854779914099794],[85.84397436437861,23.852844030717815],[85.84052778811578,23.852289839054254],[85.83762290762925,23.847702688547972],[85.83710352283431,23.84483592373074],[85.83493889572988,23.84051831847904],[85.83278969610011,23.84192236875139],[85.82671317316847,23.842896789326552],[85.82146032684977,23.84506040066402],[85.8157288994583,23.84477257167828],[85.81366497557363,23.84499160682023],[85.81185626590438,23.84629615639844],[85.81173776672871,23.847451275167284],[85.81328649605602,23.852060019044558],[85.81323736179549,23.853632217696717],[85.81188011625564,23.85553523275205],[85.80920546582263,23.85702283555206],[85.80532705991357,23.858067501688932],[85.8022937473953,23.860103105335842],[85.80223021082296,23.862739717544468],[85.80323686960232,23.866477353880125],[85.80239934353153,23.86891833771031],[85.80383881107312,23.872578097306725],[85.80289375978774,23.87496398997335],[85.8000303958319,23.87663053356586],[85.80146417589867,23.879838668189972],[85.80159409855452,23.881727166565167],[85.79831924999594,23.883264017412078],[85.79610797367151,23.88873768152237],[85.79625266474334,23.892206799872174],[85.79982672175792,23.895539993578392],[85.79870926246063,23.897418771805746],[85.79288533675532,23.899441357215068],[85.78576817275507,23.90003563808393],[85.78399791783878,23.901322139932333],[85.78269611906519,23.905605318868837],[85.78339370219395,23.91657081076359],[85.78188687154956,23.91906050720078],[85.77693308185593,23.918280682915576],[85.77459204204614,23.91858709843165],[85.77050803032034,23.922446892135696],[85.76606888873977,23.924241074973363],[85.7639185391812,23.92589010168636],[85.76095428605112,23.931157426419244],[85.76486478020756,23.939416053198283],[85.76457735768884,23.94277331455882],[85.76313557353735,23.944567871756757],[85.75747914792952,23.947294805272108],[85.75485385480685,23.94747223718782],[85.75175449694534,23.944828138400577],[85.74868646890334,23.943033142942692],[85.74696280145189,23.94346155790641],[85.7441789825235,23.947845943017818],[85.74161063828454,23.95025426089104],[85.73741145365497,23.95059008197406],[85.73621392863417,23.94945144064356],[85.73624035684294,23.947744804182054],[85.73877293257375,23.94396357444353],[85.73811873558905,23.94252231586909],[85.73629976184948,23.941640384706215],[85.7325549570092,23.941763143543692],[85.72691180207846,23.939079457609665],[85.7233320637321,23.935410379026393],[85.72283215536747,23.932290555013907],[85.72150223366934,23.929651549988854],[85.71894364944853,23.92708357231479],[85.71743452565775,23.924029660966944],[85.71611586157574,23.92293285199684],[85.71413034288112,23.922898788568553],[85.71146956513678,23.924853742655408],[85.7123859304518,23.928554964725034],[85.71119377663739,23.930874952401233],[85.71188994875118,23.935443578318942],[85.71039326046214,23.93629577853023],[85.7073352162936,23.935547710940035],[85.70380936615454,23.936393981819037],[85.70142840554213,23.938685795658795],[85.69901564489146,23.940218651580235],[85.69812853577268,23.94343518995881],[85.69619245332814,23.947392311291534],[85.69172138301089,23.950343529680673],[85.69036866830069,23.951957572994562],[85.68968553941379,23.954417151722268],[85.69094729932304,23.956947432002053],[85.68957421184548,23.958624518319017],[85.68636441957824,23.959883731182],[85.68507732163316,23.961159840104948],[85.68366991688117,23.965247737531303],[85.68307578583634,23.96960569637606],[85.68428064558738,23.97215523323363],[85.688270540197,23.97579887471957],[85.69059229317823,23.976541152121488],[85.6953236182534,23.976147892127916],[85.69731185595761,23.9778174802649],[85.69649682684062,23.980673280146156],[85.69467686991489,23.981822738480883],[85.69031550495966,23.98351047459229],[85.68784336139807,23.985954794796385],[85.68452462204154,23.986585619107423],[85.68147355241021,23.984085049482477],[85.67827748888331,23.984256219094224],[85.67579176926624,23.987043380222122],[85.67488035123287,23.986868382611057],[85.67420829697934,23.98137650562524],[85.67342115675089,23.978579248652522],[85.67415275309251,23.97642211883162],[85.67316007536515,23.97528072299837],[85.66682672258348,23.97600773975189],[85.66680832240866,23.97363633532055],[85.67100527681863,23.96880520316484],[85.67061944702591,23.965216670766356],[85.6681260451177,23.963027713088817],[85.66851403531778,23.960656028198716],[85.66565944396467,23.957298875958873],[85.66282923174069,23.95712751488561],[85.65775894082992,23.95442160175647],[85.65453151959753,23.95579313325387],[85.65129085624666,23.956532349810377],[85.64641970888948,23.956868468102183],[85.64476588837367,23.95559891947136],[85.63908291488778,23.96057165676798],[85.63884952880392,23.962264553648115],[85.63507588572922,23.96164873003749],[85.62901294273655,23.962134042636265],[85.62623546375872,23.96062833209539],[85.61957736231106,23.962611615178627],[85.61598684330832,23.96251361019761],[85.61254984466133,23.95980378946482],[85.6078870218476,23.95820037132724],[85.60865721345398,23.956873732231703],[85.60695487549732,23.95074699175796],[85.60552852570031,23.948312229763125],[85.6062726154982,23.945161816158464],[85.60357890530814,23.940837996504044],[85.60636490868352,23.93913830114851],[85.6067049731706,23.937170441995356],[85.60044316839569,23.93454806307604],[85.59623325493492,23.934913683110572],[85.5938433070073,23.934137399404264],[85.59292651519783,23.93301388348753],[85.59274570645749,23.93067416146133],[85.59165443088744,23.92919853406162],[85.5902717371042,23.92959125741967],[85.59021923340255,23.927556300567527],[85.58634120314389,23.921033324384243],[85.58358129619137,23.91817215849519],[85.58212077496631,23.918730281320514],[85.58131237441923,23.915372822395344],[85.585725997205,23.913105204298326],[85.58738465023127,23.913108570819634],[85.585238235072,23.911040228886346],[85.57824455106153,23.90969789573423],[85.5763668493416,23.909925510930112],[85.57366946376439,23.908997934688074],[85.57134866527778,23.903499723850118],[85.57006975342296,23.901675158730725],[85.56403775474877,23.896710434258086],[85.56660981978568,23.895267287179117],[85.57147319568945,23.894385000192983],[85.5724161115682,23.892663637287836],[85.56871411529104,23.890313658534073],[85.56613275748948,23.884947509856826],[85.56645817615444,23.88398484269227],[85.57045465328295,23.882336489421476],[85.57278893841627,23.880411063623377],[85.57249995626874,23.877568872812887],[85.56901985336614,23.87416793665343],[85.56814241633283,23.872511941552002],[85.56795076026427,23.869851085368445],[85.56959291148628,23.86850305372114],[85.56546351666515,23.863561261388504],[85.5633494009132,23.85974249014776],[85.56209339182918,23.8584384442655],[85.56283972843246,23.85292072698296],[85.56079062609231,23.8475043824533],[85.55619513434812,23.848376768114658],[85.55400177477595,23.84541962732566],[85.55286943086593,23.846994411519518],[85.54999255767423,23.848693818061218],[85.54569629356402,23.851886234821087],[85.54160367104033,23.852831924920018],[85.538377966398,23.85417557609285],[85.5354653377162,23.85231778105308],[85.53269138159088,23.852142059101986],[85.52903987743346,23.849758760216663],[85.5240891558505,23.85168588915572],[85.5228597250143,23.852558422149542],[85.51980453367662,23.852821949370508],[85.51664048147742,23.852291850980464],[85.5156901503884,23.85071572774335],[85.51629105297313,23.845847688092682],[85.51524926250602,23.845256376912143],[85.51420358187815,23.842027335590302],[85.50820262415372,23.840218884093268],[85.50646644913212,23.838578925573593],[85.504146334239,23.839076496404697],[85.5029472562932,23.84026985124004],[85.5003116957272,23.840993324678678],[85.49318134822619,23.839071529786814],[85.48814926048884,23.838883967281742],[85.48616564392653,23.834737468193566],[85.48697910402595,23.83269921689401],[85.48488372573851,23.826501635311296],[85.48372526924832,23.82589909386689],[85.48253948965913,23.827015140294428],[85.4821578448942,23.82902260274584],[85.47930185332338,23.83004508984011],[85.47690697745269,23.827068202244234],[85.47422022416401,23.82571784536123],[85.47231070109699,23.82547944538132],[85.47115888890738,23.822667978483885],[85.46991689345577,23.82127075314412],[85.46638392424663,23.822041109670785],[85.46474510790257,23.820320554076552],[85.46385854990557,23.817559099498506],[85.46160535581826,23.81540217852424],[85.45846993885536,23.81493126839038],[85.4560762154668,23.812685380016173],[85.4557879280292,23.811376698430593],[85.4515381235928,23.81094537144236],[85.45060489775415,23.80975170962906],[85.44920880185504,23.80507767162035],[85.4462304560316,23.80199370036656],[85.44292151862206,23.80174327816699],[85.43963128953875,23.79955981230755],[85.43618107708522,23.796338997468496],[85.43275828990001,23.794957571261694],[85.43033498023057,23.795166329697903],[85.42587724208498,23.79412815343971],[85.42667376960175,23.788486740654523],[85.42721102903388,23.787394133213446],[85.42942185170227,23.78768375470944],[85.4300417848077,23.783398219945695],[85.42975485292514,23.780923927518888],[85.43145080047506,23.77767366345174],[85.4347844874883,23.776144459479237],[85.43700027892184,23.77655653168482],[85.44385315946154,23.775546076517255],[85.45178801210285,23.773729878297402],[85.45359824376524,23.77400273040718],[85.46212224082235,23.771152888100627],[85.46781862834703,23.768004801983896],[85.46928651318454,23.766479934895568],[85.46953477499312,23.764277504768486],[85.46301606466544,23.76035453074687],[85.46001747388607,23.757762274339544],[85.46043235219378,23.755554352584646],[85.45843519549489,23.752220900453523],[85.45816343928536,23.750512891703988],[85.45940354185669,23.748313422468893],[85.46305161375226,23.744801835749207],[85.46304699275224,23.742915561178133],[85.4599499646936,23.74094037831741],[85.45549487040286,23.741827008190054],[85.45449644976104,23.740536784617035],[85.45427649362631,23.73451727027535],[85.45550923763362,23.72855316681603],[85.45044476981299,23.72476167469866],[85.44970960598883,23.7229168263793],[85.44614590574218,23.72151000253534],[85.44151709467074,23.7226870424333],[85.43977953947375,23.721153806655614],[85.43985584611548,23.716028680054443],[85.44127912029913,23.71210364873943],[85.44124841518487,23.710733978853845],[85.43948228540101,23.70910979447587],[85.43644117428539,23.70857532360669],[85.43345622077345,23.709508044796472],[85.42792870045729,23.70948962500017],[85.42680572615015,23.708786950821032],[85.4277154170308,23.70538698432474],[85.42677894608872,23.70111059266571],[85.42724065774571,23.696232502802573],[85.42643098113888,23.692994577932165],[85.4274542429446,23.690995166368033],[85.42630827530374,23.686879552002555],[85.42369566758504,23.68430374019751],[85.42582563598769,23.680117955272085],[85.428222038311,23.67633671234308],[85.43066737187988,23.67495923160056],[85.43331488852154,23.672566977692583],[85.43598104619747,23.670861857766234],[85.43658342501206,23.669352745223428],[85.43933376089508,23.667276515644314],[85.4421583339747,23.665979680568444],[85.44615711386763,23.663122674788227],[85.445303684432,23.659840319236917],[85.44583240126641,23.658165060172106],[85.44379999199253,23.657317224425107],[85.44490629141401,23.655130691972285],[85.44367853155538,23.65493774673921],[85.431386792578,23.656531873813258],[85.4273490184902,23.65428276786011],[85.42086139630965,23.654328944829565],[85.41927787415162,23.654661175658173],[85.41593689523125,23.653153861259018],[85.41150330847867,23.653770987550406],[85.40513597581203,23.652708001676384],[85.40057057650172,23.65336016046246],[85.39809845807396,23.65633077626293],[85.39866804775765,23.660420844107968],[85.39788038552373,23.66388402683377],[85.39668629443474,23.665582495178917],[85.39474105071449,23.664424261077713],[85.3928420508192,23.661976022749354],[85.38913080328979,23.65916233147292],[85.38674311989998,23.659369139371236],[85.38323291875875,23.66139449103951],[85.38346207083549,23.665312566769618],[85.3852509649138,23.668316864958104],[85.38436838920535,23.671108585867188],[85.38098308355734,23.672945450502215],[85.3764554346849,23.67425720335717],[85.36809001466494,23.674257526029738],[85.36258105332232,23.673039954197108],[85.36008314776093,23.673801437880257],[85.35815718405755,23.67552616454425],[85.35517170005738,23.67980227124516],[85.34825015186678,23.686301745198886],[85.3448315892622,23.691390232967134],[85.3366390835188,23.69615453338199],[85.33746273417415,23.699990597222982],[85.33867968357042,23.702148627659305],[85.33585844118195,23.70417420129032],[85.33390701795041,23.704096776104766],[85.32945688534073,23.69980548650654],[85.32459100843056,23.695641713349286],[85.31877465401,23.69171126484997],[85.30887839947228,23.6862385250845],[85.30729474341986,23.684387327721044],[85.30473463163173,23.68437923017633],[85.3007734574718,23.689556731961282],[85.29729239152397,23.690614326643374],[85.29152835982327,23.690296958211988],[85.28412626650726,23.686989475698322],[85.27515916733984,23.693059528448547],[85.27013225768331,23.693620526825214],[85.26128778629224,23.69689747850089],[85.25833687660386,23.700229832541957],[85.2490524472811,23.709982773383757],[85.24578819753994,23.712009304172188],[85.2421581901735,23.712219776857395],[85.23934418007948,23.70928179642936],[85.23967505261653,23.703584201634303],[85.23839051086462,23.70130206760683],[85.23490339437814,23.6983199276683],[85.2347314691033,23.69406119423208],[85.23534776681717,23.686550163222105],[85.22848077645162,23.6842685384853],[85.22502671744382,23.685195185008258],[85.22282503400453,23.6899467226031],[85.22275937114055,23.69189637742692],[85.2251873374515,23.695806948742913],[85.22572657794305,23.69798933843071],[85.22379249668285,23.70106437115173],[85.22066750378005,23.701561217137485],[85.21733600236688,23.701369370070296],[85.21449361211964,23.70198674605179],[85.208244136779,23.70436164017689],[85.20182777941183,23.70625129773462],[85.19740290546227,23.708326260677268],[85.19356778673666,23.709094201665913],[85.18770388729091,23.70977514479211],[85.18650658641319,23.70913803566264],[85.1863967001078,23.706445966170104],[85.18288491897917,23.70029985282176],[85.18096293369082,23.69307267854898],[85.17979265252366,23.689941466568172],[85.17752500384478,23.688553579245205],[85.17407051146401,23.68525322676558],[85.17263444301723,23.68205794904621],[85.1723521266049,23.678388617566696],[85.16978380063446,23.675541131072922],[85.16895313582579,23.671829153066074],[85.16592671148788,23.666005441899678],[85.16211673552499,23.66715222987004],[85.16177031582592,23.669143654744786],[85.16012715557322,23.67062303613358],[85.15835529311795,23.670615560725466],[85.15958027531758,23.67257596949994],[85.15795107593762,23.673929106809986],[85.1546160783777,23.671781067556694],[85.15109323459718,23.671671371043033],[85.14537569069893,23.669733989312636],[85.13373248900207,23.668817691601156],[85.13002037622206,23.667201880073446],[85.12499817021528,23.66672587461179],[85.12195348399516,23.663691239031923],[85.11901941988535,23.662526957393297],[85.11355392666103,23.662216805081567],[85.11235742556438,23.663619798403296],[85.1104041862776,23.663108488526355],[85.10729949979054,23.664344541232953],[85.10843000030673,23.67338999968267],[85.11050000016536,23.67657000011829],[85.11003000035093,23.680369999663096],[85.10819000008816,23.682309999628128],[85.108189999507,23.68662999938685],[85.1091100007346,23.689569999243954],[85.1121700003821,23.69313000050938],[85.1168599995162,23.702599999236508],[85.11814000039516,23.706180001206846],[85.11321000031305,23.70654999925063],[85.10707000001572,23.70578000025017],[85.10523000025209,23.706410000276655],[85.10519000034502,23.70832999934316],[85.10716999922455,23.709830000408324],[85.10422999976761,23.711479999550917],[85.09762867647555,23.71406503193921],[85.09489999969266,23.717336001134868],[85.09796999966946,23.718680000464193],[85.09673999903288,23.721459998885138],[85.09211000105917,23.72341999957396],[85.08635000007578,23.72464000073379],[85.0835597227761,23.72671650053504],[85.08363999977331,23.729000000465586],[85.08459399960515,23.732942001186373],[85.08835999989545,23.734420000267882],[85.08971000027017,23.734320001091486],[85.09788000038097,23.73078999886301],[85.10402367652486,23.730273114822978],[85.10548000018308,23.733000000164598],[85.10361000017211,23.73439000039858],[85.1030299999659,23.737439999759935],[85.10064000009172,23.739220000593512],[85.10053999944282,23.74007999962008],[85.10307999933735,23.7416200006329],[85.10385999987489,23.745489999112092],[85.1057100002886,23.74782999936743],[85.10995000044136,23.748330000155374],[85.12494000022653,23.751320000438746],[85.12968000046384,23.753069999777363],[85.12679500051766,23.75968000056396],[85.12983999971104,23.760039999236557],[85.13290999989447,23.76119999932434],[85.13474000119689,23.764119999657535],[85.13929000014676,23.77250999871578],[85.13810999970546,23.776519999691633],[85.13586000008317,23.77691000137986],[85.13239000011208,23.77873000083992],[85.12983999941761,23.779119999698274],[85.11163000020933,23.783780001649824],[85.09798999937726,23.785840000929042],[85.09014999994925,23.78766000048648],[85.0862400009311,23.788089999976407],[85.0829499999444,23.790129999296294],[85.0756500001127,23.792720000933045],[85.07301000051135,23.795020000857424],[85.0668299996559,23.79549000097332],[85.06321000078687,23.794330000356698],[85.05921999994945,23.79496000068499],[85.05776999972804,23.79606999978981],[85.05621000036506,23.79925999989538],[85.0530700001219,23.80203000141354],[85.05191000046038,23.802070001304582],[85.04809999930121,23.8044499993088],[85.04739577269864,23.806458353626237],[85.04399437966605,23.808826009740237],[85.04435326160868,23.811728882205852],[85.04641739256448,23.81282043793529],[85.04769954858557,23.815021704124387],[85.04643729036587,23.81870759970196],[85.04657531624187,23.82522820539598],[85.04777519149295,23.82834032250894],[85.05215215806405,23.827050328505344],[85.05597581392948,23.826674211731785],[85.05959357191918,23.828263805309675],[85.0597499776752,23.832924673601717],[85.05934416155486,23.834472609107035],[85.05352639477553,23.842841282520514],[85.05046979895812,23.84375068462964],[85.04847545904458,23.845170107323284],[85.04520673955108,23.84852269900675],[85.03644027319827,23.85433506323503],[85.0321379483347,23.85775635843804],[85.02983426803627,23.861428754310452],[85.03029080467832,23.864350822090373],[85.03420707374993,23.867669368718033],[85.03407053502127,23.86890457708747],[85.03184732080723,23.86863355849084],[85.0306852661656,23.866829799970528],[85.02927126476409,23.866847870086673],[85.02864827866108,23.868171565689963],[85.02856552186216,23.871317095249356],[85.03070347188874,23.875371348425237],[85.03219644908147,23.877277420720496],[85.03229998818327,23.87887689102228],[85.02998078998279,23.880300812512964],[85.02314144792189,23.878723417950543],[85.02156645647057,23.879633170832864],[85.0219346873314,23.88447733833206],[85.02562753300985,23.88894882693088],[85.02464384111514,23.89294506047995],[85.02314576526915,23.89524619317179],[85.02064381965987,23.897046915458972],[85.02186195088848,23.904114003759307],[85.0253232825878,23.907085381676886],[85.02679299848847,23.912456765506857],[85.0280724336985,23.915515823504535],[85.04553315218159,23.913680117231596],[85.04631842723155,23.913708144392576],[85.04798584553222,23.919742584363714],[85.04359387865564,23.921158416562076],[85.03890852740942,23.923130252602554],[85.04019238476272,23.928523265157125],[85.04388458059033,23.929897596354927],[85.04490641206799,23.931188143027995],[85.03845130366697,23.93844632804596],[85.03840255034413,23.939068675686755],[85.04159992581899,23.943957942511087],[85.0519734181492,23.951836529331906],[85.05458996952053,23.95489433259797],[85.05573516957267,23.95845720117954],[85.05447896185561,23.960328268101755],[85.052461751977,23.961187561036056],[85.04836679408184,23.961054302085007],[85.04320954332711,23.963598014234087],[85.03793660404492,23.966636631676206],[85.034786653413,23.967020709658417],[85.03250665721721,23.965206356929638],[85.0286871721941,23.963656038948823],[85.02680443318253,23.966638434760263],[85.02664387811537,23.97266758218682],[85.02507252788789,23.977775710855926],[85.022361048249,23.980964057370137],[85.02215986570555,23.983841609837853],[85.02359819206256,23.988753670521746],[85.02514079008662,23.991996798423912],[85.03472618686958,23.993681830753463],[85.0361887857448,23.994304765672272],[85.04090327398943,23.999169058989164],[85.04259253049814,24.00184505860659],[85.04350347516286,24.001396222691536],[85.0432249029279,23.999124814657975],[85.04888915651122,23.997492160366885],[85.05069592568381,23.995637115032277],[85.0547076786203,23.992555065598246],[85.05440539151755,23.990104397860524],[85.05292364034352,23.987999996333517],[85.05320253206737,23.98611649724206],[85.05969981540636,23.98602980422807],[85.06229626391453,23.986406108359407],[85.06417956698546,23.98576777990247],[85.06851883864562,23.982757194119557],[85.0710853002383,23.982640434844818],[85.07363469618356,23.98334515233818],[85.07658702107538,23.983370781128038],[85.08128802920287,23.977152420029224],[85.08128325525199,23.97084113851401],[85.08157752639863,23.969544637927942],[85.07815168093236,23.968653022606162],[85.0753127444605,23.964328659537788],[85.07472552535349,23.961829447530132],[85.08045927848998,23.96079067364269],[85.0846479969849,23.958576648778074],[85.08576195751597,23.95898784386809],[85.08801727071403,23.961950304523132],[85.08945356593999,23.96516448408908],[85.0956845595492,23.973747193059534],[85.09968760127323,23.976162354512944],[85.1119144625302,23.973270423184495],[85.11899122885328,23.971109106193534],[85.12140407012153,23.975481595398627],[85.12399560010505,23.976334895537942],[85.12898494570923,23.97106861290572],[85.13711843726466,23.967754943596365],[85.1363824980852,23.966382186965227],[85.13730968228097,23.963974252174577],[85.13787474045193,23.960305549275084],[85.14132484423617,23.955408535060663],[85.1483796066631,23.95055469667371],[85.15033974868759,23.95227583643725],[85.1520615320054,23.952441019558616],[85.1749421101031,23.951486496627833],[85.17638543193395,23.950158343597973],[85.17979743873337,23.949945909027672],[85.18484343364719,23.94811852448404],[85.18483876805546,23.95126970230333],[85.19027965734112,23.954232274612565],[85.19306643106637,23.953777479905238],[85.20089713593813,23.956361513126975],[85.20152847683431,23.957127363090528],[85.20305683968272,23.9631226712205],[85.20163881125451,23.970428860241284],[85.20172149150933,23.973680374705445],[85.20354284918649,23.976266100701746],[85.20569721742704,23.976330297958015],[85.20819525886105,23.97879451018386],[85.2096704454247,23.97909775468846],[85.21169483634588,23.982979741363874],[85.21254200167971,23.98639368771671],[85.2122380821437,23.98990261980609],[85.21312390324425,23.99265780642249],[85.21707960378237,23.993724100112075],[85.21984066322825,23.99235059856679],[85.22164983319882,23.993719964321055],[85.22564409584328,23.99450062904886],[85.22857538072074,23.998272682185963],[85.2279531844358,24.00028807844501],[85.229631317981,24.002989155139815],[85.23147638929106,24.00391337818747],[85.22983635229198,24.008120277304396],[85.23093506461134,24.009719811745793],[85.22926079805406,24.01103458096264],[85.23214196963673,24.012029477780395],[85.2432337480051,24.013177221710638],[85.24795564610439,24.01254954565365],[85.24921980492968,24.01537668967662],[85.25120283696,24.022844036072303],[85.2492442772896,24.026645703161524],[85.2512611144584,24.027986990615307],[85.24957554929031,24.029042264500664],[85.24938478871555,24.031514103378296],[85.24769984319428,24.031070496495442],[85.24624015387276,24.03431570545504],[85.24666422668135,24.037358159553285],[85.24788981914129,24.037910209943725],[85.24764811669263,24.039444850598425],[85.24530987638468,24.040203490312383],[85.24487915886066,24.043318211479924],[85.24723375068815,24.049494201343855],[85.24794457645596,24.05362877267754],[85.24920683245651,24.056260901661485],[85.24762041479087,24.056505435928763],[85.2467813931386,24.05819337138268],[85.24803659011309,24.05989626387646],[85.24737087192415,24.062936002932812],[85.24334107116556,24.066045642000226],[85.24136063929751,24.069219300698826],[85.23601327077371,24.07192971818969],[85.2328153406474,24.075649114109883],[85.2296146626848,24.075055678434133],[85.22767562393867,24.075382009423105],[85.22482188520809,24.07766036382488],[85.22208658353512,24.078459311184567],[85.21983658700296,24.07760251704877],[85.21680599898217,24.07781438424137],[85.21200978338777,24.079148579431774],[85.21059602161398,24.0801583638716],[85.20867610912691,24.083142640412113],[85.2051498562511,24.083882327590604],[85.20368998501601,24.08489056525851],[85.20208653833208,24.08739029956957],[85.19335475094334,24.09146795800381],[85.19243079478822,24.093132618370376],[85.18584828546395,24.095803409149475],[85.18244158756394,24.095356671754878],[85.1739665545393,24.098669851763464],[85.17061112325061,24.09938709039852],[85.17049607825145,24.104026668755676],[85.17088711688277,24.108004110099753],[85.1736825724808,24.109261017323547],[85.17408195628985,24.112313120429793],[85.17034814083004,24.112358700442467],[85.16919298304057,24.114042336982806],[85.17069845987005,24.116091954714683],[85.1696157546169,24.117514593369588],[85.16660580435394,24.117153449311367],[85.16563535234086,24.12140358498915],[85.16658730527926,24.121898004897584],[85.16913255172095,24.120851385361572],[85.17338223518485,24.12245343902693],[85.17390889138879,24.124651509158923],[85.17160233217362,24.124824088249582],[85.17046719451506,24.12821071312523],[85.16839316008016,24.129467955720685],[85.16731048436412,24.13225855414152],[85.16179454081124,24.136155976631674],[85.16038437827487,24.137755232703448],[85.15891638912109,24.14338966134894],[85.15637767019088,24.145805899189316],[85.15490868350412,24.148406559798616],[85.15468310855725,24.15007421874033],[85.15245652660825,24.156087671123665],[85.15047502337045,24.158384146013656],[85.14763680702647,24.158665746441873],[85.14596292308504,24.156008925950424],[85.14414087496674,24.15544504807973],[85.14287854300267,24.156323613569477],[85.14229891184773,24.158636984435997],[85.14287968105718,24.161241458727982],[85.14632173271075,24.166613310251797],[85.14556117449203,24.170901817658937],[85.14616366160087,24.175351383465742],[85.14858929942295,24.179985539186095],[85.1484155416498,24.18383881978295],[85.14445888293334,24.18758742124803],[85.13950918528747,24.195314534598765],[85.13902929923965,24.20057255056388],[85.13940584456512,24.201390243859947],[85.13379719573732,24.202278201515423],[85.13613624197237,24.207281771561096],[85.14144288847284,24.21008854620159],[85.14409623613646,24.207042558565796],[85.1469412779732,24.209589467885323],[85.14909353857438,24.209841347169657],[85.14791020494232,24.21543385069025],[85.15272457067866,24.220882586430697],[85.15760892850503,24.22696403029342],[85.16069223834181,24.229831867631006],[85.16296691195922,24.2276397979079],[85.16616623481653,24.227554822748914],[85.16897619103115,24.226595445846865],[85.17168940340264,24.227232945143047],[85.17335135882448,24.22564577137934],[85.17752982596026,24.229096341640115],[85.18102408654693,24.227525338692725],[85.18338141957992,24.228618903507847],[85.18668317368825,24.228723649402827],[85.18771678246047,24.227347734369896],[85.19025695283798,24.226307979224877],[85.19814146225927,24.224351917369965],[85.19913555962366,24.225854115354394],[85.20462072189527,24.224997264368355],[85.2111214888404,24.221994804706327],[85.21572592462317,24.21953600589445],[85.21677000729187,24.222196427648335],[85.22160098408897,24.221720150103284],[85.22404247485127,24.222267844386362],[85.22607883714193,24.221853634890703],[85.22715305202566,24.223674969024607],[85.22961328638016,24.223998548932887],[85.23045616546098,24.222852637034585],[85.23329382648238,24.221982613990022],[85.23710971441575,24.223724260471126],[85.24071642068739,24.22205950067736],[85.2434647046853,24.218861530413157],[85.2452821003363,24.219735166302666],[85.24667346160902,24.217708356904772],[85.24845824789155,24.218586635578873],[85.24863793415942,24.216934422097378],[85.25025102209894,24.216715605284072],[85.25307332799167,24.21334396491534],[85.25371754850408,24.21520835361838],[85.25736268718799,24.21575122186457],[85.25868641984565,24.216870980352333],[85.26358129017814,24.217473050541034],[85.26405617221265,24.21584415464497],[85.2667252206324,24.21747576069588],[85.26865251055231,24.216494677600444],[85.26920205484413,24.215111113297894],[85.27192319200628,24.216529564761558],[85.27428224197622,24.214623959563582],[85.2731994585748,24.21314901706503],[85.27549427483126,24.213075608822127],[85.27686616557938,24.212088906512996],[85.27918161933032,24.20869679069638],[85.28365525210955,24.20846346926497],[85.28550370447235,24.20962197736139],[85.28761108044586,24.207370227197313],[85.28674449525849,24.203703607228924],[85.28699384566099,24.201990848559323],[85.28813520201528,24.202021732773172],[85.29144626175419,24.20029811834412],[85.29456990208885,24.20080261388323],[85.29928006180789,24.199708529308758],[85.30230661625019,24.199570666916326],[85.30221786018295,24.203323924101888],[85.30400944328859,24.205263178804877],[85.301436997543,24.207073479980497],[85.30111784544995,24.208126354168673],[85.30228789779922,24.214189087910107],[85.29867871353774,24.21981927213181],[85.29587311068522,24.22200916028545],[85.29625417559022,24.22371096611021],[85.301684024589,24.225577428121607],[85.30128325937399,24.226846146464506],[85.29930821777575,24.228025000574096],[85.29908892856507,24.23341310333977],[85.30118140036949,24.23824006356984],[85.30609514620248,24.241555118548852],[85.30715859331288,24.24345339833842],[85.30968298667074,24.24617223004354],[85.31298447548343,24.246732514200602],[85.3211591985667,24.246651287296928],[85.3215774298502,24.24780267892018],[85.32065117289466,24.25047418155275],[85.31391766698967,24.253641287805497],[85.31627647890721,24.254001468095847],[85.31492255795081,24.25585560845608],[85.31410642770885,24.25949442215328],[85.31637492069211,24.2622283286795],[85.3187897900684,24.260941807476353],[85.32035966265082,24.261044383480343],[85.32090486445934,24.263036868654233],[85.3191396718355,24.263956494288628],[85.3176838334947,24.266062308143677],[85.3177762569344,24.271760833162347],[85.31902915041321,24.27349109229564],[85.31936876903967,24.277241171695042],[85.31800402579245,24.282147148382865],[85.3204277898135,24.285175466628452],[85.31999249792824,24.286634708145293],[85.31764208197147,24.288689455135213],[85.31721301253921,24.29209777391204],[85.31868110850375,24.294317210103006],[85.32101820702906,24.294245382133536],[85.32457894057794,24.292314614328237],[85.32626664201575,24.29583653572524],[85.32347954461582,24.300266346800083],[85.32098663827155,24.306288519183585],[85.32086788427243,24.30845012094587],[85.32344629084538,24.311047074545904],[85.32796392474877,24.31142187206453],[85.33340461642166,24.309766051063555],[85.33503617434285,24.308555986234865],[85.3346724380516,24.306231452265326],[85.33518993746489,24.304322835797972],[85.33719150131304,24.302692445455026],[85.34038131361687,24.302113252822473],[85.34176056924908,24.30287771691687],[85.34109414684059,24.305633525792004],[85.34210168612314,24.307127331808434],[85.34579917629722,24.307031513729147],[85.34788955619955,24.30597497548954],[85.34853999916473,24.308030001391046],[85.34861124499226,24.31276983515229],[85.34815703306238,24.317186583562485],[85.3457052174083,24.316113754484526],[85.34187160481416,24.316929747177273],[85.34079308122433,24.316520722190585],[85.3404495069942,24.3141422430778],[85.33673327802087,24.31593349109503],[85.33610891500126,24.3176515044308],[85.33427642432764,24.31830036184402],[85.3329160030693,24.32041573040941],[85.33170417180527,24.32075428048597],[85.32914958650035,24.318685506696006],[85.32615072483996,24.319699920374386],[85.32159224720228,24.32283210060951],[85.32042622949217,24.324065919752442],[85.31694864922628,24.325584815689954],[85.31432890192382,24.329140812685495],[85.31019025685369,24.330752720793615],[85.30905876351753,24.331991952755214],[85.30789995882462,24.336531673643133],[85.30543614941647,24.337339467496722],[85.3044063292167,24.33924768102641],[85.29973392640181,24.340219995331463],[85.29841522904132,24.337875806512127],[85.29692609966713,24.338815124552504],[85.2949596979491,24.338486013546834],[85.29321015902448,24.339586031631384],[85.28944039206233,24.337800927490374],[85.2888952169068,24.335835463259265],[85.28663849647886,24.3336339468739],[85.28530900321509,24.334616034773468],[85.28228617255243,24.332667077422816],[85.28071831776357,24.33414508292735],[85.2737321001107,24.334842603633714],[85.27119883305177,24.336330388458503],[85.26908968454724,24.335674164496442],[85.2665069184624,24.336466357227394],[85.26151160465575,24.335660012672484],[85.25864585794906,24.338372929971104],[85.25644943443085,24.339737198011388],[85.25267451481604,24.34036647397604],[85.24996438582207,24.339834668358083],[85.24596210279458,24.34127787110748],[85.24456371670516,24.340404714551298],[85.23742578766945,24.341805238033896],[85.234234811529,24.343435178915467],[85.22634214110721,24.344305616608125],[85.22620523375876,24.343195386748445],[85.22441121536559,24.342397078060337],[85.22465949989733,24.34094073160967],[85.22254600687275,24.34211130740494],[85.21990338083862,24.34076717209277],[85.21622106115763,24.3419784605472],[85.21395639769307,24.340995768419056],[85.21198495457152,24.341383319332085],[85.2093019241118,24.340159940346417],[85.20924920793634,24.339351191071525],[85.20695788014436,24.339712437526025],[85.20610217379696,24.337811889482758],[85.2009112176299,24.334418506177983],[85.20176892883795,24.33076857878961],[85.20047827858671,24.329043761474004],[85.19993111172742,24.325794305658484],[85.19690874367468,24.326293784483358],[85.19497004050558,24.328274521111922],[85.18978452356308,24.32910723865787],[85.18556624976256,24.33065443791033],[85.18513412313271,24.33499999933755],[85.18299555894112,24.336857009343557],[85.17783206049151,24.337394055573135],[85.1747072912182,24.336790392600033],[85.17182082051106,24.338172677930245],[85.16753312539001,24.339077110213175],[85.16634219056179,24.34006689876267],[85.16345160972848,24.340347940376372],[85.1628282122953,24.34333758980846],[85.16323600411461,24.346297240453474],[85.16171324946565,24.34972520092876],[85.15956177761775,24.347062440992882],[85.15773997669919,24.346905401992334],[85.15150251626214,24.3543053465089],[85.14750993624297,24.355131944156852],[85.14449510983992,24.355068043208654],[85.14265000358877,24.35566877816237],[85.13863805160163,24.355258151149062],[85.13619584129367,24.356339629372616],[85.13375451560738,24.35505360647139],[85.13614522381741,24.351039202464094],[85.13783530717927,24.34936251424856],[85.13799774480735,24.347017118464393],[85.13701480280744,24.34414290764791],[85.13677728957403,24.341521663726663],[85.13989635714574,24.33914928108048],[85.14199593385261,24.33640314885215],[85.14266416185362,24.33141242928133],[85.14195356150171,24.329170597923568],[85.1387933652793,24.32897842560507],[85.1365157632061,24.32637727794462],[85.13428915716297,24.326394922326568],[85.12850383276057,24.32976673212949],[85.12121439341114,24.330968844397358],[85.11991400681448,24.331760434043648],[85.1105037533863,24.333115263048395],[85.104706477239,24.33068649741706],[85.10150545936636,24.32860605228837],[85.1004805541959,24.328565419289838],[85.10047183767765,24.33052525986895],[85.09888584611889,24.33511903674826],[85.0986598536778,24.340958069521562],[85.09461719013271,24.34249603091941],[85.08994503437779,24.349145479839905],[85.08534892808834,24.352671933734253],[85.0849879294045,24.35636003013634],[85.08526801693161,24.360894819270783],[85.08435815223261,24.366120905072894],[85.08621990948484,24.370126017496748],[85.08891678365835,24.37226620061528],[85.09302251396309,24.373308472740238],[85.09878615844654,24.3734801578774],[85.10398409274906,24.377219879878833],[85.10460297235004,24.37869024558336],[85.10271349373126,24.384426854745822],[85.10438121771749,24.38563050938328],[85.10764843785941,24.386005341155165],[85.11031901574871,24.388412975443547],[85.11618176437179,24.390704705645383],[85.11742544870373,24.39213110650856],[85.11745114519734,24.39438854976895],[85.1216927497258,24.39956042074106],[85.12320576650765,24.401917572546104],[85.12758357128148,24.401899536994332],[85.12925087368932,24.402488963095152],[85.13296930754251,24.405071880663176],[85.1397113711263,24.405868088023677],[85.1448444611663,24.4074749056344],[85.14858329633827,24.4093625431917],[85.151362024391,24.410163929431206],[85.15282610594083,24.41180248690137],[85.16117213824195,24.412242566875204],[85.16424777682002,24.413313665366974],[85.16360371806579,24.415233450180537],[85.16397931574849,24.41721527798683],[85.16553622137089,24.419318389835272],[85.16905224809035,24.420996601223653],[85.17397960638652,24.42052336903973],[85.1752562393671,24.42226322292756],[85.17524755482611,24.42424045099485],[85.17049339493718,24.429103730378067],[85.17040386269315,24.433264951041696],[85.16675601821257,24.436606520085714],[85.16387248701068,24.444363378869873],[85.1622992963182,24.445262339316415],[85.15665803009311,24.44533122950255],[85.1547542445392,24.44584015755633],[85.15323821682048,24.448827506509808],[85.15370941778218,24.451739450149244],[85.15266752937569,24.455126127005922],[85.1590651101857,24.45705819431007],[85.15984509774341,24.45915407150517],[85.1615390670628,24.460664044328876],[85.16688042285965,24.460107366134434],[85.16938559601157,24.460311862745478],[85.17227651241244,24.458733368550963],[85.17517070224676,24.4599581574062],[85.17889864056912,24.460673151106352],[85.18078663825753,24.462150156532438],[85.1872718190003,24.46215744932165],[85.18971785009386,24.462460904662624],[85.19967578566846,24.46063181307608],[85.20112084674584,24.460582596913067],[85.20465132476595,24.4621636306236],[85.20671168312523,24.465576874125347],[85.20993680472047,24.46649416358931],[85.21472113037682,24.46527648885869],[85.22464366120158,24.464175163264876],[85.22615236194741,24.463193957166066],[85.22870029507038,24.467347015696394],[85.23015699270034,24.470782006345605],[85.23260300122726,24.47261496643787],[85.23738363384429,24.471938165536073],[85.2399173203616,24.473739586065882],[85.24203305399081,24.47694927398719],[85.24133175722007,24.482106009027206],[85.24636834009597,24.485305021475423],[85.24812248615152,24.48898201181294],[85.2495561887829,24.490699931259762],[85.2585791791939,24.491658750764735],[85.2613031896864,24.491158953875612],[85.2672457886938,24.49116268158947],[85.26983884793817,24.49254275292392],[85.2724774830902,24.49222351593456],[85.27567534373574,24.492986854884816],[85.27936155922629,24.49167961787283],[85.28263668729001,24.49162694356929],[85.28517189679522,24.494413949438574],[85.28431306354229,24.49925107777328],[85.28559818819043,24.502155938643877],[85.28347121099243,24.503295314824896],[85.28242060532199,24.50715977820639],[85.28214764463775,24.510157385404707],[85.28077914014708,24.511962962405],[85.28053522489594,24.513737472785465],[85.28342670651229,24.516963160711104],[85.28210125025062,24.520275011139606],[85.28670818263862,24.521988502031242],[85.28824199185347,24.523005038269254],[85.29215780613997,24.523681989552514],[85.29910199140288,24.52310565847713],[85.3019246291113,24.522520229042684],[85.30374566267614,24.5230739991957],[85.30885261079719,24.521570878395405],[85.31218271057742,24.521804108038975],[85.31784279562622,24.520775523465694],[85.32163747601714,24.51975221584231],[85.32445942298821,24.520394193219694],[85.33199835768048,24.52117738427324],[85.33506720102837,24.521765105461494],[85.33632489198031,24.52314224448345],[85.34461435047226,24.52270619121216],[85.3527111731824,24.523032647390256],[85.3542219730468,24.523512135997837]]]]}},{"type":"Feature","properties":{"id":"20-236","name":"Jamtara","source_name":"Jamtara","state_id":"20","source_agency":"Survey of India (SOI)","district_code":"333"},"geometry":{"type":"MultiPolygon","coordinates":[[[[86.97614917472292,24.107492027061856],[86.97743771814923,24.111528693404267],[86.97884442119997,24.11435591455608],[86.97895245884845,24.115963711397082],[86.98046779189286,24.117156118184365],[86.97961124813474,24.119531424120485],[86.98038678388572,24.122227004074883],[86.98006323037886,24.12431857168848],[86.98284967814507,24.124916421465667],[86.98573155616023,24.126577140116435],[86.98792009973009,24.125672440549284],[86.9905735903448,24.125602049298806],[86.99508732769127,24.12672142212255],[86.99805304422844,24.126749311219143],[86.9997584687728,24.129848641983433],[87.00216693719786,24.1327376043487],[87.00451910414475,24.132294923236692],[87.00529676993558,24.13458912296625],[87.00698142518328,24.136387197315724],[87.00966717379364,24.140360402856295],[87.0091064121164,24.143675173461038],[87.00684269255946,24.145445611259486],[87.00798450640403,24.146682935852574],[87.01037639434522,24.14698989297201],[87.01551410942228,24.144388177531326],[87.01911652625728,24.143845762860312],[87.02212809816464,24.14237307859743],[87.02359460864162,24.142679920129382],[87.02699980847638,24.140918067569878],[87.03191105064742,24.14026680025717],[87.0327916009877,24.138393964198805],[87.03709713434502,24.137384316691463],[87.04370142304661,24.137472846110285],[87.04731788333042,24.13649323740109],[87.0509230925568,24.131093805287104],[87.05316631524569,24.129476291495717],[87.05358862732659,24.127389695826047],[87.05504493592153,24.127109160410264],[87.05536735268117,24.123801586675047],[87.05875118943722,24.118427844676372],[87.06040426708066,24.117975601375893],[87.06242053650628,24.115825076950244],[87.06685771910954,24.113998699736307],[87.06892383251159,24.113609347116586],[87.07198323720988,24.111846589272503],[87.07445154615114,24.109171939238355],[87.07400773172475,24.107492151483793],[87.07503067172932,24.106642607808684],[87.07682200631321,24.10746362976918],[87.0784155630687,24.106613799226473],[87.07929992344617,24.10474363981338],[87.08251670606839,24.10339612207876],[87.08314795223369,24.105518354529032],[87.08726190920902,24.106879846941062],[87.08820556715146,24.10546579425952],[87.08926850729365,24.105930305226803],[87.0921118363529,24.105368650531688],[87.09349084715882,24.107291615602296],[87.09528100413257,24.10633313115646],[87.09681138303117,24.106828818388408],[87.09387195867932,24.10378680167612],[87.09510753253927,24.098150067585166],[87.09696031595409,24.096387153371854],[87.09748403246756,24.092295633858754],[87.100353786421,24.088157033963498],[87.10168470026846,24.08495433969464],[87.1071341553559,24.078533080938364],[87.10976386505715,24.070637040642882],[87.11109306791363,24.06372209658665],[87.1130619094884,24.062433327332705],[87.11342428692878,24.060744056966065],[87.11645315522247,24.059874660881732],[87.11908398433785,24.055581624729868],[87.11934779613588,24.052321508239796],[87.12064380489213,24.04985468004163],[87.12741689381221,24.04627231441789],[87.12936766379364,24.043472100586957],[87.13398553191087,24.04005256416043],[87.13638648990106,24.036798775152096],[87.1392104427226,24.03814193146927],[87.14340052933498,24.03859873080722],[87.14821150634481,24.040183737886192],[87.15262594573228,24.038905812887542],[87.1577848518132,24.03554954176057],[87.16145942877803,24.032754733968797],[87.16575491655873,24.031133353380188],[87.16864538456502,24.030579226523724],[87.17696111978434,24.03024611193029],[87.18433787317419,24.02862811972876],[87.18578352162315,24.028734686420055],[87.19900535049372,24.02555673326134],[87.20563632889855,24.02750786138335],[87.20818088975322,24.026077295399688],[87.21514882995886,24.023475390150512],[87.22132693429248,24.025038076135914],[87.227463287884,24.025119378522852],[87.23374319315747,24.0243782532546],[87.23510192684965,24.02358106207824],[87.23515212939866,24.02169778091276],[87.23938487872663,24.018681117791232],[87.24359156747687,24.01797982780294],[87.24567090753794,24.015857689713584],[87.24203500436732,24.013806633264043],[87.24098632431972,24.011953822756805],[87.24603594439634,24.003024758207467],[87.24639481084398,24.000486145484157],[87.2477382677758,23.998659418174658],[87.25269940690224,23.99670028519054],[87.25558611493729,23.99977548910496],[87.26283335817041,24.00353019153575],[87.2635910013343,24.001169674013067],[87.26443680173777,23.99494470245206],[87.26602617634003,23.99168673783858],[87.26794399591046,23.98916601564235],[87.26732041459928,23.983594111487193],[87.26659300532154,23.981899807672747],[87.26407231545112,23.982157868989802],[87.26198700099754,23.98126047553416],[87.26170565423942,23.97765413729442],[87.26073568235711,23.974395188395725],[87.26064007551471,23.970836624782198],[87.26248056142815,23.96717539830048],[87.26590371312292,23.9652821975748],[87.26647936223185,23.966364580108294],[87.26822426337826,23.96625707186833],[87.2705704254275,23.967378041835932],[87.27097201631948,23.966736053317245],[87.2757553509427,23.96511978593562],[87.27571314789517,23.963746940337824],[87.2778663247185,23.961764939168262],[87.27944849130026,23.961622030751546],[87.27930342893099,23.960461715886428],[87.28131834726373,23.960485072722413],[87.28290572661777,23.959328878121887],[87.2878004514089,23.95832330443236],[87.29168329696599,23.958433764324194],[87.29300131088945,23.95899088325644],[87.29286855285578,23.956796287685865],[87.29094617163129,23.95419867075638],[87.29104817574402,23.95149775917619],[87.28939236373984,23.949414475911112],[87.29059198763984,23.945320576562903],[87.28957704243423,23.94410310822586],[87.29122634007058,23.943350305508883],[87.28816245568463,23.939969048794374],[87.28488705424255,23.938620299351715],[87.28423242957334,23.93585765131835],[87.28452980563623,23.93257836748563],[87.28555836646844,23.93111326932805],[87.28472622723625,23.92807996156686],[87.28676639500478,23.92642316339378],[87.28544505095482,23.924330202782002],[87.28611898640803,23.922477282786488],[87.28462397736395,23.9218026625371],[87.28856521270426,23.917920384581137],[87.29027014895772,23.91405519667134],[87.29049262300776,23.909859925906183],[87.29105724023083,23.907564618345006],[87.29074701212566,23.90505427243174],[87.29249503485377,23.90472575537924],[87.29324441484685,23.903001729969844],[87.29488283041614,23.902923669770146],[87.29518071643867,23.90118063343317],[87.29150193642818,23.9000557955746],[87.28956929849886,23.898960916059025],[87.29089686544877,23.897412574227634],[87.29066178397541,23.893330427886745],[87.28935259579505,23.892167735459637],[87.2857539130462,23.89068415460793],[87.28511056121786,23.888463409840533],[87.28370504621041,23.888131781713934],[87.28289456116951,23.885857200942016],[87.27976523555836,23.88780934134857],[87.27859112188149,23.885422440848743],[87.27505689432671,23.883858691876952],[87.27462883273695,23.880435197887184],[87.27217274101555,23.876965150095746],[87.26953009923388,23.87436605754151],[87.26817577406261,23.87580271546478],[87.26685109878376,23.875164553907595],[87.26354165508775,23.877448721620457],[87.25867521537536,23.882483414707597],[87.2598737097294,23.88317024074108],[87.26156876665301,23.88206266291108],[87.26208523735747,23.883852855459683],[87.26104426594796,23.88397212445619],[87.26106846115795,23.88623015872738],[87.25887698227122,23.892339639861138],[87.25761791605396,23.89450390821826],[87.25787368774242,23.898053130254972],[87.25623967233669,23.89949520115693],[87.253956577657,23.898908126567925],[87.25293909972805,23.90089433954018],[87.25607829367952,23.901069726560344],[87.25865518038538,23.902555700207408],[87.25917187752518,23.905436172586047],[87.25793592015917,23.906422753331697],[87.2578513340375,23.908373872958055],[87.25632770747642,23.907970041778952],[87.25464293488821,23.91053799241441],[87.25196785424468,23.91262175784651],[87.2500239691527,23.909877249055327],[87.24759691983343,23.9097547315137],[87.24624888344495,23.908673094291842],[87.2468449628232,23.90700108106245],[87.2444520389613,23.90282654092482],[87.24448539824601,23.900908021931482],[87.24550206172093,23.898241889318957],[87.24560416965541,23.895116526905433],[87.24369929472552,23.893869249006293],[87.24428253920928,23.892345662752113],[87.24257848206922,23.8898825856293],[87.24343100010084,23.883576569911714],[87.24486097444311,23.882221183552694],[87.24342463944178,23.880171430764445],[87.2433038204222,23.878627024494175],[87.24184635450641,23.87663320978653],[87.24104885510589,23.870356940367657],[87.24372945130658,23.86991919504245],[87.24618270025003,23.86875001565897],[87.24825501613488,23.86872860825639],[87.24573519698475,23.865833317304403],[87.24686555106885,23.862380100672514],[87.24391641113425,23.858499631669766],[87.24572540011273,23.85551830986969],[87.24731582538622,23.855111565654386],[87.25134805598547,23.84804839396242],[87.25471525058836,23.84725558318617],[87.2558373159029,23.843777708381737],[87.2543526499715,23.842840765435646],[87.24971678013632,23.83726636092817],[87.24795648271225,23.836445373841745],[87.24863283116095,23.835290053959078],[87.24630386552658,23.8299936827416],[87.24269897680371,23.829033623173874],[87.24210992374326,23.82683478241888],[87.2407213721744,23.825752559360637],[87.23613302606591,23.82596962080658],[87.23210143482491,23.82781066889309],[87.23161667417774,23.82604022173719],[87.2302323272258,23.82503147300534],[87.22619900452266,23.825876898326936],[87.22502375908519,23.827585692646508],[87.21745724149055,23.829800581463203],[87.21759013200666,23.83290754571217],[87.2219717318321,23.836727114282127],[87.22275417507534,23.83814793774854],[87.22350355003967,23.845643804372795],[87.23052650805192,23.8456769254839],[87.23324089360531,23.850093088013267],[87.23771016950548,23.854700032029978],[87.23303915308827,23.856730440748255],[87.23083162066337,23.856442285103434],[87.22596034234269,23.85792433845302],[87.22253277632119,23.857911219480673],[87.22261464427824,23.859835041159986],[87.2210049450247,23.860370258197214],[87.22029613965412,23.85940486474236],[87.22086723371194,23.85677379703858],[87.21926430138775,23.855532265885984],[87.22038667393856,23.853821152989696],[87.21993287839246,23.852694636897844],[87.21753002093831,23.8530200416292],[87.21627343315161,23.851428866683893],[87.2141537338653,23.850877911084865],[87.21218480131353,23.853960749731876],[87.20848745736951,23.85500163617356],[87.2060213232605,23.85643050923104],[87.20534323197384,23.855194321870126],[87.20329797366094,23.8477742509408],[87.20147225673102,23.850126059607597],[87.19718258391347,23.84997943004046],[87.1950673439664,23.84741692684179],[87.19487391888062,23.845263080581688],[87.19288206695688,23.843060882709203],[87.1913514015495,23.843566170037985],[87.18902829460905,23.84252740767262],[87.18822690269043,23.84359574594126],[87.18906924820499,23.84669357465903],[87.18760106142754,23.846250251968463],[87.18769388925332,23.848482953457456],[87.19031868861106,23.850394641272448],[87.1926939128501,23.851402017886624],[87.19408352875928,23.85281955878601],[87.19499228829365,23.85625073461447],[87.19675970486433,23.85779147054622],[87.19365626281814,23.85726627420625],[87.19039811426725,23.85764756597882],[87.1878472438684,23.859421022904208],[87.18663715482873,23.85795025119549],[87.18511473966448,23.857834653393084],[87.18336219253526,23.85477477803112],[87.18096255154764,23.852808808153632],[87.17446732999363,23.85468775011121],[87.17357331862146,23.856520489476146],[87.16494178800627,23.865065694529207],[87.16041304967187,23.864824657239772],[87.15433454328475,23.865058731133903],[87.15196133065452,23.866573299972387],[87.1474410567787,23.866113320779245],[87.14031326574145,23.868658151996108],[87.13751409632013,23.868705907995423],[87.133733771467,23.869711848707233],[87.13080579176852,23.868684719826014],[87.12947014988063,23.86885748287799],[87.12922847860662,23.862869119438834],[87.12946191848441,23.86060184170271],[87.13044394619277,23.860564852734285],[87.13081432903991,23.857719276000882],[87.12988000301688,23.85641041409027],[87.130004734401,23.853474771310303],[87.137718829942,23.848861362063836],[87.1394267280258,23.848128182265427],[87.14877144446444,23.83594357706278],[87.15409528721665,23.829236199760686],[87.15673567408597,23.830278193186796],[87.15720059388075,23.831315101316132],[87.16079358528769,23.830656447176057],[87.16411015448686,23.828882614957067],[87.1640606199154,23.825636394178773],[87.16730155964346,23.824999078923582],[87.16448860886774,23.817636722767336],[87.15884275444408,23.813053437288968],[87.15841179079484,23.8100377747858],[87.15561896718157,23.806165698634718],[87.1551734525482,23.803077054886522],[87.15285601374403,23.802519363083704],[87.15178142433003,23.798645530086375],[87.14970128420212,23.796941454559768],[87.14845119325173,23.796857247787578],[87.14528968441455,23.798217385983556],[87.14165135285417,23.801471389050622],[87.14017123012161,23.804918601405436],[87.13982058393495,23.80370610102833],[87.1362058847651,23.801794435404606],[87.1344860403294,23.799962413480987],[87.13117597882635,23.79816781453135],[87.12453259222157,23.798542578752258],[87.12316932615697,23.799106545068707],[87.12256846534378,23.796119083592668],[87.11992856219484,23.79767568201676],[87.11851182628138,23.79717556855924],[87.11462835784114,23.79914391392999],[87.11219991943328,23.79889725408792],[87.11060410829761,23.799960833116632],[87.11055584115223,23.802951618367267],[87.11213768480792,23.804695419006993],[87.11591636385856,23.803726146622424],[87.117623007851,23.80217119038175],[87.1188816465135,23.804338055109245],[87.1163390826235,23.80715608785005],[87.11496322561523,23.807879531053096],[87.11405779580761,23.80685779320073],[87.11269073244749,23.808109767680623],[87.10880281772857,23.8080215523304],[87.10794136495885,23.807163707153116],[87.10756166013175,23.803937101742314],[87.10552977192188,23.803798736699218],[87.10253678536928,23.804585202354783],[87.1022239894743,23.80626548810355],[87.1001932876538,23.808055285710346],[87.09828915035337,23.80869785140289],[87.09640043088598,23.813861525913048],[87.09167720588084,23.815467339406876],[87.08876971860226,23.81349090584925],[87.08739849603863,23.810076946114084],[87.08678305253463,23.808821794456517],[87.08204174186797,23.809510907422492],[87.07867536373024,23.81113855238737],[87.07437739508173,23.81472664595277],[87.06687481481848,23.816307455203923],[87.06023015046128,23.81958165284667],[87.05925315912978,23.81962550169415],[87.05352958049784,23.82259312728394],[87.04867697490128,23.827251437174127],[87.0449600988141,23.832165803473767],[87.03853528292497,23.83888183130352],[87.0358414420023,23.840118469690534],[87.0273635631891,23.84267672910246],[87.02153116976586,23.845829997911025],[87.01783199727865,23.84856589144103],[87.01080816356212,23.852461103016932],[87.00273837929424,23.854677933187816],[86.99514683869651,23.85764057564777],[86.98634985559436,23.859492352775344],[86.98190749096243,23.862318525836848],[86.97823374492857,23.86620206288721],[86.97390190606761,23.86885702469066],[86.96977179124423,23.86860259435747],[86.96426795220034,23.863688570570144],[86.96491560802228,23.86332016864064],[86.96412505842494,23.86069417484834],[86.96438888040504,23.85749224496379],[86.96414105879492,23.852858320991025],[86.96274394243034,23.849366393303654],[86.95999655546218,23.84776425807001],[86.95554531742688,23.846070485660093],[86.95114243569535,23.84564821391008],[86.9469200272482,23.845973616490923],[86.94173964415766,23.849089725586936],[86.93755970354694,23.850592342716354],[86.93574813887464,23.85213177820513],[86.93291238732444,23.856736245855448],[86.93289007189702,23.860408645409155],[86.93355341743566,23.864011723648673],[86.93317458998663,23.867189552673583],[86.93065828553578,23.871114286950345],[86.9270558281254,23.874281977826325],[86.92383190889709,23.876161138864955],[86.91567837740037,23.883105703155202],[86.91458290333637,23.880941890999836],[86.91210496257145,23.881850222576247],[86.90762743980025,23.880987498572274],[86.90192260617975,23.880466965229456],[86.89708787717669,23.87765055900502],[86.89402838118465,23.87727751456815],[86.89291561140377,23.875109386584246],[86.88465343965773,23.86575487169185],[86.88132230641722,23.863062292738327],[86.88128437582766,23.860901105743483],[86.88265345616102,23.859594517699307],[86.88795277635141,23.859623494339086],[86.88886372416485,23.858563776708415],[86.88854635943396,23.851751244321395],[86.88757523494212,23.850642549282583],[86.88771662465376,23.847930351890998],[86.88866380620762,23.84360025769044],[86.89062050343246,23.840060112646363],[86.8927546026064,23.83938780385129],[86.89454370547654,23.83496495786856],[86.894349544063,23.826127269364694],[86.892839367117,23.822904617923726],[86.8898715969133,23.81958106164371],[86.88598527640411,23.82032239286432],[86.8860300049951,23.825878346465192],[86.88034397123175,23.829317413670978],[86.87972420006862,23.832294549387846],[86.88045404324232,23.834057474277913],[86.87836059829819,23.835679363010257],[86.87952030234258,23.837902019967295],[86.87910514440453,23.84243121130472],[86.8798513633998,23.84562899053045],[86.87824117974189,23.84665555447973],[86.87466007837222,23.84748805796855],[86.87325891583104,23.8467688130368],[86.86995928356109,23.846838414880136],[86.86484443664965,23.84541594570031],[86.86338716324984,23.84444821019045],[86.86255381067632,23.84180349278535],[86.86408828019282,23.840704867310713],[86.86270956169123,23.83975075099464],[86.86124594758515,23.834419438069677],[86.85502103421511,23.830161907296368],[86.85340135684694,23.825773488601218],[86.85241332562792,23.824890829361987],[86.84991134864771,23.825368263950033],[86.84792892660272,23.823851608962517],[86.84222163350601,23.824335377019068],[86.83981536218973,23.823272658161336],[86.83985041721931,23.822144848123216],[86.83746798781611,23.819889633684532],[86.83308906212302,23.818378219091127],[86.83145632818675,23.81639216442212],[86.83049915084283,23.81677230768172],[86.8273039820222,23.814310510849573],[86.82429356392919,23.813831481507858],[86.82282713052527,23.81522377660785],[86.82000918996312,23.815658237481717],[86.81933021619314,23.817417064062568],[86.81538670526139,23.817505180608293],[86.81283001000462,23.820145038814093],[86.81276725013973,23.825333506944748],[86.8158860253952,23.82541805828885],[86.8150585164308,23.83015402287178],[86.81285765259443,23.83119014475127],[86.81138092710104,23.83391619730679],[86.80629911997069,23.83746867958575],[86.80548408918487,23.837458645615094],[86.80043150983138,23.83378533546247],[86.79870296237628,23.834812568384482],[86.79175898988196,23.842110672315076],[86.78649981527965,23.84556292683208],[86.77981616656126,23.854992448694126],[86.77517428036576,23.85878845041748],[86.77099606541134,23.861202994520607],[86.76100093461147,23.86499961271136],[86.75619584589306,23.8663017952136],[86.75395673349084,23.86618083283429],[86.75110323413585,23.8637375330825],[86.74738285650137,23.862765085284547],[86.74315772336888,23.858747712780676],[86.73914173907808,23.858325545830144],[86.73566763392054,23.859921505789575],[86.73058416093247,23.864645545998968],[86.72844699846156,23.867637582447482],[86.72621818328226,23.876711197683544],[86.72468987430054,23.891137727423335],[86.72098116048247,23.89590468388362],[86.7186937255231,23.899775399090352],[86.71709871074229,23.901389311872304],[86.71409858668662,23.903127052318734],[86.70910377145007,23.904924206230184],[86.6964246217007,23.907621913586983],[86.69219563900441,23.90919986797902],[86.6896925598181,23.910747971107586],[86.68421653201798,23.915269137669622],[86.67904700541678,23.91840409816999],[86.67437557291974,23.920146602340395],[86.66971522734733,23.921337953033426],[86.66597051284246,23.921772478189236],[86.66059149573776,23.923440812282816],[86.6559873128137,23.925580260628358],[86.6529263670164,23.92747922691707],[86.64997899259401,23.93097710363674],[86.64684737660156,23.93349000191405],[86.64362894440528,23.93536130805219],[86.63681090109603,23.93828089819814],[86.62813393915393,23.945070538533347],[86.62229737966986,23.948136311620253],[86.61663370702878,23.952457835906],[86.61295383548638,23.954438115498522],[86.60643822447696,23.956957216071718],[86.60336328885674,23.959767406524996],[86.6010404343812,23.965347719578904],[86.5956835234572,23.970324369733024],[86.5914660991546,23.973212885971613],[86.58850793568482,23.976672810695746],[86.58660010246231,23.980045804491485],[86.58202789765595,23.983456645091447],[86.57808258876442,23.984493590088142],[86.5733927143462,23.98473357636125],[86.56999810664396,23.985681510574302],[86.56686121163477,23.985961721085168],[86.55564113188704,23.98785664025691],[86.55065282292838,23.989266810216808],[86.54162269073433,23.989754426316274],[86.53516597152594,23.989166030410605],[86.52538733069534,23.986787061804424],[86.52007956945067,23.988153264599923],[86.51655264970611,23.990165408184485],[86.51322383496465,23.991332965908615],[86.50716478339936,23.99521164311846],[86.4990996771679,23.999398412353813],[86.49643018590325,24.000018105023397],[86.48899143363253,24.0040192174853],[86.48583569428116,24.00647705090326],[86.47896092335083,24.009452520999165],[86.47640728167113,24.011214121170806],[86.47053617872989,24.016342345992083],[86.46615416081413,24.019228537533373],[86.46730273734624,24.02149084140014],[86.47090698754229,24.02293398752183],[86.47635258945378,24.022849257403795],[86.48204620926477,24.022279471735814],[86.48351154455531,24.023506946624263],[86.48338699891315,24.029428282944984],[86.48218617067847,24.031180004477218],[86.48108707272691,24.030687472888598],[86.47861618253923,24.02766238203997],[86.47655757852937,24.02726870434804],[86.4751682227323,24.02805124691016],[86.47573144297162,24.03142423575242],[86.47575845122441,24.035898348000202],[86.47635993533461,24.040353196161718],[86.479983106823,24.04428401323564],[86.48258851004967,24.04571228058821],[86.48618257293357,24.044055931987685],[86.49045489563119,24.04520971289235],[86.49206037402027,24.04438500478847],[86.49302055353006,24.04165192286091],[86.49393818604291,24.04115230658733],[86.49627590522448,24.04221728062308],[86.5005668116907,24.046248073392412],[86.50452054966007,24.048759679204515],[86.51325732933338,24.048702871856445],[86.51732498663964,24.050179702299864],[86.52022997489821,24.052642757043877],[86.52313065351521,24.052315200654267],[86.52378393470705,24.054409016295843],[86.52708610281067,24.054823257133545],[86.52900218051514,24.05438375535721],[86.52985097406915,24.05880211768457],[86.5323940826139,24.06359795401437],[86.53412888506527,24.064551456906234],[86.53585885533334,24.06837660436356],[86.53729790461074,24.06956887276683],[86.53951860369905,24.069931112607076],[86.54241023352064,24.07169118829332],[86.54447622118788,24.07512532284976],[86.54359494307676,24.076912477376997],[86.54393408804371,24.080723308883993],[86.54211665467507,24.082008390719878],[86.54473910463676,24.085570722705842],[86.54429131649017,24.087993672058737],[86.54510107791363,24.08859565429969],[86.54599453426933,24.091931061852062],[86.54854810169175,24.09236385453799],[86.5494753649698,24.094954556757774],[86.55032017583166,24.094658582427662],[86.55164912025575,24.096657028897333],[86.55293659174406,24.100165824319628],[86.55148826317206,24.1008275027933],[86.55245942656141,24.10298712504895],[86.5553652155928,24.10713805849512],[86.55851545353029,24.109974715796326],[86.55893957374826,24.11719214478468],[86.55941574560548,24.120321573920783],[86.56044403777518,24.122102860890852],[86.5636924443051,24.123911351032053],[86.56458141764774,24.12659939557652],[86.56473157334187,24.131572620222823],[86.56370011950528,24.136996781735775],[86.56586190779403,24.13813516425232],[86.57070591986512,24.143010260228564],[86.57331023648322,24.139260454174387],[86.57866883348774,24.13979249121222],[86.58279396808133,24.139415436076664],[86.58529163145272,24.14013571365986],[86.5890445805892,24.139188482006613],[86.59155042618576,24.137307489093004],[86.59500675401283,24.136734068452853],[86.59564037706733,24.13870925513462],[86.59894269952,24.140217251465497],[86.60027659324102,24.141710949330708],[86.60473535490439,24.141623209821457],[86.60748539091047,24.139948785226043],[86.60948552246344,24.13754526844898],[86.61233664192432,24.137433742191547],[86.61468204216129,24.139706617318872],[86.6173480194639,24.13966831292535],[86.61892889171345,24.13809153073148],[86.62540820983496,24.13614255817015],[86.62620482198935,24.133801139680322],[86.627615065656,24.132076071210374],[86.63568674027398,24.13229753332993],[86.64238304226502,24.13443585546338],[86.64362340788992,24.134357457007514],[86.65014753838665,24.131102939522467],[86.6563627041437,24.129184066327785],[86.65976692352852,24.129534912752302],[86.66278573375844,24.128647424207305],[86.66723634809445,24.129632529581574],[86.66925483571573,24.129284702594077],[86.67174234005053,24.130229368411293],[86.67809048372274,24.13007121916852],[86.68079917284605,24.12919778307346],[86.68331394747612,24.131111710647115],[86.6836534952718,24.13310851535689],[86.68522415273459,24.13477364307699],[86.68750611215025,24.135320200748136],[86.68667409987886,24.137513348782957],[86.68816613316507,24.13916925541937],[86.6884878216981,24.14248010483426],[86.69117981512706,24.14244488255428],[86.69176572702787,24.144415083255236],[86.69030147949921,24.14697827968784],[86.6903952952148,24.149479331460636],[86.69179076269185,24.150421410330658],[86.69236240112751,24.15430657367452],[86.69610514081326,24.157465969982013],[86.69623640938497,24.160248106114253],[86.69733859544998,24.161702936829087],[86.69559318046265,24.16587382782553],[86.6998796165047,24.1640758498413],[86.70359241716197,24.163357218240687],[86.70450496847306,24.16024192554476],[86.70692010628716,24.15898888366219],[86.71512692022463,24.155978896897384],[86.71613472532196,24.15407225325357],[86.71540167862122,24.151740587667604],[86.71608667135041,24.149086432794242],[86.71365244228122,24.14597487266144],[86.71360494869269,24.144775040022388],[86.71593154532445,24.14351338984497],[86.71445580932446,24.141714637408697],[86.71192033738647,24.141473680836032],[86.71209770733799,24.139872322065035],[86.70894371653851,24.138939072176672],[86.70463200438319,24.139264998218948],[86.69930861905782,24.134440602917657],[86.69756657416825,24.13024631226039],[86.69720113702586,24.12665085917305],[86.69807196790516,24.12459320627457],[86.69791418296927,24.120492306271952],[86.69732629761538,24.119362188263455],[86.69776358669773,24.112737277284403],[86.70737511799149,24.107320948731314],[86.70950098679337,24.1057138439479],[86.71182983837846,24.1071408071468],[86.71684324624415,24.106362803358167],[86.71848224947125,24.10682348282781],[86.72257865842408,24.105038828237294],[86.72310217231954,24.103923593942824],[86.72769643483659,24.101711623374126],[86.72913466820553,24.102531349268705],[86.73066011131799,24.10074065780612],[86.73418359745055,24.098695568252683],[86.73790707465125,24.09862865579018],[86.73956918245622,24.09618244720218],[86.74160523674908,24.097208922850427],[86.74303158770488,24.09571587787421],[86.74575531126945,24.096378119978112],[86.74698621932481,24.094880317994686],[86.75215095606873,24.093071565541248],[86.75406902794931,24.09335465378135],[86.75752510965464,24.091960127698304],[86.76125240825704,24.09276985903335],[86.76447596194377,24.09018769477105],[86.76664353240389,24.087455223334295],[86.76754266457924,24.085352065649193],[86.7651829811538,24.084481421412132],[86.76325829153501,24.08252754317271],[86.76130178737299,24.082730707281502],[86.76024827890373,24.08112808870368],[86.75863330042213,24.083016748347347],[86.75753661241438,24.080287647951952],[86.7620141838406,24.077226154503357],[86.76385897500269,24.07681413138769],[86.76713743279335,24.073686713746696],[86.76791372050148,24.071476778547403],[86.77093534746959,24.06946959711416],[86.77271350088715,24.06631581179052],[86.77886479925449,24.067562780812846],[86.78052072678314,24.067237669323543],[86.7841815315894,24.06506778062452],[86.7873515507936,24.064736349301125],[86.78992143914522,24.063141235121947],[86.79112062287324,24.063720884399626],[86.79346604737316,24.067174359691155],[86.79247933191029,24.070152351388405],[86.79307776314769,24.072509870105616],[86.79275965381818,24.078310031598832],[86.79918473982725,24.077541839249157],[86.8017879263845,24.08007412622149],[86.80270818887296,24.08302885511892],[86.80542388804844,24.082770464324394],[86.80528925127821,24.08061736659603],[86.80647151616498,24.079511181302163],[86.80941621268944,24.080551160562663],[86.81021059760066,24.079018996629525],[86.81173336370861,24.080484161687878],[86.81287090415825,24.083023514980255],[86.81508152586308,24.082648407081347],[86.81435077782784,24.07999625385606],[86.81481826664667,24.076311743740778],[86.8167533054486,24.07328898655495],[86.81925583570192,24.071940377739796],[86.81828397570524,24.06718424317432],[86.81875384935785,24.06506028503429],[86.82032407741262,24.06485745028626],[86.8226971813949,24.061660223968026],[86.8240575214939,24.061561090342583],[86.8257759497793,24.062915075652455],[86.82995918908291,24.06281511817157],[86.83301979749739,24.05946939937813],[86.83593105802126,24.05290478171861],[86.8385886001534,24.050352768924594],[86.84546201919076,24.0517597462241],[86.84748824532346,24.051698590289625],[86.85009197428411,24.05408112352856],[86.85069794529981,24.057549073705992],[86.85442427438477,24.05888941428746],[86.85997204127513,24.058795178259793],[86.86199635259156,24.060720831125966],[86.86494657603528,24.061292513818426],[86.86788464377432,24.064347922281836],[86.8699496691749,24.064864564371433],[86.87536190220067,24.06267419493767],[86.87948475363136,24.06141298500236],[86.88294336382432,24.06564273560145],[86.88280239114228,24.069210336993663],[86.88659904855496,24.06952926167719],[86.89511221618757,24.067572001804976],[86.89614439020689,24.065115915104066],[86.90048603084925,24.060502934015574],[86.9018099775543,24.058481605813235],[86.9074316666472,24.058908529393946],[86.91296842260176,24.06072717154399],[86.91661650143845,24.062607856517133],[86.91850192613033,24.06214710108446],[86.91816214173623,24.060513255609237],[86.91455640228376,24.054071324751128],[86.91896001113086,24.049606159389075],[86.92432687938185,24.04786213682429],[86.92973797174362,24.044811772674517],[86.93321962471038,24.044840467146393],[86.935373985231,24.04379361947371],[86.9406654843917,24.043461457674947],[86.94272131433087,24.042667422142777],[86.94981289235635,24.04134208006748],[86.95358954198825,24.041605224936255],[86.95551645617562,24.043863827309757],[86.95786678351801,24.04437925004195],[86.95929239940222,24.04612286742423],[86.9569492434854,24.04970451414846],[86.95535602701732,24.05046626416065],[86.95640823765852,24.053591848027125],[86.96281026814074,24.057567527157214],[86.96549547990503,24.05771273166504],[86.97042249794691,24.062293032570963],[86.9728914258719,24.062465080128053],[86.97586217549267,24.06128233455764],[86.97547842858684,24.06276354704628],[86.97658958960668,24.06451599293158],[86.97614112056597,24.06571855669204],[86.97393367842595,24.06653204388532],[86.97448331172147,24.07131688930945],[86.97686312503514,24.076014045356786],[86.9784455729374,24.07807714330128],[86.97771353666445,24.082015332837575],[86.9747751651083,24.088821425274595],[86.97458783152653,24.09088970186499],[86.97353834450666,24.092573357083076],[86.97120272723109,24.094104592134915],[86.97018827988826,24.098430898280196],[86.97259861548133,24.09996676047387],[86.97342492964613,24.10128560650069],[86.97275534578125,24.103308686933982],[86.97614917472292,24.107492027061856]]]]}},{"type":"Feature","properties":{"id":"20-237","name":"Koderma","source_name":"Koderma","state_id":"20","source_agency":"Survey of India (SOI)","district_code":"334"},"geometry":{"type":"MultiPolygon","coordinates":[[[[85.90284511347015,24.76654088606163],[85.90082243104722,24.764973425667165],[85.90013226014045,24.760127496820438],[85.89883489104366,24.75926346934215],[85.89972761706218,24.75666594563809],[85.89743725426491,24.75510492137837],[85.89198362392918,24.75228343714531],[85.89078258008938,24.75285868568333],[85.88520270821269,24.75122420585368],[85.88422683789638,24.74940328479759],[85.88564084976929,24.747920711824065],[85.88191476970228,24.74385855691616],[85.88613809949047,24.74132248959601],[85.88712308739234,24.739463205345732],[85.89005083185452,24.737359336553556],[85.88933230497705,24.734500148052405],[85.88829511380193,24.733152825151713],[85.8857311674782,24.731686834119017],[85.88329337923949,24.732117543133004],[85.88244698268976,24.73368585862596],[85.87952189879113,24.735927344165635],[85.87688344004411,24.736855751739732],[85.87208718838397,24.73368593830248],[85.86839964102307,24.73284987091167],[85.8657734705523,24.73426175893409],[85.86061816839555,24.73570277620759],[85.85712989902494,24.738810589437065],[85.8550745017214,24.739761151691848],[85.85429182503235,24.738823341323652],[85.85362844081291,24.73510254519786],[85.84440896209503,24.733655905270485],[85.83816187767054,24.731720681426857],[85.83362174871051,24.730872692644912],[85.82522890928033,24.728630945918223],[85.81973604242285,24.726244967204288],[85.8173777560563,24.72358635583162],[85.81704546223978,24.718904423495204],[85.81771926853179,24.715604712969313],[85.81893962973541,24.714088244444515],[85.82627285638965,24.7069125267142],[85.83007960858622,24.70362817451231],[85.8277111445026,24.698215119058386],[85.82817901587907,24.696480952830147],[85.82999366009362,24.694075321536587],[85.83178260202578,24.68636662215512],[85.83160458902375,24.683607290870416],[85.83242034545832,24.680804625347374],[85.83497522547243,24.67916783111681],[85.83660910535221,24.67658873818788],[85.83691547578738,24.67339966763436],[85.84134426169054,24.66985208069949],[85.84162659169719,24.668174664523537],[85.83768559991587,24.66582347675791],[85.83586506503333,24.665515909965222],[85.8312820146456,24.666411929243857],[85.82737716453275,24.662638429900788],[85.82306249931035,24.666477883424015],[85.81833959848935,24.66867969723545],[85.81608469619268,24.668869583532278],[85.8118880074521,24.670901897921013],[85.80543723742846,24.673440190372965],[85.8032074516186,24.671025146399508],[85.80183114355316,24.671303181802053],[85.79511283944161,24.668827780491906],[85.79347440016193,24.667575509788975],[85.7931781582146,24.665944283096458],[85.78989388420781,24.663601452718712],[85.7836514844923,24.656380936524872],[85.78419301882037,24.65146641846282],[85.78393865112017,24.648550336826304],[85.78250633473858,24.64736243849019],[85.77634525190317,24.645912744278203],[85.77257436094145,24.64422826145141],[85.77365925689085,24.63868486156377],[85.77356466094284,24.63015053507194],[85.7720617719136,24.627248658795104],[85.77437734244742,24.62278862501054],[85.77459902051524,24.615250181431456],[85.7730939950087,24.61412442379726],[85.7733794709526,24.61064388463486],[85.77782937939656,24.608298039385033],[85.78293664175841,24.602910362393953],[85.78595405232649,24.602401924147358],[85.78926250345384,24.603448956652795],[85.79174774961788,24.605846337158486],[85.79435889073538,24.607589528170095],[85.7966005388394,24.60764358677412],[85.79793433200904,24.608638590338877],[85.8016005486452,24.609327640972616],[85.7995549653041,24.605167091760183],[85.79562283311151,24.600693514620414],[85.79426658091006,24.600443715406172],[85.79426484358058,24.59815221402854],[85.79189617469758,24.591459854900073],[85.79100799430832,24.589827535908654],[85.7923298333455,24.586406396087174],[85.79421843485349,24.584091688537296],[85.79784571864812,24.581709663795305],[85.79994469557141,24.579062415293954],[85.80290424791937,24.576250479090746],[85.80710899632523,24.573550384598928],[85.80572205882007,24.570306048319683],[85.80346392853458,24.56695879783976],[85.80369823523024,24.56438192954708],[85.80550620168792,24.563231322639332],[85.80658097739077,24.56025987718839],[85.80613002337935,24.555741131011228],[85.80919583048728,24.550200508416783],[85.81066565125273,24.54873480204178],[85.81895646195471,24.548317214139264],[85.82191267218246,24.548769817430617],[85.82551421348859,24.548515282772172],[85.83841629045067,24.544915611877013],[85.8441584886966,24.54114510004639],[85.84851382649438,24.53913029155321],[85.8547674319094,24.53453329236516],[85.8641633952056,24.529432580931864],[85.86828704454992,24.52630560141819],[85.86869766977867,24.524126167530646],[85.86776760829174,24.522473347398066],[85.86459447234924,24.50899525476387],[85.86573173893585,24.501133283433663],[85.8652253414957,24.498543810892787],[85.8637948767821,24.496110636705378],[85.86379507166869,24.493496969773314],[85.8647056186046,24.490856872181546],[85.86205602608256,24.489638009133397],[85.86084378676993,24.48390246361119],[85.85885540655549,24.47905786793025],[85.85915835866928,24.476024194142425],[85.85764644532999,24.47385558530865],[85.85654241150839,24.468998329818927],[85.85488068786462,24.466773748872953],[85.84996485571948,24.46381918570356],[85.85037877423727,24.46210893601157],[85.84915563997498,24.460542251336552],[85.84852134366903,24.45810336670414],[85.84550720780645,24.457918888356772],[85.83960081546729,24.451918513867156],[85.83579896056924,24.448732219070102],[85.83460790055727,24.448447977723507],[85.83017915329344,24.445508360176103],[85.83054067404336,24.441646421855385],[85.83250697290867,24.437684172021164],[85.8350451109052,24.43370738477849],[85.83642835628288,24.424832991903234],[85.84181780535495,24.42238762429005],[85.84974158121884,24.417243039213194],[85.85467096216273,24.41474575917921],[85.85476775399168,24.413855248996416],[85.84973473510472,24.407555454713062],[85.85049349141497,24.404680377262064],[85.85004085085755,24.400175136807082],[85.85075347946584,24.398953776154375],[85.85431874333187,24.395533027568124],[85.85235413023655,24.392144864938828],[85.85043713944091,24.390171936056653],[85.85121318522982,24.388015434963872],[85.85027301173932,24.385127484877447],[85.84993004045285,24.381621041303525],[85.84879363390326,24.37845207749336],[85.84857495658231,24.375542769127236],[85.85157871420103,24.37408369478478],[85.85096885129212,24.367723193448047],[85.85227835716204,24.362373989930965],[85.8492522750561,24.356257857223664],[85.84858278767152,24.352986577943017],[85.84687744807438,24.350595725532656],[85.84545914957167,24.346573265724306],[85.84503814302406,24.34083997841541],[85.8461062921377,24.33994668871627],[85.84812227155929,24.340044630337676],[85.85089214456697,24.337921840708354],[85.85049271341917,24.33205665415782],[85.85091831597067,24.328143328715306],[85.85377455043539,24.327895158484374],[85.85583877984594,24.328486751800046],[85.86854112614479,24.328845523243594],[85.86918966902488,24.328113198297732],[85.87013571932998,24.32377953148481],[85.86986245737154,24.32036776016594],[85.86725434099604,24.316425883432462],[85.86956336743643,24.311347340954793],[85.87127251111595,24.30974351900752],[85.87181123194155,24.305677701242242],[85.87152558997936,24.30316329464523],[85.87247130027225,24.29937588999636],[85.87157227995174,24.29407836146972],[85.87319443237294,24.291840825588906],[85.87343071059614,24.287667427566827],[85.8707134233094,24.288282339909866],[85.86713580059299,24.288409238795364],[85.86203863523359,24.287680327547015],[85.86041402822677,24.28203862806633],[85.85852021456482,24.281183431491847],[85.85804141416902,24.275702350283318],[85.85567087916623,24.27494081673456],[85.85283152270628,24.27201053536639],[85.84894042456358,24.275585949790276],[85.84276370353923,24.276742825508745],[85.83664552023221,24.28159105419859],[85.83422647623861,24.281682942581984],[85.8320755822586,24.279456789031478],[85.83023513295954,24.27585125486854],[85.82738803106766,24.268522884706137],[85.82319998045422,24.26473896964727],[85.82004701460907,24.26357042714866],[85.81634501536283,24.266177989245623],[85.81661536628752,24.270386756966946],[85.81878706126757,24.278251237721925],[85.81854029180569,24.284182399820324],[85.81983725987016,24.291220645804287],[85.81855061893447,24.294300593613226],[85.81123806694089,24.294069216353417],[85.8075290543765,24.293650364404783],[85.80270759144706,24.291731625087866],[85.79895153941557,24.292129811825202],[85.79329251580113,24.293825215278765],[85.7874723960443,24.29790673392173],[85.77959429774359,24.298373807887337],[85.77224799294795,24.301791348876737],[85.7699092153387,24.301829339247412],[85.76789105259866,24.30295325101744],[85.76315154890949,24.30371910220204],[85.76386214596398,24.29465030421017],[85.76324639751057,24.291828477545845],[85.76133778299584,24.28930468422533],[85.75422219890214,24.2847299548219],[85.751378085187,24.283189418706716],[85.74905311751778,24.282938848498468],[85.74523277550922,24.2852158569952],[85.74184316691822,24.28609130907114],[85.73726274298242,24.2862886892158],[85.73571561353116,24.28781756948824],[85.73324584340482,24.29225211825556],[85.73199932060552,24.293596394934436],[85.73066518464756,24.296861995165475],[85.72725030847104,24.299827235987646],[85.72053268191556,24.298877076248186],[85.71639923402232,24.29750277480942],[85.71176738772205,24.294435835081376],[85.70926831357839,24.291462398722025],[85.7079133536774,24.290605426661546],[85.70260331806922,24.28930359318351],[85.6979197647051,24.289644521247695],[85.69499579430146,24.292286702793785],[85.69280582806482,24.295641689151733],[85.69012492568095,24.302233623024453],[85.68911582447276,24.303376145022686],[85.6852059479701,24.30569799079247],[85.6839111628483,24.30715661425991],[85.68380928999814,24.31055131314486],[85.68605303984633,24.315249359112446],[85.68439855824217,24.31707408159099],[85.67930936225979,24.320601765196727],[85.67420505603248,24.32463199838383],[85.66792443916009,24.32813938064279],[85.66624500388204,24.32985068160042],[85.66138314577744,24.332321224281806],[85.65880153070343,24.33191998653758],[85.65875663412808,24.329978959486382],[85.65965234391427,24.326561538340002],[85.6614983934937,24.321685764792175],[85.66174908451468,24.319916114464945],[85.6599829950358,24.310441254645024],[85.65811217107643,24.30930925796237],[85.65435770865442,24.310632036622184],[85.65204809712603,24.31375625991144],[85.65033481610267,24.31373939281974],[85.64505298485571,24.312109684715765],[85.64278709947943,24.31202418052001],[85.6397903881244,24.31294678133053],[85.63895157762929,24.314525363928308],[85.64082974814879,24.321382239978597],[85.64365392762127,24.326388005050244],[85.64365089997862,24.32852817807922],[85.64246169369268,24.330399356535782],[85.63977726425532,24.329955231045115],[85.6369629456,24.326586975870498],[85.63455808386485,24.32477746068998],[85.63259118084714,24.32439850957222],[85.62446192377033,24.325237160896375],[85.61778741324666,24.32640469722208],[85.61425625490573,24.33005081195212],[85.61084989642747,24.336972962785623],[85.60937909453101,24.338872353849865],[85.60543101588216,24.339764573190052],[85.60092007740664,24.336788267249233],[85.59706030092244,24.33339244788006],[85.59515433508797,24.332346429875503],[85.58994767567515,24.333508203086396],[85.58731166086666,24.335718639487958],[85.58416504193674,24.33924592514879],[85.58309353991594,24.34165597976124],[85.58160430438735,24.347060111189055],[85.57950081537044,24.35028733191422],[85.57697836194974,24.35177259764453],[85.57470292293183,24.35188630921975],[85.57279297957308,24.35080280480725],[85.57162435261709,24.34778034263907],[85.57278757445248,24.341610224454445],[85.57194043792764,24.339805293581424],[85.56869771143042,24.338944034213505],[85.56610944566677,24.33948847172057],[85.5616521733961,24.341465504798858],[85.55576530238669,24.345368683293124],[85.55312603578707,24.34790182403391],[85.55131837131445,24.348820450974788],[85.54576110390727,24.347112312322878],[85.54366284598082,24.34510811348674],[85.54115142117688,24.34064125058531],[85.540433576774,24.33792533778489],[85.54025714195429,24.33353516054187],[85.5388751120631,24.332013805479853],[85.53401450328109,24.332192756991336],[85.5300859685875,24.33359046652055],[85.52750999425,24.333917725571307],[85.5247901570309,24.33219362541281],[85.52265067696425,24.328876994694678],[85.51844845237217,24.319047594322154],[85.51619984530261,24.317526674794713],[85.51277893317315,24.31765576642735],[85.5109591485726,24.318406959097562],[85.50944366909788,24.322048669122122],[85.50775594623039,24.32334042448073],[85.50289492182483,24.325261160798217],[85.49617477977903,24.325221813876855],[85.49274822827749,24.32582895119263],[85.48744733966149,24.32809786476886],[85.4871499997874,24.329559998826756],[85.48124999917864,24.330849999596808],[85.4770100008829,24.329200001631314],[85.47180999946747,24.325029999526144],[85.46640999977217,24.324329999769596],[85.46580000069649,24.325189998816054],[85.46422999960153,24.332179999043017],[85.46233000103254,24.333230000485468],[85.45632000012361,24.333440001394532],[85.45227999960004,24.337119999124727],[85.45160999943278,24.337260000917396],[85.44624000025946,24.333290000539417],[85.44417999929361,24.333459998627546],[85.44074000033368,24.33571000142999],[85.43560999980419,24.33302000127209],[85.43427999980346,24.33551000105867],[85.43473999913114,24.337310000483303],[85.43725999992468,24.340120001183827],[85.43709999944325,24.3419599991719],[85.43434823705984,24.343156469989214],[85.43385000016862,24.34677000143918],[85.43526000012122,24.350579999921404],[85.43427000050205,24.352870001511445],[85.4312699994122,24.35327999863331],[85.4291500003323,24.352640001006723],[85.42526999974518,24.35586000043715],[85.42330800011756,24.35555799993836],[85.42068000016627,24.357669999470524],[85.4185199996854,24.358550000965852],[85.41521000000145,24.358680000578435],[85.41472999969146,24.360189998528437],[85.41518999978767,24.363239999705545],[85.4142299995777,24.366390000135564],[85.41739999942696,24.368839998627916],[85.42048999994857,24.374400001492873],[85.4211699999716,24.376749998274967],[85.41800000056281,24.378279998696968],[85.41150999960988,24.379520000957925],[85.40840199930767,24.378163999554623],[85.40981000092864,24.383349999615383],[85.4097749998787,24.388669999593805],[85.40353000003981,24.39129000073312],[85.40067000013,24.392920001135163],[85.40090999986003,24.397369999643804],[85.40193999903508,24.400250000055358],[85.4044699989289,24.403840000091442],[85.40929000000976,24.40768999955474],[85.41708999915345,24.407690000878915],[85.41782999988992,24.406669999189635],[85.42202000010539,24.40545999854587],[85.42447999966781,24.410890000099034],[85.42670999968662,24.41498000084605],[85.42908000031412,24.421789998719966],[85.42997000044316,24.423150001318312],[85.4353500000595,24.422489999285194],[85.44203999962647,24.419790000077597],[85.44222999968606,24.42149000019022],[85.44056999969543,24.424329998893814],[85.43931666667115,24.425290000570698],[85.43581999950003,24.425739999223634],[85.43340999944768,24.42720000088212],[85.429950000314,24.42848000087964],[85.42962999991367,24.433889999961213],[85.42869000098817,24.43529000017141],[85.42558000022011,24.436770001792205],[85.42135999918185,24.43752999875314],[85.41758000019519,24.4399000001999],[85.41305999990307,24.444890000599315],[85.41061000070108,24.45109999923468],[85.40998999951044,24.456309999888145],[85.41174000059496,24.47310000126554],[85.4115099988396,24.475340001132253],[85.40922000081497,24.480829999357926],[85.39755000025806,24.480179999271474],[85.39111166770935,24.47959333373786],[85.38733000025947,24.47491000115163],[85.38514999970238,24.47082999909672],[85.38352000077313,24.4696300009897],[85.37268000074786,24.468319999449612],[85.36765999997493,24.470199999059744],[85.3617400005545,24.46858000016572],[85.35433999986581,24.469479998065243],[85.3515100004184,24.470363999525514],[85.3486399998181,24.473119999953987],[85.34533000058418,24.471429999653143],[85.34526000025156,24.47449999986164],[85.34377000059139,24.476199999946473],[85.33600999945934,24.47946000060018],[85.33157000017162,24.481630000776185],[85.32915999973696,24.484040000921578],[85.32827999978177,24.487240001559528],[85.32850000066438,24.494000000248437],[85.32956999963646,24.49659000038233],[85.33014999999814,24.5014200015042],[85.33238000028133,24.506240000666274],[85.33411000028394,24.50620999939199],[85.33861999993397,24.50864999995677],[85.33947000036704,24.51200000086627],[85.34262999942405,24.512510001193647],[85.34534999993679,24.512089999976997],[85.34749000012921,24.51310000046979],[85.35177000037119,24.513589999534872],[85.35661000009137,24.515360000255406],[85.35490000022628,24.51985000033747],[85.3542219730468,24.523512135997837],[85.35737856941087,24.524870452024775],[85.36153322350975,24.524306564842032],[85.36532939268614,24.525305619110114],[85.37320255033264,24.52473144562242],[85.38031773145318,24.52681682200249],[85.3850621372604,24.5285761975658],[85.39099619879741,24.53010995673791],[85.39174590217337,24.529871982012246],[85.39273079595942,24.53269094416139],[85.39216299616163,24.534917464664908],[85.39434780818257,24.53950922473609],[85.39676336173694,24.540041329510036],[85.39755528771238,24.544759444895625],[85.39324901063912,24.545970689352767],[85.37911595344885,24.551146815744584],[85.37316382770878,24.55263573332065],[85.37109594319821,24.552768551882366],[85.37096728135658,24.555201065017904],[85.3808200372966,24.555846078569004],[85.38453982256405,24.55539561925677],[85.38560314989698,24.551336551187184],[85.38943885196561,24.548763562945407],[85.39282118640719,24.548312496800403],[85.3997673533062,24.54545794454391],[85.40116389431991,24.545177781418857],[85.40484457645863,24.541444001372227],[85.40892052974947,24.54067117174278],[85.4134409481603,24.54105376107246],[85.41512573740167,24.539538361276307],[85.43195757678727,24.531494135799242],[85.43004301338313,24.529464999848525],[85.43452607094227,24.527969634435394],[85.4340638168535,24.531121978153],[85.43667148524746,24.533921646797808],[85.43914220375798,24.53292413731933],[85.44427968384225,24.5340143030664],[85.44605384939102,24.535645508360147],[85.4485050580752,24.536562707590733],[85.45378060421014,24.537142294598475],[85.4583821421779,24.536016359253274],[85.46067387109453,24.53642533142279],[85.46473876336162,24.538597539278484],[85.47101249050083,24.54433497259426],[85.47792369811165,24.546467310499686],[85.48250311663604,24.546130050676876],[85.48696966872478,24.54650145159078],[85.49107700944548,24.548001529411085],[85.49350420444004,24.547029103736477],[85.49846861585982,24.546389694268473],[85.502578443381,24.54374606321176],[85.50601445614127,24.540231405971547],[85.50863195687893,24.538247236150177],[85.51027220184847,24.53483493745159],[85.50978859007729,24.531235993632095],[85.50762195479118,24.52636366824348],[85.50861162098882,24.524862025577452],[85.51294453353144,24.52596472214169],[85.51825049065809,24.526181908336937],[85.52223159393651,24.521765452745402],[85.52385994136799,24.520899768067093],[85.52714686994767,24.523449177299664],[85.52974910876387,24.523598336864026],[85.5358752073881,24.527345138203312],[85.53841575482565,24.527621268755528],[85.5417436235755,24.53180309465942],[85.54340821008536,24.536922957573942],[85.54359832168342,24.540638144962628],[85.54525922986025,24.54399297086154],[85.54570033886971,24.548732928121517],[85.54465183337612,24.552316545975255],[85.54398758614198,24.556929617283817],[85.5425985071833,24.557624277172618],[85.54096630944083,24.562303915675493],[85.5448918441431,24.563064655168077],[85.55104351852458,24.559880845717583],[85.5564051250165,24.558009197983075],[85.55899559698875,24.555216880435037],[85.56014408129488,24.5527203099389],[85.56115943475734,24.552954780354014],[85.56169525358507,24.55829601494267],[85.56575743814264,24.5578244082795],[85.56784011801362,24.558050864398112],[85.57212231399937,24.56222795058122],[85.57224086169167,24.565691845369937],[85.57037441463751,24.56775354232234],[85.57001168897645,24.56960759463981],[85.57182855305412,24.572852254820102],[85.5712747037929,24.575419141643323],[85.56740936383056,24.576635529048975],[85.56627076147954,24.57918056062342],[85.56627894890917,24.582724075667226],[85.56714184517097,24.584836985999267],[85.56617827004345,24.586935575385713],[85.56800311298603,24.591377210560108],[85.57030490412761,24.59401948992136],[85.57372731733714,24.596936892640198],[85.5806673687669,24.600690249449357],[85.5848793375644,24.59915214093985],[85.58874565084697,24.59704053806975],[85.59246519600906,24.597218453505064],[85.59379493779346,24.594434800783922],[85.59761763772968,24.596080887988464],[85.60187835238352,24.595675338029825],[85.6072242042975,24.591228435577765],[85.60936414965083,24.59067700332501],[85.61292811783669,24.58642734158725],[85.6124116675595,24.58485668903481],[85.61423772971949,24.5812895000853],[85.62009627451725,24.57996807253154],[85.62450890300025,24.581891379213815],[85.62730341950989,24.581859498307608],[85.63054652778764,24.579624993013976],[85.63287144259682,24.578794256190733],[85.63506810354833,24.579408080964633],[85.63698511455799,24.57791781546175],[85.64038917573181,24.577060257020943],[85.64470836100095,24.576919852648786],[85.64681102763444,24.57588133946189],[85.64834706330625,24.576366636617863],[85.65050712277348,24.575793997594058],[85.65122067363421,24.574612745434816],[85.65307507584484,24.575785461328636],[85.65971486861272,24.578284821178123],[85.66804076212527,24.578969735678488],[85.66914369638307,24.57969070094032],[85.67284661440566,24.585490516575625],[85.67446773454704,24.586559388830523],[85.67757515459972,24.591016394555755],[85.67707292472944,24.595098373015098],[85.67405153657508,24.5974701524774],[85.67532347560739,24.602845698513725],[85.6754730442593,24.606565233193848],[85.67482810498664,24.611205883986607],[85.67596000919063,24.61412157320572],[85.67553588534332,24.61800378061136],[85.6730404680643,24.620987014667744],[85.67214262268135,24.62554323950227],[85.67272723567076,24.627897244375074],[85.67215086172851,24.629763742427837],[85.6699910988816,24.632036890706356],[85.66741805938294,24.63666959035652],[85.66866128198208,24.640494595372857],[85.66540797658904,24.64241434439653],[85.66451316385331,24.643601600858737],[85.6625105228519,24.65000417109789],[85.66479820202238,24.65193877430583],[85.66438920107672,24.654411115568898],[85.66713616752715,24.65690800704816],[85.66667903440519,24.661086206754916],[85.66473822916845,24.6638197309771],[85.66006716168846,24.66701755506897],[85.66038515877318,24.67224949270152],[85.6583490905238,24.672372546595295],[85.65725039327351,24.673630666011956],[85.65453435525633,24.673854885900706],[85.65359020031828,24.676658814835882],[85.6513970343492,24.677797782973215],[85.65001076598114,24.680066402951333],[85.65028812483462,24.681842594322845],[85.64907043355414,24.68448145297882],[85.65309988427006,24.685561087461668],[85.65862873873786,24.686490357819117],[85.66278920388126,24.68817756912148],[85.66653428604275,24.688596343788586],[85.6712432326047,24.689953666098827],[85.67585949909052,24.689642729078532],[85.68141678091132,24.691520995675955],[85.68897452385526,24.698103873000132],[85.69270128174112,24.70454923518685],[85.69703510507246,24.709850683733432],[85.69898937043975,24.71299200230889],[85.70018885189171,24.717436055495043],[85.70542869135242,24.722132707621522],[85.70862393850767,24.726773614800397],[85.70656232186644,24.73120805644316],[85.70689526807918,24.73453519003401],[85.70522168945043,24.734742767600387],[85.70531430512642,24.736320150675716],[85.70673136155318,24.73902879960407],[85.70622178528319,24.740865144335526],[85.7082191315018,24.74162691172857],[85.70887539850943,24.745226969772638],[85.70745096041686,24.74765943667115],[85.70524336259074,24.749806662263005],[85.7040146318575,24.75204705900564],[85.70425476951004,24.762212917787654],[85.7048778015813,24.76697103858578],[85.70960277244967,24.767075330249863],[85.7066758279774,24.76890842213897],[85.70788515548,24.77087504957085],[85.70773753567615,24.77276288488842],[85.70939332746231,24.774798841948407],[85.7094564812133,24.777361822228762],[85.70750342930221,24.779551140291275],[85.71227512781135,24.781003858313138],[85.72169226924382,24.78519147448187],[85.72240363809816,24.785904401747338],[85.72342766768008,24.791315715709686],[85.72367133061458,24.797048917662565],[85.72840241620295,24.797636247502183],[85.72937729012722,24.798560944821705],[85.73083938795577,24.802441831103117],[85.7302970594912,24.803544520661642],[85.73067102625927,24.812570688433155],[85.73505833830185,24.820065533757806],[85.73672567198224,24.82071429056759],[85.74160143382623,24.819767158062128],[85.75352855915148,24.81484408998822],[85.75581293801119,24.813491337531353],[85.7609544862262,24.81345116969273],[85.76858053164639,24.80758650395957],[85.76766763826734,24.804861004325847],[85.76895056582877,24.803231924036997],[85.77434881568628,24.79946794437731],[85.77814445987168,24.796476654410586],[85.78045878238096,24.798880472151644],[85.7834684628408,24.79843199386865],[85.7899115626666,24.796097792559824],[85.79552956706453,24.795284952473963],[85.80116930720126,24.795158634669242],[85.80957792978018,24.79408789430214],[85.80989494802623,24.79742358298617],[85.81075828556611,24.799443594084323],[85.81326070369215,24.802515945392045],[85.82013472977397,24.807960568677377],[85.83315030740096,24.8088412699262],[85.83797040044252,24.808518888192182],[85.84127702532285,24.809173866763576],[85.84909568225298,24.808140756271317],[85.851362804656,24.808578503367613],[85.85503109393343,24.808337961092537],[85.85839015352956,24.8075434198359],[85.86046079359058,24.80624859916346],[85.86729210102249,24.804613705962737],[85.8721691452258,24.80185811649018],[85.8797952764989,24.798084280851135],[85.882540989348,24.797350539021224],[85.88783578949234,24.794388234771176],[85.88964137967363,24.792658226647067],[85.88930892607502,24.789932017541688],[85.88627325428544,24.787306535907877],[85.88657659139153,24.783916549625005],[85.89161050117762,24.77922698354176],[85.8929963747262,24.778473957640017],[85.89771005237611,24.774531529040164],[85.90284511347015,24.76654088606163]]]]}},{"type":"Feature","properties":{"id":"20-238","name":"Latehar","source_name":"Latehar","state_id":"20","source_agency":"Survey of India (SOI)","district_code":"335"},"geometry":{"type":"MultiPolygon","coordinates":[[[[84.96607458826465,23.715518182541615],[84.96414866330426,23.71261270114531],[84.9642956790117,23.71135058943439],[84.96627028516569,23.707322626335102],[84.96598348911645,23.703680252224892],[84.96464206984648,23.701658308292494],[84.9633990746574,23.69772346750229],[84.96063986880237,23.69598985377931],[84.95698452763585,23.6978646305199],[84.95340732071023,23.69839526496247],[84.95142593862352,23.702847299163746],[84.94984269880453,23.703142357733334],[84.94526443158085,23.698552403018372],[84.94240048500333,23.694394121850323],[84.94087267993078,23.69302859240575],[84.93774047587421,23.69269800317388],[84.93526971395995,23.690209286306366],[84.9344571834277,23.6857653753029],[84.9368423602947,23.681833556152927],[84.93565311587048,23.679533455617126],[84.93251114844225,23.678597725097294],[84.92906988224853,23.676132122470243],[84.9267018060063,23.672750833420157],[84.92474301601422,23.67202034446139],[84.92255800684724,23.668858104172347],[84.92287728183935,23.66601842162232],[84.92492620564244,23.66414079631282],[84.92456890517771,23.660073125914657],[84.92306755529879,23.657073521309343],[84.920196252057,23.65469900802829],[84.91984134130024,23.653445938132176],[84.92077914391699,23.650542217365956],[84.91985009710407,23.648552522601506],[84.93037282441276,23.64316776931162],[84.93452916265773,23.64185980022359],[84.94292518544142,23.63806252623644],[84.94394487338842,23.62947099320222],[84.9439047008151,23.623881632259735],[84.94239940605382,23.619871019120122],[84.94519785588756,23.618878825174427],[84.94612556032565,23.615938667415808],[84.94545588583175,23.610494525636096],[84.947436065559,23.607920360675912],[84.94542808347727,23.603478714812844],[84.94622764463433,23.601845795948734],[84.9451015573504,23.601795103561855],[84.94424426815299,23.59895767199793],[84.94430790338507,23.5961325462497],[84.94148746929989,23.592294029918488],[84.93896792516318,23.58989509586021],[84.93782938300843,23.585645565195165],[84.9336114210836,23.572849875342108],[84.93517835803856,23.569737750878392],[84.93342576823092,23.56656340504948],[84.93702432720953,23.561925290775562],[84.93470927470074,23.554635323963677],[84.93567827232377,23.551533288759543],[84.93458970498016,23.550372210807538],[84.92965746376376,23.552013067044594],[84.92426885171166,23.555254829417866],[84.92305362076111,23.552186878610744],[84.92043471497715,23.548702898079906],[84.91902611907597,23.54492446167705],[84.91781763113894,23.544487605708238],[84.91729720457192,23.542088014759596],[84.9161075592305,23.54176513071705],[84.90982322284725,23.542095527492044],[84.91008238482489,23.544411029131766],[84.90904401265449,23.552477800732834],[84.9088455956235,23.55635741730133],[84.90787645226281,23.559423148273037],[84.90861592534398,23.56344188761434],[84.90788277671449,23.56551764799594],[84.90854233075531,23.56685375447044],[84.90775183008408,23.568531474790824],[84.90912423744942,23.572170447398157],[84.91054286679989,23.572586743687154],[84.91087670547144,23.57532244569995],[84.90890215300726,23.577539506556644],[84.90964524160678,23.577933204050566],[84.90762026923034,23.58116083393243],[84.90595257405566,23.584971370375488],[84.90479806126102,23.584932861289932],[84.90505764128902,23.581532533174954],[84.90273913277996,23.57870730569233],[84.90182272307715,23.57551198874774],[84.89958681656488,23.5719786948188],[84.89742757436858,23.564248029104533],[84.8969124045505,23.5596906031102],[84.8951395680101,23.55785195045925],[84.89039854874035,23.557896004644324],[84.88536101859376,23.558721450463256],[84.88493282034058,23.55915798822403],[84.87904153550586,23.559788185981645],[84.87665138370642,23.55970562297978],[84.87523627594379,23.55151295099219],[84.87516105011315,23.549339302683585],[84.87278001767646,23.547205119438832],[84.8733508644531,23.545558068769516],[84.87250326829697,23.544086625571946],[84.86845033732588,23.544943712528987],[84.86646243866385,23.54114281980749],[84.86118225259887,23.54292996830666],[84.85918948780818,23.540857534613156],[84.85710892950856,23.53669035468602],[84.85800388794546,23.53304170930139],[84.85111240360322,23.53494735750254],[84.8477952028641,23.535419817764947],[84.83715870401815,23.53992957278059],[84.83385238186526,23.54260735034153],[84.8330121975635,23.544671729735448],[84.82981447006942,23.54445504573899],[84.82087778292616,23.546483078827563],[84.82210549344991,23.549578602870586],[84.82003020334346,23.55094785676976],[84.8213591241301,23.555644309795525],[84.82122625997546,23.55776405705466],[84.82317902722195,23.55991305468693],[84.82285738574204,23.56119400837583],[84.82018325762994,23.563997039989747],[84.82099290799849,23.567168364058354],[84.82257165549959,23.56905019025642],[84.81951354129097,23.56912035720643],[84.81809753762113,23.569851479425214],[84.81608061580687,23.569099978369742],[84.81538477519477,23.5700297348801],[84.809793721817,23.565314236413414],[84.80502393656305,23.5641474256252],[84.80048397854134,23.564000843528486],[84.79869004727776,23.564598893316052],[84.79810172831465,23.56660293903469],[84.80128244188079,23.57094457092603],[84.80069422785964,23.577047904579125],[84.80229151459352,23.57962941849537],[84.80064437318748,23.57906653502474],[84.79628746864832,23.57947951393793],[84.79479001712176,23.576982080652456],[84.79306625757057,23.57638070961424],[84.79477466536542,23.572710246484135],[84.79447150514584,23.56927353381257],[84.79367814842057,23.56888016780266],[84.79369536776525,23.56490042592892],[84.79453041111908,23.560842157643922],[84.79280316420282,23.558367307703318],[84.7933166056287,23.556022740269803],[84.7913881160244,23.55000538041392],[84.79221590906009,23.549753034550136],[84.79174698514504,23.54510266643368],[84.78770841782548,23.545610604732747],[84.78236797153146,23.54958044279772],[84.78236409279386,23.551998434589375],[84.78084238392974,23.55326342098439],[84.78071635324106,23.558400993200213],[84.78121440819125,23.560333620078783],[84.78467646221942,23.56465166706095],[84.78449490837514,23.568886260340072],[84.78538440138699,23.570923553986912],[84.78479744348728,23.57218423781889],[84.78065763643787,23.572075800681816],[84.77783543474301,23.573469190017434],[84.77515319328323,23.57413056558874],[84.77144532573737,23.57759598992934],[84.77231590629357,23.57912699959935],[84.77202082482604,23.58265757329827],[84.76830073855089,23.58360724350883],[84.76516476465156,23.58555615895003],[84.7649160729668,23.587100832853203],[84.76730362043476,23.590062920826],[84.767647883701,23.59180768471342],[84.76674379384826,23.59428642232864],[84.76675245865059,23.596669976907737],[84.76581463124411,23.598076548501332],[84.76378272834036,23.598398547920517],[84.76274761931965,23.60199978370582],[84.76099520762746,23.603150427613052],[84.75914278258557,23.60590248916468],[84.75657286793572,23.606948402635723],[84.75165288686252,23.608145443704412],[84.74535960142146,23.609066985180345],[84.74418102808146,23.611705560963635],[84.74339892736977,23.615188803232112],[84.74489027697003,23.615458501099422],[84.74515471714919,23.61708811406013],[84.74450400995056,23.620209483874355],[84.7449498442089,23.624504249138376],[84.74313356271125,23.627285471222443],[84.74383186251265,23.629706116350945],[84.74313152271665,23.633153280467507],[84.73998351914088,23.632110733475457],[84.73814587196739,23.635572733493124],[84.73684642205633,23.63936027255471],[84.73211718456976,23.64135009805502],[84.73027562812084,23.640221325956915],[84.73053116683741,23.637423573202305],[84.73030740790875,23.632299903263394],[84.72737647887267,23.626319711517443],[84.72490898484982,23.622655528969677],[84.72251119341018,23.620259782476364],[84.71887449245072,23.61858709436928],[84.71285651427424,23.616933872935505],[84.70529915307141,23.613622991619877],[84.69335256770603,23.609959542375375],[84.69008366777503,23.607721723272437],[84.68516852330555,23.605055588400365],[84.67820888238005,23.605965471902195],[84.67962873226158,23.607310976458542],[84.68074783985962,23.612727682569698],[84.68115670821796,23.617923098130873],[84.67928775347879,23.618110445070897],[84.6747688930318,23.62192722250465],[84.66472312039525,23.62612877744918],[84.66329085198181,23.628010318509354],[84.66164044001043,23.631541179653233],[84.66131686163553,23.634638292910108],[84.66149557270269,23.638918100067247],[84.66218701658953,23.640637965100254],[84.66136267248285,23.643531179860524],[84.65892970133254,23.646236794794838],[84.65939087731675,23.648069640890075],[84.65765087667563,23.649689013615426],[84.65417798804124,23.655167713709695],[84.6507923019798,23.659150188506214],[84.64847937407853,23.66123179219297],[84.64429184833351,23.665976281501983],[84.64133675136625,23.668764351579586],[84.63996846117294,23.66527103663341],[84.6313350549155,23.66455614963635],[84.62801450816522,23.66380764199369],[84.62751432615597,23.662484060484438],[84.62606110421831,23.662770853446734],[84.62386908496929,23.660829196558883],[84.61885127175161,23.66208681268809],[84.6161754332826,23.65942752475546],[84.61296636753976,23.658588241633126],[84.60910401319904,23.66086539989937],[84.6062826626748,23.663050387082233],[84.6061608898686,23.664207882540737],[84.60180658618314,23.667754038447136],[84.59875496358895,23.668111711408017],[84.59548138235054,23.66539339351632],[84.59301798525387,23.66644394667858],[84.59212896633957,23.665004439492858],[84.58992215451316,23.664499328948605],[84.5925765104422,23.658476458075828],[84.59155565940742,23.65262822165507],[84.58829033038974,23.650082883827633],[84.58673755016731,23.64758590977859],[84.58615621499982,23.64121568248521],[84.58313063188919,23.632767546892936],[84.58476375548655,23.627378104580895],[84.58354586980157,23.620059673882015],[84.58183220626047,23.616388850885386],[84.57427719995705,23.616318764940523],[84.57199600773423,23.615017335470323],[84.56883871147703,23.616100291467674],[84.56367459661621,23.616134439959],[84.56007785299019,23.620854940184174],[84.55600821996794,23.627544137929302],[84.55297645934513,23.62962860531755],[84.55184311721092,23.63212907079343],[84.55482512754672,23.636437375053266],[84.55549899753494,23.64097031300414],[84.55315589062579,23.646379499498988],[84.55051581163141,23.647976793207583],[84.54819064188911,23.654422085219647],[84.54502964809639,23.65466283773649],[84.54555122800674,23.656888589707012],[84.54480600698639,23.65852887438023],[84.54522114204497,23.660687086490736],[84.54201824207207,23.664265176864088],[84.54016157431471,23.6671490167889],[84.53789915686136,23.669481676247422],[84.53447528730034,23.670674624269065],[84.53239876848315,23.668100064116796],[84.5244137359578,23.669396671949745],[84.51610831596848,23.671457383660343],[84.51516011775722,23.673485325858866],[84.5122629807351,23.67465547242158],[84.50745365330197,23.675175555678564],[84.5057142236753,23.67451060344399],[84.50343830661879,23.67542837519063],[84.49793428093373,23.67344081594908],[84.496725592509,23.67214435539796],[84.49394415795001,23.67145643588982],[84.49376125082418,23.66797511702376],[84.4903240069246,23.66181568680901],[84.48479791295259,23.663855420961347],[84.48048910497243,23.66322195932972],[84.47579751632114,23.6618797756783],[84.47433100631328,23.65920418474443],[84.46919799263893,23.658479886973193],[84.46424205719322,23.649990899112318],[84.4626335891564,23.648511098402924],[84.46209765526368,23.64581612314082],[84.46106530938246,23.645127399199527],[84.46231088708171,23.642321710096873],[84.46145039597371,23.637386915587786],[84.46302000003071,23.63280904958854],[84.46552036625158,23.627507514303606],[84.45820979277039,23.627895318026646],[84.44992262910591,23.633857637759757],[84.44300983713585,23.635078496551017],[84.44210702516955,23.6372810765205],[84.43984401537023,23.63396966030423],[84.43636410223384,23.63117871704549],[84.43535289186289,23.629428883245136],[84.42869579598948,23.63188970505811],[84.42562213773964,23.63348512383897],[84.41631197003676,23.63415606824374],[84.41366936697905,23.635746881533272],[84.41104587105244,23.63907260789532],[84.40747306260977,23.63801365707044],[84.40123209189903,23.638787342332375],[84.39950033717396,23.637243516664654],[84.39696662349056,23.637997459288897],[84.39493706923055,23.633419961691935],[84.39532416386928,23.63244020236377],[84.39576696550579,23.624471318695672],[84.3973266008111,23.621863287523],[84.3978549369407,23.618051779039376],[84.39733992037482,23.614977463120365],[84.39809244299688,23.61185012028871],[84.39750425211717,23.609426364379377],[84.39910369968214,23.604813654453306],[84.39821967388825,23.60297747807457],[84.3864022768622,23.605656420228748],[84.38553340006781,23.60524407397299],[84.38140268472542,23.607737724758866],[84.37749171182301,23.6049114978964],[84.36889178094475,23.606479889544847],[84.35730637904199,23.608978443006528],[84.35313794632157,23.606300571389696],[84.3512390214639,23.603652386024873],[84.34950891467867,23.599446856588976],[84.34755926548851,23.598958878907897],[84.34109003653364,23.5994834373365],[84.34248158232226,23.595997025441907],[84.34019408176435,23.594482472942136],[84.34087406338466,23.59177943640369],[84.34243179863866,23.59063652787058],[84.34067500381795,23.58470940322683],[84.33795187824776,23.583444726793534],[84.32690596221826,23.580597981127486],[84.32293484012109,23.580167299534804],[84.31770346737825,23.580287392489076],[84.3172732179524,23.57840469993016],[84.31791700235249,23.574765675348335],[84.32074497817932,23.569069625791528],[84.3227506255426,23.562885209556875],[84.32427009719031,23.559626174576017],[84.32645691561454,23.55264723324584],[84.32661204630035,23.54338378432377],[84.32703975974019,23.5385617508017],[84.32621766109733,23.532099262543614],[84.33056317674374,23.530319034109613],[84.33145472786472,23.52936668521593],[84.3304371134241,23.526901404521475],[84.32663437778132,23.522263748873435],[84.32536902981381,23.51485477637055],[84.3253625806209,23.51161820497749],[84.32873873975566,23.51026197368334],[84.32964247457153,23.50814139579841],[84.32792313991679,23.505090273586088],[84.3275388658496,23.50282253328438],[84.32822332068459,23.496271086287685],[84.32703342505921,23.492537584702333],[84.32439251999408,23.491901183678067],[84.32032737897555,23.492547085507823],[84.31616422883191,23.493734589104307],[84.31509202579582,23.491416110383653],[84.31777786699276,23.490773847898907],[84.31820145594038,23.489365726973773],[84.31638911909346,23.486804502121288],[84.31627176087943,23.481962383680358],[84.30867993364515,23.483723306694074],[84.30048380608076,23.484224028107967],[84.29880042221609,23.486187215652993],[84.28943962605551,23.493527055059367],[84.2859508092909,23.490184606704783],[84.28613551729981,23.48860122876784],[84.28458075255125,23.48560361240503],[84.28318328039943,23.474354981130414],[84.28233997468688,23.470404443392166],[84.2806254422955,23.46701379879861],[84.27968531120493,23.468613902414496],[84.27619350894919,23.471323817710594],[84.27514149385131,23.471611879641443],[84.27396443834664,23.46736450117904],[84.27598334594423,23.46767933912433],[84.27556999204629,23.466398535486057],[84.27208126239626,23.463214470600196],[84.26915743505812,23.463243343583066],[84.26809163973056,23.461463384158343],[84.264611813277,23.461023051243036],[84.25566242803474,23.458844019903193],[84.25233850396748,23.45447117917787],[84.24796600798116,23.451388644671066],[84.24472128810302,23.44485073346014],[84.24495763180025,23.442417971755287],[84.24733743329801,23.440871420958064],[84.24867954087314,23.438412945244934],[84.2505566940688,23.432317495923296],[84.2538996495158,23.429300048200496],[84.2535543028152,23.427033367749676],[84.25452588474124,23.423873867886634],[84.25321437735496,23.419626379273332],[84.25203811937344,23.419052912892035],[84.25049932236591,23.413482308713796],[84.25006772189754,23.40822877633298],[84.25080207925728,23.40737231780988],[84.25213681429175,23.402320117623837],[84.25244444533956,23.39954699314384],[84.25195328174807,23.39689056318141],[84.25365170682406,23.395783188081765],[84.25535570336318,23.393251115763157],[84.25525116448256,23.38981981464737],[84.25652863428567,23.38463065026577],[84.2589657245584,23.38208677808834],[84.25768987282143,23.380896043265583],[84.25815652741095,23.378223755177125],[84.25611014616251,23.375341723435955],[84.25627933431765,23.37276808698409],[84.25303318555642,23.373734137020303],[84.25015656312469,23.371964602223414],[84.2484431124876,23.368568082458467],[84.24647188028763,23.36641124992907],[84.2467102512135,23.362941443452165],[84.24619814514087,23.36191156104877],[84.24679539792037,23.358969316010015],[84.24645043992355,23.354981874367066],[84.24211286475918,23.354370595444646],[84.24335055637427,23.350086720919368],[84.24018824856263,23.34733950475454],[84.2365675537466,23.347381248680588],[84.23417629634777,23.346685692515567],[84.23339327429763,23.344926308176706],[84.22766518732529,23.34475630544235],[84.2244236871627,23.342526915050698],[84.2243143714031,23.34152293502763],[84.22044881735144,23.34020417318228],[84.21412508935225,23.340023231151164],[84.21181620636344,23.338759706865687],[84.20698162898788,23.338988198923133],[84.20112565444666,23.338069411259514],[84.19793117237766,23.335458506346093],[84.19467693041179,23.327235056656722],[84.19200998752723,23.32510416882652],[84.1857155437473,23.32528037810124],[84.1817433199154,23.327375054412755],[84.17750858944949,23.32816928974472],[84.16815904945453,23.33129512163224],[84.16612752736714,23.33167416309726],[84.16010868101627,23.33381770847926],[84.15175753941489,23.335971917321356],[84.14882169823854,23.334924949868356],[84.14751838874376,23.336483287787402],[84.1410400575861,23.339195069254913],[84.13695428494327,23.339661906880018],[84.13381820389621,23.34050703537552],[84.13229635217327,23.341733696728586],[84.13049291335322,23.34594957781489],[84.12673681042334,23.34709204244718],[84.12162640682267,23.346643254713165],[84.12004367579704,23.348951712759565],[84.11475658659788,23.350328260892304],[84.11306894376777,23.348016710873825],[84.11363250319735,23.34648538163948],[84.11193748782715,23.342823866495934],[84.10962241915628,23.34250398895413],[84.1063759923754,23.343344731326937],[84.10543809129693,23.341416790431456],[84.10366725626663,23.339779550867966],[84.10035759375533,23.33993166474824],[84.09485204249245,23.334382029666017],[84.09446120521281,23.333040026909384],[84.0961731482683,23.33102627870335],[84.09097356412829,23.331774812330103],[84.0872444494166,23.33157908862914],[84.08508871616145,23.33205797649246],[84.08077673820304,23.33192795864834],[84.07838291124573,23.33256926608344],[84.07600992158272,23.332223766871024],[84.0746455367508,23.333408339794136],[84.0692193364003,23.33752420418232],[84.06754438995426,23.340549354049624],[84.06706684150606,23.3433179784681],[84.06239239572092,23.347522180793774],[84.06006835255738,23.350265426879094],[84.05826056861075,23.351554349988145],[84.0541355368294,23.352285515470992],[84.05389119226214,23.354276625215157],[84.05239221571362,23.35642316337374],[84.05164967183183,23.35953015057833],[84.05304793883342,23.363022577286632],[84.05237926182518,23.367240523017852],[84.04921323471497,23.368446388053073],[84.04730680993424,23.370662082433004],[84.05013712659786,23.37220008744488],[84.0509622347124,23.374509472939746],[84.04065114236833,23.37756267916307],[84.03626212889318,23.378508951467598],[84.02518391624596,23.37768362649694],[84.02325223678966,23.377887976656236],[84.01528476124133,23.368768248302157],[84.01421288545573,23.36425357569725],[84.01324290880534,23.36216835821544],[84.01161712774072,23.35370204278956],[84.00571113898354,23.35387069196658],[84.00367334360983,23.354824897795588],[84.00303247309446,23.35706754068981],[83.99956018253367,23.3573755684141],[83.99686738711388,23.358747230581983],[83.98953212816683,23.356831665744053],[83.97454127602285,23.362928470146432],[83.96928716882124,23.366818835563468],[83.96339636546031,23.377389947334514],[83.96234487155976,23.385346325750834],[83.96945456973836,23.393840878297766],[83.97036772894225,23.394324871043686],[83.97067745779566,23.39693235163068],[83.97199404856335,23.397933781199665],[83.97147771670255,23.400941369244],[83.97215397083967,23.402674117801357],[83.97482996453456,23.402889179741777],[83.97572830351822,23.40703987853112],[83.97652580255196,23.407298957775385],[83.977414185801,23.41109073311155],[83.98018438509251,23.41278867271644],[83.97816871183312,23.41408046038006],[83.97974657065119,23.415983180370237],[83.97989988394424,23.41804624656206],[83.98089898141936,23.41940455809593],[83.98042599105713,23.421287470380616],[83.98166392555736,23.422247063954412],[83.97955763708026,23.43201990761651],[83.97558980105114,23.44349414547636],[83.97258940697978,23.454978007986742],[83.97100607958865,23.46692248727006],[83.97618329612963,23.47583063864707],[83.98987143546597,23.482232187909855],[83.9979979405177,23.486287531522454],[83.99867343584057,23.489296625551276],[84.00110796181664,23.493931284702295],[84.00089597873486,23.497002919532587],[84.00529015366978,23.497843749556978],[84.00658144558524,23.499592213465633],[84.01047224788292,23.500489671423438],[84.01469101173399,23.503620392883164],[84.0151633365782,23.508997612028146],[84.01654922824846,23.511461214990888],[84.01701902270577,23.51384783865476],[84.01868563680011,23.518169316376724],[84.01746320816312,23.522421664885414],[84.02013221418935,23.52661874971238],[84.02158630125159,23.52767541465021],[84.02091696741874,23.531024607132576],[84.02327723756277,23.53372856905402],[84.02419973787006,23.537810136342067],[84.02564142055445,23.53872582681577],[84.02687106310536,23.544330345575037],[84.0279973222113,23.545511571186918],[84.02749447009947,23.54979693600392],[84.02653747146923,23.55294626948963],[84.02445298946198,23.55548097674283],[84.02644865038484,23.55680801642452],[84.02972018684017,23.568124813053096],[84.02875146250811,23.57160825972108],[84.02804500884656,23.577767548338226],[84.02918218729575,23.579807792366754],[84.02849852026333,23.58399495862987],[84.0297706252528,23.585760674741145],[84.02812558095154,23.591160931727565],[84.0284720939474,23.595879044306717],[84.02995947136301,23.600148786832477],[84.02837266645648,23.60232038334056],[84.02621575398959,23.60244600654579],[84.02078892175957,23.60449914652288],[84.0182558281406,23.607618655505835],[84.01663383963238,23.60873146087914],[84.01599790793162,23.611892257874356],[84.01107942772619,23.62061157130998],[84.0077362507835,23.62226986167082],[84.00872175193038,23.627858753664963],[84.01393304890736,23.630208295862175],[84.01657314462263,23.634355265142165],[84.01928624424943,23.63646594254802],[84.01941062058265,23.638760520353514],[84.0227634345441,23.642100772126824],[84.02620952822222,23.643926706960453],[84.02733702916004,23.646050969715358],[84.03127573822745,23.649059449686618],[84.03881149926313,23.655484584944798],[84.04258437373282,23.657614284890627],[84.04677689214081,23.658515415648196],[84.04805935248258,23.65986650294044],[84.05116226327137,23.660430913787955],[84.05399290705401,23.664401467568258],[84.05496355496356,23.66655871802597],[84.0550313334311,23.670747405882647],[84.05715675271703,23.671209715256374],[84.05809140916782,23.67739353948288],[84.0589691201172,23.67976557207356],[84.05983456850285,23.684438738084612],[84.0629793859416,23.688415081577862],[84.06794431881258,23.688130172524357],[84.06817787129677,23.693468085450306],[84.06625133202002,23.695042496183646],[84.06338454855984,23.693521635872838],[84.06310675981535,23.691919017506628],[84.06156579081012,23.690716593037227],[84.06051526259414,23.691238074524765],[84.06096894925729,23.694612852771524],[84.0619148960227,23.695695763230074],[84.06247600715325,23.694271500434752],[84.06337499103547,23.696024734570088],[84.05737678274055,23.700094683022524],[84.05613999189907,23.699746292259317],[84.05573616269702,23.698087127275958],[84.05242544293691,23.696264302387288],[84.0500494520544,23.69384560053766],[84.04673706928082,23.693412432006415],[84.03872262055219,23.696372702601966],[84.03678976374745,23.696471080548815],[84.03180048190437,23.69478718021251],[84.02975954567621,23.6944682529776],[84.02252977778492,23.69522272147746],[84.01368006597397,23.70041266431367],[84.01123335188495,23.703280248192968],[84.00932450141748,23.707051666115458],[84.00530510698319,23.70924799838563],[84.00061736940643,23.709806865674537],[83.99654464019936,23.715178525228335],[83.99510628645865,23.715502497740058],[83.99287903280738,23.718550824702582],[83.99016722453065,23.718456631355323],[83.98902942080655,23.720203229489666],[83.98434677320728,23.72350504301137],[83.98160091215881,23.731221150100197],[83.98221960257113,23.733299746998007],[83.98398114139931,23.735129984930147],[83.98946035478656,23.738557657115425],[83.9949405252872,23.742815384746002],[84.00003655949438,23.74502612659281],[84.00272432025949,23.74538510992391],[84.00638846925615,23.748851197747914],[84.00714669849647,23.751769681515512],[84.00615105462423,23.75672276984856],[84.0070840695581,23.76179439456802],[84.00851507113997,23.76484186100724],[84.01576882637706,23.77134771758982],[84.01843758768574,23.774287029753857],[84.01973013331275,23.776513886577757],[84.02351801845904,23.780268912446484],[84.02372875574865,23.783503685736914],[84.02240421305846,23.78654630505461],[84.01889113451593,23.790512318244744],[84.01761556429534,23.79268961599247],[84.01719940928946,23.797109265006632],[84.0186716123049,23.801418411998757],[84.0223070456684,23.803284515220888],[84.0257750335379,23.802696335128697],[84.02823053821972,23.800718524010033],[84.02932759319324,23.797761621155885],[84.0306062502334,23.796306270628538],[84.03272114573215,23.795597984440423],[84.03534118225785,23.796397345051652],[84.03787360190047,23.79846746650864],[84.03981870111078,23.801789666120513],[84.0408718749915,23.80681842249077],[84.04286020868953,23.810836241331167],[84.04528214500971,23.8130395154066],[84.05259091780395,23.814722592000184],[84.0551467628255,23.81621533123717],[84.05527162683495,23.819376259319487],[84.05301538733654,23.825027514251502],[84.0503986428511,23.830121360527865],[84.05022372572195,23.833953388123625],[84.05234716530691,23.836659432229254],[84.05669378559831,23.840249839400574],[84.06041197139974,23.84286568822883],[84.06228566946727,23.84809953737027],[84.06250909276488,23.85559411377758],[84.06323450194489,23.857367706927494],[84.0648828023233,23.858680611738528],[84.07036137380781,23.86114936430507],[84.0808179013232,23.86350488274234],[84.08565181360105,23.86440506849538],[84.08948809629781,23.86677343316397],[84.09318689191818,23.87120224511746],[84.09509523146623,23.87451417732952],[84.09772918531412,23.87742474772101],[84.1047227853026,23.886851818068944],[84.11026393156013,23.89190149257156],[84.11695076164492,23.89885868298282],[84.12215307627442,23.90019252392154],[84.13485326376112,23.902329317675374],[84.13768238034656,23.90506701909085],[84.13920367352861,23.90819985982415],[84.14073812303583,23.913859852774042],[84.1421065194929,23.91680933078116],[84.14474240616796,23.91971023283318],[84.14562135789534,23.922154188291387],[84.1450995802017,23.926692181122693],[84.14233924627172,23.931659465073192],[84.14163068128694,23.936637023934946],[84.14006211463037,23.941427038943388],[84.14071424249912,23.94569892385912],[84.14201899976729,23.945750255754728],[84.14403652120714,23.944208417820025],[84.15029946903874,23.941608308440667],[84.15647964969116,23.94098285824261],[84.1629235393134,23.93862023407517],[84.16552022965232,23.93886665261411],[84.17302603051398,23.9382288993039],[84.18308631790076,23.935727058157703],[84.18613509856017,23.93321706083981],[84.18994005591617,23.93071457547235],[84.19296244643076,23.92943412599998],[84.1950462624743,23.926602190717038],[84.19639798179306,23.921293034025545],[84.19790479376596,23.918561063034165],[84.19961964902723,23.917128078891075],[84.2014138233855,23.917116396290478],[84.20660998670728,23.918491687582836],[84.20936088513386,23.918857579958335],[84.2119466734861,23.917767270225895],[84.21359761003009,23.91586588291531],[84.21463844613022,23.912653687066697],[84.21464524831792,23.909609277483234],[84.21399000003575,23.90908000064731],[84.21325999984921,23.9055399995792],[84.2133699994288,23.901499999409705],[84.21663999956894,23.898310000881175],[84.22027000051911,23.896650001677227],[84.22329999967968,23.896020000765745],[84.2287399992536,23.897560000539755],[84.23474999980752,23.899730000241235],[84.23702000081543,23.899229999361562],[84.23957028414723,23.895756792100386],[84.24075039478315,23.89195122429705],[84.24423000064404,23.887589998545568],[84.24718000030067,23.883290001121694],[84.25404999937489,23.883170000021227],[84.25922000010554,23.88280000050847],[84.26279000004023,23.88141000104746],[84.2659800000798,23.882119999984734],[84.27186800036341,23.88233800019974],[84.2737700000174,23.881440000864956],[84.27539000035227,23.879279999423268],[84.27554000006914,23.877040000617605],[84.27695799981116,23.874836000434026],[84.27740000004862,23.8722400005665],[84.27682000030573,23.870199999661885],[84.27517000017887,23.86809000053888],[84.27503000050781,23.866390000288856],[84.27634000028088,23.86620000127704],[84.27959999927056,23.868459999504534],[84.28184999967804,23.86930000093622],[84.285349999624,23.868779998824568],[84.28680000055412,23.869470000970374],[84.29065000058107,23.869170000233577],[84.30237999985928,23.8666900008954],[84.30467686091492,23.867356273809747],[84.30976000014975,23.872439999998548],[84.31200000033037,23.875439998887718],[84.31801000016009,23.879219999077065],[84.32191400059114,23.876898000447376],[84.32493000016215,23.877309999742035],[84.33147000022082,23.87757000104655],[84.33240999976566,23.87873000100628],[84.33247000014536,23.880770000086613],[84.33151000009885,23.882320000754515],[84.33025000023841,23.886920001452513],[84.32503999972373,23.89474000162713],[84.32602000022266,23.899219999502606],[84.32938999983723,23.90724999971159],[84.3316486327802,23.910172200000517],[84.33385783192979,23.909604983553866],[84.33608837838158,23.91223845040428],[84.33592517124265,23.91441015254103],[84.33443001188948,23.917602729874215],[84.33291910419595,23.919462907662627],[84.33380078213122,23.922908029986072],[84.33698213673425,23.92864940605126],[84.33819305978373,23.93232581616861],[84.33815879426571,23.933994976988394],[84.33974485985303,23.93853538417871],[84.34018130688779,23.945032456382968],[84.34159664199827,23.95120358536139],[84.34255975547647,23.953566928077848],[84.34486041100293,23.953444320170075],[84.34772157247214,23.950885294280578],[84.35156247996188,23.949877502131525],[84.35363135171752,23.948117006333376],[84.3574700296495,23.94625162662643],[84.35914978248084,23.943816432418117],[84.3645423028308,23.94279888831267],[84.36793947041943,23.940898458432667],[84.3703717140824,23.94202323217067],[84.37974589619134,23.942725010799915],[84.38238618818208,23.94182232440796],[84.38288034203667,23.940206036159434],[84.39024381034282,23.937361821678696],[84.3948067872983,23.937042062283822],[84.39886466278901,23.935468092363042],[84.40056986519393,23.93563114388203],[84.40546600841112,23.93437025070372],[84.40683395859898,23.938157181672118],[84.40820825451695,23.93916429337045],[84.41036755821193,23.94217934972616],[84.41024535013027,23.944361555742166],[84.41466382970982,23.947110725667017],[84.42344921631182,23.950062577117997],[84.42618857197624,23.950099461397397],[84.42945408888322,23.94935985081139],[84.43463128308564,23.94879655572609],[84.436679955575,23.948018759386837],[84.43946360653361,23.950772685502894],[84.44215517710553,23.950745353177247],[84.44502579039505,23.95658806549128],[84.44734991298837,23.95976782038701],[84.45110719286336,23.96150016394171],[84.45284275909975,23.961655280646394],[84.45606221489759,23.960769963902344],[84.45649516469612,23.958728188605356],[84.4609745626878,23.95368436074035],[84.46279387672683,23.953570031105343],[84.46907569304406,23.957302267476333],[84.46799953808969,23.952554739894936],[84.46827734398107,23.947883623715626],[84.46977510609408,23.945615621870946],[84.47131718144016,23.944602926594904],[84.47453903406381,23.944069244430743],[84.47586000005317,23.94280914585652],[84.47806360370292,23.937564896373306],[84.47853938438826,23.935316069082994],[84.479912029163,23.933406947803373],[84.48052975084514,23.92991484528547],[84.47916778349801,23.926403936728494],[84.47196509277362,23.927977873246512],[84.46990767583549,23.921183170959914],[84.46976271617991,23.91652316830102],[84.4719760277274,23.913292057802288],[84.47606230167781,23.912194780121744],[84.4766540455258,23.91003809903837],[84.48048070918364,23.90864758198276],[84.48196740995178,23.906462412349264],[84.48276467031343,23.901743580627336],[84.48508124777857,23.89872149862731],[84.48575407910735,23.89439075407793],[84.49060855593885,23.89669054902363],[84.49535004089127,23.898436450660977],[84.49490250362065,23.894287744206363],[84.50258246452186,23.898410909942807],[84.50577666100685,23.898742522296327],[84.50780893068428,23.8997683703376],[84.50985601969546,23.899512708144503],[84.51678360979376,23.90074404107554],[84.52502533195957,23.90154479384346],[84.52478455501567,23.90389250392589],[84.5233417895707,23.91002991825486],[84.52313594772677,23.91310471131252],[84.52113914950094,23.914318211971747],[84.51808136433417,23.91761781616],[84.51753220400522,23.921174417341756],[84.52148968019512,23.921680643544747],[84.52825682372233,23.923152631039876],[84.52995133694684,23.923811153165214],[84.53017962243858,23.932544225336205],[84.53126121673382,23.933509443153476],[84.5353075026556,23.932464102455942],[84.53650156882813,23.93060570829666],[84.54384857479694,23.929495629388008],[84.55218331089337,23.930161214050656],[84.55523932732562,23.93006540709583],[84.55734563971089,23.92747957714049],[84.56068846319054,23.926992655567407],[84.56546907227455,23.927876361327602],[84.56657659128273,23.927541905607708],[84.57027869652836,23.932461370672957],[84.5717004275371,23.935210016708417],[84.57160201646168,23.937844264054597],[84.56947245645365,23.941953926124523],[84.56807723789515,23.946174513656075],[84.56902579473204,23.95216531408291],[84.56993716332707,23.953849716289543],[84.57009793353737,23.95942187111208],[84.57159450305649,23.961332122652657],[84.57324547033494,23.96496895450982],[84.58221210938208,23.967177643596855],[84.58584484312449,23.96939221210421],[84.588880184358,23.97467563472853],[84.58944226448533,23.977202958171205],[84.58855090640755,23.98075460911269],[84.58480457450374,23.98145395067518],[84.58175665928981,23.985305411566227],[84.58031425527867,23.986501811868937],[84.58710558675324,23.987150011141217],[84.59149093368426,23.988022273353216],[84.5956248360084,23.983393168018917],[84.59872283617824,23.983216042317594],[84.60417289378638,23.98867223994669],[84.60564215391099,23.990509662386017],[84.60849197383476,23.991893143186285],[84.61186134062135,23.990426982197516],[84.6153925298037,23.987903601066854],[84.61887396356859,23.987646876733578],[84.62560678195348,23.991605342101632],[84.63230186611925,23.99353226538555],[84.63629271098364,23.990217734665837],[84.63951025895528,23.99158525963906],[84.64111384966083,23.99309030844633],[84.64547230939186,23.99871808794748],[84.6455296779909,24.001508359981255],[84.64678413899772,24.003847576565626],[84.65271448075688,24.005743949450547],[84.65839498369037,24.006246015861553],[84.66400620120321,24.00406576028486],[84.66488318179087,24.002886635855283],[84.66528712187973,24.00005917232858],[84.66645992982411,23.999318674456905],[84.6698380157423,23.998891591814033],[84.67529223503996,24.001592352782435],[84.67901935816217,24.002746322455366],[84.6800777813957,24.004423567989953],[84.68096120024937,24.008773628508024],[84.68203734044945,24.01068565260024],[84.68645644960057,24.014155714001134],[84.68722441190867,24.017922691661255],[84.69004413659596,24.02213191544823],[84.69358043596344,24.02536162422077],[84.69892406793969,24.024792115980468],[84.7046656758289,24.022527004153066],[84.70727500437391,24.02275093764196],[84.71077844940754,24.02587734704625],[84.71506270428158,24.02593230310974],[84.71617020955519,24.027221713171553],[84.71551043618439,24.028403507779537],[84.71246759201394,24.02928791468447],[84.71194197123812,24.031771625417182],[84.71334505648011,24.03469034080891],[84.71412236192124,24.040199669661686],[84.72079198570259,24.04294202110826],[84.72345945264468,24.04527677761969],[84.72589095302735,24.04284836826959],[84.73032274218355,24.041253089374376],[84.73550578504975,24.041373568372567],[84.73836109545223,24.044757251849468],[84.7413726437917,24.045677421646012],[84.74439053141003,24.04905303514054],[84.74626647380984,24.048584173786562],[84.75037447954828,24.045827984734792],[84.74933147755075,24.04193239842676],[84.75014968463357,24.038413065294066],[84.75166962190127,24.037770933291714],[84.75380378706114,24.04195129667392],[84.75557356290903,24.042736185489606],[84.75776548136075,24.040239975544562],[84.75732789273655,24.03826551974942],[84.75397561846259,24.03658238604064],[84.7529927865561,24.03544857965],[84.75533850321278,24.029425482738862],[84.75744863299532,24.027903593573015],[84.76028715916239,24.02737671065551],[84.76320540163407,24.022390564760382],[84.76428011379421,24.01537370042314],[84.76500698907036,24.014277308540823],[84.76807190573898,24.01243852035245],[84.7704942282685,24.011789983719808],[84.7715619692969,24.006573998384262],[84.77138256879658,24.005293911785795],[84.76394680811882,23.998839224131125],[84.76323354107993,23.997465668701675],[84.76505754257573,23.994838099381838],[84.76762854922457,23.989341555633196],[84.76998708265396,23.988184229830715],[84.7732406545565,23.98811408416085],[84.77347040674894,23.986176460665526],[84.77157759298811,23.984253238937395],[84.76734734465576,23.983993127336383],[84.76691986496489,23.98256951350728],[84.76761678461821,23.98004290401505],[84.76459543482565,23.97720029818954],[84.76164301243386,23.975586807854793],[84.76212512602172,23.97403168621204],[84.77076118631324,23.97392598528508],[84.77089063100588,23.97131868554737],[84.773385279243,23.96940170462702],[84.77803214028889,23.971130164405388],[84.7807498885307,23.97478962601498],[84.78114715971928,23.97625791368546],[84.78323937933331,23.976856898649167],[84.78483738491559,23.97476745679455],[84.78955790836771,23.974688460371194],[84.79610211230175,23.97329556458337],[84.79950571182664,23.97652223876034],[84.8017680354801,23.976374074555366],[84.80334501603566,23.973964244765494],[84.80675308719132,23.97324950835129],[84.80951441817128,23.976710519072025],[84.81027698368143,23.97925823745031],[84.81262221613913,23.98060071644275],[84.811672729462,23.982717736026803],[84.81236159940875,23.98323314359928],[84.81566097793927,23.982187727594432],[84.81799119115455,23.98443277531275],[84.82247320308014,23.984986482620762],[84.82296537177011,23.98663396786305],[84.82529000951176,23.987461412794396],[84.82731053692174,23.987092828303137],[84.82731748328695,23.98199213436686],[84.82641198145738,23.977988933447335],[84.8258103799281,23.972265772600863],[84.82846358916805,23.968719229357056],[84.83063299115392,23.960606660291983],[84.82980818510556,23.957642880066352],[84.83215818073863,23.958696160276585],[84.83914678743596,23.963778181482244],[84.84339572605555,23.96407264535038],[84.84522899483774,23.966084524391896],[84.84979244998675,23.965874944762902],[84.85371959765175,23.964758948405557],[84.85423561591725,23.96207583940712],[84.85536972523666,23.961224973126605],[84.85750828924907,23.961408260737123],[84.86043135410334,23.960285965746397],[84.86134637368797,23.958031131986676],[84.86405999763683,23.957301452243847],[84.86527056240223,23.955074845165846],[84.86983689526863,23.955476748581564],[84.87437505851018,23.954907719282858],[84.87594059801359,23.955281442362498],[84.8791221289136,23.954765653505035],[84.88241443688257,23.952879058340198],[84.88395600002771,23.951121727586283],[84.88816811391473,23.949446341566077],[84.88820224023779,23.9455375674958],[84.88939809364551,23.94402904369208],[84.89118659570971,23.943845159026214],[84.89453530235724,23.94632868209778],[84.89634354589653,23.946886155215246],[84.89754702927964,23.948997144620122],[84.9018698581412,23.950789623643093],[84.90267425582152,23.952073622377856],[84.90462806916064,23.951531517415933],[84.90688778138939,23.952122079573986],[84.90793196849259,23.951332756176065],[84.90993850033352,23.951793461365405],[84.91200177459307,23.951162465033004],[84.9172995308465,23.95282337679892],[84.9203543448463,23.952846665343166],[84.92277214438985,23.951978428680682],[84.92562848575272,23.94862955232793],[84.92753778458702,23.948146313743184],[84.92965213815981,23.944987472774844],[84.93366955178946,23.941506152542246],[84.93396244391667,23.934829274230232],[84.93080686493887,23.93129264632906],[84.9281483617016,23.927028011411057],[84.92821415845191,23.92382658945875],[84.92895420047996,23.91996414783889],[84.92715661383302,23.91689731530454],[84.92656835717486,23.91437499231395],[84.92914269794984,23.911832101294898],[84.93176097616472,23.912074923111664],[84.9330394989114,23.911342807511854],[84.93799566928232,23.910930750397036],[84.93867176863725,23.909170312325905],[84.94056649547855,23.908590753375467],[84.94234159417228,23.906880992745304],[84.94201058049765,23.904836167077573],[84.94379807522967,23.90171811750708],[84.94460379336223,23.894858229017423],[84.94617099834655,23.89448191717806],[84.94750026119546,23.892386973206126],[84.94652264407136,23.89086620621953],[84.94694582163172,23.888316801914875],[84.94668162657982,23.88514426117234],[84.94925019698839,23.884781188558534],[84.94887186136266,23.88162115844844],[84.95058178358633,23.878162969919266],[84.95246407234278,23.876454728047438],[84.95100564692716,23.876182390460144],[84.9493494112444,23.877234693768834],[84.9477273572115,23.876120649946593],[84.94755734706983,23.87444811856847],[84.94454699641244,23.872963340756776],[84.94172091074742,23.874731290564934],[84.93978931454747,23.87333312525134],[84.9361414992951,23.871812631531284],[84.93494011883273,23.868320609186153],[84.93254554052724,23.865173666332513],[84.9291805988326,23.861932343230958],[84.9305373231067,23.858978183986075],[84.93474376103956,23.858413697807098],[84.93670194581388,23.857500979061175],[84.9395417754374,23.85794526641816],[84.9423308296724,23.85663729295475],[84.94369132275183,23.85502130333357],[84.94543040727002,23.84994340867026],[84.94766466291226,23.84644302588928],[84.94823609932504,23.84296982685272],[84.94788318955445,23.839421631994952],[84.9484551956487,23.834878856684753],[84.94785615907064,23.831151123132937],[84.94449631572483,23.82823530894514],[84.94455111031863,23.82538305531523],[84.94598610348004,23.82275676643141],[84.9471447609648,23.818348213628134],[84.94659689264722,23.81449926892498],[84.9454827264858,23.81358601154277],[84.94699519082742,23.80975999716234],[84.94636695676193,23.806031905700745],[84.94267533844138,23.805531258128017],[84.94041242120537,23.806530309769506],[84.93732287588789,23.805197992148834],[84.93520916047437,23.806063526429348],[84.93261906264992,23.80603793026515],[84.92722112972601,23.807328787908983],[84.92345423701084,23.80910187310908],[84.91611439615313,23.808470307557748],[84.91358430861493,23.805994101654896],[84.91228528907743,23.803687630332725],[84.9096181128383,23.80388171194685],[84.90721304348966,23.80179520655891],[84.90802406108861,23.800171986764447],[84.90763174873824,23.79648310755244],[84.90595435309555,23.794618572115674],[84.90593221759498,23.792938962732006],[84.9075833583268,23.793990572171257],[84.90721484448136,23.789426170387447],[84.90588073755472,23.786961405782858],[84.90263893274978,23.785382590786323],[84.90352117102583,23.77992333082137],[84.90345188990904,23.776915034759778],[84.91189441994287,23.773482083416226],[84.91316938484151,23.774122230167862],[84.92903618208182,23.77141959475336],[84.92806536588874,23.77077456412047],[84.92762559525558,23.768191015261095],[84.92861661263747,23.764461983996316],[84.92732536616026,23.76175415396649],[84.92828884022455,23.758516784879248],[84.9298860800701,23.75613651999646],[84.92977515416926,23.753227864096115],[84.93166081393872,23.749002899392107],[84.9329783084492,23.747701597471796],[84.93298595415601,23.74607309133834],[84.93637512128959,23.74382027233311],[84.93689261254373,23.74287688559368],[84.93650756743742,23.736190621715995],[84.93843146074909,23.732656722530667],[84.94769213834684,23.72967631153776],[84.95266859008518,23.72877612145861],[84.95439144455064,23.729611492397975],[84.9557282396798,23.72800956462191],[84.96085515266682,23.725567707145863],[84.9611581260838,23.723949580686533],[84.95995404229447,23.718769198044694],[84.96066090417531,23.71651004408202],[84.96341630537954,23.715573510135115],[84.96607458826465,23.715518182541615]]]]}},{"type":"Feature","properties":{"id":"20-239","name":"Lohardaga","source_name":"Lohardaga","state_id":"20","source_agency":"Survey of India (SOI)","district_code":"336"},"geometry":{"type":"MultiPolygon","coordinates":[[[[84.88493282034058,23.55915798822403],[84.88465123950964,23.55533508301318],[84.8866852630702,23.552464600875737],[84.88943889203142,23.551138608005097],[84.89053707559515,23.546142631711575],[84.88935083966918,23.54315607091071],[84.89411340551283,23.541721900966017],[84.89820757952064,23.541677914824273],[84.90658200775631,23.539109252189352],[84.90914838725543,23.53782557679277],[84.90945279601829,23.531572741196662],[84.9053888833048,23.52787053860734],[84.90701546729261,23.52345929355451],[84.90811545867551,23.52201145926606],[84.91047084299981,23.521049917273295],[84.91488482658866,23.521172272510178],[84.9149666477569,23.52281653217477],[84.92463424193338,23.521769618512067],[84.92758384964858,23.526831246754703],[84.92833921791814,23.526830408867532],[84.93504350191239,23.522551358162573],[84.93997614970544,23.520187905641333],[84.94162397550997,23.5168510181489],[84.93960076511108,23.51347451159259],[84.94100154032,23.511542821536874],[84.9411975848977,23.508376277113822],[84.94273955274774,23.504911498384793],[84.94569497272205,23.5005714884171],[84.94410747264472,23.495328995892482],[84.94279385461331,23.49523659309978],[84.94265830495227,23.493746223796656],[84.9399376872859,23.490536645168564],[84.93949894906345,23.488535474481623],[84.93713928769694,23.487303418312017],[84.93753752375834,23.48562023760375],[84.93616101830897,23.483742096070163],[84.93579217083435,23.480775782494646],[84.9333843603118,23.477935881167923],[84.9303536260821,23.475503050513385],[84.92704425503717,23.475567416134606],[84.9260145422167,23.471310189892773],[84.92488310734328,23.469635629467387],[84.9229433158352,23.469923981357006],[84.92223820547198,23.46681777347065],[84.92379998415879,23.463335319651087],[84.92180440100685,23.460416953225774],[84.91911948839355,23.45847865660308],[84.90983544907937,23.4542362945866],[84.90721727427204,23.449254652226863],[84.90750155871386,23.446739343388458],[84.90611717546315,23.44316741103118],[84.90279367430759,23.439353902724765],[84.89635584096558,23.43310960621971],[84.89483601728654,23.4296040361458],[84.89424822439102,23.426553487550642],[84.89743327520769,23.42561220477341],[84.89721040176767,23.424236822600204],[84.89402614750263,23.41957119442812],[84.89690369414598,23.41837845801747],[84.89659625636374,23.412951633565015],[84.8953714242783,23.409982714616394],[84.88896998468928,23.406483453960988],[84.88624872423155,23.4064354568637],[84.88560065680764,23.402429230271682],[84.88925456685786,23.399643503554564],[84.89070298718782,23.394038123123014],[84.89156127611976,23.392343277811268],[84.89338483223065,23.391157999408055],[84.89290322882091,23.388515124836612],[84.89396879689676,23.384845643034105],[84.8934534810853,23.383412199389497],[84.89154185284202,23.381824419658596],[84.88725379554094,23.380222661125643],[84.88515976609021,23.378433800735863],[84.8848867734818,23.37714800780562],[84.88559736192995,23.37304050961987],[84.88720915542451,23.3688458119965],[84.8883657104985,23.36745294741394],[84.89466786861921,23.364729865144255],[84.90323079213411,23.363752295969903],[84.90192551225954,23.357820941730314],[84.9053194528705,23.352178106831303],[84.90727979717732,23.346970062435194],[84.90562579605738,23.340751616705255],[84.90401930011782,23.33657691717909],[84.90304325212139,23.33272653142373],[84.90269268377469,23.32641060286075],[84.90127962354359,23.324973730692843],[84.89841198453027,23.323285756580947],[84.89877814786362,23.318905310694472],[84.89698420852504,23.319280321406342],[84.89493056443416,23.316824456759477],[84.8910826250164,23.316496189865727],[84.88989537866922,23.317159223597233],[84.87852942949786,23.312857294495707],[84.87410066876127,23.310112400369068],[84.87009226761775,23.312608934185118],[84.86810755959229,23.313186801145175],[84.86561432542787,23.31544404309757],[84.85713268952611,23.316720953401838],[84.84910114715629,23.3149727072163],[84.84793290433333,23.31432693949774],[84.844785544549,23.310484275817917],[84.84363722559195,23.302295997579037],[84.841767354107,23.299467578685725],[84.8331720693801,23.298065029754408],[84.82966961462596,23.298269486173595],[84.82831799409416,23.295693130089965],[84.8226037503704,23.295006313191326],[84.81654291946737,23.295085504379756],[84.81541000992773,23.292777916285452],[84.81361354228281,23.291051906903792],[84.81265099794528,23.28721915739544],[84.81256988126702,23.2828533882599],[84.80941279026614,23.282793356388513],[84.8074049392281,23.281126571937246],[84.80229855284367,23.279891772298647],[84.79488926696308,23.280407396789965],[84.79329190746789,23.279025027940108],[84.79005622422268,23.27988113783173],[84.78559894240242,23.280208258959988],[84.78658129506422,23.287667248317668],[84.78665776870925,23.290181971048057],[84.78790227486907,23.29658068458831],[84.78924179356585,23.30031472403404],[84.7894305480308,23.30329001066279],[84.7906157816888,23.30728175143401],[84.79187599852555,23.308858015828136],[84.79325193814928,23.312940124234505],[84.78969638650209,23.315629061510858],[84.7878989815901,23.320774965400666],[84.78630950539349,23.321735713352137],[84.78403226243573,23.320226411149253],[84.77997046337057,23.319379838103533],[84.77257303772413,23.320828919814527],[84.77217314559428,23.31940191741923],[84.76428781604639,23.31944626238282],[84.75976952046483,23.320874306458826],[84.75708039581606,23.32127865682746],[84.75363909232031,23.321005104168623],[84.74902361683958,23.32150704001223],[84.74821788215493,23.325818036937623],[84.74674863085306,23.326608867548],[84.74635488193032,23.32911934639538],[84.74416618134528,23.330872772967663],[84.73911082797893,23.330752359068168],[84.73634461765,23.331925928597993],[84.73051547359954,23.3303047311434],[84.72924214088974,23.32748834870408],[84.72634120725348,23.325156086754305],[84.7198667444838,23.322704180742132],[84.7201440560023,23.32088904032672],[84.71420854804623,23.319795502913422],[84.71451942509712,23.316959967469565],[84.71314948094886,23.315263206040232],[84.71254166941915,23.312730814008773],[84.71139198426647,23.311255071419616],[84.70951969605339,23.31117489922961],[84.70114474692635,23.308845049906893],[84.69979573121316,23.309066843765446],[84.69012626533754,23.307789036310638],[84.68676099645988,23.313560338375027],[84.68484517564788,23.314649160181215],[84.68315509948305,23.31767928040876],[84.68185086502562,23.317823696692027],[84.67846530166678,23.31974812591388],[84.67751504356536,23.32115759326193],[84.67273851542913,23.320405166164345],[84.67285487444082,23.317691790945084],[84.67083034318549,23.315827781618946],[84.6627986371451,23.314756442397055],[84.66288106082622,23.313522808107646],[84.66105510150622,23.30660834894133],[84.6575951328597,23.30700475085396],[84.65616282225822,23.306549060921007],[84.65280992842774,23.309216505656433],[84.65312806657641,23.31053612657912],[84.65021965003615,23.31108745159546],[84.64735005706243,23.309787704059257],[84.64386910411716,23.30697087866306],[84.64127349657187,23.306117913642037],[84.63829181970051,23.307386903796672],[84.63273884237705,23.30651142519163],[84.6293904731722,23.306877179690602],[84.62602249296171,23.30784340325589],[84.62247363172952,23.31023175126762],[84.62275233557675,23.314407914952955],[84.61980932689391,23.315708177227354],[84.61819601537816,23.317802920128187],[84.6128964701942,23.32233991625665],[84.61132674573575,23.320639746636743],[84.60901550911937,23.316628511480033],[84.60757845475808,23.3153822759709],[84.60566702980086,23.315571643431202],[84.60336189050663,23.317090563859395],[84.60331074964266,23.31572027799725],[84.60048516154265,23.31632042503212],[84.59889655063394,23.31547586924503],[84.5971656933938,23.316893173382994],[84.59416910206973,23.317095800606488],[84.59068325813317,23.318467670426607],[84.58927426976366,23.32065956797525],[84.58497692948242,23.32315265553758],[84.57605690740439,23.33113671775155],[84.57525426902761,23.33327197300607],[84.57114039413769,23.338810221884838],[84.57019575818546,23.34117570063959],[84.5687628153923,23.342055549738447],[84.5663181559178,23.34179286083277],[84.56448927895637,23.342428666696865],[84.56254655274793,23.34582312028609],[84.55590625395618,23.346235633613887],[84.54733154686356,23.343400920035897],[84.54074488983386,23.344313942575372],[84.53857799941794,23.34545516018593],[84.53641507004451,23.348271056101957],[84.53461959835835,23.3496696414134],[84.53329201201825,23.35341613633684],[84.53148607575696,23.355762726668615],[84.5259969019197,23.3658589418425],[84.52408535126055,23.364959264714788],[84.52230996968761,23.365499821751147],[84.52007832377848,23.367529985237493],[84.52010921437669,23.371837149059584],[84.52096276042825,23.37477226031022],[84.52086797300383,23.377286987281565],[84.5193152583723,23.380175288181277],[84.51609032620026,23.382426067770396],[84.5137848767606,23.38461400965387],[84.51126414933742,23.38371854442152],[84.50906569083001,23.379362680357122],[84.50695139471368,23.376464862499436],[84.50500463746552,23.374688622783605],[84.50428238468362,23.372922823085496],[84.49974503259178,23.371790594987488],[84.49917355694433,23.371018085630947],[84.49950083931225,23.366097297673345],[84.50101484220804,23.362885918751694],[84.49958479972983,23.360074727966797],[84.50054678532697,23.356350768358105],[84.49938165111182,23.352494353193247],[84.49629812903696,23.352652830637275],[84.49625534212302,23.351346230145786],[84.49388655127302,23.352170221292894],[84.49248074585432,23.353567358693493],[84.49045671015543,23.35394360583643],[84.48656875747186,23.3533640097579],[84.4861435557541,23.352218126001997],[84.48341961381085,23.35581091589012],[84.48098731836932,23.356821689186273],[84.4806510794371,23.358447223410952],[84.47536545093847,23.35896989673518],[84.47370691298019,23.364487958980252],[84.47189501962241,23.36784813798125],[84.47134397340677,23.369952295929217],[84.47144102214654,23.375640887461806],[84.47226918667961,23.377884176280876],[84.47174086357757,23.384381198420254],[84.47201120046554,23.386164349949144],[84.4736519379359,23.389215277918872],[84.47597207713414,23.391529867767066],[84.47973475505071,23.393139117145047],[84.47994176132195,23.395012655185408],[84.47782158074948,23.398576160301296],[84.47654104051553,23.399823114980553],[84.47400093504476,23.40452507606973],[84.47178863022192,23.40295481040205],[84.46826026751977,23.40415561972314],[84.46525570186056,23.40623640404376],[84.46165083768938,23.406899874671378],[84.46025040764614,23.404875843340598],[84.45764256740337,23.403825215660337],[84.45236453935517,23.40407181482498],[84.44660118271042,23.40237243943827],[84.44138783766756,23.404713423331977],[84.439596073415,23.41161723433395],[84.43914611954528,23.41675007429022],[84.43640495540279,23.41899111756022],[84.43432255595793,23.422639756068346],[84.43388471181747,23.428089239132955],[84.4328984292687,23.43272623383375],[84.4298487575139,23.435229598313555],[84.43225573464622,23.438787376203],[84.43669624524401,23.440241707131097],[84.44225973831168,23.445327428451442],[84.4446727949513,23.446685357855472],[84.44623025520971,23.449190300499442],[84.44649058099544,23.45096448299941],[84.44948964263345,23.45839884058623],[84.45173546486272,23.457869404956565],[84.45395814558717,23.45940788450561],[84.45596651953343,23.46262574159759],[84.45766591599178,23.46439465759113],[84.4623261333882,23.46630183497073],[84.46418736927546,23.468305955822228],[84.466181476539,23.47887756243371],[84.46939937055839,23.481995201916135],[84.47493806562208,23.48581571363424],[84.47520379122987,23.487779398314615],[84.4737052973722,23.493243182773703],[84.47002098647528,23.498213197937012],[84.46932637769604,23.50054293135475],[84.47000706444263,23.50364572474975],[84.46953708678546,23.51037293307507],[84.4702748082641,23.514887229269057],[84.46958237382938,23.518815341523723],[84.4700338316457,23.520259794291977],[84.46844514468687,23.52369185175911],[84.46291094705585,23.528634153540487],[84.46123542026214,23.53463049204636],[84.46605988178881,23.54372480517008],[84.46493989503597,23.545738967800823],[84.46647512138516,23.55630681213115],[84.46663130771805,23.562496371384572],[84.46818911665024,23.56301012725222],[84.46851960262559,23.56649068502732],[84.46807021248621,23.56802589460165],[84.47030812884934,23.570524669593006],[84.47236977181835,23.57063296290469],[84.47311369329525,23.573006968972386],[84.47239012062296,23.574822276311913],[84.47002067393854,23.576521287751838],[84.47043239039076,23.579856623881838],[84.4645828978915,23.582316739669064],[84.46418283500537,23.583340915117727],[84.45881357212737,23.58364280043165],[84.45645802113245,23.584569615311576],[84.45244646641767,23.584869526061773],[84.45216854885122,23.58566482452707],[84.45424129911642,23.588331379872468],[84.4545866456177,23.59219570124644],[84.45563777574695,23.596903983011053],[84.45130749640037,23.597389296187654],[84.44896337842188,23.594176405208408],[84.44528024396917,23.59427693907183],[84.44264064387289,23.595835686734983],[84.44063139663582,23.594473188828005],[84.44031115504895,23.591064798392686],[84.43576959961102,23.58960390221324],[84.43296851168711,23.591550777710772],[84.42990199037321,23.591457017380307],[84.42652216053496,23.59233408840866],[84.4249027500589,23.59420431438756],[84.41521776796286,23.597989815468218],[84.40708183962272,23.6021812814327],[84.40454428228276,23.60315691595177],[84.40095318879173,23.60257071391568],[84.39936571794706,23.60159573640651],[84.39693523046894,23.5986752174338],[84.39450532206986,23.59750617829125],[84.39186527092879,23.601109182815776],[84.38784832626575,23.603353454166474],[84.38553340006781,23.60524407397299],[84.3864022768622,23.605656420228748],[84.39821967388825,23.60297747807457],[84.39910369968214,23.604813654453306],[84.39750425211717,23.609426364379377],[84.39809244299688,23.61185012028871],[84.39733992037482,23.614977463120365],[84.3978549369407,23.618051779039376],[84.3973266008111,23.621863287523],[84.39576696550579,23.624471318695672],[84.39532416386928,23.63244020236377],[84.39493706923055,23.633419961691935],[84.39696662349056,23.637997459288897],[84.39950033717396,23.637243516664654],[84.40123209189903,23.638787342332375],[84.40747306260977,23.63801365707044],[84.41104587105244,23.63907260789532],[84.41366936697905,23.635746881533272],[84.41631197003676,23.63415606824374],[84.42562213773964,23.63348512383897],[84.42869579598948,23.63188970505811],[84.43535289186289,23.629428883245136],[84.43636410223384,23.63117871704549],[84.43984401537023,23.63396966030423],[84.44210702516955,23.6372810765205],[84.44300983713585,23.635078496551017],[84.44992262910591,23.633857637759757],[84.45820979277039,23.627895318026646],[84.46552036625158,23.627507514303606],[84.46302000003071,23.63280904958854],[84.46145039597371,23.637386915587786],[84.46231088708171,23.642321710096873],[84.46106530938246,23.645127399199527],[84.46209765526368,23.64581612314082],[84.4626335891564,23.648511098402924],[84.46424205719322,23.649990899112318],[84.46919799263893,23.658479886973193],[84.47433100631328,23.65920418474443],[84.47579751632114,23.6618797756783],[84.48048910497243,23.66322195932972],[84.48479791295259,23.663855420961347],[84.4903240069246,23.66181568680901],[84.49376125082418,23.66797511702376],[84.49394415795001,23.67145643588982],[84.496725592509,23.67214435539796],[84.49793428093373,23.67344081594908],[84.50343830661879,23.67542837519063],[84.5057142236753,23.67451060344399],[84.50745365330197,23.675175555678564],[84.5122629807351,23.67465547242158],[84.51516011775722,23.673485325858866],[84.51610831596848,23.671457383660343],[84.5244137359578,23.669396671949745],[84.53239876848315,23.668100064116796],[84.53447528730034,23.670674624269065],[84.53789915686136,23.669481676247422],[84.54016157431471,23.6671490167889],[84.54201824207207,23.664265176864088],[84.54522114204497,23.660687086490736],[84.54480600698639,23.65852887438023],[84.54555122800674,23.656888589707012],[84.54502964809639,23.65466283773649],[84.54819064188911,23.654422085219647],[84.55051581163141,23.647976793207583],[84.55315589062579,23.646379499498988],[84.55549899753494,23.64097031300414],[84.55482512754672,23.636437375053266],[84.55184311721092,23.63212907079343],[84.55297645934513,23.62962860531755],[84.55600821996794,23.627544137929302],[84.56007785299019,23.620854940184174],[84.56367459661621,23.616134439959],[84.56883871147703,23.616100291467674],[84.57199600773423,23.615017335470323],[84.57427719995705,23.616318764940523],[84.58183220626047,23.616388850885386],[84.58354586980157,23.620059673882015],[84.58476375548655,23.627378104580895],[84.58313063188919,23.632767546892936],[84.58615621499982,23.64121568248521],[84.58673755016731,23.64758590977859],[84.58829033038974,23.650082883827633],[84.59155565940742,23.65262822165507],[84.5925765104422,23.658476458075828],[84.58992215451316,23.664499328948605],[84.59212896633957,23.665004439492858],[84.59301798525387,23.66644394667858],[84.59548138235054,23.66539339351632],[84.59875496358895,23.668111711408017],[84.60180658618314,23.667754038447136],[84.6061608898686,23.664207882540737],[84.6062826626748,23.663050387082233],[84.60910401319904,23.66086539989937],[84.61296636753976,23.658588241633126],[84.6161754332826,23.65942752475546],[84.61885127175161,23.66208681268809],[84.62386908496929,23.660829196558883],[84.62606110421831,23.662770853446734],[84.62751432615597,23.662484060484438],[84.62801450816522,23.66380764199369],[84.6313350549155,23.66455614963635],[84.63996846117294,23.66527103663341],[84.64133675136625,23.668764351579586],[84.64429184833351,23.665976281501983],[84.64847937407853,23.66123179219297],[84.6507923019798,23.659150188506214],[84.65417798804124,23.655167713709695],[84.65765087667563,23.649689013615426],[84.65939087731675,23.648069640890075],[84.65892970133254,23.646236794794838],[84.66136267248285,23.643531179860524],[84.66218701658953,23.640637965100254],[84.66149557270269,23.638918100067247],[84.66131686163553,23.634638292910108],[84.66164044001043,23.631541179653233],[84.66329085198181,23.628010318509354],[84.66472312039525,23.62612877744918],[84.6747688930318,23.62192722250465],[84.67928775347879,23.618110445070897],[84.68115670821796,23.617923098130873],[84.68074783985962,23.612727682569698],[84.67962873226158,23.607310976458542],[84.67820888238005,23.605965471902195],[84.68516852330555,23.605055588400365],[84.69008366777503,23.607721723272437],[84.69335256770603,23.609959542375375],[84.70529915307141,23.613622991619877],[84.71285651427424,23.616933872935505],[84.71887449245072,23.61858709436928],[84.72251119341018,23.620259782476364],[84.72490898484982,23.622655528969677],[84.72737647887267,23.626319711517443],[84.73030740790875,23.632299903263394],[84.73053116683741,23.637423573202305],[84.73027562812084,23.640221325956915],[84.73211718456976,23.64135009805502],[84.73684642205633,23.63936027255471],[84.73814587196739,23.635572733493124],[84.73998351914088,23.632110733475457],[84.74313152271665,23.633153280467507],[84.74383186251265,23.629706116350945],[84.74313356271125,23.627285471222443],[84.7449498442089,23.624504249138376],[84.74450400995056,23.620209483874355],[84.74515471714919,23.61708811406013],[84.74489027697003,23.615458501099422],[84.74339892736977,23.615188803232112],[84.74418102808146,23.611705560963635],[84.74535960142146,23.609066985180345],[84.75165288686252,23.608145443704412],[84.75657286793572,23.606948402635723],[84.75914278258557,23.60590248916468],[84.76099520762746,23.603150427613052],[84.76274761931965,23.60199978370582],[84.76378272834036,23.598398547920517],[84.76581463124411,23.598076548501332],[84.76675245865059,23.596669976907737],[84.76674379384826,23.59428642232864],[84.767647883701,23.59180768471342],[84.76730362043476,23.590062920826],[84.7649160729668,23.587100832853203],[84.76516476465156,23.58555615895003],[84.76830073855089,23.58360724350883],[84.77202082482604,23.58265757329827],[84.77231590629357,23.57912699959935],[84.77144532573737,23.57759598992934],[84.77515319328323,23.57413056558874],[84.77783543474301,23.573469190017434],[84.78065763643787,23.572075800681816],[84.78479744348728,23.57218423781889],[84.78538440138699,23.570923553986912],[84.78449490837514,23.568886260340072],[84.78467646221942,23.56465166706095],[84.78121440819125,23.560333620078783],[84.78071635324106,23.558400993200213],[84.78084238392974,23.55326342098439],[84.78236409279386,23.551998434589375],[84.78236797153146,23.54958044279772],[84.78770841782548,23.545610604732747],[84.79174698514504,23.54510266643368],[84.79221590906009,23.549753034550136],[84.7913881160244,23.55000538041392],[84.7933166056287,23.556022740269803],[84.79280316420282,23.558367307703318],[84.79453041111908,23.560842157643922],[84.79369536776525,23.56490042592892],[84.79367814842057,23.56888016780266],[84.79447150514584,23.56927353381257],[84.79477466536542,23.572710246484135],[84.79306625757057,23.57638070961424],[84.79479001712176,23.576982080652456],[84.79628746864832,23.57947951393793],[84.80064437318748,23.57906653502474],[84.80229151459352,23.57962941849537],[84.80069422785964,23.577047904579125],[84.80128244188079,23.57094457092603],[84.79810172831465,23.56660293903469],[84.79869004727776,23.564598893316052],[84.80048397854134,23.564000843528486],[84.80502393656305,23.5641474256252],[84.809793721817,23.565314236413414],[84.81538477519477,23.5700297348801],[84.81608061580687,23.569099978369742],[84.81809753762113,23.569851479425214],[84.81951354129097,23.56912035720643],[84.82257165549959,23.56905019025642],[84.82099290799849,23.567168364058354],[84.82018325762994,23.563997039989747],[84.82285738574204,23.56119400837583],[84.82317902722195,23.55991305468693],[84.82122625997546,23.55776405705466],[84.8213591241301,23.555644309795525],[84.82003020334346,23.55094785676976],[84.82210549344991,23.549578602870586],[84.82087778292616,23.546483078827563],[84.82981447006942,23.54445504573899],[84.8330121975635,23.544671729735448],[84.83385238186526,23.54260735034153],[84.83715870401815,23.53992957278059],[84.8477952028641,23.535419817764947],[84.85111240360322,23.53494735750254],[84.85800388794546,23.53304170930139],[84.85710892950856,23.53669035468602],[84.85918948780818,23.540857534613156],[84.86118225259887,23.54292996830666],[84.86646243866385,23.54114281980749],[84.86845033732588,23.544943712528987],[84.87250326829697,23.544086625571946],[84.8733508644531,23.545558068769516],[84.87278001767646,23.547205119438832],[84.87516105011315,23.549339302683585],[84.87523627594379,23.55151295099219],[84.87665138370642,23.55970562297978],[84.87904153550586,23.559788185981645],[84.88493282034058,23.55915798822403]]]]}},{"type":"Feature","properties":{"id":"20-240","name":"Pakur","source_name":"Pakur","state_id":"20","source_agency":"Survey of India (SOI)","district_code":"337"},"geometry":{"type":"MultiPolygon","coordinates":[[[[87.84280161850785,24.740296810933607],[87.84635592159272,24.74057232916454],[87.84860776278397,24.740171174194366],[87.85691538544086,24.736041950429748],[87.85996394222244,24.73403395757748],[87.86307827614418,24.734986078299237],[87.86512904120093,24.732698503387002],[87.86842460602452,24.733121864987467],[87.87454499033944,24.732496699254103],[87.87764861701211,24.738410912405925],[87.87877867031216,24.74174905989014],[87.88276027809705,24.741265041497332],[87.88523318251644,24.73997707925517],[87.88489070467209,24.737307475724943],[87.8870275899836,24.73645354213802],[87.88870290086383,24.733647838641577],[87.88796725755083,24.72814874182529],[87.88963255709453,24.72735311002978],[87.89014056230118,24.724906483950278],[87.89334406683747,24.724612336217742],[87.89796978207161,24.72308273193964],[87.89937711478468,24.723998700202625],[87.9013214236026,24.723526484993645],[87.9038480989033,24.72427887846984],[87.9048031111785,24.72372218394768],[87.90407701219212,24.721757845636898],[87.90784997912098,24.72122934945629],[87.90606520226545,24.717799458611548],[87.90718454130648,24.715372416673578],[87.90716153820487,24.71355743731111],[87.90310928320962,24.713708365839175],[87.90175204807923,24.71195555157336],[87.899588916212,24.705401846940173],[87.90260236555594,24.705661956673154],[87.90087076322612,24.69392643027488],[87.89805119512266,24.686780518945],[87.89678588160609,24.688125523266773],[87.89385018958156,24.684437030879455],[87.88982543984238,24.68252830760078],[87.88863514224288,24.679126560402494],[87.89032658918799,24.677259201284308],[87.89064891114911,24.675293221049536],[87.89194213050655,24.67412122807511],[87.89414343972102,24.673755855278866],[87.8975173547308,24.67194111918403],[87.90370861296786,24.67215425765612],[87.9095384769163,24.669283396059694],[87.90873481962205,24.667547319958654],[87.91377535935169,24.66617814969512],[87.91699840354002,24.66569335845941],[87.91841020800923,24.66214015577338],[87.91702995490229,24.65988185002257],[87.9158032894329,24.656278658910026],[87.91354489843519,24.654831737282013],[87.91159565197552,24.654550425426542],[87.9113866334395,24.651626051443],[87.91213556779658,24.648632274561802],[87.91292884460107,24.642861023121124],[87.91434324483811,24.638368943500097],[87.9142232158214,24.637001238737454],[87.91147146467453,24.63747425082168],[87.91062058654344,24.633234985339165],[87.90898760916278,24.631826041350585],[87.90520000034867,24.630909999127066],[87.90174474172284,24.632822038787236],[87.89768999967586,24.633709999124626],[87.89258999978075,24.633350000712067],[87.89155999999639,24.630959998564272],[87.88924999967342,24.629979999519293],[87.88971999920287,24.62786000008855],[87.89146297972862,24.626101383976824],[87.89981930838496,24.625430982517607],[87.90282000005305,24.625799999717103],[87.90581473945458,24.627399202033843],[87.90572336701372,24.61470606741452],[87.90365425518564,24.61438506297151],[87.89674192746529,24.614245375853848],[87.89373207578424,24.613297062271112],[87.89147011624112,24.61331952752573],[87.88568960749251,24.615882302462282],[87.88546673656178,24.61489239385655],[87.88289964857687,24.61529367046124],[87.88144582701533,24.61707257176585],[87.87785193083796,24.618149931389475],[87.87653014536268,24.617843596967287],[87.87718608854956,24.616158021116856],[87.8756633206001,24.615959201678248],[87.87523246974044,24.613667839260994],[87.87617852264559,24.61192837020367],[87.87787754054932,24.613133824139222],[87.87884839697155,24.611363841933546],[87.88175363503667,24.612455698426743],[87.88556724467131,24.607645921839854],[87.8892446629035,24.60729601426069],[87.8924083441203,24.606342133002684],[87.89216752269284,24.608592197939775],[87.89039430443536,24.609448180828075],[87.89054548381966,24.61109103086396],[87.89264910031766,24.611217882150438],[87.89625996517002,24.609866676890938],[87.90084158835228,24.610562948533833],[87.90972544407619,24.610443318411875],[87.9115104746225,24.610201006676707],[87.91047464756305,24.60154775041162],[87.91180385904238,24.601267346861114],[87.91201622006042,24.598232110285817],[87.91339691389193,24.597077349974594],[87.91132369312028,24.593744889592564],[87.91165072642768,24.592779686575195],[87.90865650723529,24.587099305411677],[87.90844423611848,24.58508593970375],[87.90502884414848,24.585302894071496],[87.9008514731109,24.586151839515043],[87.89913650845145,24.58519508614949],[87.89871668945193,24.582363716857532],[87.8978042742713,24.581818254984242],[87.89386110485002,24.5821921571019],[87.89259752828217,24.58130062848328],[87.89254090374084,24.57494099017786],[87.89181230824076,24.569671196340874],[87.89194110749658,24.565552421500822],[87.89050851720899,24.565175512948315],[87.88238837531756,24.564985539196094],[87.87755186739429,24.563866969133603],[87.86889429553888,24.564215211964044],[87.86893355077035,24.5584532193499],[87.86826949084484,24.557395129363858],[87.86531764239542,24.556740159589108],[87.85975177881025,24.55717845733532],[87.85838274839136,24.557975570500755],[87.85460684895055,24.558562373930325],[87.85459974508454,24.560413807472703],[87.85224140481454,24.560661972970042],[87.85405766688385,24.55765343683804],[87.8520471987624,24.55385370144619],[87.84865275899631,24.554453960191744],[87.84683758148668,24.556559424762515],[87.84411902414024,24.556860567530244],[87.84102099006284,24.55870215872402],[87.83893742822298,24.55869572335691],[87.83278030699229,24.557229845520002],[87.82708038104377,24.558165359819572],[87.82749546839855,24.55950342448186],[87.82580213075865,24.56129713681279],[87.82565506169676,24.56597594299604],[87.8269504867221,24.56834462422101],[87.82651672232083,24.569366896350914],[87.82312708558634,24.570383341984115],[87.81849799306832,24.572372900205647],[87.81560985225227,24.5747186361915],[87.8123671959744,24.578764041298903],[87.80614428101944,24.580125086394688],[87.80321133155343,24.580149793593833],[87.79739014948674,24.58103874035701],[87.79401200470839,24.582510649620527],[87.79209502310161,24.583920498304295],[87.77499998023082,24.584036731076292],[87.77172748416253,24.583580795467547],[87.77061588304981,24.574531487516687],[87.77065189155687,24.57074725516319],[87.77183152614641,24.571472757476638],[87.77479431339502,24.57159826500916],[87.77566309664525,24.573069643160057],[87.7782070789587,24.574036350394717],[87.7843303667042,24.572527941408495],[87.78559691631146,24.57293672289621],[87.78661585883886,24.5716309391795],[87.79101398036157,24.57221297154963],[87.79161630476476,24.57063842437],[87.79352556684282,24.569598811692018],[87.7943308383942,24.567318710723775],[87.79972842245716,24.565149765844115],[87.79966008164546,24.561817163077954],[87.80172312779665,24.562050526894236],[87.80302088306227,24.561158521259596],[87.80382622885895,24.555834937180233],[87.80526402668067,24.555240285756454],[87.80632898154393,24.553473448727047],[87.80558343392019,24.55269179304891],[87.8080004903203,24.54930120752731],[87.80885672914543,24.54704682453809],[87.80541768970184,24.54241846567693],[87.80364106859777,24.542298372439117],[87.79952964083411,24.54370391557359],[87.79860532564454,24.53910104253328],[87.79899118406445,24.53611874578065],[87.80037948672667,24.533980070056465],[87.79915563008878,24.52577065763465],[87.79988932241235,24.52363299708851],[87.8026006774381,24.5215595232196],[87.80383881235713,24.519123559850225],[87.80342994166291,24.515912140850908],[87.80102639902752,24.511489167143445],[87.79878683266996,24.510843571314854],[87.79810290159523,24.509142810469637],[87.79898892993597,24.50828374061455],[87.8012098035894,24.509284579789337],[87.80321169432514,24.50900303949906],[87.8027197151117,24.506142778856265],[87.80345670557446,24.505642117596494],[87.80151184686734,24.50401788527969],[87.79562868187537,24.50390453378295],[87.79452410203822,24.500903046322758],[87.7972002683793,24.501132750209056],[87.79712601728679,24.498757908409846],[87.79827227415139,24.497424318211735],[87.79888436060742,24.494332393604363],[87.8011190926301,24.493453515014828],[87.80222033533765,24.494350759435136],[87.80308699493176,24.49716389793246],[87.80455008563708,24.497544453252488],[87.80458470366824,24.49988331919322],[87.80637523481239,24.500533011141652],[87.80588890862705,24.501655479462897],[87.80410366735813,24.50183662234797],[87.80514160715683,24.503628290829795],[87.80461048735391,24.507026789683803],[87.80371871065462,24.50802495321086],[87.80498684348929,24.5087767810576],[87.80442202189029,24.510995710322977],[87.80685266111205,24.511616998573473],[87.80989935315282,24.514108294380446],[87.81134675349433,24.51236419576211],[87.80939027838757,24.509461419387076],[87.81225698622639,24.508105624829863],[87.8131654206478,24.505102419293486],[87.81645219560576,24.50053292573046],[87.8122365034769,24.498785652943315],[87.81125392184673,24.493327056181535],[87.81153236392353,24.492124477470576],[87.81535462751742,24.491047173068],[87.81777514128136,24.49297579810574],[87.82270971681932,24.494502296028607],[87.82161414479404,24.497515561163574],[87.82360342874236,24.499879881963828],[87.82733918831306,24.499146032178217],[87.82837562071437,24.497650148796176],[87.82650102499825,24.493700350221058],[87.82590598077664,24.49053734726175],[87.82797076307112,24.49010244804537],[87.8270221081114,24.48840070533864],[87.82378077022562,24.487732118834963],[87.81723350854854,24.48969362050263],[87.81449231767522,24.488115190732124],[87.81389139000125,24.484516591540615],[87.81073462864174,24.477001608138835],[87.81088349158675,24.475894915516008],[87.8150117118964,24.47462144970093],[87.81737420343809,24.475126842412813],[87.81891802362102,24.474309134341876],[87.81901085683711,24.47199875455117],[87.82269400215586,24.47088597621222],[87.82161067759587,24.466512293149666],[87.82392747231756,24.464837445363276],[87.82354538204571,24.46222049268187],[87.82484276787382,24.4614457174153],[87.82388507169905,24.45833520170492],[87.81925109409684,24.45730382042639],[87.82012466921091,24.455077426852796],[87.81909276702602,24.454188959269985],[87.81348507330165,24.456657656008993],[87.81370088467413,24.45494064342341],[87.81147872046897,24.45611760995734],[87.81004695864495,24.45440029510724],[87.80582760493525,24.454928644229344],[87.80347492040403,24.45420966413578],[87.80175506491823,24.450597344347777],[87.80021690144747,24.4460627840568],[87.80401687820112,24.442344091171258],[87.80404318028278,24.44115658368047],[87.80083206994249,24.440387921498516],[87.8009155522405,24.437985207283646],[87.79966634914526,24.436998372159476],[87.79523553211823,24.43678256972943],[87.79536059782829,24.43439201908906],[87.7935514774279,24.430948050845476],[87.79428928779956,24.429650317109434],[87.79311416083767,24.42722507639283],[87.7955242821534,24.42147755271819],[87.79228790610891,24.42073703614925],[87.78972984970473,24.42082528874006],[87.78875962786589,24.415416972137944],[87.78934517151765,24.414429473604617],[87.79155412413282,24.414363713746148],[87.79306588254794,24.412543613274167],[87.79320783696564,24.414373722505207],[87.79785072875951,24.411874137114367],[87.79922952618372,24.412324808130897],[87.79995303189945,24.408982038517987],[87.80281477286958,24.410791173424972],[87.80404299065003,24.413191665689272],[87.80603887230444,24.419783072027663],[87.80704196332238,24.419907405927894],[87.81102619920759,24.41784586452664],[87.81090111690534,24.41524550055177],[87.812343511791,24.414081846421247],[87.81256963803501,24.412427918068094],[87.81088705567853,24.40842703216846],[87.81067673688524,24.406432732612085],[87.8090050873597,24.405025299153184],[87.80930705015625,24.40656601830697],[87.80772213546527,24.40703513335313],[87.80578965815765,24.40557339049216],[87.80557107497533,24.4037683254792],[87.8033347600977,24.40085509474141],[87.80196680295292,24.39991307443932],[87.79798384291605,24.402085421334878],[87.79594391363565,24.401922741551704],[87.7945163446874,24.400320725905353],[87.79393513778196,24.397355186176743],[87.79698931779681,24.395658515418607],[87.79937725819774,24.393353844263856],[87.79915481648806,24.390318679006914],[87.79994545616694,24.385898253943388],[87.80134167324155,24.383714274423053],[87.80070969653971,24.38201077894845],[87.79364240623036,24.382436333512334],[87.79145780575826,24.37840179167776],[87.79151622231278,24.37511404880155],[87.79035651073401,24.374135711498255],[87.78834522133538,24.369404787911012],[87.78704755649788,24.363649592051512],[87.78576854809322,24.362482142446556],[87.78364754009961,24.362267411766805],[87.78231363593285,24.360188038473247],[87.77949074547202,24.358053117591787],[87.77742992495375,24.354776312091314],[87.77354431410305,24.350996175163584],[87.77220727938989,24.34867079739403],[87.7712637556677,24.34457380862346],[87.7676740485569,24.34400661970905],[87.76543960411824,24.34127237001221],[87.76369425073824,24.33788539242576],[87.76232936075701,24.33219344379838],[87.7631334307707,24.3298502965474],[87.76753661689952,24.329412556730677],[87.7698683718648,24.327079707954287],[87.7702894378368,24.32170286373826],[87.76476388956908,24.322337024638756],[87.76275013073625,24.320170603631965],[87.76280961744358,24.316302884762944],[87.7617005743273,24.314006582498468],[87.76313125791746,24.313060924265173],[87.76204231537633,24.309147853249325],[87.76022313665467,24.308156999956704],[87.75477210901495,24.309739386701658],[87.75159104162363,24.306417318620408],[87.74900116624964,24.305057369251468],[87.74570170171174,24.30032306871177],[87.74656041787104,24.29839741896592],[87.74236706022712,24.296284301034092],[87.73998541697507,24.296801716783357],[87.73739478443962,24.295260976067755],[87.73860961934552,24.2940358262201],[87.73697739700327,24.292941877156927],[87.73173766103781,24.291382322835965],[87.73017228844824,24.288441042777038],[87.72503359143124,24.2895885492703],[87.72234365396952,24.2910344472947],[87.72000986043136,24.291298417478256],[87.71315584841342,24.293746047302168],[87.71304940312247,24.287086470220608],[87.71393686237442,24.28545663951903],[87.7133994122425,24.28273621727353],[87.7089488046991,24.27971795385438],[87.70730417005961,24.27629362476928],[87.70728183536534,24.27405394849237],[87.70928239473629,24.27179359966023],[87.70845310220217,24.26675099824412],[87.70602377057303,24.260358953742312],[87.70377787986199,24.260396514875527],[87.70023000117509,24.262742509031856],[87.6938300635768,24.258943040781134],[87.6904444714358,24.25780020561013],[87.68875276670434,24.252725406287546],[87.68569679091735,24.250463271410403],[87.68623237486474,24.247512563798246],[87.68477757145617,24.246204484131436],[87.68112871602702,24.247412944925404],[87.67430689249737,24.247519095361078],[87.67299039828029,24.24707621934358],[87.67178933717605,24.24324595503126],[87.66783285823067,24.243868564223636],[87.66588730257655,24.24478025705282],[87.6621960802311,24.24526599667831],[87.66122505806007,24.2441594075221],[87.66154504069878,24.241285942812855],[87.66257034175614,24.23880345600689],[87.6620498880018,24.237167819608377],[87.65836514964985,24.23587174511167],[87.65520873769336,24.236887886942547],[87.65326086732216,24.23926258246791],[87.65202401590125,24.24201353687924],[87.65088374141386,24.24632653717258],[87.64693257155048,24.251915899901874],[87.64223087471917,24.253290606418062],[87.63882655091103,24.25470080891508],[87.63346752912723,24.256045927203655],[87.63032418822569,24.255860368378976],[87.6255974110422,24.258228174756976],[87.62188198318513,24.25790017246652],[87.61680014795608,24.25817387601919],[87.61278914841066,24.257855894292263],[87.60719221629155,24.255476008912837],[87.60402363012798,24.25620211434733],[87.60048496878342,24.25783289144556],[87.59264544883654,24.258261110452715],[87.58940787168007,24.256882766173128],[87.5863869802721,24.25334506242631],[87.58539524417023,24.254026261081684],[87.58493315626694,24.256485044430786],[87.58194904049121,24.257425432044],[87.58471962283227,24.26782020387995],[87.58507454703481,24.270004544052853],[87.5858891606886,24.284325563773105],[87.586181965975,24.292290430715767],[87.58811788466093,24.323134859379397],[87.58787048328443,24.325245335623496],[87.58241749605331,24.343875434870604],[87.57792585809878,24.359797263003827],[87.57323238526521,24.37497011198082],[87.57225410809694,24.37885735485357],[87.56964653235379,24.3866614800302],[87.56903457454847,24.415076944428698],[87.56883243047689,24.419431731659852],[87.56839130844784,24.440945542319984],[87.56803153289708,24.448704982179024],[87.56794540657096,24.455876311152085],[87.56723411668007,24.473255469119184],[87.56673349778937,24.49778688401089],[87.56767568697026,24.50121508933367],[87.57503652302526,24.507211151914184],[87.57148604226921,24.507856832232264],[87.56952030218635,24.50970673332448],[87.56944306502994,24.514475610476648],[87.5662829236326,24.52074626335197],[87.56351210058355,24.52364675861891],[87.56089730932777,24.523918384026757],[87.55813842971288,24.52287199812053],[87.55349580701971,24.51997203462101],[87.54937423890456,24.521070826304715],[87.5467030158678,24.519716871776275],[87.54386861703158,24.51713508449133],[87.5425861447976,24.515017382124388],[87.54067768989022,24.509641491638185],[87.53868670871896,24.508013967432785],[87.53513307343191,24.507981454156216],[87.53185439721408,24.509934800291276],[87.53209596016784,24.513356857354495],[87.529253750935,24.513529461257534],[87.52630636374197,24.514506178377314],[87.52275998390947,24.513850191859397],[87.52069932015371,24.514453445984614],[87.51334005202325,24.517991962589914],[87.51048886193765,24.520837563149648],[87.50054463281417,24.524926091287774],[87.49755952892039,24.528991036497874],[87.49533032490929,24.529468083822028],[87.49249161599005,24.52811362555519],[87.48936659768592,24.52927085054392],[87.48328449057487,24.52907379707286],[87.4793758274504,24.52927593391615],[87.47714372454908,24.523809932423905],[87.47451521325333,24.523122884139323],[87.47103474244463,24.524271743522796],[87.46560297064386,24.52368358249498],[87.46125889801574,24.523579546191083],[87.45867478855958,24.521510226444896],[87.45717113335719,24.519192527629244],[87.45529759222123,24.518485852224927],[87.4527786481006,24.520760380159977],[87.44943986212,24.52016531416607],[87.44631060620459,24.517401932798172],[87.44462006438751,24.516684382362136],[87.44135378631388,24.51701011614857],[87.43740111176805,24.518656426588517],[87.4348044378483,24.51813939509563],[87.43041624851566,24.513406820450328],[87.42902245366612,24.513550638339613],[87.42733325134517,24.516084218829562],[87.42553825113704,24.516549989025197],[87.42373995987296,24.51552686259794],[87.42106920282836,24.517375336741477],[87.42008782338806,24.51651835005263],[87.41817073787463,24.512551544958686],[87.41535177665583,24.51081629017861],[87.40989402831207,24.51109319331682],[87.40655073817948,24.508970818722105],[87.40056767847491,24.508553359680946],[87.39822987391015,24.509038283803704],[87.3960150642772,24.510994909144777],[87.39267849616985,24.510782855278006],[87.39069033811789,24.515976197692776],[87.38903621687315,24.517362360756135],[87.38867618704327,24.522240274910143],[87.38589949358301,24.524944782815812],[87.38772313625772,24.530118248280044],[87.39003774951159,24.537942550145885],[87.3887558695128,24.541657856066657],[87.39092652744235,24.548102275910782],[87.39694910521,24.547362468874496],[87.39924229209305,24.54502622461784],[87.4033267629692,24.537862361739826],[87.40462433562627,24.5361067244927],[87.40603344659253,24.541386430694548],[87.41121274616901,24.540089791944293],[87.41381976461744,24.540245224277538],[87.41189475815005,24.54332127705209],[87.41305528226243,24.54495276612046],[87.41566770535638,24.54671573427404],[87.4170023566538,24.550189108841856],[87.41924103720591,24.552341403913353],[87.41933707839863,24.554490684682147],[87.42271762961059,24.555519774992444],[87.42757523935438,24.555352518444025],[87.43055001372086,24.55896568024193],[87.43651044700046,24.55785565111343],[87.43690756343078,24.56413133794463],[87.43907745852586,24.569029099187514],[87.44310719191076,24.56639813640893],[87.44399974334262,24.564652448045077],[87.4476286199155,24.56268769427785],[87.45021486571358,24.56292697422968],[87.4547643222813,24.56757352582586],[87.45685764194852,24.56928889546878],[87.46257378153149,24.56704394679414],[87.46385841861415,24.567274749663714],[87.46672379034,24.57032757631389],[87.46657436257223,24.57532237851185],[87.46552058707867,24.58142186711063],[87.46342720980971,24.581554733290893],[87.46010783310744,24.58400343902063],[87.4595988358882,24.585269455598667],[87.45625303117575,24.585929890443243],[87.45529608598201,24.586778635070058],[87.45458873751996,24.590008084321763],[87.45543935798388,24.59304913619606],[87.45517667643385,24.599588674648356],[87.46324405571961,24.604179013421394],[87.4621657763166,24.609104452800963],[87.46284285391535,24.610556373404812],[87.46056539481081,24.617174370503],[87.45387579944004,24.616654360486237],[87.4513102377089,24.617654083916275],[87.44861098450816,24.61702093734702],[87.44420143447223,24.61884938108783],[87.4462628000888,24.62344027130066],[87.44565639043118,24.62793067945815],[87.44709539315002,24.6297417044968],[87.44651885998898,24.631522596063277],[87.4477580133507,24.63268389284339],[87.45420297730367,24.63620481092189],[87.4563878936157,24.63925978451425],[87.46163740509078,24.63998426739304],[87.46416650793005,24.64254138339599],[87.46560874315266,24.645083757545525],[87.46849915127028,24.643783229871868],[87.47120758910786,24.645346632481598],[87.47350519560993,24.647985154547285],[87.47122781917741,24.652020348236576],[87.47191088127234,24.657581475873208],[87.46902396339259,24.66778686735862],[87.47085627289835,24.6688378194791],[87.46788330253673,24.67461815885358],[87.46707265526885,24.68252307698072],[87.46963746226757,24.68378839003042],[87.46932883357339,24.685830445268024],[87.47261379851386,24.689306246422586],[87.4699100695309,24.693198130275988],[87.46905722350117,24.69771644720462],[87.469008052262,24.700435062651596],[87.46414288844925,24.70272612363213],[87.4624659429357,24.70904418794583],[87.46293384666737,24.712582975664223],[87.46401820910201,24.714385853509125],[87.46300353159732,24.718055723403552],[87.46398576942377,24.71895580882586],[87.46378603013748,24.721078742724565],[87.46020877393877,24.722972804799515],[87.46084347734963,24.724817704074855],[87.45987803499064,24.726163370354648],[87.45666583532592,24.726158123798772],[87.4561008845442,24.72713528051758],[87.45647244183924,24.730051209861077],[87.45795532568785,24.729965347224805],[87.45912029192579,24.73213837871941],[87.45702543668058,24.735228927538248],[87.45354259287717,24.73602975875093],[87.45242557102979,24.737505250156005],[87.45352779992098,24.737857149517108],[87.45156812909326,24.739666309544493],[87.45162155786677,24.740763445699734],[87.44773198786544,24.743994812484246],[87.44736022603594,24.74603995833061],[87.44549235762678,24.74685085161259],[87.44537804187156,24.748065887405144],[87.44263033889986,24.751328368555686],[87.43865996788539,24.751418296760434],[87.43486420046968,24.757041931837623],[87.43510537196627,24.758716845564766],[87.43705277496817,24.76125800755267],[87.43832883875277,24.76410811659109],[87.4421963917265,24.766950576362866],[87.44319583843593,24.769864703848263],[87.44791580793817,24.770374455359516],[87.44888109114626,24.77197002058994],[87.44884286651164,24.7750768714859],[87.45066417617159,24.778151020243328],[87.4539305533187,24.778719134949295],[87.45558082835865,24.780944858788672],[87.45555592922655,24.782254440134004],[87.45273732424141,24.785161981777364],[87.45314883474775,24.786786407386654],[87.45800347020469,24.78607613273919],[87.45909434554332,24.7867952779094],[87.45904145335673,24.788547533577656],[87.45755523526599,24.790611215567072],[87.45775772680665,24.79186591248846],[87.46053953362097,24.793642827960344],[87.4653356092267,24.794470516358967],[87.46750818064844,24.793425144771465],[87.46951803048265,24.791188124132862],[87.47218348584158,24.78970762743728],[87.4801777344779,24.7873115530339],[87.48524256833093,24.789837354286767],[87.48724947792931,24.78950565213215],[87.48681431308208,24.786959693130004],[87.48739378628981,24.785919837983933],[87.48986635353803,24.785785266734653],[87.49330480938553,24.784744388191765],[87.49626565462528,24.78300063833551],[87.4982736651154,24.78296688205143],[87.49754850579264,24.784694252392825],[87.49537130015864,24.786959259959705],[87.49546234137232,24.78994823203743],[87.49709239200467,24.791848441894523],[87.50043266858597,24.793417729611257],[87.50450092259744,24.79396395335585],[87.50942662494329,24.79851695136045],[87.5097581316973,24.7997530590734],[87.51161791775661,24.799701559067024],[87.51575459179743,24.797592055648938],[87.51674921419846,24.797669966784895],[87.51703641991087,24.80130845849602],[87.51967557407828,24.800712267437543],[87.52314125196257,24.80139554001501],[87.52834755962786,24.79958909219381],[87.53368292910358,24.80022029106861],[87.53562683181221,24.80131515093625],[87.53883449054176,24.801809334587926],[87.53988316409792,24.80407230088325],[87.53654910899554,24.809709146196926],[87.5364844108646,24.812059012787106],[87.53550708935617,24.814880214417038],[87.53651919738277,24.820105566479427],[87.53527004467757,24.82317040459415],[87.53638819484877,24.824152036665357],[87.53933781981368,24.823184081475578],[87.54682922109198,24.826669818354603],[87.54865452163843,24.829923403282017],[87.5511864237873,24.8296024438773],[87.55262689866969,24.82861274755274],[87.55462638896354,24.828745301684556],[87.55395694474676,24.82730281827949],[87.55528483239857,24.825500668531006],[87.55503450035843,24.823178415947197],[87.55720972202775,24.822233342326967],[87.55845524816682,24.81973608900907],[87.56108464161578,24.816953678617086],[87.56382463200077,24.816744635759704],[87.56845902614711,24.813195967558958],[87.56912451848962,24.809445574186864],[87.57076295274786,24.808554201509384],[87.5727913578633,24.809032938091477],[87.57488608761977,24.80796044399687],[87.57564305130128,24.809050242745446],[87.5783605351465,24.810421515063332],[87.58022149953162,24.810612993230183],[87.5827379551294,24.809203340685333],[87.58458694146148,24.808925159806456],[87.58741324694097,24.810286774722403],[87.58953060517204,24.81027846339269],[87.5931179533133,24.811456298580275],[87.59556641312791,24.810326734488783],[87.59940757074331,24.807696841780505],[87.60415722527583,24.808811099507547],[87.6065644440932,24.80839043371471],[87.60952058770022,24.804914976507774],[87.6144243957955,24.80018069097563],[87.61570145771142,24.798342104921527],[87.61892908970944,24.796834139407398],[87.62097572657778,24.796568284311245],[87.6216552804647,24.793982601680547],[87.61502535683468,24.795671748436124],[87.61303902794329,24.798109225135544],[87.61097464098138,24.798804052009057],[87.60948793530189,24.798250221896446],[87.60801430663912,24.79895543885467],[87.60733273644892,24.80059803804696],[87.60212956200468,24.802822665615842],[87.60075479246152,24.802909524736076],[87.60082512758822,24.805069624256152],[87.59769038384927,24.80553175429802],[87.59349057909323,24.80453705020102],[87.59047704493271,24.803311805189388],[87.591101546605,24.799398901600973],[87.59411640283435,24.796758861640313],[87.59367187288638,24.794846030724813],[87.58845132494514,24.79337660294825],[87.58490763496489,24.792975120028228],[87.58428599587084,24.7912074291966],[87.59099922477937,24.79035919058555],[87.59322775169487,24.790884288545403],[87.59662098362034,24.79297393012581],[87.59845055501584,24.792831132966487],[87.59700079815316,24.789658015018034],[87.59822970217617,24.787530621470967],[87.60168897645845,24.789449526884216],[87.60646118885823,24.78823816988433],[87.60928763787085,24.783602735810195],[87.6082766782729,24.781186554339257],[87.61095006007615,24.778307544630035],[87.61260618077966,24.778513755589888],[87.61445744638085,24.780818063768933],[87.61569718109733,24.78073208009686],[87.61854018557122,24.784620476071943],[87.6217916439653,24.786174134457763],[87.62327476564553,24.78197921520197],[87.62344572850097,24.778252558227837],[87.62078071667949,24.778103186782122],[87.62228439918262,24.776645849505115],[87.62926085212185,24.775933896397927],[87.63042222462265,24.77283131311886],[87.63881257294699,24.76946322497223],[87.64245637832808,24.770215295823085],[87.64292300033684,24.768632810573383],[87.64471590661397,24.769130840821962],[87.64896178874979,24.767748745320404],[87.65150159433558,24.76922787486214],[87.65491700831844,24.76791246012998],[87.65469159561417,24.770180217449386],[87.65621420306037,24.769132805221453],[87.65705940017,24.76529308587048],[87.65963900845621,24.76493857399374],[87.66143158957456,24.763521821918463],[87.66347131089587,24.760225447466883],[87.66642213901218,24.762740966082838],[87.66794656185152,24.762978064343432],[87.67087774890022,24.76546645143047],[87.67542046635515,24.762348387003524],[87.6787789935856,24.761574623233535],[87.67746858200849,24.757046961253554],[87.68360092928495,24.75352406167763],[87.68227905862673,24.74871661645547],[87.68687563929876,24.742969867024428],[87.69191144842708,24.74696547695789],[87.69886719332479,24.746720926844823],[87.6998954719877,24.744047496383537],[87.70141751035001,24.742125761636316],[87.70445393468363,24.742237967148284],[87.70791084713329,24.739747073031864],[87.71154030357896,24.74153612726835],[87.71219964357483,24.740982103562185],[87.71047434789672,24.738425471884376],[87.71198377073509,24.733469332149387],[87.71112920690489,24.731874865033497],[87.71439187217422,24.730075765665266],[87.71630883018975,24.73123610698348],[87.72691011491871,24.750484103672495],[87.73484927782577,24.76523797241602],[87.73987095413483,24.764761575816518],[87.74235431515756,24.76556688753991],[87.74301927482428,24.7679341671084],[87.74760757156322,24.76831532472335],[87.74976672426286,24.767277070195963],[87.75288847328522,24.766656312329054],[87.75339121504351,24.76473921875493],[87.75159763516866,24.762544741319758],[87.75030300274747,24.762713848769838],[87.74647283310148,24.761455124927068],[87.74611346883282,24.760070696056733],[87.74277229186791,24.757895200976968],[87.7429640338374,24.756031431640807],[87.74661367180717,24.75441484946768],[87.75232375618722,24.750105588217505],[87.75706498670456,24.74754397706522],[87.76264398139594,24.74617000685329],[87.76799550543159,24.74643164222383],[87.77164820578466,24.747008816307734],[87.7729885490263,24.747868883355082],[87.77317044981685,24.750098595885532],[87.77428266154055,24.75242282653554],[87.7756627701372,24.753309724209245],[87.78254023129094,24.753978319759593],[87.78507510587477,24.752899308891834],[87.78760287790399,24.750700612319896],[87.78999414045863,24.74570299041262],[87.79200331805218,24.73975002998233],[87.7946352736774,24.733784700048542],[87.79870163589527,24.72912082783524],[87.79875107497901,24.726429732008956],[87.79495763313864,24.726955733143125],[87.79343973930538,24.72615997428101],[87.79307818037806,24.72371453926193],[87.79554357612524,24.719601488666797],[87.7956229883086,24.716486762062804],[87.79765196578717,24.715336702268914],[87.80027310485873,24.717074695675038],[87.80553399148283,24.718780372206595],[87.80621051725024,24.724041749960893],[87.80519902148355,24.726639063594828],[87.80960104782463,24.727302048997462],[87.81303592606855,24.726054812831357],[87.81478130523512,24.726849084536138],[87.81818411055049,24.725566219531796],[87.81962320401595,24.72639819815231],[87.82104374972967,24.724394660319383],[87.82526891438661,24.72489520523404],[87.8257863711808,24.726888152774897],[87.83198827699324,24.728750229677793],[87.83696920981411,24.726916288090166],[87.83871422728603,24.726892993454115],[87.83919560237732,24.724230744612033],[87.84211105437741,24.722570751270396],[87.843301811403,24.720288321831504],[87.84665381743626,24.720341628500925],[87.84905706647498,24.721890387911916],[87.84924579287615,24.726386572872098],[87.84827326140454,24.72869389399773],[87.84147590753987,24.736888113200962],[87.84280161850785,24.740296810933607]]]]}},{"type":"Feature","properties":{"id":"20-241","name":"Palamu","source_name":"Palamu","state_id":"20","source_agency":"Survey of India (SOI)","district_code":"338"},"geometry":{"type":"MultiPolygon","coordinates":[[[[84.32737305077124,24.487251443424817],[84.31704560763549,24.486732904371465],[84.31491092955284,24.485926316343136],[84.30849319225572,24.48196854488835],[84.3027911359704,24.479978507944118],[84.30019167423555,24.476039784927792],[84.29825530806205,24.475106879902427],[84.29632673474197,24.473144821175147],[84.29630590281006,24.470016652094436],[84.29135352548693,24.466175789333352],[84.29232966777737,24.46138863583955],[84.29597499807012,24.457277238373567],[84.2969417662327,24.45433557038477],[84.29740348198936,24.44911995398119],[84.30239969456757,24.448565232886242],[84.30411591527647,24.447885319093558],[84.31074538719777,24.44808404871121],[84.31717645437519,24.446215110324008],[84.31963961908671,24.446550724436975],[84.32175149952842,24.445921172243587],[84.32212624147705,24.443427617545353],[84.3248605375083,24.440692771339883],[84.3248649822916,24.438827416136487],[84.32819503357327,24.43844221438014],[84.33015804311975,24.435651134459462],[84.3341817381477,24.43153648633473],[84.33558334807636,24.431286010995567],[84.33509279371383,24.42905214004334],[84.33684991942474,24.42877418888617],[84.33556680060155,24.424711373623943],[84.3336784104208,24.425999276211943],[84.32870901623069,24.425096013842985],[84.32806826088995,24.42606272285166],[84.32552632202372,24.42646906557555],[84.324483019332,24.427571330101877],[84.32046400892746,24.42287670942955],[84.32057584387024,24.42098696142561],[84.32232851308612,24.418031437686775],[84.32678451205805,24.418825929970502],[84.32910232029604,24.418736209467532],[84.33050167344462,24.421583920687294],[84.33435269154282,24.42041482470213],[84.332938023653,24.41737376197911],[84.33385847059012,24.413585608704093],[84.33297602507507,24.412106491798532],[84.33105739312079,24.4115577245252],[84.33076459245808,24.409733713692063],[84.33193143424566,24.408432312391113],[84.33317842051879,24.404400207404834],[84.34205911173446,24.400073295711437],[84.34457852472684,24.399262337480955],[84.3416401177579,24.39386888986597],[84.34199971886106,24.393202957163705],[84.34765333230357,24.391146895720954],[84.35324700704142,24.3898620479803],[84.35990257386413,24.389291430984073],[84.36276361061178,24.388500714596532],[84.3635459696118,24.385451451789464],[84.36924553035465,24.38535431767606],[84.37349569153824,24.38347515793987],[84.37809315272543,24.38643199347417],[84.37901432882927,24.387944962297397],[84.38375820110943,24.388994554370942],[84.38794779532425,24.388629582661178],[84.3869130640056,24.38538623262618],[84.38880393431286,24.384534640600798],[84.38809043623809,24.381991738096552],[84.38935945209069,24.380050623849108],[84.3936916573274,24.37662093600531],[84.39391570916612,24.373285909314415],[84.39792919759,24.37266607804008],[84.40173106724892,24.373227719392435],[84.40421945871273,24.374830461650717],[84.40660720693911,24.37488736279197],[84.40617322605958,24.372352040018235],[84.40458872635267,24.369695776244438],[84.40096500911426,24.367277878604337],[84.40059894504819,24.364498548414335],[84.40347344891131,24.3631758388887],[84.40970206710031,24.36261446173102],[84.41340211532723,24.36042123644124],[84.41721783782627,24.358834607844706],[84.43054219093645,24.356531795507934],[84.4276105044726,24.355653334811308],[84.42497520701576,24.348929746477292],[84.42452170458111,24.3450500056627],[84.42494754318928,24.342912589775107],[84.42377015319997,24.340723137958182],[84.42305746283898,24.336595006608107],[84.42316833056546,24.33403355183734],[84.42449733896825,24.329787880751823],[84.4284226454748,24.330445861477507],[84.44222214451906,24.331955037439283],[84.45011168316032,24.33249399173765],[84.45158102358437,24.33290679572161],[84.45197948984774,24.337494800651015],[84.46043511075774,24.337100517250345],[84.46591064277763,24.33153877890656],[84.46401268225563,24.32906979981449],[84.46405396314573,24.327822235226183],[84.46686360959646,24.325529728531446],[84.46733786611318,24.324037671324355],[84.46533077684737,24.32279068391446],[84.46493986913053,24.32090894376361],[84.46703154862942,24.31711708435494],[84.47046985807359,24.315476373737233],[84.46993809660103,24.313229373659958],[84.47207721480366,24.308139183708683],[84.47209025219713,24.306946251767233],[84.4757216367878,24.303048789304764],[84.47858165757256,24.302084854267175],[84.48481823038124,24.302234945165335],[84.48887211349151,24.301056515663007],[84.48988818532095,24.30332081313012],[84.49139908003525,24.303533726159213],[84.4961292683505,24.299928102092565],[84.49561437445657,24.297871703565928],[84.4907821750146,24.29462917257975],[84.48964280669033,24.291581069908442],[84.49163125444589,24.286311828802535],[84.49109581064913,24.28270278103197],[84.49029953938943,24.281128098616033],[84.48710685897501,24.27723919688423],[84.48654940747132,24.27062184935073],[84.48965064207343,24.268047407670355],[84.4897089568704,24.26658610990188],[84.49126260821728,24.264680150894822],[84.49022407803942,24.26190999459199],[84.48515990104613,24.260589787082015],[84.47919095877228,24.260725624358457],[84.47324680522433,24.260103541704616],[84.46452063282374,24.25977326096123],[84.46858875157892,24.262156191599484],[84.47329696565556,24.26553805522915],[84.47290019134816,24.266677823201114],[84.46650527168387,24.264946651434766],[84.46335538870484,24.26590507034673],[84.45796516609626,24.266130948446584],[84.45814134669716,24.262386262113978],[84.4574638617752,24.260643763188394],[84.45352070085937,24.2559564490765],[84.45076803220655,24.250931554495814],[84.44744079228022,24.247361095101628],[84.4474944028397,24.239541837822763],[84.4520604931307,24.238322151242027],[84.45850674042501,24.235911680814077],[84.46389213005787,24.2333748856534],[84.47272416704608,24.227782645565654],[84.47435886063175,24.227212562044645],[84.47605261019952,24.223178870230235],[84.47439220342262,24.217040623719225],[84.47445899578196,24.211653139546247],[84.47513315631753,24.20990414970241],[84.47474784887666,24.20615799338582],[84.47652170428043,24.205185456218093],[84.48169118111697,24.204714339575304],[84.48369182768167,24.203564997132496],[84.48438014540793,24.20183876525244],[84.48644475656914,24.201687798439515],[84.48988980772171,24.199641442810524],[84.49551332781786,24.20042005781661],[84.49791837205925,24.200215858874795],[84.50145463705951,24.198026254806607],[84.50596584546167,24.198822266345886],[84.5103115574141,24.200545172393834],[84.516007065799,24.201170656375833],[84.51762459800227,24.199969488922584],[84.52261339806255,24.199490981276174],[84.52515064329346,24.201617364000715],[84.52824213702566,24.206135659776994],[84.53090647287304,24.204743662098064],[84.53757157315032,24.202053281982845],[84.53790881850583,24.199865302269803],[84.53737149395586,24.19658900073877],[84.53613856364048,24.194854077157558],[84.53497331021309,24.194898424831596],[84.53281389410672,24.19267048120048],[84.53227642162072,24.19109070216596],[84.53023257909082,24.18965854235274],[84.52837202534188,24.187146088526035],[84.53094438115367,24.18437147771718],[84.53240973689083,24.18134428615577],[84.53245629592739,24.17789687375202],[84.53493553864291,24.177909982070872],[84.53705308380867,24.176779761508378],[84.5374591708477,24.17561287519809],[84.53733565870655,24.17127815162109],[84.5423503228259,24.16836220385768],[84.54732408234669,24.167052126489992],[84.54943060568857,24.16509026990584],[84.54957795210548,24.16257871448418],[84.55290189304324,24.15882826170203],[84.55330036152492,24.1528860968635],[84.55220685143759,24.151938865872932],[84.55548068216322,24.151210359740077],[84.56811698907617,24.145433173449177],[84.58220532394574,24.14154503539192],[84.58194358159108,24.13582180237352],[84.57972375226763,24.133566003963992],[84.57992667763776,24.130093926613153],[84.57791628529237,24.12768804284308],[84.57682047805241,24.12477303117221],[84.57673347188852,24.12103461982222],[84.57523576203644,24.118922674604164],[84.57309120502515,24.11807916079387],[84.57306268494828,24.116986461164682],[84.57063864726202,24.11567523480726],[84.5687696329457,24.11621419245762],[84.56656585317101,24.11261349512283],[84.56406394345007,24.11230737022044],[84.56115475400259,24.10909710913441],[84.56046465183869,24.10710925377918],[84.55820582553218,24.10643226900927],[84.55533768102578,24.101597789183828],[84.55446530310654,24.101967499794384],[84.55435281784916,24.099086157774934],[84.55581311263768,24.09726806510431],[84.55782701513357,24.096383336552762],[84.55801254819492,24.091210227205025],[84.56036674278641,24.084757585121263],[84.56312009304433,24.081100515254114],[84.5642205904664,24.07751358890191],[84.56587021574981,24.0755206882282],[84.57257286722256,24.0746161678889],[84.57692792937296,24.072536849966802],[84.57724864916322,24.070122739872737],[84.57369867994541,24.065986425425663],[84.57219373103189,24.060284724024875],[84.57011918235146,24.058211676741113],[84.56908785433573,24.0560142896189],[84.56944787442316,24.0531460293813],[84.56861106324116,24.051629383802407],[84.56676071517863,24.05072931763057],[84.5623068977656,24.051299384923453],[84.55764311501804,24.049979308379722],[84.55527561491604,24.04885834071698],[84.55463132593847,24.04603174295679],[84.55678379657004,24.041363153303458],[84.5589324306593,24.03896928130545],[84.56093922991082,24.037836782198852],[84.56206774558328,24.038193223094616],[84.56247390388339,24.03662090297556],[84.56503327002902,24.03495019358122],[84.5651141801317,24.03065470139439],[84.55858333534152,24.026759530254992],[84.55727830914324,24.025601382482726],[84.55793752944933,24.023481542473718],[84.55723257422494,24.02022070661179],[84.55546811191293,24.01634710148332],[84.55428470048467,24.01501037801168],[84.5539891634586,24.011412980724458],[84.55478099933329,24.01059066119657],[84.55423037811786,24.008778180158117],[84.555457473091,24.0075548786614],[84.56066453746385,23.99822297240452],[84.56288874891592,23.99542387879111],[84.5682227297478,23.99012643349567],[84.57038729206181,23.98747289112018],[84.57194789085148,23.986754278353857],[84.57892845045681,23.986768392180124],[84.58031425527867,23.986501811868937],[84.58175665928981,23.985305411566227],[84.58480457450374,23.98145395067518],[84.58855090640755,23.98075460911269],[84.58944226448533,23.977202958171205],[84.588880184358,23.97467563472853],[84.58584484312449,23.96939221210421],[84.58221210938208,23.967177643596855],[84.57324547033494,23.96496895450982],[84.57159450305649,23.961332122652657],[84.57009793353737,23.95942187111208],[84.56993716332707,23.953849716289543],[84.56902579473204,23.95216531408291],[84.56807723789515,23.946174513656075],[84.56947245645365,23.941953926124523],[84.57160201646168,23.937844264054597],[84.5717004275371,23.935210016708417],[84.57027869652836,23.932461370672957],[84.56657659128273,23.927541905607708],[84.56546907227455,23.927876361327602],[84.56068846319054,23.926992655567407],[84.55734563971089,23.92747957714049],[84.55523932732562,23.93006540709583],[84.55218331089337,23.930161214050656],[84.54384857479694,23.929495629388008],[84.53650156882813,23.93060570829666],[84.5353075026556,23.932464102455942],[84.53126121673382,23.933509443153476],[84.53017962243858,23.932544225336205],[84.52995133694684,23.923811153165214],[84.52825682372233,23.923152631039876],[84.52148968019512,23.921680643544747],[84.51753220400522,23.921174417341756],[84.51808136433417,23.91761781616],[84.52113914950094,23.914318211971747],[84.52313594772677,23.91310471131252],[84.5233417895707,23.91002991825486],[84.52478455501567,23.90389250392589],[84.52502533195957,23.90154479384346],[84.51678360979376,23.90074404107554],[84.50985601969546,23.899512708144503],[84.50780893068428,23.8997683703376],[84.50577666100685,23.898742522296327],[84.50258246452186,23.898410909942807],[84.49490250362065,23.894287744206363],[84.49535004089127,23.898436450660977],[84.49060855593885,23.89669054902363],[84.48575407910735,23.89439075407793],[84.48508124777857,23.89872149862731],[84.48276467031343,23.901743580627336],[84.48196740995178,23.906462412349264],[84.48048070918364,23.90864758198276],[84.4766540455258,23.91003809903837],[84.47606230167781,23.912194780121744],[84.4719760277274,23.913292057802288],[84.46976271617991,23.91652316830102],[84.46990767583549,23.921183170959914],[84.47196509277362,23.927977873246512],[84.47916778349801,23.926403936728494],[84.48052975084514,23.92991484528547],[84.479912029163,23.933406947803373],[84.47853938438826,23.935316069082994],[84.47806360370292,23.937564896373306],[84.47586000005317,23.94280914585652],[84.47453903406381,23.944069244430743],[84.47131718144016,23.944602926594904],[84.46977510609408,23.945615621870946],[84.46827734398107,23.947883623715626],[84.46799953808969,23.952554739894936],[84.46907569304406,23.957302267476333],[84.46279387672683,23.953570031105343],[84.4609745626878,23.95368436074035],[84.45649516469612,23.958728188605356],[84.45606221489759,23.960769963902344],[84.45284275909975,23.961655280646394],[84.45110719286336,23.96150016394171],[84.44734991298837,23.95976782038701],[84.44502579039505,23.95658806549128],[84.44215517710553,23.950745353177247],[84.43946360653361,23.950772685502894],[84.436679955575,23.948018759386837],[84.43463128308564,23.94879655572609],[84.42945408888322,23.94935985081139],[84.42618857197624,23.950099461397397],[84.42344921631182,23.950062577117997],[84.41466382970982,23.947110725667017],[84.41024535013027,23.944361555742166],[84.41036755821193,23.94217934972616],[84.40820825451695,23.93916429337045],[84.40683395859898,23.938157181672118],[84.40546600841112,23.93437025070372],[84.40056986519393,23.93563114388203],[84.39886466278901,23.935468092363042],[84.3948067872983,23.937042062283822],[84.39024381034282,23.937361821678696],[84.38288034203667,23.940206036159434],[84.38238618818208,23.94182232440796],[84.37974589619134,23.942725010799915],[84.3703717140824,23.94202323217067],[84.36793947041943,23.940898458432667],[84.3645423028308,23.94279888831267],[84.35914978248084,23.943816432418117],[84.3574700296495,23.94625162662643],[84.35363135171752,23.948117006333376],[84.35156247996188,23.949877502131525],[84.34772157247214,23.950885294280578],[84.34486041100293,23.953444320170075],[84.34255975547647,23.953566928077848],[84.34159664199827,23.95120358536139],[84.34018130688779,23.945032456382968],[84.33974485985303,23.93853538417871],[84.33815879426571,23.933994976988394],[84.33819305978373,23.93232581616861],[84.33698213673425,23.92864940605126],[84.33380078213122,23.922908029986072],[84.33291910419595,23.919462907662627],[84.33443001188948,23.917602729874215],[84.33592517124265,23.91441015254103],[84.33608837838158,23.91223845040428],[84.33385783192979,23.909604983553866],[84.3316486327802,23.910172200000517],[84.32938999983723,23.90724999971159],[84.32602000022266,23.899219999502606],[84.32503999972373,23.89474000162713],[84.33025000023841,23.886920001452513],[84.33151000009885,23.882320000754515],[84.33247000014536,23.880770000086613],[84.33240999976566,23.87873000100628],[84.33147000022082,23.87757000104655],[84.32493000016215,23.877309999742035],[84.32191400059114,23.876898000447376],[84.31801000016009,23.879219999077065],[84.31200000033037,23.875439998887718],[84.30976000014975,23.872439999998548],[84.30467686091492,23.867356273809747],[84.30237999985928,23.8666900008954],[84.29065000058107,23.869170000233577],[84.28680000055412,23.869470000970374],[84.285349999624,23.868779998824568],[84.28184999967804,23.86930000093622],[84.27959999927056,23.868459999504534],[84.27634000028088,23.86620000127704],[84.27503000050781,23.866390000288856],[84.27517000017887,23.86809000053888],[84.27682000030573,23.870199999661885],[84.27740000004862,23.8722400005665],[84.27695799981116,23.874836000434026],[84.27554000006914,23.877040000617605],[84.27539000035227,23.879279999423268],[84.2737700000174,23.881440000864956],[84.27186800036341,23.88233800019974],[84.2659800000798,23.882119999984734],[84.26279000004023,23.88141000104746],[84.25922000010554,23.88280000050847],[84.25404999937489,23.883170000021227],[84.24718000030067,23.883290001121694],[84.24423000064404,23.887589998545568],[84.24075039478315,23.89195122429705],[84.23957028414723,23.895756792100386],[84.23702000081543,23.899229999361562],[84.23474999980752,23.899730000241235],[84.2287399992536,23.897560000539755],[84.22329999967968,23.896020000765745],[84.22027000051911,23.896650001677227],[84.21663999956894,23.898310000881175],[84.2133699994288,23.901499999409705],[84.21325999984921,23.9055399995792],[84.21399000003575,23.90908000064731],[84.21464524831792,23.909609277483234],[84.21463844613022,23.912653687066697],[84.21359761003009,23.91586588291531],[84.2119466734861,23.917767270225895],[84.20936088513386,23.918857579958335],[84.20660998670728,23.918491687582836],[84.2014138233855,23.917116396290478],[84.19961964902723,23.917128078891075],[84.19790479376596,23.918561063034165],[84.19639798179306,23.921293034025545],[84.1950462624743,23.926602190717038],[84.19296244643076,23.92943412599998],[84.18994005591617,23.93071457547235],[84.18613509856017,23.93321706083981],[84.18308631790076,23.935727058157703],[84.17302603051398,23.9382288993039],[84.16552022965232,23.93886665261411],[84.1629235393134,23.93862023407517],[84.15647964969116,23.94098285824261],[84.15029946903874,23.941608308440667],[84.14403652120714,23.944208417820025],[84.14201899976729,23.945750255754728],[84.14071424249912,23.94569892385912],[84.14006211463037,23.941427038943388],[84.14163068128694,23.936637023934946],[84.14233924627172,23.931659465073192],[84.1450995802017,23.926692181122693],[84.14562135789534,23.922154188291387],[84.14474240616796,23.91971023283318],[84.1421065194929,23.91680933078116],[84.14073812303583,23.913859852774042],[84.13920367352861,23.90819985982415],[84.13768238034656,23.90506701909085],[84.13485326376112,23.902329317675374],[84.12215307627442,23.90019252392154],[84.11695076164492,23.89885868298282],[84.11026393156013,23.89190149257156],[84.1047227853026,23.886851818068944],[84.09772918531412,23.87742474772101],[84.09509523146623,23.87451417732952],[84.09318689191818,23.87120224511746],[84.08948809629781,23.86677343316397],[84.08565181360105,23.86440506849538],[84.0808179013232,23.86350488274234],[84.07036137380781,23.86114936430507],[84.0648828023233,23.858680611738528],[84.06323450194489,23.857367706927494],[84.06250909276488,23.85559411377758],[84.06228566946727,23.84809953737027],[84.06041197139974,23.84286568822883],[84.05669378559831,23.840249839400574],[84.05234716530691,23.836659432229254],[84.05022372572195,23.833953388123625],[84.0503986428511,23.830121360527865],[84.05301538733654,23.825027514251502],[84.05527162683495,23.819376259319487],[84.0551467628255,23.81621533123717],[84.05259091780395,23.814722592000184],[84.04528214500971,23.8130395154066],[84.04286020868953,23.810836241331167],[84.0408718749915,23.80681842249077],[84.03981870111078,23.801789666120513],[84.03787360190047,23.79846746650864],[84.03534118225785,23.796397345051652],[84.03272114573215,23.795597984440423],[84.0306062502334,23.796306270628538],[84.02932759319324,23.797761621155885],[84.02823053821972,23.800718524010033],[84.0257750335379,23.802696335128697],[84.0223070456684,23.803284515220888],[84.0186716123049,23.801418411998757],[84.01719940928946,23.797109265006632],[84.01147688481365,23.794808814386467],[84.00831809582623,23.79570415426407],[84.0037148664333,23.795434324212405],[84.00059856755338,23.7927657748579],[83.99768362480971,23.793931846343373],[83.99863729697326,23.795750747740176],[83.99871476218401,23.797927066531287],[83.9968630848208,23.799551498269285],[83.99656704341375,23.80303801576255],[84.00048345619341,23.81016209053672],[83.99932253339315,23.813938681363762],[84.00012279493987,23.81819699711295],[83.9979950676745,23.81856028862756],[83.99506866654201,23.819983189826644],[83.99156568822906,23.82301011812546],[83.98980233840719,23.827162835135944],[83.98487663060051,23.83315779791905],[83.98472480423757,23.83505884287135],[83.98234944216793,23.837656395547672],[83.98272672512303,23.843394047942503],[83.98048661074053,23.850731780895615],[83.97992230247776,23.85433925397058],[83.97592913505598,23.85602060690275],[83.97208093027646,23.85821902080662],[83.96140012440789,23.85972307367289],[83.95758830778539,23.857409891577564],[83.95106601302821,23.86024061593602],[83.94782190593908,23.86092535022767],[83.94583251005422,23.86207706164749],[83.94223505211046,23.865687319998674],[83.93941114231122,23.867688560882744],[83.93623828309339,23.868672158808753],[83.93716047132088,23.870973547202247],[83.93582654251672,23.87282388469486],[83.93724067783428,23.876109663490872],[83.93560257591845,23.879415762835695],[83.93439833010743,23.87971669763484],[83.93408966701476,23.881569370108274],[83.93117588190809,23.88278358572437],[83.93251029120249,23.885291768522873],[83.93288144031621,23.88869205185236],[83.93537436203472,23.896177314365552],[83.93378956667537,23.898040652473313],[83.93444850642771,23.901311301719097],[83.93582161501489,23.90260205688307],[83.9404851354671,23.90462601240459],[83.93741038120483,23.910565478062388],[83.93677937458068,23.9148481921539],[83.93737460852367,23.918325148628323],[83.93671183965824,23.920622031137658],[83.93953957254485,23.9214273607862],[83.9400909941793,23.92270760059902],[83.9362833836498,23.92546821732037],[83.93477505477514,23.92407555466992],[83.93270131220022,23.924178541250452],[83.93056041976271,23.923386830595014],[83.92754648950651,23.924228969192363],[83.9250964599361,23.925713946070324],[83.92454607923283,23.927399318911842],[83.92730593538496,23.928997576016005],[83.92732766140587,23.930153085773416],[83.92566107840581,23.93088676210045],[83.92463310130358,23.93615398487027],[83.9227077640122,23.937026808709078],[83.92035764956773,23.936357021258893],[83.9192513921254,23.934575230783903],[83.91724553596053,23.936357762317357],[83.91409324456565,23.937223888719387],[83.91391732744476,23.93842948665118],[83.91603195280032,23.938679536922795],[83.9183892879389,23.941524167147293],[83.91751857148375,23.942634603181563],[83.91398528763638,23.944648097870438],[83.90589822520646,23.9511085816049],[83.90499798188212,23.96043866220843],[83.90017066151964,23.96561995027851],[83.89930707281081,23.965187424287983],[83.89697104957745,23.96637645615943],[83.89544210438883,23.966255226822636],[83.89346586304279,23.969229014890335],[83.89517678478985,23.971591697303474],[83.89444142895442,23.973589030452207],[83.8958637156123,23.97427203402733],[83.89345139115854,23.97761145256173],[83.89291656200999,23.981277697223945],[83.89138676681453,23.980980505184924],[83.88839692228863,23.98279671788206],[83.88171652925689,23.985340954252322],[83.87713735494351,23.98463416231073],[83.87215765072942,23.98465898323002],[83.86962494974664,23.98299209782131],[83.86741615071573,23.982956002990097],[83.86580601455427,23.980910946666157],[83.86642726140292,23.978776076737756],[83.86818513454791,23.97633967654124],[83.86607395794334,23.974708429772146],[83.86377703730183,23.97426450478662],[83.86302180481427,23.972606769260718],[83.86355435835262,23.968864060101915],[83.86430550970597,23.967444696327163],[83.86422011994313,23.962859138094252],[83.86470193248391,23.958772452465464],[83.86583430977653,23.955217866178828],[83.8599608821307,23.95506620093463],[83.8565075238777,23.954147335437767],[83.85060469307116,23.953421776787998],[83.84327063612484,23.953415478007937],[83.84036435167462,23.951406720298205],[83.83583263035088,23.952441181674494],[83.83153992847653,23.950520936470742],[83.8274305428538,23.95195191986304],[83.82527050962987,23.955561573825392],[83.8224602397372,23.95685691061692],[83.81976295756655,23.955943879438813],[83.81709171385843,23.95836976460275],[83.81619540417461,23.96168066513411],[83.81848273384576,23.96329805780901],[83.82223447242318,23.964458586815574],[83.82910693554282,23.96529560308509],[83.83171091663884,23.966820146726405],[83.83417299603191,23.970137251186426],[83.83156880458279,23.972628027582978],[83.83282080698055,23.976443526151176],[83.83489923323759,23.97979793696998],[83.8356326284578,23.985948685238608],[83.83793434110277,23.988612875340735],[83.84045739337873,23.98784381014111],[83.8407550669657,23.991292771767206],[83.83695196542264,23.991434892856276],[83.82811925800266,23.99598941953513],[83.82477653077986,24.000530906530972],[83.82651982055619,24.002335582227047],[83.8299223644343,24.003768477241266],[83.83274918084504,24.00745416062603],[83.83584487584608,24.012201039583818],[83.84045868056629,24.02035390015367],[83.8442497903289,24.025611288768904],[83.84539291825445,24.033105958940627],[83.84740243651142,24.0369099318298],[83.84921924396545,24.03764844827785],[83.8519393855968,24.035785175259534],[83.85561982031882,24.03513000318205],[83.85818677672653,24.036229398891187],[83.8609572761631,24.039462337104666],[83.86036325455329,24.04328502023171],[83.86210692012276,24.045116378545533],[83.8614472725246,24.051432543241948],[83.86240780917451,24.053351642461582],[83.8623364379301,24.05668870975026],[83.8639663426071,24.05876139818007],[83.8639839194796,24.061270144265134],[83.86478235272169,24.064805537894447],[83.86391702954612,24.06806321224117],[83.86473880900505,24.06983053544246],[83.86972987982581,24.069472666431594],[83.87204749526532,24.069944111706018],[83.87342515393303,24.07189429402138],[83.87904280757054,24.074887443353074],[83.8819971498724,24.077889229154465],[83.88496465106908,24.07953783774947],[83.88772348401345,24.080063276032252],[83.89030378060947,24.083914560577277],[83.89039056863234,24.08601873476895],[83.89273807806111,24.086490591572684],[83.89631146289678,24.08421713503195],[83.89946639124503,24.085851221525065],[83.90664041389816,24.088757759104],[83.90903718009872,24.091684716453376],[83.90994115123776,24.09538448533706],[83.91701701729777,24.091746657115383],[83.91968992995993,24.088894959731356],[83.92651126291311,24.0909543071515],[83.9295517561935,24.09617683529204],[83.93391784191644,24.09693230128531],[83.93531361081168,24.097758837744852],[83.93812038177703,24.101257581523964],[83.94119033813281,24.10040996135014],[83.94335343474172,24.098835795627572],[83.94363164185633,24.09777883430228],[83.94696782307405,24.0956460396185],[83.95055965012486,24.095437131332403],[83.95334849512504,24.098295504483534],[83.95769261983104,24.106232623421935],[83.95927506992656,24.10968921028606],[83.96350076189418,24.108387511075257],[83.96691428514396,24.10620846136875],[83.96943100223808,24.10661933309675],[83.9742824559122,24.103484978464078],[83.97633595404842,24.101436690204107],[83.97678492131132,24.102203521363993],[83.97980650757854,24.101419613195066],[83.98816660294419,24.10165684502846],[83.98916700494058,24.104275386891224],[83.98936313741486,24.108497893018086],[83.98840316495215,24.11179699825821],[83.98490633559103,24.114099509901433],[83.98256639951869,24.119133664804014],[83.9812510495857,24.121137960162105],[83.97699447030683,24.124040628215468],[83.97731065846027,24.12522901026992],[83.97565580689488,24.128074818761377],[83.97648610254089,24.129562105295403],[83.97640175319422,24.133774503125725],[83.97534833647194,24.135395958888022],[83.97496373106601,24.137847314362563],[83.9759556157347,24.139049053316285],[83.97531570317474,24.14106668826989],[83.97315625198249,24.141317197476333],[83.97085551771606,24.140542121753967],[83.97105029932935,24.142222844874954],[83.96963010516251,24.14364747802604],[83.9692948821204,24.146185524992493],[83.96753842809902,24.150608319961826],[83.96226123601366,24.153363825099312],[83.95516469119524,24.155694775153723],[83.95260266907468,24.157150499624343],[83.94502073401736,24.159615612313896],[83.93956849682962,24.161013272503318],[83.93438827260424,24.163787683388758],[83.9301869331182,24.166744017202475],[83.9208572680282,24.175191286041958],[83.91742385734393,24.17809060159946],[83.9117984426135,24.18377869773268],[83.90727264425338,24.186682665380353],[83.9048304957152,24.189646811308116],[83.90242005898013,24.191294185096655],[83.89254854884189,24.196380768329448],[83.88840397111177,24.198939933724244],[83.88267638709401,24.20429086796486],[83.87950725949982,24.206770487666347],[83.87621743763826,24.2121800317047],[83.87497884327566,24.215763862157857],[83.87185845202505,24.22267458016621],[83.86754290168945,24.229759106187167],[83.86147637244558,24.237195357005447],[83.85902749995374,24.241954016264593],[83.85732741562434,24.24346183719599],[83.85212318305742,24.25059967784631],[83.84666028693213,24.255430989276082],[83.84497484215318,24.257525405706748],[83.84068464238041,24.264266606647936],[83.83395260635817,24.27300495614072],[83.827613806808,24.28172405582071],[83.81805228492539,24.289373902456695],[83.81643690455451,24.292570159091998],[83.81605270039674,24.2957380344777],[83.81873292793166,24.303526704104595],[83.82399760148324,24.308761790626622],[83.82807312803389,24.31233879673385],[83.82943709692859,24.314108682961294],[83.83033368886488,24.317249271304174],[83.82999394995284,24.323386663814375],[83.82646544227809,24.332218336358732],[83.8247686120109,24.33510617048722],[83.81780828287253,24.343703243941526],[83.81393157569342,24.347104495691973],[83.811495035887,24.351194651123347],[83.81181675900237,24.35997145789],[83.81271179491563,24.363951162037072],[83.8141265760895,24.367238117580218],[83.81548621562325,24.37312229491907],[83.8202292290513,24.37922196865313],[83.82221527298847,24.3809509347099],[83.82592013296252,24.38249030055387],[83.83247190008449,24.386804958809776],[83.83948131449452,24.392545532778506],[83.84311092094019,24.39436260213559],[83.84706331965145,24.398261616290583],[83.85079685097887,24.40106422327197],[83.85285835295952,24.410111883757477],[83.85531060994005,24.419302885803244],[83.85596802957332,24.4265708772201],[83.85577677030541,24.435472458458616],[83.85516740238002,24.43739065631676],[83.85548962796548,24.440293610603923],[83.85469459476042,24.44452685733396],[83.85266808433228,24.449131359750375],[83.85218941373476,24.462835941127192],[83.85236890346567,24.475435490996425],[83.85203581469023,24.482087313464984],[83.85321281064427,24.48827432326167],[83.85520185215016,24.497094897646242],[83.8565597642751,24.50038043824035],[83.86098133091923,24.508547810197147],[83.8652369034172,24.51707262339994],[83.86831239540918,24.522297476673014],[83.87134105566531,24.52624015159976],[83.87231003486593,24.528127967103284],[83.87271589074646,24.532148921563778],[83.87515526591775,24.53290681107836],[83.87807234393675,24.534640601904073],[83.87845442959375,24.533820341900395],[83.88527390354064,24.53675153408593],[83.88846383351958,24.537791914768846],[83.8963396628993,24.539605479615524],[83.89901037626049,24.540508562479772],[83.90785814224044,24.540915905573325],[83.9185132424853,24.544066619753483],[83.92225815988607,24.54542440938681],[83.9270036567366,24.545800910119688],[83.93303404276774,24.547295307398606],[83.9351398220868,24.54832171516152],[83.9381145491743,24.550873725677366],[83.94285841307799,24.557695284570173],[83.94306709313904,24.558631091610465],[83.95115929572908,24.564139532209637],[83.95616049325326,24.5693231119625],[83.96245716702023,24.57771308878059],[83.96499409399668,24.5796890270033],[83.96750149601193,24.58263950961223],[83.96993625785505,24.58739919783344],[83.97482849191867,24.591321328772633],[83.97656807794348,24.594067364446783],[83.97868817639383,24.599908093022798],[83.98192414556809,24.605905732304063],[83.98533967120392,24.614383393483802],[83.99033093882178,24.624055097327602],[83.99317649059545,24.6300519282968],[83.99806517628457,24.638216531436896],[84.00212450267858,24.639926344589053],[84.00497786471719,24.640610304312055],[84.00778023627844,24.642873160533703],[84.02116439161941,24.63847321411395],[84.02239590166731,24.637157507090436],[84.02735953427529,24.633573478397505],[84.02627821837054,24.63230114729677],[84.0233502445802,24.631731150033023],[84.02377717607375,24.629721043697632],[84.0267791739914,24.62840121994201],[84.0302377488964,24.629922348170545],[84.03334252520237,24.630128009882764],[84.0342045524951,24.62873660330455],[84.03329300394853,24.62511889754137],[84.0339717360904,24.622290502894955],[84.03282770607063,24.620155845354397],[84.03661141562421,24.620862029632445],[84.03863940803836,24.619741114078806],[84.03553739091794,24.617854106622005],[84.03698613428051,24.61669154806999],[84.03919907425565,24.61703281947263],[84.0423851625524,24.6188010280448],[84.04523232557483,24.614255970024324],[84.04447270769465,24.61213788854957],[84.04576779467858,24.611466694482615],[84.04918437535787,24.61203106365338],[84.05177893796692,24.61075644684592],[84.05143012354809,24.60850147946458],[84.04915768513253,24.609647798009185],[84.0482429326075,24.60875142702466],[84.04728000096082,24.604385308461254],[84.04904807515614,24.604243728699338],[84.04990056059488,24.601302430236057],[84.05236725342071,24.598714186105152],[84.05428296486375,24.595207669606285],[84.05689303941095,24.594103966602532],[84.05724422959676,24.59259731675681],[84.05528107689503,24.591376657315287],[84.05462427370054,24.58983689372344],[84.05113853034402,24.58830174085355],[84.05065139016695,24.586821557710408],[84.0518132840249,24.585883424454195],[84.05465972931218,24.585293160306406],[84.05946234657881,24.585856254580897],[84.06014188389547,24.586899905422175],[84.06194986070484,24.58672338203316],[84.06249767899712,24.583909088178387],[84.06493960337536,24.581631372433687],[84.06344690815776,24.58029646500781],[84.06247468393207,24.576665749526857],[84.05846832535737,24.57331672936656],[84.06016009213677,24.571188195807117],[84.06190337176301,24.573442045293394],[84.06364864505932,24.57361770657921],[84.06327049429913,24.57141467481135],[84.0642195548096,24.570156363523722],[84.06581365346615,24.571208148326644],[84.06847422572663,24.570427239305705],[84.06803377796601,24.568693596683833],[84.06929557912872,24.56782788725066],[84.07212274392616,24.568033296779866],[84.0731333957453,24.56736088223201],[84.0730496756199,24.564177336590983],[84.07549960794506,24.562441374429],[84.07463927641133,24.560639085670722],[84.07276434317124,24.56004227589378],[84.07335071121898,24.55771475307693],[84.07279496982989,24.55494410176253],[84.07771833113685,24.554132333437764],[84.07784803169955,24.55261216321008],[84.07595128174289,24.550950167421256],[84.07641871773511,24.54864003176147],[84.07760098341979,24.54692970968733],[84.07720883599158,24.543864655024645],[84.07847790935685,24.54058874519303],[84.08118619794834,24.540790807411355],[84.08551448025824,24.53804604040202],[84.08481807405127,24.53563526377254],[84.08593134418678,24.535058696925695],[84.08931898177902,24.536411815812144],[84.0931439439013,24.534335256686393],[84.09113759864401,24.533442369967446],[84.08908593538413,24.530623734970586],[84.08871859591336,24.524965584426972],[84.08757653841784,24.5235936486056],[84.08740926589957,24.52139648801675],[84.0881100194823,24.518163573715665],[84.08651936138942,24.51783092453574],[84.0843985323528,24.514108481331263],[84.08780225377808,24.513268677924636],[84.08633327458422,24.511248781040315],[84.08655858264301,24.508217478896615],[84.08554139210788,24.506165022917738],[84.08665833093886,24.505410932091873],[84.09176708247232,24.505143217187882],[84.09230599768888,24.503478324555665],[84.08950517595814,24.50378088388826],[84.08871389452412,24.500461469185655],[84.09047213446341,24.497329449804795],[84.0924885174578,24.497525512341635],[84.09189246215962,24.495763746083888],[84.09434910690958,24.495027452458423],[84.09486737379596,24.4930753753212],[84.09844612547978,24.49251565495005],[84.09874235573356,24.48791353649439],[84.0999950265381,24.485320617690384],[84.10307165491716,24.482524504793954],[84.10394294236464,24.480857289216534],[84.10836950106294,24.477440705276887],[84.11117519164192,24.476772491911976],[84.11293916808506,24.4785478537467],[84.11750292540923,24.480649470164696],[84.12117145838155,24.48079877069565],[84.12188128593746,24.481399043766622],[84.12468011129347,24.480836142627656],[84.12552430630801,24.483173708801637],[84.12511111422972,24.4909055723736],[84.13022608880168,24.4971464122369],[84.13113889577896,24.4976902338295],[84.13703939145057,24.498034502400245],[84.14074443084903,24.500455636090294],[84.14101110748771,24.50125449639774],[84.13998287853859,24.505721896561695],[84.13951250974797,24.51080786300177],[84.13854994605713,24.511968369159227],[84.13688838681561,24.5176102866388],[84.13670108086967,24.52026385664895],[84.13527304885274,24.521091176068605],[84.13462860590347,24.524235591577455],[84.13673545609599,24.527801331156763],[84.14019665114373,24.530694314645768],[84.14341311718931,24.53197357561798],[84.14491225643654,24.534600900470902],[84.14566880280061,24.537479325821362],[84.14950594220794,24.536934917534037],[84.15629331145749,24.534301622777566],[84.15794358382423,24.534612512434062],[84.1633999741103,24.532811127024218],[84.16328824772862,24.53032119652094],[84.16455761063543,24.528855438642772],[84.16119047601067,24.526561716780485],[84.15759344977417,24.523123532605794],[84.15491639057082,24.520012393719988],[84.15263085698359,24.51573694293587],[84.1564172638139,24.510840684947922],[84.16117121921508,24.50821383495758],[84.16839111313863,24.506003099007028],[84.16949156602121,24.505310832395356],[84.17858477060928,24.505103401719804],[84.17956420482092,24.507394581944638],[84.18368492606969,24.513680383698418],[84.18398856121784,24.516154674952336],[84.18547233977696,24.518451585378163],[84.18559397439677,24.522009994982483],[84.18294216950792,24.52178828459389],[84.18016953602836,24.5252395427359],[84.17786613645693,24.526283876279972],[84.1785800735079,24.52828146076914],[84.1771929685424,24.529668001609327],[84.17580196342595,24.533436796590227],[84.17226555802094,24.538504045670688],[84.1729375002135,24.541238261071666],[84.17281123836541,24.545046833013554],[84.17559283220855,24.545251711840454],[84.1841475793963,24.544996445004337],[84.18754821828391,24.548200166200846],[84.18834210484758,24.553254184122878],[84.19351810193038,24.553994708544916],[84.19413788236852,24.554833988855144],[84.19991724746976,24.554676922501567],[84.19904681580225,24.55281181770364],[84.19944558840946,24.54692849330015],[84.20163226365601,24.543687043889378],[84.20349471503587,24.543342558050703],[84.20704120088385,24.541350701951608],[84.20947822923073,24.54090248451083],[84.20910856246374,24.53667628261978],[84.21004719828771,24.53352379617958],[84.21226141298065,24.532810780813524],[84.21706880953647,24.532674014820156],[84.2184172973566,24.533736898113258],[84.21997364740952,24.537486455278096],[84.21998370820965,24.544116963598007],[84.22033526321708,24.546994445552187],[84.22790239074885,24.548415398078546],[84.2318708075168,24.550421854997435],[84.23562412517636,24.550108636528662],[84.23615734147484,24.549471299241002],[84.23556170413329,24.545594614760834],[84.23545164297855,24.53970965483551],[84.23579614063017,24.53911002790155],[84.23916075977642,24.53988193977187],[84.24229645079022,24.54194224588948],[84.24327690837646,24.53982372741295],[84.24307556063242,24.53761354415039],[84.24391600918784,24.537038531296655],[84.24962994883018,24.535655078342295],[84.25061407107138,24.531856326039968],[84.24776491076581,24.53016888532018],[84.2475684430627,24.528775499438538],[84.25036054379457,24.5278517432596],[84.25690265533885,24.52686978999787],[84.25777052905104,24.52869963405991],[84.25904674134014,24.534188280019563],[84.26396450868906,24.534710961695204],[84.26493345533157,24.538281443650774],[84.2682585796924,24.53820365763315],[84.26834578054307,24.54101194089687],[84.26933598845277,24.5431236438132],[84.27248449322506,24.54329799630101],[84.27776767060077,24.54422380335125],[84.27968723124852,24.547173490910485],[84.27960716407576,24.548597921216263],[84.27392758125328,24.55025525922289],[84.27350319731747,24.55404681032914],[84.27081295211535,24.554560477958287],[84.27001978819305,24.558171624273605],[84.27052986042608,24.560072959935198],[84.2730362609801,24.56009175517608],[84.27604242294109,24.558666500771874],[84.28292182676437,24.558778448056156],[84.28972092571094,24.56268766493701],[84.29725209472352,24.560422307847407],[84.29814372239962,24.5592947349703],[84.29849675280252,24.55117722101307],[84.29984069449985,24.54736021220352],[84.30004498275407,24.545347190437365],[84.30437922754673,24.540692889689996],[84.3068355018459,24.538959659063995],[84.31067883764459,24.535450482951454],[84.31290807070246,24.529218188039586],[84.31222169597541,24.52297412313523],[84.32054929737608,24.518121101536455],[84.32212349439453,24.51653955208262],[84.32227832068853,24.51380309923468],[84.32167224131412,24.51099637330545],[84.32210634744771,24.50807598924802],[84.32420369307131,24.504067984960994],[84.3275117551859,24.500368293910196],[84.32678688837201,24.497712352534677],[84.32647869837488,24.493977679443447],[84.32748283844693,24.492255005934325],[84.32737305077124,24.487251443424817]]]]}},{"type":"Feature","properties":{"id":"20-242","name":"Ranchi","source_name":"Ranchi","state_id":"20","source_agency":"Survey of India (SOI)","district_code":"339"},"geometry":{"type":"MultiPolygon","coordinates":[[[[85.10729949979054,23.664344541232953],[85.1104041862776,23.663108488526355],[85.11235742556438,23.663619798403296],[85.11355392666103,23.662216805081567],[85.11901941988535,23.662526957393297],[85.12195348399516,23.663691239031923],[85.12499817021528,23.66672587461179],[85.13002037622206,23.667201880073446],[85.13373248900207,23.668817691601156],[85.14537569069893,23.669733989312636],[85.15109323459718,23.671671371043033],[85.1546160783777,23.671781067556694],[85.15795107593762,23.673929106809986],[85.15958027531758,23.67257596949994],[85.15835529311795,23.670615560725466],[85.16012715557322,23.67062303613358],[85.16177031582592,23.669143654744786],[85.16211673552499,23.66715222987004],[85.16592671148788,23.666005441899678],[85.16895313582579,23.671829153066074],[85.16978380063446,23.675541131072922],[85.1723521266049,23.678388617566696],[85.17263444301723,23.68205794904621],[85.17407051146401,23.68525322676558],[85.17752500384478,23.688553579245205],[85.17979265252366,23.689941466568172],[85.18096293369082,23.69307267854898],[85.18288491897917,23.70029985282176],[85.1863967001078,23.706445966170104],[85.18650658641319,23.70913803566264],[85.18770388729091,23.70977514479211],[85.19356778673666,23.709094201665913],[85.19740290546227,23.708326260677268],[85.20182777941183,23.70625129773462],[85.208244136779,23.70436164017689],[85.21449361211964,23.70198674605179],[85.21733600236688,23.701369370070296],[85.22066750378005,23.701561217137485],[85.22379249668285,23.70106437115173],[85.22572657794305,23.69798933843071],[85.2251873374515,23.695806948742913],[85.22275937114055,23.69189637742692],[85.22282503400453,23.6899467226031],[85.22502671744382,23.685195185008258],[85.22848077645162,23.6842685384853],[85.23534776681717,23.686550163222105],[85.23493992057168,23.682969781470607],[85.22924791748754,23.67899494138569],[85.22550106138655,23.677660867863032],[85.22621700604158,23.6761881353193],[85.22372776877465,23.675383072445033],[85.223865899928,23.672413923442473],[85.22173152397276,23.67147746769201],[85.22241274928287,23.668225492700405],[85.22095842423981,23.66558118376665],[85.22123447481624,23.661836985586117],[85.22263849959614,23.659496339537235],[85.22035537517856,23.657980288748156],[85.22240975159848,23.655385227441304],[85.22150318018448,23.654291188151713],[85.21730805227168,23.65570584871125],[85.21337026734629,23.654775631863558],[85.21152286272014,23.651137956170082],[85.20836011773282,23.649092394123496],[85.2061235579983,23.64561719707863],[85.20620350086293,23.644065044393933],[85.20459437393848,23.641310412579372],[85.20404849530382,23.638215949319196],[85.20235233326942,23.63658234895362],[85.20471340712764,23.631135319150744],[85.2045326128538,23.62714207560665],[85.20926705372982,23.621060421813908],[85.21793167827045,23.62048801676198],[85.22429487827023,23.619540548603332],[85.22619786107737,23.6179459504984],[85.23007098573854,23.61706016476477],[85.23557905268858,23.618860145669036],[85.23622882041299,23.618254382187033],[85.2387488228201,23.613014030555497],[85.242330894328,23.608205627092822],[85.24463683068207,23.60355427441195],[85.24456814847917,23.60135017800293],[85.24208111838361,23.599010403904146],[85.24219122019313,23.593684050616556],[85.25187195796777,23.59218585884762],[85.25427845567887,23.590253457962366],[85.26045308675108,23.590105957351707],[85.26433195494927,23.58646514733153],[85.26531461532831,23.58400191483259],[85.26533042505794,23.581311133256154],[85.26726898422604,23.578425073689402],[85.26850330789642,23.57858936538321],[85.27177463592997,23.580741787492038],[85.2737001829603,23.581088241822943],[85.2778993191994,23.580638143786125],[85.27720784881991,23.578815480169233],[85.27860016292047,23.577982104210424],[85.28065374704767,23.578275657840518],[85.28599477341882,23.576636962190854],[85.28924976673851,23.576456111794357],[85.29471721883812,23.574123179575242],[85.3006589736139,23.573745741670933],[85.30498803567306,23.573829159944403],[85.30751146048888,23.573387016578586],[85.31459529747877,23.57102584590609],[85.322594003076,23.56989324005988],[85.32550701604605,23.568850050747272],[85.3330708831745,23.562564985602005],[85.33608499792088,23.559698580222282],[85.34194566427112,23.561068569690914],[85.34765637291505,23.56186266477968],[85.3486969804126,23.562469719049002],[85.35261228321428,23.562718945345363],[85.35604482489433,23.561617423810887],[85.35868744859079,23.56259344525817],[85.36164650258975,23.56175780735727],[85.36436524050242,23.56291522075773],[85.36661494322841,23.561611348036973],[85.36713539683723,23.559928197130088],[85.3698093273361,23.559956222621913],[85.3729011669915,23.5570717635371],[85.37744520872131,23.555442224149886],[85.38064112738014,23.556168182107562],[85.38181261725025,23.552608236538944],[85.38464570044572,23.55011209300392],[85.38668376453016,23.553079387920516],[85.38723682292368,23.556578777757462],[85.38938901728422,23.560715645501578],[85.39171034319301,23.562613215139173],[85.39183469422105,23.56044733173447],[85.39438369225681,23.55624742444977],[85.39579118896616,23.554889440395385],[85.39855843097563,23.55692257091598],[85.40434936909377,23.555979666453606],[85.40850532761966,23.556582110326666],[85.40958439867012,23.55808318594807],[85.41448956723154,23.560752060799487],[85.41576920527218,23.561063051644467],[85.42071568543957,23.560291557384627],[85.42455011061386,23.556664103489354],[85.42479565475968,23.55482655309749],[85.42810704423891,23.554930074919668],[85.4306746885205,23.554016818328055],[85.4329631117864,23.554328820401825],[85.43494833428329,23.55377993445287],[85.4393059628482,23.55142156610165],[85.44582067811119,23.54886785265018],[85.45107086310009,23.549639953511257],[85.45643010506107,23.552152152866558],[85.45818290835719,23.552205640365575],[85.46297256531221,23.555621436544172],[85.46587844939283,23.555921006250262],[85.46921987639766,23.557534330285936],[85.47089297160272,23.55916549120775],[85.47148016523623,23.56115071967991],[85.4711061832943,23.565535915398435],[85.46990409696103,23.569515618551332],[85.47252136330499,23.571925342444565],[85.4757952383508,23.56923930949209],[85.47707246786923,23.56916840334344],[85.47987554755713,23.567120924108753],[85.48462817752359,23.564458089036275],[85.48731256011118,23.56359921047326],[85.48873173009471,23.56114764423773],[85.48598492480517,23.558917454064204],[85.48385212908846,23.560377676364578],[85.48117664284074,23.55430471331302],[85.48488329807353,23.552458848070223],[85.48819211594068,23.548363966263917],[85.4925588694548,23.54510107266698],[85.49765614992825,23.54400125123918],[85.49919168184813,23.544993625326644],[85.50354188566769,23.544024057868285],[85.50508637347265,23.54430078347413],[85.50751663948483,23.543348766547375],[85.51275801421167,23.544139452311043],[85.51402009804079,23.546011779135636],[85.51180366708253,23.54972935395599],[85.51291190073773,23.55658528761351],[85.51372656519116,23.558191514831513],[85.51236978223871,23.559496998034387],[85.51114212961052,23.563251115590052],[85.5057874551101,23.568085327173872],[85.50394846981403,23.570424740099504],[85.50756850087598,23.57173278263277],[85.51116459770037,23.574304841899462],[85.5118026867422,23.575927496544416],[85.51556421334038,23.578618451966907],[85.52041731595655,23.579704578121987],[85.52177894644905,23.579237525132715],[85.524285550646,23.575874802485018],[85.52404796300281,23.57258539637167],[85.52651137223044,23.568514005653885],[85.52853851646843,23.564364829668556],[85.52892640906394,23.56208371539535],[85.52503553579173,23.557838531324197],[85.52061035543544,23.55058090313874],[85.51957090681894,23.54717542859659],[85.51960111087436,23.545351538674954],[85.51814758992715,23.54325966801559],[85.51830899458325,23.5421928026884],[85.52494774636193,23.537590648150875],[85.52772787947903,23.53508833507687],[85.52947643420401,23.534635232851638],[85.53136811829745,23.535411689278018],[85.53261495465054,23.537798559320404],[85.53342824644679,23.541301149023443],[85.53712872520636,23.54060444878708],[85.53775592422573,23.542353281882114],[85.54103044068704,23.544156581963318],[85.54664896742905,23.54333057712075],[85.54786173958821,23.542610391207454],[85.55586376379469,23.535496291178593],[85.55717836628757,23.53350362852435],[85.55872501637873,23.52909276125965],[85.56494399481569,23.52280146421514],[85.56534338160046,23.521188576281432],[85.56855854267862,23.518210876890983],[85.57125847574774,23.514867064446705],[85.5747946137989,23.512975906816923],[85.57765614334879,23.510539095785372],[85.58211482108761,23.507967269665738],[85.58463818387742,23.50733994159053],[85.58940041727267,23.504303522640413],[85.5876773598047,23.50058518114004],[85.59004323304995,23.49726512183101],[85.5915444173508,23.494217216821763],[85.59952941827609,23.492844123689512],[85.606377565876,23.489699470249935],[85.60368495656147,23.486902889542364],[85.60410208747885,23.484486283803005],[85.60579490214556,23.484582629941734],[85.60704066017465,23.482033516013097],[85.61400931404705,23.479932570403637],[85.61807270522336,23.478026951412755],[85.6216404921825,23.475764584345647],[85.62670731681075,23.47337988125466],[85.63131971719886,23.469848229739025],[85.63269255826181,23.469251059076072],[85.64093668925076,23.467263926301133],[85.6441375791458,23.46730982028331],[85.64960157734808,23.466228272683264],[85.65378633651889,23.467727488757795],[85.65650393597349,23.467740504163615],[85.65791039018313,23.466507677715672],[85.6604034105237,23.4629617489083],[85.66873394625622,23.461064153614686],[85.6706977671684,23.45949134048557],[85.67086880152691,23.4541372786864],[85.67435258816175,23.451313017918206],[85.6817976194119,23.450761859888367],[85.69510952523319,23.44886874714172],[85.69875338686272,23.447625729333932],[85.7056428110995,23.448386749489476],[85.7094299429648,23.447922001627244],[85.7121220609943,23.446887513568505],[85.71467253522778,23.444307529508652],[85.71904939264941,23.44416282657896],[85.72422792522687,23.45125870454989],[85.72965035270273,23.45543931704696],[85.73146460774444,23.455101814796237],[85.73421752058057,23.449736914494345],[85.73557566287029,23.45001429089878],[85.74114886285398,23.45276876009906],[85.74363509600491,23.454866024193162],[85.74567811502065,23.457398744007385],[85.74906196973451,23.45863955281199],[85.75302158569248,23.461272283633228],[85.75576414928776,23.462179220573383],[85.75795288556189,23.461582527612453],[85.76353250812419,23.462692566647995],[85.7715900968952,23.460516440471043],[85.77453501157594,23.461803811291436],[85.77794638778752,23.461306713847613],[85.7797623875932,23.45971334755067],[85.7808204007935,23.45749986102962],[85.78246814128859,23.456103794130847],[85.78765083702922,23.455656393968653],[85.79158240248121,23.457159035228717],[85.79366097607254,23.4568047662422],[85.7951549920491,23.45506417547466],[85.79511341110238,23.45093271349966],[85.79725506768023,23.450167185543627],[85.80181163073827,23.451836970072048],[85.80314636437008,23.455811994920445],[85.80632439551418,23.457299417985183],[85.81606749768657,23.457030450918463],[85.81918419110674,23.45551862954657],[85.82345318011615,23.454331604520114],[85.82869530273175,23.44935844099652],[85.82900650747665,23.44736471265813],[85.82787995828032,23.44412300691309],[85.82855728568563,23.44056956655941],[85.8307409177888,23.43936665984051],[85.83669626737516,23.43443468574172],[85.84061253756589,23.429821440611498],[85.84139835994586,23.42725322316091],[85.84144182258025,23.42450790208478],[85.8422077566401,23.423086564069653],[85.84508873719062,23.422701501620836],[85.84915197717709,23.42478163784579],[85.84908745945575,23.42658754045455],[85.84711447290539,23.428379307481894],[85.84763352052153,23.430604939663482],[85.84969333072316,23.430078163901268],[85.85437894967792,23.426987611126382],[85.85717317529178,23.42635990132585],[85.85868531419487,23.427019098385756],[85.85999371443594,23.430821977254137],[85.86357214864844,23.431582108772293],[85.87105894603164,23.431390045524115],[85.87623856895718,23.430027384980527],[85.87796321174143,23.43006798133042],[85.88048554914347,23.431333142093564],[85.88455972800669,23.42988411427786],[85.88732699337712,23.426261345988866],[85.88667037705027,23.424664609953375],[85.88187730087486,23.424079712734724],[85.88020944368864,23.422523417737075],[85.8817001360346,23.420124905540074],[85.88924397938561,23.413917232383515],[85.8910158825789,23.411500325288433],[85.89056555885955,23.408889814999913],[85.88719774881561,23.408149476864796],[85.88608341868643,23.406822840709683],[85.88647324773987,23.404634667270066],[85.88789830454517,23.404534006650216],[85.89394020738227,23.405830952411332],[85.89840425041028,23.405714271626156],[85.9020060651744,23.40124790105408],[85.90268292457257,23.39845220264742],[85.901594959242,23.395383785110397],[85.89998891453294,23.393593564909956],[85.89593384154011,23.394338397876027],[85.89163680694367,23.396855042539933],[85.8897062158889,23.39719363980358],[85.8852248878366,23.395969586589512],[85.8813529069731,23.393277540495497],[85.87456685018493,23.391548963623197],[85.8702693190487,23.389458822867272],[85.86933944529571,23.387831386025322],[85.87044558603363,23.385875032563213],[85.87565142544642,23.384240529676624],[85.87809633054665,23.381817619847755],[85.87727067283687,23.379787869572592],[85.87464367296785,23.37755714751316],[85.87466689589671,23.373387446092927],[85.875622735222,23.368308979538476],[85.87480083234458,23.363795904465192],[85.87496316215717,23.36046917145878],[85.8761129532981,23.35784428469641],[85.88115426277247,23.353942438871545],[85.88351410234777,23.3516551768635],[85.88249672891416,23.348583939179345],[85.87729928522513,23.345337473550256],[85.87433277760167,23.342862021741436],[85.87075094169911,23.341774209872504],[85.86754998370391,23.342181545304104],[85.86572708894604,23.34133153920365],[85.86515370396644,23.339820568251316],[85.86690897941446,23.336336352535568],[85.8667801171335,23.33364397336406],[85.86876386686896,23.331376480047577],[85.86794522712165,23.32938042279416],[85.86324202809888,23.327331041171472],[85.85983718963826,23.32164653011375],[85.85596121063253,23.320007521143772],[85.851510552388,23.317169726457866],[85.84935045415283,23.314584151225528],[85.8481986451569,23.310163122729502],[85.84720681125249,23.309187394046052],[85.83946528258983,23.30722618369872],[85.83767281610842,23.3048617830279],[85.83623467029837,23.298829617977503],[85.83399094555429,23.296076950958867],[85.83293080295661,23.293684477885293],[85.83088125165906,23.287136537799245],[85.82683063546015,23.279529769472372],[85.82065417001598,23.27037039874891],[85.82004113981338,23.267045911180386],[85.82230841448465,23.26344633503958],[85.82349723464213,23.259418019903972],[85.8321108999504,23.25092567910148],[85.83409867758003,23.25034879096069],[85.83804311028514,23.246953846513968],[85.83812264517763,23.243414914377926],[85.83578560074966,23.239025220904672],[85.83571709193093,23.237904685458407],[85.83928971736228,23.23164494187524],[85.83936287872888,23.227225304691313],[85.83733099330803,23.224206261022953],[85.83641573652103,23.221553102411466],[85.83681903762957,23.220129074720166],[85.83866238292207,23.219582717886073],[85.8447018248718,23.22166831088881],[85.84748356247758,23.222077110369064],[85.85173606466911,23.221900463366254],[85.85637390520927,23.22009164594314],[85.85837680047845,23.220142372859716],[85.86218162015716,23.222066591002182],[85.86437636326103,23.22188108833489],[85.86851703639995,23.218514116449978],[85.87175595637451,23.212658425422823],[85.87659906256191,23.20652266144717],[85.87750354284387,23.203921135224622],[85.88121174535776,23.20026199227507],[85.88340275721072,23.19597623386913],[85.88319612793971,23.192328608451778],[85.882450321257,23.188841465573606],[85.88249069068571,23.18322729288752],[85.88179815895833,23.179996947211404],[85.88108521119825,23.17228206127468],[85.88209566410166,23.168233755198802],[85.88401081706168,23.165817774623488],[85.8879549837541,23.162537021942487],[85.8933080797914,23.156331864472826],[85.89139856651647,23.15597972848335],[85.88798853047093,23.15848467689769],[85.88572323505431,23.15718615714614],[85.88637385699552,23.154101724327372],[85.88581295449997,23.153411367359016],[85.88202852197513,23.153935560856635],[85.88046105803501,23.155667622882667],[85.87738395803056,23.15570901651288],[85.87381016115044,23.15672216045016],[85.87108848801898,23.15631435156374],[85.8708229296251,23.151859691517362],[85.86978900715236,23.14935942864908],[85.86947098377999,23.145346859774584],[85.8703399232794,23.144224118319276],[85.870686729072,23.14100609892206],[85.8695408642384,23.13991458810374],[85.86781950238183,23.140773836509453],[85.86389244538658,23.144358470758156],[85.86161637570426,23.145561342599986],[85.86024441145746,23.147258567809555],[85.85903337489553,23.146111705563555],[85.85492333740211,23.144736221007907],[85.85449605988535,23.143287999206525],[85.8507329839902,23.140180701342683],[85.84798418999438,23.14007759756771],[85.84413788430521,23.138143036644315],[85.84154253193887,23.133357597222457],[85.84103336194805,23.12896426576527],[85.83971380225474,23.12797007751734],[85.83655848412545,23.12751333651423],[85.8356162700065,23.12523036267748],[85.83670496394188,23.124271290249347],[85.83592299816715,23.121360820448928],[85.83161533725153,23.121506633397225],[85.83088018079852,23.12069451678952],[85.83054767718315,23.117371167776128],[85.82912182061281,23.116255665585022],[85.82641836828755,23.116542062607078],[85.82588369441598,23.11526369095821],[85.82387640630569,23.11421464402075],[85.82014076272449,23.10589533782027],[85.81646795053169,23.099373879109315],[85.8153501465317,23.094343740308755],[85.81667759888235,23.092985335399916],[85.81114067979576,23.093408949361454],[85.80462942724414,23.09221274766856],[85.80296076684598,23.091025982003405],[85.80035109491556,23.087382568113032],[85.79960429472553,23.08438285473967],[85.79965806261129,23.081436054696418],[85.80460228637487,23.079820673655984],[85.80622340294944,23.07864068311283],[85.8081189959944,23.078438222926096],[85.81000126890017,23.076420182940165],[85.80957999027463,23.071043008491973],[85.81158338599522,23.06855612201798],[85.8110474049184,23.06400897862809],[85.8123097642765,23.059195383033533],[85.81582130765277,23.054985715007756],[85.81663554927175,23.052273075502452],[85.81840817169194,23.049901864966355],[85.81787356351184,23.04797404979295],[85.81863293922801,23.047072001511854],[85.81877733582736,23.04393440981531],[85.81984248290077,23.042659816958242],[85.81813120022464,23.039684576044518],[85.81773976994693,23.037568126668496],[85.81997832894825,23.03378228680997],[85.82022889023591,23.032461026571287],[85.82235588580122,23.03081940932043],[85.82333258201402,23.028133893568107],[85.82225989354225,23.026339992443624],[85.81836172686042,23.023302059700242],[85.81728140309527,23.02185789733628],[85.8141914205633,23.01291110446728],[85.81226482245263,23.014165663836465],[85.81374651180042,23.01209039320853],[85.81269795070666,23.01093998524614],[85.8158912322036,23.007643077975676],[85.81799107393353,23.00721620779242],[85.81916642066169,23.008197406744475],[85.82052016417158,23.00735844759531],[85.81969017312908,23.006304511161712],[85.821724575633,23.001794586331084],[85.81976141537717,23.00035290531302],[85.82125611547275,23.000120147781885],[85.82335935847162,22.998347441067853],[85.82474315137965,22.996280272071836],[85.82492566410457,22.994353277125764],[85.82803830026276,22.99295784019294],[85.82807128033359,22.991608225449568],[85.83146032981806,22.99003448795016],[85.83959275816017,22.987059362669452],[85.84666142829295,22.98524127282318],[85.84929826995818,22.98028363343917],[85.84843079429605,22.979049004769355],[85.84830567539184,22.976546124042528],[85.84931476221688,22.971409628450676],[85.84757428076882,22.969604120522252],[85.84854580150422,22.96775955182643],[85.8479084544108,22.963545943167492],[85.85063754635122,22.959157951350498],[85.85200804429029,22.9527821277903],[85.85042481975465,22.94969064535708],[85.85276253801793,22.945408171230998],[85.85324352556673,22.943307134060525],[85.85745623033893,22.942759442870496],[85.8626784203074,22.9445311309359],[85.86464610061758,22.944816121405395],[85.86465393942275,22.941537514214907],[85.86549275276955,22.939176984955687],[85.86892218775617,22.939571765804875],[85.86993493865162,22.938323775546515],[85.87062454894557,22.934218696838467],[85.87159164203598,22.93283455897836],[85.87531789253478,22.93152424221387],[85.87607557421241,22.929506292645904],[85.87219377320898,22.924881361208023],[85.8705207070295,22.919666863160902],[85.86910502616686,22.91636001803567],[85.87096823604959,22.915081636637783],[85.87084457456983,22.911160716163785],[85.86888486088542,22.908807425686422],[85.86645273147215,22.90815789465306],[85.86075799693577,22.905043829193964],[85.85771794598232,22.90103215871202],[85.85805444533999,22.899264256620786],[85.86066617403682,22.898217118730376],[85.86104265433188,22.89399271776876],[85.86416826118841,22.88560752656388],[85.86396025765305,22.884290206865373],[85.86071536871576,22.88329763127039],[85.85438382740232,22.883557732334243],[85.84594676322719,22.88528524424523],[85.84049762753314,22.887566894081704],[85.83661729788109,22.889914073161833],[85.83570008415155,22.893448071561814],[85.83586341183451,22.898299594940006],[85.83666583764685,22.902523514421123],[85.83655664646017,22.90504263821901],[85.83321031777785,22.9030310680935],[85.8299446978418,22.902970960639742],[85.82677845080356,22.9038328401686],[85.8243422000637,22.903697413925645],[85.82064177040726,22.90544941738282],[85.81482163513272,22.906526104787226],[85.81104831321967,22.907672142221607],[85.8040555108509,22.90792681824391],[85.80174680250613,22.908803626552753],[85.79774744321047,22.90902636598461],[85.7978571085097,22.910960107880122],[85.7929378424079,22.91597179694346],[85.78750548229195,22.91942589985194],[85.78150900055732,22.92159294794246],[85.78003506932467,22.92178030976957],[85.77537937237443,22.920127831913344],[85.77412119770841,22.920154247209396],[85.77243729031841,22.922198925541753],[85.76842299508007,22.924897221394172],[85.76926357232348,22.930079046394653],[85.76829835289001,22.93114641828027],[85.76591591759302,22.93148921689316],[85.76062525356339,22.933155132691184],[85.75867646220831,22.933004399073653],[85.75555332869482,22.93116458680722],[85.75129195208592,22.933298794602393],[85.74838409285391,22.935624254156323],[85.74655946366498,22.935745396322577],[85.74380870761318,22.938266748548706],[85.74099051244927,22.940045772225474],[85.73814268512561,22.93902063197918],[85.73644617272157,22.94091585988289],[85.73329334967713,22.94141159458237],[85.73022227644387,22.94389941678475],[85.72605489729125,22.94376522726904],[85.72347614791704,22.943166575151512],[85.72025417484346,22.94357415190323],[85.71421232197405,22.943091793000793],[85.7080248681321,22.943592574194074],[85.7044145222315,22.9448412028725],[85.70220710619795,22.943147762541773],[85.69874844612862,22.94280332230047],[85.69811205635006,22.94000730309718],[85.69388416825022,22.937506833383434],[85.69139068627383,22.935174198717064],[85.68829654764103,22.934462200561086],[85.68319508847496,22.93460969429781],[85.67718404291513,22.935510396170088],[85.66996686511814,22.935167876318953],[85.66417677372189,22.935941232983637],[85.65883232584045,22.937854019719385],[85.65274669167127,22.936241771441715],[85.6539928786403,22.928386007026457],[85.65580564730574,22.92649563319935],[85.65625749362889,22.924178263445487],[85.6547823735308,22.922473177204324],[85.6512205710073,22.92081188622633],[85.64838827263685,22.91833121737096],[85.64219047666884,22.918982902695312],[85.62385091642155,22.917009798351057],[85.6193303012366,22.91475786191911],[85.61721985761854,22.915200138608494],[85.61578771119754,22.91989318432055],[85.6134552051176,22.922031431086932],[85.61309393062484,22.924963537124313],[85.61555261324419,22.92748304413631],[85.61505937418846,22.9315277444988],[85.611518001327,22.933222811491287],[85.60358888854577,22.93522001640417],[85.60152480215909,22.930208903219494],[85.59986423105897,22.92859571762629],[85.5935207489218,22.924403221811506],[85.59110187763555,22.92164524902892],[85.58372083862551,22.911328696920272],[85.57990148543709,22.907338264867413],[85.57684252367629,22.90759734559489],[85.57481305976339,22.909699441926204],[85.57295936765988,22.91012679959415],[85.56896843554014,22.91313153173413],[85.56643165606891,22.91709645297664],[85.56060372804544,22.92191986919931],[85.55740032696697,22.92224813212129],[85.55488608406398,22.924389416048992],[85.5540470434386,22.92605838514234],[85.55002087697228,22.923910288484205],[85.54860559721143,22.930557119705202],[85.55225269250668,22.932957587807383],[85.56035257813734,22.93708707396187],[85.56144223990887,22.937348188141836],[85.56281700244128,22.940286654714438],[85.56533251929555,22.943240676460317],[85.56533318223201,22.94485202049485],[85.56394533196648,22.94958593659475],[85.56401601302933,22.951564212337807],[85.56756949676459,22.950404479056115],[85.5729640780678,22.950126670029086],[85.57588034461025,22.950733077787447],[85.57902735612366,22.952146987280575],[85.5815037075681,22.948463419618168],[85.58188182328387,22.947122489210994],[85.58640828617534,22.946037870393234],[85.58491092155519,22.949048867714996],[85.58494342963893,22.951899988344422],[85.58803463995503,22.95326472466622],[85.59124133401902,22.953467748302987],[85.59174724958835,22.95649435760176],[85.58979742919395,22.958625863976845],[85.58979826496598,22.96067875427593],[85.59172174777993,22.96327398514476],[85.59457535862401,22.963368754430608],[85.5996205861765,22.962516608353646],[85.60309165683526,22.96343787406866],[85.60296509422079,22.96544607833535],[85.6012835557865,22.97339299197835],[85.6016382074073,22.975043618319077],[85.60043823456328,22.979235060601876],[85.6007566328145,22.97997104579357],[85.60025282494937,22.98732010664935],[85.59826659887946,22.992030176335895],[85.59812557846708,22.99369251844728],[85.59564302661278,22.995078594930664],[85.59474096010152,22.996471006790028],[85.59541578231497,23.001114735696465],[85.59292273846485,23.00208389102361],[85.59761005236412,23.004359360270374],[85.60173814359462,23.002728540559094],[85.60282817960459,23.002859148001132],[85.60537147409367,23.00058753757947],[85.60749538608196,22.996380686456174],[85.60813560899565,22.993530065375747],[85.61150334109887,22.993156023882026],[85.6144968335664,22.992239589221015],[85.6175312100715,22.9930859168462],[85.62070083206243,22.99471093586424],[85.62455833265113,22.994254734350193],[85.62785906060546,22.99155201519753],[85.62916718687464,22.991059523463807],[85.63485289413391,22.992574892396497],[85.63709219770145,22.99276366018757],[85.63884910759306,22.99484825174495],[85.64162887158976,22.9951510029954],[85.6456666885664,22.99786435769569],[85.64677700325427,22.99953079745206],[85.64966263947765,23.00074611461154],[85.65504845146111,23.00481981418779],[85.65213402041711,23.005760560051627],[85.64830898957875,23.00589841023737],[85.64680264011176,23.007560743841264],[85.64621240601961,23.01015871053833],[85.64372607592306,23.01011765654254],[85.6431675792699,23.01206118362154],[85.64102069585952,23.01423235564128],[85.63931381099651,23.0171878461789],[85.63951606418885,23.021324858238778],[85.64036280661493,23.02351259122826],[85.64248634663218,23.02588579014729],[85.64061190653089,23.025939500423924],[85.63988413425334,23.024223201114122],[85.6384199115503,23.024410487508494],[85.63732421394872,23.025836791456555],[85.63552423285469,23.025932189173783],[85.6313395774307,23.0274026719429],[85.62972934631551,23.028424755274916],[85.63355482831136,23.028826793324573],[85.6339748364683,23.03402365957575],[85.63205250638929,23.034519570401944],[85.63133419542723,23.031643354541202],[85.62927057530052,23.030423583466057],[85.63078722803408,23.03302248247215],[85.62997476945364,23.033550449689834],[85.62800774080962,23.030456967389785],[85.62579053191479,23.030733786520013],[85.62600938709659,23.037492760590162],[85.6220901474623,23.04076063691592],[85.62245736465913,23.043555225391287],[85.62539811894054,23.043443621004837],[85.62441223515046,23.04737834865325],[85.62134851067948,23.05079878397503],[85.62342967890744,23.05110657138738],[85.62344132678463,23.05225560539081],[85.62593913168848,23.05283225167511],[85.62913027687786,23.051971106763272],[85.63016121377423,23.054113755829768],[85.63218609914976,23.054080654783956],[85.63783941524434,23.056178017001063],[85.63401341757861,23.059959630792573],[85.63223618043354,23.062959296648618],[85.63267493693083,23.063912134774405],[85.62948465245276,23.067579278287432],[85.62673207651413,23.068837968772556],[85.62688051000784,23.069871961892694],[85.62487957956311,23.07064777154807],[85.61782741329368,23.070313405622066],[85.61519101670076,23.0693809302159],[85.61185675876405,23.065174140641613],[85.60985348262541,23.064355234475766],[85.60483484034674,23.063591460931878],[85.60112903118372,23.063747032749113],[85.5972326450758,23.062656438908405],[85.59532286597889,23.06460395032136],[85.59110960129682,23.064642011653977],[85.58780721996433,23.063388591607534],[85.58529557900765,23.063209503977003],[85.58302158002614,23.06203370150733],[85.58009437508484,23.064230610490352],[85.58028596467193,23.065019542639362],[85.58622630395111,23.070295538766654],[85.58695439726473,23.071701551064002],[85.59100123032358,23.07376536688434],[85.59223412795595,23.075014965849324],[85.59611869300535,23.076226348301457],[85.59688257561469,23.077117059526895],[85.6055795520384,23.08056512342754],[85.60976177570078,23.08078737277841],[85.61430970572236,23.080375092979956],[85.61776287685854,23.081769789636112],[85.62032330586494,23.087843676258473],[85.62130856891457,23.093919593544005],[85.61792247570396,23.10210413297871],[85.6156932163071,23.10515925138833],[85.6130779533266,23.107403983748636],[85.61435731808456,23.115157931107387],[85.61230231627266,23.11504119912456],[85.60798813163821,23.11736542003706],[85.60099150875759,23.119613506027004],[85.59844564114955,23.118650159867062],[85.5953771267841,23.116097734097007],[85.5924982477289,23.11564904289302],[85.59072286032199,23.11619796154329],[85.58449035205246,23.120677717477843],[85.58301335923001,23.11914290784436],[85.57916460110276,23.11992667957135],[85.57858798637236,23.11444567566731],[85.5765156830963,23.112369020872812],[85.57377008501219,23.112453863520113],[85.57124677598019,23.114945181806526],[85.57028303090152,23.118093528680546],[85.56849644191031,23.119763811196616],[85.56360827362315,23.12131817661551],[85.5621583909077,23.122173614788377],[85.55635047117117,23.12250033950105],[85.55469876558425,23.121528882270614],[85.55205058030316,23.11709181178714],[85.54381336998604,23.118538368420946],[85.54328457515835,23.117755170572472],[85.5400593030872,23.11764330376358],[85.53829676954426,23.119885523933014],[85.53549601245314,23.12101911322078],[85.53334073015762,23.121132760453435],[85.52899160347741,23.119872201597126],[85.524183308587,23.12044457072593],[85.5222402155086,23.121405704035833],[85.51930880546959,23.121815833460435],[85.50912106802791,23.121380919189907],[85.50649551972313,23.12095627190343],[85.49897029689227,23.12205283729881],[85.49452191721706,23.121891200619135],[85.48373304659121,23.12370272029574],[85.47960542386102,23.126502489988503],[85.47285962861586,23.12893830739663],[85.47468251093673,23.133214764303307],[85.47317512395536,23.134768878994944],[85.47272743362063,23.136805355943135],[85.4734222711569,23.139003769528674],[85.46651323717697,23.142896359947446],[85.46706633547755,23.146696429205264],[85.46551720655032,23.148980941864846],[85.46431846696343,23.149294041280726],[85.46516770675372,23.162052604832578],[85.45977315084163,23.16364936266843],[85.4594531912824,23.167451045142418],[85.45969796484678,23.17037655155489],[85.4654268844416,23.175365654305285],[85.46620858084587,23.177693738417123],[85.46561879635718,23.180469939355163],[85.4645689317587,23.179685240649114],[85.45777614007861,23.178456434709386],[85.45490428381297,23.177234481560724],[85.4527313363928,23.177163286789604],[85.44826427575364,23.178524226353442],[85.44238567991675,23.17933051612045],[85.43685133917695,23.174610533948236],[85.43280913869125,23.176363703076728],[85.42455164200327,23.174434292972183],[85.4217337198135,23.172611300575],[85.41610900892162,23.172973982286713],[85.41281398899412,23.17580987943563],[85.41012875029975,23.176943620443094],[85.40406445412434,23.177315103344885],[85.4014329330834,23.178972395779216],[85.40129649350315,23.18094976523715],[85.4026596460675,23.185107444967386],[85.40063906416438,23.190349096441732],[85.39707436486201,23.19117577414796],[85.3936756818784,23.19142000363195],[85.39216169091375,23.190413440620038],[85.38903643985418,23.191271456562387],[85.3867957752461,23.19281401668189],[85.38443167516223,23.1935561043352],[85.38394321971747,23.191921889642135],[85.38244402598674,23.191420879520816],[85.37721390467831,23.18577788733693],[85.37512385162411,23.184121121126992],[85.37328784875727,23.185913305158483],[85.36849755109493,23.185479757226847],[85.36684704261903,23.186012391119704],[85.36652478015402,23.184486537217875],[85.36435176217023,23.185800074211734],[85.36195418944304,23.185614778029155],[85.3599522027671,23.18420608888799],[85.35617761009692,23.184300536665486],[85.35521038130327,23.18660275453412],[85.35541534735887,23.188079029684825],[85.35441354541955,23.192471529640834],[85.34708814750354,23.194082033144575],[85.34703885339916,23.19655598528463],[85.34446943509616,23.199300363188037],[85.34531356116692,23.202654668992256],[85.3432615245793,23.206026638804975],[85.33765314102483,23.207674187039938],[85.33510528210411,23.206977337720204],[85.33535514408686,23.204485407486118],[85.33792469813005,23.20169603471184],[85.33843314659757,23.19981813502915],[85.33699373065072,23.19515884409155],[85.33678933836121,23.19309122218183],[85.33827013960581,23.18896975547151],[85.33786528515338,23.187218039236345],[85.33560429044618,23.18756512819057],[85.33108285470868,23.18639459280051],[85.32728077657266,23.180998632104796],[85.32613390497593,23.177254923377735],[85.32399468112878,23.18005612718886],[85.32235469094516,23.184185570587108],[85.32085730945566,23.184644389188993],[85.32112000003058,23.186860000297553],[85.31538765953084,23.187960408556577],[85.31361166844815,23.188999009948372],[85.30891647569943,23.189899090670153],[85.30247447180008,23.191702124952077],[85.30053532777248,23.192613119389378],[85.29790333560295,23.192264226758855],[85.29676511446627,23.19294081634399],[85.29572358030002,23.195193047634273],[85.2950425969521,23.198984938859237],[85.29230611540422,23.201538673012493],[85.28793895432234,23.20325634886734],[85.29072842764641,23.210325641893125],[85.29078784650096,23.213383807478934],[85.29014800020668,23.215719999961067],[85.28808999937965,23.216199999741747],[85.28660000030835,23.219260001122976],[85.28716999987013,23.22445000168649],[85.28562999913977,23.225960000202335],[85.28200999978667,23.22509999922432],[85.27835000026583,23.22532000075851],[85.27539345860397,23.223518961421703],[85.27394000079977,23.219810000829828],[85.27331600027841,23.2166160007828],[85.25838999945834,23.21607000015971],[85.25579999983304,23.214980000273933],[85.25393999988349,23.212740000083343],[85.25422999940602,23.209619998112686],[85.25598000033476,23.205619999838202],[85.25561000012515,23.20389000025897],[85.25395459162691,23.203222296423103],[85.25104595715904,23.204497757113398],[85.24566711618864,23.19915004645003],[85.24355468403293,23.198223556163388],[85.23874898038719,23.198968951178266],[85.23048242297953,23.198451814943127],[85.22568106685604,23.20181990058153],[85.22464184706213,23.205808264462235],[85.22123802514824,23.20762539254104],[85.22346656777513,23.210476794347663],[85.2323069587666,23.2160573273242],[85.23517319543944,23.216879574302148],[85.23570592004687,23.21908877699352],[85.2353158098365,23.221265095447958],[85.23745897952645,23.228051916205832],[85.23177834731159,23.22839025268654],[85.22584311915523,23.230603328687575],[85.2251171693812,23.234157273040417],[85.22542302559356,23.23651739057407],[85.22804197829765,23.240181349960736],[85.22717904872367,23.242266429878637],[85.23034361758685,23.244947714805672],[85.2301603360297,23.247731252173132],[85.22881019463944,23.250559438807144],[85.22596152038821,23.25379689577125],[85.22656188645811,23.258643493613427],[85.22629205306664,23.26131315600102],[85.22738897127729,23.267036626135386],[85.2193963394112,23.266196788153653],[85.21569111693874,23.267035079065955],[85.2093310726693,23.270542798287906],[85.20661368065663,23.270945162329692],[85.20524620736536,23.26577833437669],[85.20234388813216,23.262855736053567],[85.19968750293714,23.263091606671097],[85.19549007109204,23.26419922454291],[85.19233782322144,23.264248687294693],[85.18964385823293,23.26509353618866],[85.18914685218027,23.267144467916328],[85.18633568595395,23.267994423191425],[85.17694625411785,23.26820167683339],[85.17591302178056,23.271954864086727],[85.17233699153293,23.27583194336896],[85.17002221969274,23.27608038595109],[85.16508135335391,23.274695368359342],[85.1641287589234,23.275027388515547],[85.16396249715743,23.27860551801226],[85.1632946504928,23.281694681735377],[85.15788971329526,23.28489987894263],[85.15549035219931,23.285250934750245],[85.15210329070055,23.28492214880175],[85.1514656772889,23.281551256416062],[85.15031931961919,23.27998928139425],[85.15345627675256,23.2796605457266],[85.15408311562214,23.27814644695958],[85.15359504957212,23.276330399770078],[85.15402581961648,23.273432579985787],[85.14941418870139,23.26945509087712],[85.14265024398757,23.26849029828552],[85.14169468431783,23.266930490102002],[85.14160012389497,23.262473501628023],[85.14059091203791,23.260556417987054],[85.14080794498692,23.257583849075253],[85.14162428853774,23.25650099825134],[85.14144361152765,23.25379468682994],[85.14030138472629,23.25465688062524],[85.13388753649524,23.257379910475574],[85.13050708014455,23.25559247620843],[85.12660450008761,23.255162287316903],[85.12499675370071,23.252336946535618],[85.1233309261743,23.251326419290827],[85.1231135520534,23.249057579663578],[85.12211830514711,23.248607746670874],[85.11803377626782,23.250613577033615],[85.11588998834084,23.250993543503494],[85.11385197560807,23.250350607180202],[85.10827229307534,23.250721467703713],[85.10165578503398,23.24875455327669],[85.09867504778097,23.24706624791747],[85.09972639923116,23.245455910451188],[85.09922171456658,23.244007421388364],[85.09657994882673,23.24186265099876],[85.09141545375995,23.24089034020224],[85.08898455926649,23.24281326316459],[85.08796477568124,23.240665497729154],[85.08977795918972,23.23889977742555],[85.08999094063441,23.2376609152047],[85.08832791054813,23.236439837080063],[85.08482935225352,23.237187237701296],[85.08364624677422,23.236567902326772],[85.08695440513614,23.23512292506848],[85.08718444012372,23.233378657583334],[85.08562384684157,23.231490622781322],[85.08236763199251,23.231192689067544],[85.08059804035109,23.230075018813807],[85.07808064782255,23.226789241591895],[85.07407815165892,23.224203133947334],[85.07027326056962,23.22283370382931],[85.06825600680844,23.22283153010897],[85.0658920511449,23.220445931928314],[85.06496668278353,23.216190959053183],[85.06284439325832,23.214675019024444],[85.06030367904289,23.211018612144276],[85.06019732158776,23.20925212715312],[85.05726541930386,23.20656215781919],[85.05674941988225,23.20350325513531],[85.05343842233434,23.199105897221372],[85.0520655000041,23.198136326100304],[85.04854499440466,23.197090507761295],[85.0471889677022,23.19395872791644],[85.04426442200742,23.190897686213013],[85.04411681824058,23.18962726530851],[85.04580001126658,23.185323045460375],[85.04197887920897,23.18520364948241],[85.04040597181346,23.17920691578431],[85.04180609966927,23.178289855346677],[85.04117695538098,23.174882715915928],[85.04273664939643,23.17137630777523],[85.0467704389637,23.17031125749979],[85.0489487896329,23.170261541483118],[85.05184262135089,23.167331363600045],[85.05455521833053,23.16543726439672],[85.05784690237788,23.160295208554935],[85.0568031006077,23.15751951108251],[85.05817234151814,23.15532874829294],[85.05841719813854,23.151210073333978],[85.0570502420213,23.150538627564593],[85.05396460310477,23.150413583310637],[85.05282735583218,23.149190841008572],[85.05221801117142,23.14372976389291],[85.04859654955405,23.144696268799418],[85.0475155930397,23.140123287274616],[85.0486375877365,23.136466855813897],[85.05235821204016,23.13199391259439],[85.05566523318019,23.12910927032959],[85.05541275265261,23.124693575726234],[85.05440231811613,23.119884096954685],[85.05156627022846,23.118795171295297],[85.04967401494308,23.11677392415955],[85.0471249237316,23.116873286306504],[85.04488424362621,23.11488179347355],[85.03799004793812,23.11734342392754],[85.03547040588121,23.117861791814658],[85.03025808890003,23.117182828414364],[85.03038988036843,23.11517095685173],[85.02936836101206,23.116113055643474],[85.02776922448308,23.115165293364875],[85.02596642008125,23.115291805065905],[85.02552888211588,23.112958783071804],[85.02737109019039,23.11168426983456],[85.0293762098454,23.106711751912464],[85.03234290611438,23.103728575043835],[85.0345485648731,23.10340401499069],[85.03190573348535,23.099574402099247],[85.03184882632948,23.09778142652062],[85.03471156693854,23.09320782298183],[85.03389498195855,23.090238216918895],[85.0313450260165,23.088484356477515],[85.0292241133881,23.088033498821396],[85.0266159198174,23.08888126802197],[85.02530188018089,23.087980055275406],[85.02470943262014,23.084776344567363],[85.01973041488357,23.08758066244204],[85.01631969932656,23.0865853317713],[85.0124074478262,23.086184053650765],[85.01101401462935,23.086708221070428],[85.00698113603775,23.085880860341163],[85.00714795204605,23.084546038426872],[85.0048012680453,23.081501474492764],[85.00203723058205,23.079683336183432],[84.99851723411433,23.07983288604881],[84.99712076213154,23.07932409537673],[84.99382016162565,23.0761899983159],[84.99392179638734,23.073185567963282],[84.99573192804297,23.070202827788282],[84.99547275173472,23.067510148396032],[84.99386099369258,23.06192636860925],[84.99227137455986,23.054853289659732],[84.99516772990637,23.052530186272183],[84.99582665322744,23.051299255946446],[84.99507536144979,23.04722944482856],[84.99419776631304,23.045913143566853],[84.99091718680315,23.045344219707328],[84.98975371979529,23.044103425510446],[84.98892489548885,23.041429891484867],[84.98972113644,23.03766966740725],[84.98934956602182,23.035845751966416],[84.9846619872607,23.037038510265752],[84.98262826298098,23.036880676642635],[84.9819905770137,23.035725618459004],[84.98188769397176,23.032112174928145],[84.98071479406009,23.029618850951824],[84.98141084146091,23.0273272048425],[84.98058748210345,23.024778951978842],[84.97903794888809,23.022234562054937],[84.97681675977381,23.021303233180433],[84.974689129356,23.02126280637037],[84.97296814443074,23.02402234393801],[84.96912254246918,23.02319530904454],[84.96663171942492,23.02411250220686],[84.96521176831311,23.023870095983767],[84.96421882416473,23.020785728378772],[84.96190085803826,23.016827365939317],[84.96206647744415,23.01433789303615],[84.96438185975512,23.012759342355842],[84.9634249271939,23.011085963922028],[84.95822102093581,23.010689400344564],[84.95373353705989,23.012331968821556],[84.95215734352625,23.012115739900416],[84.94931280688294,23.01003381034987],[84.94605835662487,23.006849838772006],[84.94507081694265,23.00478194457259],[84.94510971482086,23.002599819752938],[84.94340493096885,23.001800287272328],[84.94474858982086,23.007364977895733],[84.94672589495897,23.008835296992686],[84.93870287054501,23.012129499808754],[84.93665032221777,23.01522361378324],[84.93755195044882,23.016869646713275],[84.94269169915432,23.02144218574337],[84.94261839405745,23.023698565622595],[84.94164524867566,23.02513384858203],[84.93594501669179,23.030180181822274],[84.93331651907909,23.03173508326243],[84.93219775019013,23.034727237038688],[84.9287240288102,23.036042725048862],[84.92706772527274,23.03527166602158],[84.92482121875506,23.0360999053908],[84.92419069955538,23.035233970142034],[84.92771952867504,23.02964634358279],[84.9257501365378,23.028311412447316],[84.92228691148956,23.030252285228734],[84.91745518615653,23.026682850341977],[84.91309171644282,23.029284566392725],[84.91316208020696,23.031687289495117],[84.91417978193748,23.032698033300452],[84.91127610859942,23.034425339690195],[84.9124999247119,23.03794490943212],[84.91201319196031,23.040403393938277],[84.90972518914919,23.043386491532907],[84.9043884092399,23.04799008186504],[84.90235952838235,23.050794735259966],[84.90405534582531,23.055331820476653],[84.90345099153006,23.056551722642258],[84.89862898262452,23.057609871651035],[84.89808173165197,23.059243417123582],[84.89584521670808,23.059934359187004],[84.89378658097105,23.061867950319996],[84.8907636557634,23.062653469380546],[84.88585122036812,23.06234404573069],[84.87905931186873,23.06586685460407],[84.87158919731306,23.068427349811675],[84.87446745267101,23.068633979072207],[84.87512759124303,23.073202513478254],[84.87474007350936,23.077991737683867],[84.87364243364807,23.08138989297788],[84.87238553220311,23.083124675424788],[84.8725807213865,23.086224193621526],[84.86768671473138,23.087587008728008],[84.86639117031912,23.089193274429583],[84.86583254807326,23.098747119825994],[84.86807415640135,23.098904696541464],[84.87368731677815,23.09817688787413],[84.87860794295996,23.09866743738524],[84.87893420427127,23.099756023733764],[84.89233510194516,23.099546540385536],[84.89306633586574,23.09872675504696],[84.89565270464226,23.098623650509317],[84.89519502799617,23.103041334814243],[84.89699781689978,23.104482951442204],[84.89716045688263,23.106429518664452],[84.89889023809553,23.109693277847324],[84.8979822460648,23.110862847676593],[84.89297662716079,23.11222190383764],[84.89284728521167,23.113628638075856],[84.88592506552992,23.11750844655011],[84.8853319460908,23.11923392090316],[84.88576413773794,23.122796934453007],[84.88696947232664,23.1281036783932],[84.89210012356348,23.129355961304643],[84.88474871136806,23.13277766072866],[84.88503719395436,23.13679012524699],[84.88315112179426,23.140646977888526],[84.8840427594589,23.14292508894678],[84.88657539077906,23.14515294223324],[84.88707549916587,23.150612708099498],[84.88700526174178,23.15384395635203],[84.88864230351946,23.162144828751543],[84.88874159657217,23.16702144123517],[84.8922980725356,23.171240223574653],[84.8947878404879,23.17124646817416],[84.89542433139725,23.17300645399472],[84.89839263028462,23.173641940251837],[84.9051881162084,23.17168711460355],[84.90940621832011,23.17106309445271],[84.91155373135484,23.16997093458143],[84.9200637389798,23.16768446358036],[84.92193766533842,23.169073827391088],[84.92338952748362,23.17245176886413],[84.92264301816522,23.175258984462424],[84.92419391130719,23.18045319874978],[84.92438354486502,23.186523231457542],[84.92502089550521,23.187624211327154],[84.9165754460276,23.18870829612284],[84.9146126413016,23.189332289215482],[84.91199605493053,23.19120608519547],[84.91082769209333,23.192772662926394],[84.91101568012995,23.194508725861603],[84.91363577650101,23.196872959808587],[84.91638879356934,23.196343815709696],[84.92002300262327,23.198162640837435],[84.9225228115883,23.20009049178435],[84.9232711600293,23.202222042288405],[84.92724904783239,23.202453285454663],[84.92994616853545,23.201827066523407],[84.93533995952167,23.201294562119443],[84.93730865064514,23.20858878632499],[84.9378682894853,23.209038617218845],[84.94376404581696,23.209332430405205],[84.94689574308259,23.21663285648841],[84.94822744548625,23.217554983616424],[84.95099962106856,23.224902915709485],[84.95088315890376,23.22805257048075],[84.94971323562739,23.231200216121472],[84.94854118429397,23.229791739119566],[84.94753745340053,23.23183116911732],[84.94633208895046,23.23047084740741],[84.94427548138262,23.231217563111706],[84.94344987633106,23.230267778362926],[84.94083317115432,23.2314523145599],[84.93831119664321,23.230922733628166],[84.93581183485215,23.23148029828496],[84.93602839361219,23.23356790970489],[84.93353080835588,23.233676789872174],[84.93206372582277,23.234954692717647],[84.930015547744,23.235472349539283],[84.92792580611865,23.23794565641599],[84.92327853316455,23.239644794675474],[84.9201934206769,23.24014569724598],[84.91074274596383,23.2433996938517],[84.91022451068268,23.249146481862105],[84.90900526675716,23.24963142983391],[84.90918651299327,23.251168755262835],[84.91224618326953,23.25133846876297],[84.91386451049797,23.25321726957752],[84.91202254061866,23.256046022882938],[84.91016950834788,23.255567234074036],[84.90856199948205,23.256170047158548],[84.90278479272476,23.256968715725183],[84.89677871748042,23.259073990115457],[84.89864455148863,23.263542236477786],[84.89801959229759,23.265412713277545],[84.89867819751008,23.267632787551708],[84.89792375384918,23.273365122115436],[84.899235349165,23.276353183506835],[84.89871429325629,23.279993793412658],[84.90053821985978,23.284270963975917],[84.90049940719638,23.286121317831306],[84.90379458406379,23.28790795170529],[84.90635859167013,23.290519972907585],[84.9069371433895,23.29361058227031],[84.91020501081732,23.296769622133233],[84.90982808304496,23.298371782450566],[84.91135781378186,23.298690140649917],[84.92550732435623,23.30845759009203],[84.92604462059533,23.31100185764487],[84.92432298268587,23.311028435455047],[84.92160170412458,23.316333359965768],[84.92116073285386,23.31828682553805],[84.9190811591887,23.321247802589852],[84.91636538357803,23.32048044015245],[84.91345393959054,23.324739475985655],[84.91013215978936,23.32706567590819],[84.90685348223674,23.326050941041753],[84.90623036274873,23.327171654896183],[84.90164023580768,23.32307394469441],[84.90055121768567,23.32268916752113],[84.90127962354359,23.324973730692843],[84.90269268377469,23.32641060286075],[84.90304325212139,23.33272653142373],[84.90401930011782,23.33657691717909],[84.90562579605738,23.340751616705255],[84.90727979717732,23.346970062435194],[84.9053194528705,23.352178106831303],[84.90192551225954,23.357820941730314],[84.90323079213411,23.363752295969903],[84.89466786861921,23.364729865144255],[84.8883657104985,23.36745294741394],[84.88720915542451,23.3688458119965],[84.88559736192995,23.37304050961987],[84.8848867734818,23.37714800780562],[84.88515976609021,23.378433800735863],[84.88725379554094,23.380222661125643],[84.89154185284202,23.381824419658596],[84.8934534810853,23.383412199389497],[84.89396879689676,23.384845643034105],[84.89290322882091,23.388515124836612],[84.89338483223065,23.391157999408055],[84.89156127611976,23.392343277811268],[84.89070298718782,23.394038123123014],[84.88925456685786,23.399643503554564],[84.88560065680764,23.402429230271682],[84.88624872423155,23.4064354568637],[84.88896998468928,23.406483453960988],[84.8953714242783,23.409982714616394],[84.89659625636374,23.412951633565015],[84.89690369414598,23.41837845801747],[84.89402614750263,23.41957119442812],[84.89721040176767,23.424236822600204],[84.89743327520769,23.42561220477341],[84.89424822439102,23.426553487550642],[84.89483601728654,23.4296040361458],[84.89635584096558,23.43310960621971],[84.90279367430759,23.439353902724765],[84.90611717546315,23.44316741103118],[84.90750155871386,23.446739343388458],[84.90721727427204,23.449254652226863],[84.90983544907937,23.4542362945866],[84.91911948839355,23.45847865660308],[84.92180440100685,23.460416953225774],[84.92379998415879,23.463335319651087],[84.92223820547198,23.46681777347065],[84.9229433158352,23.469923981357006],[84.92488310734328,23.469635629467387],[84.9260145422167,23.471310189892773],[84.92704425503717,23.475567416134606],[84.9303536260821,23.475503050513385],[84.9333843603118,23.477935881167923],[84.93579217083435,23.480775782494646],[84.93616101830897,23.483742096070163],[84.93753752375834,23.48562023760375],[84.93713928769694,23.487303418312017],[84.93949894906345,23.488535474481623],[84.9399376872859,23.490536645168564],[84.94265830495227,23.493746223796656],[84.94279385461331,23.49523659309978],[84.94410747264472,23.495328995892482],[84.94569497272205,23.5005714884171],[84.94273955274774,23.504911498384793],[84.9411975848977,23.508376277113822],[84.94100154032,23.511542821536874],[84.93960076511108,23.51347451159259],[84.94162397550997,23.5168510181489],[84.93997614970544,23.520187905641333],[84.93504350191239,23.522551358162573],[84.92833921791814,23.526830408867532],[84.92758384964858,23.526831246754703],[84.92463424193338,23.521769618512067],[84.9149666477569,23.52281653217477],[84.91488482658866,23.521172272510178],[84.91047084299981,23.521049917273295],[84.90811545867551,23.52201145926606],[84.90701546729261,23.52345929355451],[84.9053888833048,23.52787053860734],[84.90945279601829,23.531572741196662],[84.90914838725543,23.53782557679277],[84.90658200775631,23.539109252189352],[84.89820757952064,23.541677914824273],[84.89411340551283,23.541721900966017],[84.88935083966918,23.54315607091071],[84.89053707559515,23.546142631711575],[84.88943889203142,23.551138608005097],[84.8866852630702,23.552464600875737],[84.88465123950964,23.55533508301318],[84.88493282034058,23.55915798822403],[84.88536101859376,23.558721450463256],[84.89039854874035,23.557896004644324],[84.8951395680101,23.55785195045925],[84.8969124045505,23.5596906031102],[84.89742757436858,23.564248029104533],[84.89958681656488,23.5719786948188],[84.90182272307715,23.57551198874774],[84.90273913277996,23.57870730569233],[84.90505764128902,23.581532533174954],[84.90479806126102,23.584932861289932],[84.90595257405566,23.584971370375488],[84.90762026923034,23.58116083393243],[84.90964524160678,23.577933204050566],[84.90890215300726,23.577539506556644],[84.91087670547144,23.57532244569995],[84.91054286679989,23.572586743687154],[84.90912423744942,23.572170447398157],[84.90775183008408,23.568531474790824],[84.90854233075531,23.56685375447044],[84.90788277671449,23.56551764799594],[84.90861592534398,23.56344188761434],[84.90787645226281,23.559423148273037],[84.9088455956235,23.55635741730133],[84.90904401265449,23.552477800732834],[84.91008238482489,23.544411029131766],[84.90982322284725,23.542095527492044],[84.9161075592305,23.54176513071705],[84.91729720457192,23.542088014759596],[84.91781763113894,23.544487605708238],[84.91902611907597,23.54492446167705],[84.92043471497715,23.548702898079906],[84.92305362076111,23.552186878610744],[84.92426885171166,23.555254829417866],[84.92965746376376,23.552013067044594],[84.93458970498016,23.550372210807538],[84.93567827232377,23.551533288759543],[84.93470927470074,23.554635323963677],[84.93702432720953,23.561925290775562],[84.93342576823092,23.56656340504948],[84.93517835803856,23.569737750878392],[84.9336114210836,23.572849875342108],[84.93782938300843,23.585645565195165],[84.93896792516318,23.58989509586021],[84.94148746929989,23.592294029918488],[84.94430790338507,23.5961325462497],[84.94424426815299,23.59895767199793],[84.9451015573504,23.601795103561855],[84.94622764463433,23.601845795948734],[84.94542808347727,23.603478714812844],[84.947436065559,23.607920360675912],[84.94545588583175,23.610494525636096],[84.94612556032565,23.615938667415808],[84.94519785588756,23.618878825174427],[84.94239940605382,23.619871019120122],[84.9439047008151,23.623881632259735],[84.94394487338842,23.62947099320222],[84.94292518544142,23.63806252623644],[84.93452916265773,23.64185980022359],[84.93037282441276,23.64316776931162],[84.91985009710407,23.648552522601506],[84.92077914391699,23.650542217365956],[84.91984134130024,23.653445938132176],[84.920196252057,23.65469900802829],[84.92306755529879,23.657073521309343],[84.92456890517771,23.660073125914657],[84.92492620564244,23.66414079631282],[84.92287728183935,23.66601842162232],[84.92255800684724,23.668858104172347],[84.92474301601422,23.67202034446139],[84.9267018060063,23.672750833420157],[84.92906988224853,23.676132122470243],[84.93251114844225,23.678597725097294],[84.93565311587048,23.679533455617126],[84.9368423602947,23.681833556152927],[84.9344571834277,23.6857653753029],[84.93526971395995,23.690209286306366],[84.93774047587421,23.69269800317388],[84.94087267993078,23.69302859240575],[84.94240048500333,23.694394121850323],[84.94526443158085,23.698552403018372],[84.94984269880453,23.703142357733334],[84.95142593862352,23.702847299163746],[84.95340732071023,23.69839526496247],[84.95698452763585,23.6978646305199],[84.96063986880237,23.69598985377931],[84.9633990746574,23.69772346750229],[84.96464206984648,23.701658308292494],[84.96598348911645,23.703680252224892],[84.96627028516569,23.707322626335102],[84.9642956790117,23.71135058943439],[84.96414866330426,23.71261270114531],[84.96607458826465,23.715518182541615],[84.96742427764141,23.71701659171658],[84.97135824868835,23.7169057272022],[84.9733708818159,23.715487495734244],[84.97680674575052,23.70824620980262],[84.97927776100148,23.706337257623574],[84.98720697039667,23.705284915036476],[84.98928805028214,23.704374079297665],[84.98965830439747,23.702084437589253],[84.9920430643849,23.69553328053937],[84.99277895284412,23.691010312376836],[84.993489285435,23.689439431067196],[84.99787882989169,23.683185072481393],[85.00001019372101,23.681641601456807],[85.00347709507125,23.680584763594148],[85.00632835733575,23.68198485292916],[85.0105784923655,23.690038217115926],[85.01023993748,23.694296403680532],[85.0110103114359,23.695869028347783],[85.01284220154501,23.69532298704882],[85.01536340995219,23.693287758307044],[85.01674806212098,23.690542603101964],[85.01960735363836,23.688894266920194],[85.02202217944767,23.690592001206625],[85.03045194413441,23.68942630656807],[85.03428332210613,23.689565217135737],[85.03625430259834,23.69020418279834],[85.0371278713242,23.69472978089572],[85.03938937230646,23.698243634580116],[85.0397903303768,23.702916739773812],[85.0413605821969,23.704137462088077],[85.04446414450132,23.704456667362617],[85.04585566911759,23.705837574727653],[85.04761695089806,23.710040272271733],[85.05119760834877,23.712586424826874],[85.052885032473,23.71319454989743],[85.05389883283071,23.712277325506623],[85.05361059877563,23.708571781324867],[85.05664278915765,23.707101966676824],[85.06559712020143,23.710143450745875],[85.06772706095376,23.709516095734116],[85.06970053916746,23.706687433319654],[85.06977700287976,23.704819386315823],[85.0687119910087,23.700562427628643],[85.07076890627906,23.698041866234213],[85.07002463924772,23.695973901441572],[85.06662687351809,23.694333337628752],[85.06218424770206,23.69573157305138],[85.05928819903085,23.69463886709182],[85.05762377766142,23.689173419635548],[85.05786505111986,23.687442843570825],[85.06011372347983,23.684554611707608],[85.06055771317577,23.682330326858157],[85.0620205574734,23.681237730729435],[85.06754501314843,23.68123897219035],[85.06992542049665,23.678699858260998],[85.07420129997963,23.675926887492903],[85.07811675705281,23.67231267541126],[85.07650576882162,23.669183647366584],[85.07684926043638,23.668021852006156],[85.08269598023259,23.66754023901882],[85.08599687845003,23.669409454494065],[85.0875083102085,23.66760416887086],[85.0891048959576,23.667691595128286],[85.09269517714036,23.666178243168527],[85.09625817335397,23.6665381151191],[85.09999821072901,23.665509468450374],[85.10233545466625,23.663546862233847],[85.10395119179526,23.66330054951404],[85.10662649285864,23.664723727683576],[85.10729949979054,23.664344541232953]]]]}},{"type":"Feature","properties":{"id":"20-243","name":"Sahebganj","source_name":"Sahebganj","state_id":"20","source_agency":"Survey of India (SOI)","district_code":"340"},"geometry":{"type":"MultiPolygon","coordinates":[[[[87.7913568477545,25.223634073540502],[87.78311407498106,25.22344753816709],[87.77598368328331,25.22241544943853],[87.76970893868388,25.219835188898585],[87.76849344028548,25.21790111979619],[87.7729367047028,25.209768149869745],[87.7729516036805,25.205702192557595],[87.775086501425,25.202359955572806],[87.77776077575564,25.19567571658577],[87.78147275029423,25.17981271468002],[87.7820551464425,25.17305836897844],[87.78211097902141,25.162306501356934],[87.78173442330554,25.157858954137318],[87.78062025382008,25.150438569667838],[87.77927768021519,25.14367448018528],[87.77699999892063,25.135689998904784],[87.77606000021713,25.128279999410005],[87.77618514676507,25.120319645209605],[87.77688000028454,25.109469999747525],[87.77675999960785,25.105229997776178],[87.7786100006574,25.099439999955738],[87.78403000000245,25.0899400003041],[87.79054000009309,25.08345999999713],[87.82178000070141,25.064120000700527],[87.83086830707447,25.061805761981898],[87.8480000013009,25.05639000076869],[87.85788000021395,25.050759999995293],[87.86539999918284,25.044570000501523],[87.87819999945343,25.035849999369287],[87.88439999993692,25.02999000019428],[87.88956000040969,25.02292000032422],[87.89960000035495,25.003820000018468],[87.89984000018539,24.992569998858453],[87.89882999983526,24.992460000056475],[87.89960000078007,24.97868999986689],[87.90287000066553,24.964219999553762],[87.90301000051892,24.941920001097074],[87.90457000038137,24.933739999723578],[87.90418000041298,24.92698000066543],[87.90523000002148,24.91902999978399],[87.90131000013994,24.905980000920273],[87.90286999989588,24.901709999210727],[87.90326999993292,24.897549999171506],[87.90194999940798,24.892690000043487],[87.89647000025317,24.883789999825662],[87.89685999994018,24.878340000052482],[87.89888780955155,24.86237028421605],[87.89725110404106,24.86038547916592],[87.8967948712819,24.857008374795313],[87.89080299647578,24.855102753838626],[87.89449374675782,24.849454568950172],[87.89632694127538,24.849768736622494],[87.89972325223523,24.844213291338754],[87.89888553994433,24.83953972770907],[87.89942647287944,24.83661870912171],[87.89677735846905,24.835600309477375],[87.89731357624787,24.83426633958896],[87.89672597875085,24.829646147122848],[87.89781943874918,24.828051448267342],[87.9016770685049,24.827376749863497],[87.9003092728354,24.822960007661468],[87.89845254172103,24.82208622229597],[87.89636642359687,24.822315507283335],[87.89344766806221,24.823732763986655],[87.89106879168257,24.825923320722477],[87.88852996833106,24.822362328146514],[87.88627740784607,24.82285438482198],[87.8873505562678,24.82528177535206],[87.8854158849151,24.826827023096342],[87.88469992444821,24.82225863343686],[87.88289010919354,24.82239578532008],[87.8840649893168,24.827590488422555],[87.88322767499967,24.82866858466991],[87.88169707571835,24.822998840186326],[87.87991595536275,24.8229912947451],[87.87969895777944,24.8216921508222],[87.87749908312716,24.82122651271965],[87.87565223228617,24.821724979550112],[87.87574221359874,24.82473120079142],[87.87263190904768,24.824208017119172],[87.87008236772884,24.826110320712697],[87.86902858476267,24.823994248907645],[87.87114433323553,24.819502769800323],[87.87369292065875,24.8189008477243],[87.87536506990243,24.817272279838388],[87.87449843593853,24.815247772058807],[87.87506707233716,24.81168635316513],[87.87633283344952,24.811588600301803],[87.87488392458768,24.806747698486266],[87.87840491753487,24.805191753729677],[87.88032226890611,24.804909547322538],[87.8812777774917,24.802917196663437],[87.88167488958668,24.798923288557987],[87.88095098801114,24.797283989224447],[87.87855753949424,24.79457089176752],[87.87902012451633,24.79143447172224],[87.8785674369703,24.790362474897204],[87.87477356668487,24.79104398537894],[87.87509642151213,24.794610635907894],[87.87309905387762,24.79489178011266],[87.87157380851379,24.794109139536356],[87.87174608962479,24.79099850869566],[87.86863530769108,24.78892150634769],[87.86884866917725,24.785470509887826],[87.86774702918014,24.78353527434867],[87.86745829639256,24.778561945532743],[87.87033049466031,24.778110866793632],[87.86908454047477,24.77473536596836],[87.8675140054709,24.773413999950456],[87.86518714166719,24.773788141042182],[87.8654748261722,24.772558104680595],[87.86284294117732,24.7710019613517],[87.86275857723656,24.768826050863062],[87.86127921013906,24.768003787083682],[87.86103050553261,24.766361644669164],[87.85583776495372,24.763675610207226],[87.85437171928103,24.761676789227746],[87.85211736872937,24.76176186654159],[87.84538643046668,24.76554711952614],[87.84343850463617,24.769337951774897],[87.84211523488413,24.767543862493206],[87.84146323029978,24.76831928686967],[87.83805605058907,24.767418878916274],[87.83661679747145,24.765786780135876],[87.83525142977095,24.767185145323936],[87.8360040301662,24.777647575050022],[87.83955469224556,24.776529151865034],[87.84139507455681,24.7835414984113],[87.84034620027003,24.786418732967647],[87.84123144624174,24.788594713562496],[87.84044533589707,24.789389760314958],[87.83617441800307,24.789774899183946],[87.83438086523466,24.787834327186246],[87.832196105172,24.786558304601346],[87.83111978463371,24.781649621019152],[87.83160115753627,24.777543256297218],[87.82984699522686,24.76953613334352],[87.82775687219682,24.769060105216468],[87.82863678720783,24.770491066819798],[87.82776306179493,24.771489297393924],[87.82616095874833,24.770026216195586],[87.82288684303994,24.769999060626414],[87.8207224827447,24.765757468677066],[87.8177529029909,24.760861006403786],[87.81768543088774,24.756607881551513],[87.81905645642757,24.75384351337354],[87.82245474704342,24.752472718548425],[87.82930351632716,24.753256689076593],[87.83082864367131,24.751410520935007],[87.83238421621235,24.750892059385453],[87.8367210707962,24.74595467385686],[87.84026023647502,24.74431826845001],[87.84235625814462,24.742798376530274],[87.84280161850785,24.740296810933607],[87.84147590753987,24.736888113200962],[87.84827326140454,24.72869389399773],[87.84924579287615,24.726386572872098],[87.84905706647498,24.721890387911916],[87.84665381743626,24.720341628500925],[87.843301811403,24.720288321831504],[87.84211105437741,24.722570751270396],[87.83919560237732,24.724230744612033],[87.83871422728603,24.726892993454115],[87.83696920981411,24.726916288090166],[87.83198827699324,24.728750229677793],[87.8257863711808,24.726888152774897],[87.82526891438661,24.72489520523404],[87.82104374972967,24.724394660319383],[87.81962320401595,24.72639819815231],[87.81818411055049,24.725566219531796],[87.81478130523512,24.726849084536138],[87.81303592606855,24.726054812831357],[87.80960104782463,24.727302048997462],[87.80519902148355,24.726639063594828],[87.80621051725024,24.724041749960893],[87.80553399148283,24.718780372206595],[87.80027310485873,24.717074695675038],[87.79765196578717,24.715336702268914],[87.7956229883086,24.716486762062804],[87.79554357612524,24.719601488666797],[87.79307818037806,24.72371453926193],[87.79343973930538,24.72615997428101],[87.79495763313864,24.726955733143125],[87.79875107497901,24.726429732008956],[87.79870163589527,24.72912082783524],[87.7946352736774,24.733784700048542],[87.79200331805218,24.73975002998233],[87.78999414045863,24.74570299041262],[87.78760287790399,24.750700612319896],[87.78507510587477,24.752899308891834],[87.78254023129094,24.753978319759593],[87.7756627701372,24.753309724209245],[87.77428266154055,24.75242282653554],[87.77317044981685,24.750098595885532],[87.7729885490263,24.747868883355082],[87.77164820578466,24.747008816307734],[87.76799550543159,24.74643164222383],[87.76264398139594,24.74617000685329],[87.75706498670456,24.74754397706522],[87.75232375618722,24.750105588217505],[87.74661367180717,24.75441484946768],[87.7429640338374,24.756031431640807],[87.74277229186791,24.757895200976968],[87.74611346883282,24.760070696056733],[87.74647283310148,24.761455124927068],[87.75030300274747,24.762713848769838],[87.75159763516866,24.762544741319758],[87.75339121504351,24.76473921875493],[87.75288847328522,24.766656312329054],[87.74976672426286,24.767277070195963],[87.74760757156322,24.76831532472335],[87.74301927482428,24.7679341671084],[87.74235431515756,24.76556688753991],[87.73987095413483,24.764761575816518],[87.73484927782577,24.76523797241602],[87.72691011491871,24.750484103672495],[87.71630883018975,24.73123610698348],[87.71439187217422,24.730075765665266],[87.71112920690489,24.731874865033497],[87.71198377073509,24.733469332149387],[87.71047434789672,24.738425471884376],[87.71219964357483,24.740982103562185],[87.71154030357896,24.74153612726835],[87.70791084713329,24.739747073031864],[87.70445393468363,24.742237967148284],[87.70141751035001,24.742125761636316],[87.6998954719877,24.744047496383537],[87.69886719332479,24.746720926844823],[87.69191144842708,24.74696547695789],[87.68687563929876,24.742969867024428],[87.68227905862673,24.74871661645547],[87.68360092928495,24.75352406167763],[87.67746858200849,24.757046961253554],[87.6787789935856,24.761574623233535],[87.67542046635515,24.762348387003524],[87.67087774890022,24.76546645143047],[87.66794656185152,24.762978064343432],[87.66642213901218,24.762740966082838],[87.66347131089587,24.760225447466883],[87.66143158957456,24.763521821918463],[87.65963900845621,24.76493857399374],[87.65705940017,24.76529308587048],[87.65621420306037,24.769132805221453],[87.65469159561417,24.770180217449386],[87.65491700831844,24.76791246012998],[87.65150159433558,24.76922787486214],[87.64896178874979,24.767748745320404],[87.64471590661397,24.769130840821962],[87.64292300033684,24.768632810573383],[87.64245637832808,24.770215295823085],[87.63881257294699,24.76946322497223],[87.63042222462265,24.77283131311886],[87.62926085212185,24.775933896397927],[87.62228439918262,24.776645849505115],[87.62078071667949,24.778103186782122],[87.62344572850097,24.778252558227837],[87.62327476564553,24.78197921520197],[87.6217916439653,24.786174134457763],[87.61854018557122,24.784620476071943],[87.61569718109733,24.78073208009686],[87.61445744638085,24.780818063768933],[87.61260618077966,24.778513755589888],[87.61095006007615,24.778307544630035],[87.6082766782729,24.781186554339257],[87.60928763787085,24.783602735810195],[87.60646118885823,24.78823816988433],[87.60168897645845,24.789449526884216],[87.59822970217617,24.787530621470967],[87.59700079815316,24.789658015018034],[87.59845055501584,24.792831132966487],[87.59662098362034,24.79297393012581],[87.59322775169487,24.790884288545403],[87.59099922477937,24.79035919058555],[87.58428599587084,24.7912074291966],[87.58490763496489,24.792975120028228],[87.58845132494514,24.79337660294825],[87.59367187288638,24.794846030724813],[87.59411640283435,24.796758861640313],[87.591101546605,24.799398901600973],[87.59047704493271,24.803311805189388],[87.59349057909323,24.80453705020102],[87.59769038384927,24.80553175429802],[87.60082512758822,24.805069624256152],[87.60075479246152,24.802909524736076],[87.60212956200468,24.802822665615842],[87.60733273644892,24.80059803804696],[87.60801430663912,24.79895543885467],[87.60948793530189,24.798250221896446],[87.61097464098138,24.798804052009057],[87.61303902794329,24.798109225135544],[87.61502535683468,24.795671748436124],[87.6216552804647,24.793982601680547],[87.62097572657778,24.796568284311245],[87.61892908970944,24.796834139407398],[87.61570145771142,24.798342104921527],[87.6144243957955,24.80018069097563],[87.60952058770022,24.804914976507774],[87.6065644440932,24.80839043371471],[87.60415722527583,24.808811099507547],[87.59940757074331,24.807696841780505],[87.59556641312791,24.810326734488783],[87.5931179533133,24.811456298580275],[87.58953060517204,24.81027846339269],[87.58741324694097,24.810286774722403],[87.58458694146148,24.808925159806456],[87.5827379551294,24.809203340685333],[87.58022149953162,24.810612993230183],[87.5783605351465,24.810421515063332],[87.57564305130128,24.809050242745446],[87.57488608761977,24.80796044399687],[87.5727913578633,24.809032938091477],[87.57076295274786,24.808554201509384],[87.56912451848962,24.809445574186864],[87.56845902614711,24.813195967558958],[87.56382463200077,24.816744635759704],[87.56108464161578,24.816953678617086],[87.55845524816682,24.81973608900907],[87.55720972202775,24.822233342326967],[87.55503450035843,24.823178415947197],[87.55528483239857,24.825500668531006],[87.55395694474676,24.82730281827949],[87.55462638896354,24.828745301684556],[87.55262689866969,24.82861274755274],[87.5511864237873,24.8296024438773],[87.54865452163843,24.829923403282017],[87.54682922109198,24.826669818354603],[87.53933781981368,24.823184081475578],[87.53638819484877,24.824152036665357],[87.53527004467757,24.82317040459415],[87.53651919738277,24.820105566479427],[87.53550708935617,24.814880214417038],[87.5364844108646,24.812059012787106],[87.53654910899554,24.809709146196926],[87.53988316409792,24.80407230088325],[87.53883449054176,24.801809334587926],[87.53562683181221,24.80131515093625],[87.53368292910358,24.80022029106861],[87.52834755962786,24.79958909219381],[87.52314125196257,24.80139554001501],[87.51967557407828,24.800712267437543],[87.51703641991087,24.80130845849602],[87.51674921419846,24.797669966784895],[87.51575459179743,24.797592055648938],[87.51161791775661,24.799701559067024],[87.5097581316973,24.7997530590734],[87.50942662494329,24.79851695136045],[87.50460717482609,24.79820816267969],[87.50510832437905,24.799805020176596],[87.5009911913996,24.80191410558253],[87.49894325948117,24.80193000384809],[87.49690285078628,24.803833369899735],[87.49582614817139,24.80304671979525],[87.49460687360526,24.806189066177577],[87.49486529063479,24.807714447772046],[87.49281121188967,24.80745932986559],[87.49280607400459,24.811162180735497],[87.4919628429609,24.81310662750867],[87.49239562973541,24.814441791099227],[87.48924315368303,24.815969436546215],[87.4875134680654,24.81813049268986],[87.48666875860665,24.817411525506973],[87.48484168996545,24.818955032274808],[87.48465988497287,24.82054511341912],[87.48213130254635,24.821727314445535],[87.48178910152393,24.825354424602388],[87.4830021720985,24.826845113483564],[87.48292873836886,24.828317456480317],[87.47971190549315,24.830702982410273],[87.47712144295598,24.83129834184107],[87.47756016964321,24.834152119414217],[87.47696291026493,24.836410505413284],[87.47813355259152,24.84226792830903],[87.47438666321348,24.84335456030488],[87.47743811586285,24.84931433195452],[87.47276779991765,24.849672478482002],[87.47440282229252,24.855329750502165],[87.47839905141564,24.85723154068727],[87.47991820758828,24.858445864512085],[87.47700987422462,24.861480581526145],[87.47296232086795,24.861737357066815],[87.47022683405653,24.858205877668937],[87.4689370761348,24.858306622651305],[87.46171372610684,24.864210651274472],[87.46015642534738,24.865886989226247],[87.45663468405199,24.863115922197753],[87.45580821551867,24.864473053604534],[87.4556997116737,24.86996432571688],[87.45816814118591,24.870905000724786],[87.46136421185469,24.873179996475802],[87.46549531474638,24.87398897924378],[87.46804764840518,24.87351136532226],[87.46703274081678,24.87740695259871],[87.4678915297915,24.8793549020295],[87.46703711528468,24.881181845182557],[87.46096829543005,24.88459085227833],[87.45926709698398,24.884294721651134],[87.45554694098209,24.887638574487838],[87.45286801691968,24.8914669098879],[87.45434755677284,24.89533672308687],[87.45777368744741,24.895061533505732],[87.46222994955907,24.895592406485076],[87.46361402762314,24.896980128318226],[87.46712663693364,24.902305182262708],[87.46753786599919,24.903685703260383],[87.46645331949095,24.910173389735988],[87.4672074979241,24.915824374140595],[87.46629030546322,24.919457758396483],[87.45999469450238,24.917562783819907],[87.45782012489744,24.92133541496338],[87.45907790413803,24.924031833913844],[87.45778066098678,24.92732080086602],[87.45909314032154,24.928122779075903],[87.45775785159749,24.93127875458241],[87.45739461052992,24.934810978300312],[87.45483908890719,24.937437804355437],[87.45416228343093,24.939246073480266],[87.45877352477858,24.94072204541233],[87.46447769492816,24.941484373656834],[87.46510516981435,24.942105050679796],[87.46179666768509,24.943346396676517],[87.4625382287284,24.946604867335644],[87.46342624345708,24.947362667254737],[87.4684707145199,24.947587562975617],[87.4738327687627,24.94867369308263],[87.47662788292712,24.95032872825395],[87.47594336502455,24.95493167952896],[87.47274895032359,24.95937931036759],[87.47274894983497,24.968274091606208],[87.47377572657756,24.971687036721594],[87.47252077681628,24.974893048775783],[87.47303416493573,24.975927226430127],[87.47976525455903,24.977323356770686],[87.4789096073844,24.978874591282352],[87.473262337579,24.980736048488136],[87.46567560126034,24.985958317287835],[87.4640213502937,24.989008848163827],[87.46375142535172,24.9928353652217],[87.46459178084736,24.996557294306964],[87.46365584108989,24.998505017937603],[87.46512543269961,25.00190050401908],[87.46850861013513,25.003633638400455],[87.4756164999108,25.0061614163061],[87.48056207389322,25.012057763091025],[87.48540385709116,25.0140060155739],[87.49097135496824,25.014627484840386],[87.49652988767491,25.01880313118872],[87.49957624571914,25.02009856079746],[87.50077546813515,25.027373363770156],[87.50603214536032,25.030615672592123],[87.50498496523642,25.033897393369173],[87.5050293793284,25.036067033481142],[87.50968189884622,25.03830644141028],[87.51061958757253,25.039730077742906],[87.50990071402825,25.04088855279371],[87.50722474040595,25.042437486109648],[87.50744545927884,25.044048722303508],[87.50663583679821,25.049650562356323],[87.50418684035664,25.051970845067103],[87.50424583400276,25.053393313200516],[87.50740173824856,25.055066420365243],[87.50979739595245,25.054209318781055],[87.51304963455992,25.054315507408383],[87.51497229958203,25.05653939519406],[87.51992665597226,25.05822894988121],[87.52111283651479,25.059741922926836],[87.517793801214,25.062634439979952],[87.51459587790168,25.06370213291989],[87.51312389423401,25.06505471651465],[87.51007626768927,25.066463130453638],[87.50710086063052,25.071042950147852],[87.50802976765146,25.077469724595463],[87.50634389043562,25.07982352179101],[87.50447224057659,25.080434963776955],[87.50295007782584,25.07920293452505],[87.50137053954172,25.080942190053566],[87.49972272456203,25.080496174753407],[87.49778878586295,25.08287785217098],[87.49305954577709,25.08554870885998],[87.49374756370351,25.086485646846207],[87.4922969348859,25.08826048539417],[87.49212588639531,25.092586792505497],[87.4902260163549,25.093649713936976],[87.48689707541173,25.09695692035571],[87.48310466266327,25.09846850941971],[87.48016586852006,25.100184904451407],[87.47517148492983,25.10380433185132],[87.47241859359868,25.104932966128825],[87.48952775908153,25.128005236605468],[87.49429647682045,25.134075875472096],[87.49939955856554,25.139919622990313],[87.49697570207681,25.146484119684217],[87.49302146035998,25.15585337884585],[87.49043470186801,25.163095343796268],[87.48581398635572,25.173929457033985],[87.48177591072218,25.183950555103095],[87.47815338328284,25.1943276367725],[87.4776924760098,25.205897436434764],[87.47730156091879,25.210602402752112],[87.47525175396419,25.210519647638456],[87.47506187652823,25.219693603290832],[87.47339717564357,25.233270619333705],[87.47330715887092,25.23820365884122],[87.47405767136323,25.240199324278894],[87.47726114426814,25.244947131936883],[87.48148772745698,25.250416580589643],[87.48289251937928,25.251759560417856],[87.48402303774137,25.25143314297085],[87.48701976194121,25.254749698825133],[87.49091388247822,25.25756325831096],[87.49532129470481,25.259598448108296],[87.49716876687579,25.259805101428288],[87.49973599533756,25.258445455182777],[87.5006150902251,25.259797335973797],[87.49902465370475,25.261944595867167],[87.49977276169949,25.26504694208483],[87.50091123610717,25.26658728853364],[87.4965455937576,25.270033670846882],[87.49728570341765,25.273733758619418],[87.49872671426597,25.276365715436473],[87.49273642099085,25.278499120341003],[87.49060608216477,25.2797169652374],[87.49057771577645,25.285407151781495],[87.48993344154196,25.286545025992996],[87.4894257615674,25.29043617595673],[87.48794457936329,25.293984975583246],[87.48737408114704,25.29713591754393],[87.49115988703892,25.29720520433654],[87.49182617723696,25.298156982797558],[87.49356606391017,25.303592608301102],[87.49532450828838,25.30268979977547],[87.49618579952275,25.300837191753164],[87.50036842380321,25.295369630741785],[87.5017618826691,25.29225824727359],[87.5045764672725,25.29308844760021],[87.50789440523276,25.2931311941838],[87.515182776006,25.292509825414783],[87.51608969831989,25.293211011172428],[87.51969857554882,25.291599911520798],[87.52540990669334,25.284662285611898],[87.53219473543903,25.280312286829457],[87.5347204156328,25.279994983985038],[87.54302066786181,25.28098056293909],[87.5434299810757,25.28297129221437],[87.54270306233595,25.289223066225322],[87.54278381981446,25.293972865436896],[87.54323504679233,25.297122827217784],[87.54590181813302,25.304788849596367],[87.54663553479014,25.308876977288868],[87.54670418317895,25.31530633084795],[87.5485291969167,25.321232610941067],[87.5477058806342,25.323746077126067],[87.55039184401977,25.324458515902034],[87.5503657883851,25.329687205374277],[87.55195485802068,25.329509719523287],[87.5518518421238,25.332576813072635],[87.56222978417024,25.333760253413566],[87.56513818554751,25.33389509675208],[87.57115857106349,25.333295801154147],[87.57461310320659,25.34078315780484],[87.5817095742371,25.34273295537817],[87.58317045062469,25.344203311286535],[87.58365180950625,25.349188299040026],[87.58816545173443,25.34675838109314],[87.59178054366278,25.341986716372055],[87.58999633242652,25.3394211756924],[87.58448835888296,25.333517664033188],[87.58398896587653,25.331829371395788],[87.58805660709214,25.32818756536398],[87.59359073524217,25.325236533887157],[87.59230513815594,25.32234129120796],[87.59879373556818,25.319835294452908],[87.6026305149823,25.31768827964342],[87.60445397020514,25.315412652284596],[87.61209210382945,25.312755767179446],[87.6133485883298,25.315590059129914],[87.61553069947625,25.316059480924675],[87.61746239015908,25.318023808065394],[87.6203086076277,25.316764585446133],[87.62002476523014,25.315709052431394],[87.62570468735444,25.31282411803169],[87.62725788622946,25.311544273714247],[87.62752833717312,25.313900033253464],[87.62893681583684,25.315374947634588],[87.6305829722383,25.31964680880281],[87.63598324886054,25.31586844934059],[87.6353736845096,25.31431091425087],[87.63691025580079,25.313388661822554],[87.6379208574897,25.314770735201307],[87.64482553031146,25.312136513580857],[87.64711204165518,25.310555245904393],[87.65503813469404,25.307618257649445],[87.65637128146463,25.30876232478646],[87.66357975724131,25.307857173341205],[87.66363232080134,25.310508793014282],[87.66539205160889,25.31103924669692],[87.66592388543879,25.308865319942406],[87.66696613375586,25.310687789112745],[87.66931525226683,25.30808348197337],[87.67293885489379,25.30799244609022],[87.67548286545092,25.306813879462112],[87.67550553120465,25.310440378030325],[87.67366233023559,25.312830823142907],[87.69205435249287,25.311594393717307],[87.69176413309468,25.31037960954937],[87.68699527007017,25.309082648965603],[87.68451867820023,25.309511454969293],[87.68508590175104,25.305976478067947],[87.69551841967535,25.306654503599585],[87.69847434659323,25.303779634548555],[87.69532102163193,25.300044649776805],[87.69625930538105,25.29854500745133],[87.69965871610499,25.297392721980138],[87.69858843684172,25.29558781102446],[87.69639523495648,25.29380417325709],[87.6932804510916,25.285486726954414],[87.69332327414284,25.28462312139058],[87.71139800890084,25.274588247593776],[87.711442012186,25.26668428782063],[87.71104189642548,25.26014106746466],[87.71121986274028,25.257569059376582],[87.72023135150484,25.25575891068295],[87.73092693819825,25.2557589108798],[87.73116461848457,25.25038478129261],[87.73401677549944,25.243290564080944],[87.74310973628077,25.237220216447028],[87.74867635257095,25.232604450978275],[87.7639644207674,25.232110958811074],[87.77774984455408,25.227380816991236],[87.78749471399004,25.225445704512804],[87.7913568477545,25.223634073540502]],[[87.5427229169957,25.069543550366333],[87.54198135700582,25.067373418588563],[87.54009893415505,25.066960056448597],[87.53850172521533,25.06985356668058],[87.53747494911751,25.07006024173643],[87.53353897339194,25.067063397598517],[87.53331079974427,25.06499656304411],[87.53085794546946,25.05941594122998],[87.5272071856018,25.059260920621114],[87.52583815010217,25.059829329885837],[87.5259522362656,25.061586214040954],[87.52834804765082,25.066029985771454],[87.52953397777121,25.071952020704693],[87.53675684659514,25.075746496250314],[87.54123979635432,25.0731086819843],[87.5427229169957,25.069543550366333]],[[87.49613333739579,25.005670709132424],[87.49447908640292,25.00928939316289],[87.49271668432088,25.01147386404425],[87.49761645895009,25.01399352534359],[87.50069678791101,25.011460553778875],[87.50103904756884,25.00846227639175],[87.49767350300273,25.005722406525084],[87.49613333739579,25.005670709132424]],[[87.4879969540254,24.97414787230168],[87.49162156998108,24.974147872620325],[87.49732588298599,24.971723965770845],[87.49405778702405,24.96725307744363],[87.49480069435369,24.9650829510192],[87.49282741713782,24.965753789504756],[87.49005799535925,24.96797911557585],[87.48665915986884,24.969919110184406],[87.48414150379597,24.972543761943374],[87.48351209061967,24.974141346976264],[87.48478827838922,24.976571733657376],[87.4879969540254,24.97414787230168]]]]}},{"type":"Feature","properties":{"id":"20-244","name":"Saraikela Kharsawan","source_name":"Saraikela Kharsawan","state_id":"20","source_agency":"Survey of India (SOI)","district_code":"341"},"geometry":{"type":"MultiPolygon","coordinates":[[[[86.23747146073332,22.995016141687383],[86.24016275302229,22.992310187872906],[86.24212625556028,22.989322207024415],[86.24698902315302,22.98412266981637],[86.24723400039258,22.98216369879582],[86.2461195070516,22.979496419286484],[86.24405719870406,22.97755674990446],[86.2417993398229,22.973502400926208],[86.23778264917654,22.973049618503353],[86.23291301938693,22.97336037875914],[86.22800757744595,22.973092712285244],[86.22020731255331,22.974102442694818],[86.21805462631075,22.973531769523774],[86.217848402905,22.968680112686908],[86.21627419162549,22.968237697792844],[86.20872072418194,22.96817420643616],[86.20473292591998,22.966969961288218],[86.19883013727674,22.968016285914242],[86.19709760243815,22.96238905849148],[86.1957472358885,22.95980784756634],[86.19204197591935,22.95628429941355],[86.19055498929971,22.9520945039796],[86.18754672715794,22.94787888661953],[86.1878288646834,22.946362784715607],[86.19019625067988,22.945173494527356],[86.19384705561431,22.944627256058716],[86.19540585527496,22.941631941575235],[86.19361841291364,22.94042154568773],[86.1917644341711,22.937295767011136],[86.19120751902713,22.93416756484184],[86.18974894523477,22.931811567256062],[86.18956747403283,22.927881343813453],[86.18886615628637,22.9244633538384],[86.18901242369542,22.919532143134795],[86.18958590415934,22.916563169151605],[86.18947681829167,22.913572775926745],[86.1903655019766,22.91007253165823],[86.19221360701887,22.90823961473861],[86.19398383021992,22.901824016015393],[86.19483617588031,22.897665868851274],[86.19674615068467,22.89450496289273],[86.20002709308612,22.893654269636663],[86.20695532347331,22.89260498319742],[86.21902245685025,22.889674634146694],[86.21273066127834,22.874854174715857],[86.20915255667367,22.871758753876037],[86.2069112501886,22.870785591259963],[86.20740213953074,22.86764900698226],[86.20569916431434,22.86212137685477],[86.2045861903632,22.860751821399287],[86.20194151330078,22.8596275607492],[86.20084782657635,22.858294246501103],[86.19943773586817,22.854412018456266],[86.2014375013905,22.85077273826864],[86.2013066444514,22.848134422183566],[86.19892028862951,22.844554446069665],[86.19814744753657,22.8400430964651],[86.20026744434895,22.83916847513476],[86.19914192080256,22.834971525636128],[86.19775061520009,22.832923082097413],[86.19775056001139,22.831270024994932],[86.19575635497486,22.82899271274122],[86.19604603853642,22.827792713554285],[86.19447737617277,22.826086592467423],[86.19556885831766,22.822749922915307],[86.19708775264452,22.82296983960513],[86.1981716449997,22.82174673673342],[86.198678381974,22.819242691385483],[86.19798586577828,22.817694485599063],[86.18727238501972,22.82176848159019],[86.18476399872088,22.82245118865684],[86.18118828282672,22.82562157084618],[86.17865412238247,22.8289688473888],[86.17509547486205,22.83250040197377],[86.17115365959435,22.833292939828322],[86.16088167111542,22.836563400147273],[86.15874261118057,22.835757265721863],[86.15811250848012,22.833631167017987],[86.15915860998922,22.825136642283415],[86.15904654167694,22.822751397622387],[86.15741312002454,22.820565808156687],[86.15149278508899,22.816740595330053],[86.14787831910179,22.81351463017148],[86.14672186806294,22.811630626037225],[86.14509132084667,22.805731405809237],[86.14538742020657,22.801993303475978],[86.14660926843135,22.799777763110388],[86.14852560791111,22.798704001590025],[86.15153309370977,22.799189732734344],[86.1563487140895,22.801925160301753],[86.15838572607524,22.80180035605137],[86.16412901394374,22.796230098679466],[86.16754921859692,22.794531643258306],[86.17054470166245,22.793779460120476],[86.17230560951933,22.79256912912454],[86.1746193051873,22.788525239456007],[86.17461737362657,22.785607535723628],[86.17308643346975,22.779375905002173],[86.17251855615986,22.773374974434738],[86.17182669818752,22.770182763643152],[86.17205079011214,22.766726040231458],[86.17121241651896,22.76382033719354],[86.16811079742398,22.761293040793852],[86.16507909341986,22.76010288003464],[86.16221391025482,22.76036795941352],[86.16205693897979,22.757368198382366],[86.16259807392954,22.755135318017423],[86.15904646604722,22.752727456703546],[86.15967622138851,22.7516648095505],[86.15923219976567,22.748622878928824],[86.16013682629719,22.748008869594397],[86.16124012514364,22.745207087445724],[86.15955162895116,22.741768499124237],[86.16117646743957,22.73562092097328],[86.16356609077215,22.733402258544643],[86.16508735081025,22.729824107167573],[86.16378660597388,22.727384562999408],[86.16489577489129,22.726101435721954],[86.1639605450716,22.721543691143502],[86.16263179087814,22.718881237160986],[86.16175510737135,22.712526404995252],[86.16183397933423,22.710774361776245],[86.163482366978,22.707079424966878],[86.1638213493675,22.704154485657426],[86.16276522142206,22.692089718666708],[86.16361875668646,22.678137955220265],[86.16566644216829,22.67272873942146],[86.16611540124946,22.669298461259068],[86.162905205632,22.662552046520446],[86.16244875542807,22.659171290116422],[86.16006805338348,22.653729947491602],[86.15721990775882,22.64996623856321],[86.1560873422787,22.647376829809335],[86.1567912740844,22.645425033050717],[86.15480962650778,22.639872583460026],[86.15425389311179,22.636852517172837],[86.15330390549086,22.635393822608574],[86.14853161482954,22.632152189125005],[86.14825190223056,22.629177029838345],[86.14633275384178,22.625790152133312],[86.1425832401484,22.62316866131786],[86.1392463314268,22.61995310976134],[86.13455567113066,22.616965055848787],[86.13087055912392,22.613458383706497],[86.12744450853315,22.61210289451291],[86.1216004415068,22.60697640147814],[86.11766903661554,22.605719138583154],[86.11606220497542,22.60429933858531],[86.11574244194303,22.60104565420384],[86.11345606368513,22.596434880770335],[86.1113945839702,22.594824933771836],[86.10650851480557,22.58943741728857],[86.10485816641332,22.58714661538601],[86.1033744610435,22.583235406011735],[86.10144961127646,22.581489477544288],[86.09870765417365,22.580057449958716],[86.09196474085203,22.57557351333266],[86.08688040686036,22.57313180001979],[86.08167626220974,22.571108744695476],[86.07744711937326,22.56788678093499],[86.06933618265776,22.559059987359586],[86.06647145145983,22.556421280660274],[86.06376684781611,22.55685696867568],[86.05992589080324,22.55826362089429],[86.05125131952275,22.562482724156364],[86.04794013756059,22.56639850497883],[86.04547027279929,22.567438468454917],[86.04048971979327,22.563325881808723],[86.03218379287773,22.55495672963931],[86.02587791378896,22.547186482675166],[86.0240486601247,22.54455581219388],[86.0269040128222,22.5423057465899],[86.03275315008555,22.53659294780567],[86.03384134170938,22.53387120056039],[86.03219276127503,22.52931400510899],[86.02855353123424,22.52397346479645],[86.02621133858308,22.525108394134676],[86.02309852314816,22.527450603183713],[86.01784954138147,22.524250152870987],[86.01041848653101,22.519359691815808],[86.00820587393079,22.51827259534565],[86.00413205358139,22.51377524008327],[85.99844792255202,22.513334493169662],[85.99613624096058,22.51432251415936],[85.9947705594051,22.51407078947119],[85.99358799958449,22.515306770834474],[85.98956204149775,22.51659385516385],[85.98851451924916,22.515250438261504],[85.98513982173068,22.515391777961256],[85.98399936648997,22.514454216500415],[85.98339244743913,22.512354760858635],[85.98179938478265,22.510836172350903],[85.98001702055679,22.51127659290067],[85.97815253217534,22.50833805090974],[85.97615210059544,22.508027347816363],[85.97315895452991,22.50522614533938],[85.97338770717187,22.499247762084842],[85.97094555301233,22.49690168786757],[85.97237279075812,22.49187038326163],[85.97118034764875,22.488800616330703],[85.96839034938577,22.486208365352105],[85.96268328679172,22.485082434305287],[85.95947192030296,22.488165488464237],[85.95450324943178,22.489226342814842],[85.95033774868715,22.48918984383199],[85.94219910169117,22.495785449927794],[85.94080913713752,22.49576724935164],[85.93702338961091,22.493782211916],[85.93322618460051,22.494579214173335],[85.9282649610444,22.49855396374517],[85.92751844596673,22.502372871161374],[85.92624895564641,22.504369715233906],[85.92089444587342,22.509130423824676],[85.91931209203291,22.510086360313284],[85.91564273271445,22.510621738287455],[85.91293808817481,22.51212113315227],[85.91135775236147,22.515290027252707],[85.90973766133327,22.519804534663766],[85.90873479389508,22.521224944692555],[85.90635062595287,22.522735309568393],[85.90297806161998,22.523805332522684],[85.9004676101802,22.5265161454977],[85.90132468491474,22.53002671274232],[85.90462365917143,22.53584826625488],[85.90770680202004,22.540710801752702],[85.90786066575285,22.543394544889146],[85.90663610407164,22.545779907546493],[85.89847029024018,22.551577531401094],[85.89449979926876,22.555606109175166],[85.89026434710914,22.557504541708965],[85.88779278214466,22.55761934196365],[85.88420015098288,22.55570668353359],[85.88027347880934,22.555426506004117],[85.8731003483316,22.563335654917715],[85.87326852493032,22.566578159579866],[85.87525509720321,22.568669630884276],[85.87820864146434,22.5702619232454],[85.88429103850213,22.57223718232153],[85.88671102533888,22.574882468839167],[85.888907007217,22.57636999321907],[85.89464000888975,22.577077916828642],[85.8979447895052,22.577805462885053],[85.90043344656459,22.57919281548131],[85.9024371813549,22.5823689884473],[85.90293591876637,22.588254000444522],[85.90252034273509,22.59160233191876],[85.90327552164717,22.594516032041692],[85.90431903991795,22.596013996750266],[85.91041472571547,22.59958671522992],[85.91301668556517,22.602738752423363],[85.91357888238981,22.604828224774145],[85.91245357963513,22.60631183928872],[85.9094485562115,22.607402545596383],[85.90494083341763,22.607823537308438],[85.9025891517654,22.608719841814224],[85.89376567305959,22.613518965899466],[85.88582429896745,22.619868224219207],[85.88448045113088,22.622433227351497],[85.88413484035779,22.62453880976026],[85.88217215082477,22.621522937169352],[85.8812605339071,22.616331885513095],[85.86953597584592,22.61643040996932],[85.8678835343536,22.625767611382425],[85.86974092438508,22.63070361825541],[85.87415369575747,22.632441622710655],[85.87689817684613,22.632379539665344],[85.8780671698038,22.63375051980422],[85.87780164191518,22.63705576322771],[85.87537982276052,22.63721942038643],[85.8750933490092,22.639541060720337],[85.87375641668841,22.64000820748021],[85.86985770642737,22.642901698049748],[85.866759652949,22.64356360553945],[85.86697078640309,22.645741254798747],[85.86599756381406,22.64694027105715],[85.86668055728038,22.653841487003195],[85.86570681604792,22.657465749845837],[85.86292673497444,22.66061650657842],[85.86368857859365,22.667387264597895],[85.86691609414031,22.679712522742967],[85.86988128792427,22.683716746524027],[85.86844266273638,22.690589422801878],[85.86440876715814,22.695627172564343],[85.86008801674039,22.70032155886744],[85.86442340539747,22.70524345874042],[85.86562889151253,22.709592074097824],[85.8655838604841,22.71151574505244],[85.86426993404466,22.71382775698114],[85.86019747226004,22.716517593525495],[85.85653392222645,22.720366480719516],[85.85313550377376,22.72099248277505],[85.85311435929377,22.72295240952083],[85.84849865395813,22.718348838982873],[85.847384537104,22.716516197299494],[85.84712234359307,22.71411173388196],[85.84527473782343,22.71244607137369],[85.8448362897251,22.71039189248312],[85.84053850620265,22.708590465735586],[85.83661471515701,22.71092854806992],[85.83364421860671,22.713363781609864],[85.82814179388197,22.72156122138135],[85.82239917848152,22.71777845715235],[85.81838321727773,22.716178389373134],[85.81652716507337,22.71462914452146],[85.81261387960959,22.713435049510018],[85.8070415543133,22.712689076331216],[85.80071879667808,22.715414793316075],[85.80016542780943,22.71830775239581],[85.79642260046843,22.716818730953086],[85.79293053314024,22.716458223551957],[85.79231697156064,22.715369662689344],[85.79381112262358,22.711287514837387],[85.7966336108874,22.711608584766388],[85.7968569639207,22.710096601078337],[85.79540239487902,22.70990124632695],[85.78919795623128,22.706891872558764],[85.78562962084456,22.706377094431467],[85.78216255995298,22.708726269298307],[85.77592773238048,22.70809167471384],[85.77595614329746,22.701597624713443],[85.77567918201544,22.699993070859577],[85.77430148848231,22.700473982590772],[85.76855819047408,22.700438998151867],[85.76543729992108,22.699981388881064],[85.75677132235855,22.702362083628103],[85.75110302681647,22.701559303956344],[85.74856221829975,22.70263235362352],[85.74719770977708,22.701009259015656],[85.74652736868603,22.701586768453627],[85.7452352742462,22.699407799285588],[85.74488443042051,22.695991957522736],[85.74544516619873,22.692130614881027],[85.74299821689176,22.69146108091204],[85.73372636393582,22.690936479479248],[85.73366965779171,22.68756700884765],[85.73154884874012,22.686385067916547],[85.73164610839115,22.684354274908408],[85.72479506222871,22.68410955132415],[85.72061154472658,22.68600007778255],[85.71914407711334,22.68784627558521],[85.71787932782959,22.69091879814779],[85.716754121445,22.69154209366713],[85.71090751101026,22.691854418120233],[85.70875663252852,22.693193969707284],[85.70425008162991,22.694706583626136],[85.70249809002759,22.697280134474113],[85.70014128966967,22.69841713690623],[85.6984177446685,22.70099632151223],[85.69792415830027,22.704351315109605],[85.69879857694345,22.70763709258996],[85.69830840266852,22.709534346588434],[85.69416868010158,22.71234122780869],[85.69389880789316,22.714109350763334],[85.69216911828252,22.715811328115716],[85.69100122159489,22.715774680839584],[85.68953419248305,22.719538078677832],[85.68543357595888,22.72377702172733],[85.68342001533867,22.729721330643045],[85.68302649353302,22.73372974082085],[85.68494957216994,22.737781467796466],[85.6891622622491,22.743271411433017],[85.69171888569011,22.744755554619452],[85.7011100796225,22.74391395744773],[85.70592332064462,22.74198079269427],[85.70725230439136,22.742524457056792],[85.71136484855725,22.742375416648365],[85.71444435692811,22.742970808658377],[85.7156027038594,22.744207195392196],[85.7163067702754,22.750532163428478],[85.71747170151097,22.75366778549332],[85.71703865595596,22.755067609305073],[85.71416825000237,22.75688716594382],[85.70634910030614,22.759867872757802],[85.70406704951509,22.76020160151402],[85.70443138112691,22.765985114685314],[85.70182769910544,22.769423329713465],[85.70141096216308,22.77126243077702],[85.69840443347451,22.773470357636263],[85.6984660403891,22.775745469860777],[85.69745734145488,22.777354008789786],[85.69484102393209,22.779003584228793],[85.6944618679322,22.783028790255532],[85.69675196583778,22.789071853697443],[85.69581497609042,22.79234283544963],[85.6971807401875,22.795217175435102],[85.69742556240365,22.798036028503105],[85.70116088471795,22.804913846582227],[85.70175745055,22.80672514815092],[85.69494905967315,22.81578295855058],[85.68374458834771,22.81783149914101],[85.68235195201224,22.817765745902822],[85.68180526563746,22.81991089635016],[85.67804608997214,22.82478410318304],[85.67295229169768,22.827586877627773],[85.67087881568497,22.82738895812217],[85.6652278709991,22.829346886570974],[85.66267930591634,22.83489818873103],[85.65886383716399,22.84043886637974],[85.65232059109745,22.839914029969922],[85.6503827976163,22.841758152792327],[85.64627737979656,22.850917859082706],[85.64290838907635,22.84964272429251],[85.6381573777981,22.847217830438296],[85.62400350865835,22.847638135664443],[85.62075512435787,22.847962279479326],[85.61898814297716,22.846348413736912],[85.61663120957141,22.840421114293488],[85.61277850957265,22.837903918556393],[85.61051307940596,22.827804753629277],[85.60880275939381,22.826398889047727],[85.59749079761976,22.827329511139737],[85.59270529676209,22.827476935905505],[85.5817636991662,22.82933089762861],[85.5728109276487,22.831987616636994],[85.56809725382209,22.832704042786087],[85.56677802616645,22.83400172424495],[85.56256836711191,22.827524294090633],[85.55809477546163,22.82210100373136],[85.55554273809081,22.8220417700026],[85.54789520702609,22.82290263506302],[85.54236716917903,22.820503978948665],[85.53888002749959,22.82043592011957],[85.5358337203418,22.807366413513222],[85.52973508064186,22.808294782525852],[85.52327820471815,22.808108624085982],[85.5164498104842,22.80715116871822],[85.51589820788354,22.811318652479805],[85.51746590961955,22.813640769214423],[85.5159758096864,22.815853182362034],[85.51572208440695,22.818587402902402],[85.51410568620774,22.819602701132563],[85.51425196827519,22.823884231255978],[85.51265529256918,22.827373599053352],[85.51466494436242,22.83072497232161],[85.51915615518139,22.828973962356642],[85.52012913036334,22.830902188482362],[85.51973274084754,22.83512526696971],[85.5209656622597,22.83915571583586],[85.52110579608936,22.842366673257537],[85.52745756934765,22.84527599595499],[85.52875701383805,22.846778245949928],[85.52869028869725,22.849807688379308],[85.53127777445565,22.85250940377455],[85.53020479267563,22.858053878079097],[85.5288870130733,22.860967968250808],[85.52872707746482,22.86405528040748],[85.53091475055946,22.864536087385023],[85.53274252704696,22.868580848623946],[85.53521667070062,22.866024121911764],[85.53971914165227,22.865086690235675],[85.54126339896453,22.86643858179605],[85.54249646445834,22.87152454413626],[85.54550108173346,22.872184259929945],[85.54671059509174,22.873929340589548],[85.55051910112131,22.87691739555904],[85.55727199113551,22.880297777759573],[85.55802133384799,22.874402424674507],[85.55719928378538,22.871947449743466],[85.558230446886,22.86751327611644],[85.55829484050439,22.864181165662593],[85.55932214568887,22.86195065250703],[85.56102526893048,22.860322280059616],[85.56239061370015,22.860235225673012],[85.56651237708618,22.8631499345157],[85.57124732506392,22.862319962998704],[85.57440784958894,22.86298048024557],[85.58105964309384,22.86624610614157],[85.58240259032584,22.868326341768334],[85.58221365788067,22.87150383120561],[85.5854428006294,22.87780957793964],[85.58634855724065,22.880698684947347],[85.59402334048261,22.8860231513062],[85.59925934894396,22.89102151725178],[85.60156386181245,22.89404645407064],[85.59448216967746,22.895438176100907],[85.58969660097704,22.897238298335463],[85.5857996767873,22.896855847285096],[85.58261569184504,22.895184086991385],[85.58175059391375,22.900157133311687],[85.57990148543709,22.907338264867413],[85.58372083862551,22.911328696920272],[85.59110187763555,22.92164524902892],[85.5935207489218,22.924403221811506],[85.59986423105897,22.92859571762629],[85.60152480215909,22.930208903219494],[85.60358888854577,22.93522001640417],[85.611518001327,22.933222811491287],[85.61505937418846,22.9315277444988],[85.61555261324419,22.92748304413631],[85.61309393062484,22.924963537124313],[85.6134552051176,22.922031431086932],[85.61578771119754,22.91989318432055],[85.61721985761854,22.915200138608494],[85.6193303012366,22.91475786191911],[85.62385091642155,22.917009798351057],[85.64219047666884,22.918982902695312],[85.64838827263685,22.91833121737096],[85.6512205710073,22.92081188622633],[85.6547823735308,22.922473177204324],[85.65625749362889,22.924178263445487],[85.65580564730574,22.92649563319935],[85.6539928786403,22.928386007026457],[85.65274669167127,22.936241771441715],[85.65883232584045,22.937854019719385],[85.66417677372189,22.935941232983637],[85.66996686511814,22.935167876318953],[85.67718404291513,22.935510396170088],[85.68319508847496,22.93460969429781],[85.68829654764103,22.934462200561086],[85.69139068627383,22.935174198717064],[85.69388416825022,22.937506833383434],[85.69811205635006,22.94000730309718],[85.69874844612862,22.94280332230047],[85.70220710619795,22.943147762541773],[85.7044145222315,22.9448412028725],[85.7080248681321,22.943592574194074],[85.71421232197405,22.943091793000793],[85.72025417484346,22.94357415190323],[85.72347614791704,22.943166575151512],[85.72605489729125,22.94376522726904],[85.73022227644387,22.94389941678475],[85.73329334967713,22.94141159458237],[85.73644617272157,22.94091585988289],[85.73814268512561,22.93902063197918],[85.74099051244927,22.940045772225474],[85.74380870761318,22.938266748548706],[85.74655946366498,22.935745396322577],[85.74838409285391,22.935624254156323],[85.75129195208592,22.933298794602393],[85.75555332869482,22.93116458680722],[85.75867646220831,22.933004399073653],[85.76062525356339,22.933155132691184],[85.76591591759302,22.93148921689316],[85.76829835289001,22.93114641828027],[85.76926357232348,22.930079046394653],[85.76842299508007,22.924897221394172],[85.77243729031841,22.922198925541753],[85.77412119770841,22.920154247209396],[85.77537937237443,22.920127831913344],[85.78003506932467,22.92178030976957],[85.78150900055732,22.92159294794246],[85.78750548229195,22.91942589985194],[85.7929378424079,22.91597179694346],[85.7978571085097,22.910960107880122],[85.79774744321047,22.90902636598461],[85.80174680250613,22.908803626552753],[85.8040555108509,22.90792681824391],[85.81104831321967,22.907672142221607],[85.81482163513272,22.906526104787226],[85.82064177040726,22.90544941738282],[85.8243422000637,22.903697413925645],[85.82677845080356,22.9038328401686],[85.8299446978418,22.902970960639742],[85.83321031777785,22.9030310680935],[85.83655664646017,22.90504263821901],[85.83666583764685,22.902523514421123],[85.83586341183451,22.898299594940006],[85.83570008415155,22.893448071561814],[85.83661729788109,22.889914073161833],[85.84049762753314,22.887566894081704],[85.84594676322719,22.88528524424523],[85.85438382740232,22.883557732334243],[85.86071536871576,22.88329763127039],[85.86396025765305,22.884290206865373],[85.86416826118841,22.88560752656388],[85.86104265433188,22.89399271776876],[85.86066617403682,22.898217118730376],[85.85805444533999,22.899264256620786],[85.85771794598232,22.90103215871202],[85.86075799693577,22.905043829193964],[85.86645273147215,22.90815789465306],[85.86888486088542,22.908807425686422],[85.87084457456983,22.911160716163785],[85.87096823604959,22.915081636637783],[85.86910502616686,22.91636001803567],[85.8705207070295,22.919666863160902],[85.87219377320898,22.924881361208023],[85.87607557421241,22.929506292645904],[85.87531789253478,22.93152424221387],[85.87159164203598,22.93283455897836],[85.87062454894557,22.934218696838467],[85.86993493865162,22.938323775546515],[85.86892218775617,22.939571765804875],[85.86549275276955,22.939176984955687],[85.86465393942275,22.941537514214907],[85.86464610061758,22.944816121405395],[85.8626784203074,22.9445311309359],[85.85745623033893,22.942759442870496],[85.85324352556673,22.943307134060525],[85.85276253801793,22.945408171230998],[85.85042481975465,22.94969064535708],[85.85200804429029,22.9527821277903],[85.85063754635122,22.959157951350498],[85.8479084544108,22.963545943167492],[85.84854580150422,22.96775955182643],[85.84757428076882,22.969604120522252],[85.84931476221688,22.971409628450676],[85.84830567539184,22.976546124042528],[85.84843079429605,22.979049004769355],[85.84929826995818,22.98028363343917],[85.84666142829295,22.98524127282318],[85.83959275816017,22.987059362669452],[85.83146032981806,22.99003448795016],[85.82807128033359,22.991608225449568],[85.82803830026276,22.99295784019294],[85.82492566410457,22.994353277125764],[85.82474315137965,22.996280272071836],[85.82335935847162,22.998347441067853],[85.82125611547275,23.000120147781885],[85.81976141537717,23.00035290531302],[85.821724575633,23.001794586331084],[85.81969017312908,23.006304511161712],[85.82052016417158,23.00735844759531],[85.81916642066169,23.008197406744475],[85.81799107393353,23.00721620779242],[85.8158912322036,23.007643077975676],[85.81269795070666,23.01093998524614],[85.81374651180042,23.01209039320853],[85.81226482245263,23.014165663836465],[85.8141914205633,23.01291110446728],[85.81728140309527,23.02185789733628],[85.81836172686042,23.023302059700242],[85.82225989354225,23.026339992443624],[85.82333258201402,23.028133893568107],[85.82235588580122,23.03081940932043],[85.82022889023591,23.032461026571287],[85.81997832894825,23.03378228680997],[85.81773976994693,23.037568126668496],[85.81813120022464,23.039684576044518],[85.81984248290077,23.042659816958242],[85.81877733582736,23.04393440981531],[85.81863293922801,23.047072001511854],[85.81787356351184,23.04797404979295],[85.81840817169194,23.049901864966355],[85.81663554927175,23.052273075502452],[85.81582130765277,23.054985715007756],[85.8123097642765,23.059195383033533],[85.8110474049184,23.06400897862809],[85.81158338599522,23.06855612201798],[85.80957999027463,23.071043008491973],[85.81000126890017,23.076420182940165],[85.8081189959944,23.078438222926096],[85.80622340294944,23.07864068311283],[85.80460228637487,23.079820673655984],[85.79965806261129,23.081436054696418],[85.79960429472553,23.08438285473967],[85.80035109491556,23.087382568113032],[85.80296076684598,23.091025982003405],[85.80462942724414,23.09221274766856],[85.81114067979576,23.093408949361454],[85.81667759888235,23.092985335399916],[85.8153501465317,23.094343740308755],[85.81646795053169,23.099373879109315],[85.82014076272449,23.10589533782027],[85.82387640630569,23.11421464402075],[85.82588369441598,23.11526369095821],[85.82641836828755,23.116542062607078],[85.82912182061281,23.116255665585022],[85.83054767718315,23.117371167776128],[85.83088018079852,23.12069451678952],[85.83161533725153,23.121506633397225],[85.83592299816715,23.121360820448928],[85.83670496394188,23.124271290249347],[85.8356162700065,23.12523036267748],[85.83655848412545,23.12751333651423],[85.83971380225474,23.12797007751734],[85.84103336194805,23.12896426576527],[85.84154253193887,23.133357597222457],[85.84413788430521,23.138143036644315],[85.84798418999438,23.14007759756771],[85.8507329839902,23.140180701342683],[85.85449605988535,23.143287999206525],[85.85492333740211,23.144736221007907],[85.85903337489553,23.146111705563555],[85.86024441145746,23.147258567809555],[85.86161637570426,23.145561342599986],[85.86389244538658,23.144358470758156],[85.86781950238183,23.140773836509453],[85.8695408642384,23.13991458810374],[85.870686729072,23.14100609892206],[85.8703399232794,23.144224118319276],[85.86947098377999,23.145346859774584],[85.86978900715236,23.14935942864908],[85.8708229296251,23.151859691517362],[85.87108848801898,23.15631435156374],[85.87381016115044,23.15672216045016],[85.87738395803056,23.15570901651288],[85.88046105803501,23.155667622882667],[85.88202852197513,23.153935560856635],[85.88581295449997,23.153411367359016],[85.88637385699552,23.154101724327372],[85.88572323505431,23.15718615714614],[85.88798853047093,23.15848467689769],[85.89139856651647,23.15597972848335],[85.8933080797914,23.156331864472826],[85.89511843993878,23.154976163674633],[85.90080282356595,23.15503384866513],[85.90539642703202,23.15469549444183],[85.90988896018975,23.15347530859783],[85.91115685264366,23.152603767845868],[85.91672727554607,23.146166037458094],[85.92134404599172,23.14510787547694],[85.92240698649752,23.14637515313752],[85.9266499212904,23.14663377463001],[85.92870863063497,23.151283313381498],[85.9354143911854,23.15017785302433],[85.9363203202943,23.151577516021252],[85.94068788523774,23.152826472429208],[85.94434232964102,23.152752968075294],[85.95000672144897,23.151873033906508],[85.95123281888202,23.15204082401783],[85.95274239335185,23.155871683928055],[85.95612950310486,23.160528314520953],[85.9581240197588,23.1608684010054],[85.9642529588159,23.159121222139635],[85.97498877875675,23.15554411062281],[85.97870658649512,23.15532905271621],[85.98317877771976,23.154070462428646],[85.98792444751206,23.153883907210517],[85.99133398044606,23.152602345133026],[85.99677156565274,23.150019672311295],[86.00264055372614,23.14890823714865],[86.01219790261007,23.148462019692847],[86.01288971226242,23.148227329313947],[86.01475223758827,23.153702061450726],[86.01663765145541,23.155410359151574],[86.0186641574288,23.154561290913424],[86.01980781142824,23.15235021259922],[86.01880257423136,23.14789941514414],[86.02052591773956,23.145977204717035],[86.02377010006391,23.144434711221308],[86.02557615425393,23.14455421054085],[86.0279410027014,23.14574306972593],[86.03304430172322,23.14509697649044],[86.03371332058752,23.144414621812366],[86.03633263127941,23.14555059634934],[86.03752332992312,23.147057286405257],[86.0409445373112,23.14531671168071],[86.0437121122939,23.14486609385075],[86.04594563240589,23.142528908724017],[86.04526928090101,23.13820139368112],[86.04952285667659,23.13107933750823],[86.05482776018674,23.1238400060776],[86.05330501277795,23.118167527110053],[86.05219428932418,23.11222658572989],[86.05009307405682,23.111093911012986],[86.04921951801319,23.105995975032364],[86.05074164692121,23.105732712647175],[86.05400450974969,23.10314137873082],[86.05760630081959,23.10210641442515],[86.0613391879448,23.101686003375296],[86.07235645645385,23.095536646652853],[86.0751460866145,23.09454695866251],[86.07932773034703,23.09539548665148],[86.08430684329323,23.095666560786604],[86.08958395891165,23.09506525310129],[86.09082422534206,23.091985777327768],[86.08991844401517,23.090035814549772],[86.09810335251015,23.085368520553423],[86.09996035443433,23.086878659403293],[86.1021446968577,23.086721964888227],[86.10573199185826,23.08551040793627],[86.11091256763173,23.085153544493515],[86.1140907169014,23.08590147090567],[86.11868986766935,23.08516068911461],[86.12297579326204,23.08682996753968],[86.1270909396007,23.08676147804134],[86.12910876061858,23.084652949546705],[86.13274067398542,23.08401277620766],[86.1350716489276,23.079250566312986],[86.13493950149939,23.078425502947127],[86.13773871712633,23.07664906338478],[86.14613839242,23.075223294206335],[86.14529285515933,23.072975451634345],[86.1433135814908,23.064241371412205],[86.14191106937477,23.06065684982638],[86.14166935716193,23.05720500594367],[86.14533591342504,23.053133043453236],[86.14680327150857,23.052626112659677],[86.15022838505108,23.05277092143508],[86.15145218906825,23.05218134695235],[86.15357643806058,23.049645460055363],[86.15762807268055,23.04792381311987],[86.15629466882511,23.03788134172167],[86.15604311024448,23.032830733137867],[86.15743093921279,23.030500676340015],[86.1623122313599,23.02886074631689],[86.16345834480344,23.03231470818744],[86.16468520225871,23.033619852137374],[86.16744236375139,23.03317168169967],[86.16733902132563,23.030018126392058],[86.17071797939902,23.026743819977682],[86.16982506095532,23.022994548887624],[86.17348843071517,23.02114152839077],[86.17736244751477,23.020793667482035],[86.17890346135538,23.021635325451992],[86.18029730403384,23.019580420924473],[86.18078682285481,23.01608729904307],[86.1815059546182,23.015647761656535],[86.181736301744,23.010721194540242],[86.1842704762979,23.007966676613705],[86.1855947268644,23.005173337426562],[86.19306824984679,23.006829559094907],[86.19359279534554,23.005701949868058],[86.19684126549002,23.007488828738015],[86.20060961721458,23.007173672221843],[86.20276250752167,23.00778064302964],[86.20511576382884,23.00750344774334],[86.20752236468364,23.00812064823568],[86.20775190888773,23.007064010017558],[86.21091717749844,23.00756362404772],[86.21874558815607,23.001974145154644],[86.21562370728456,23.00003466553372],[86.21657883418477,22.997760417841615],[86.21813637347495,22.998363612920755],[86.2197123568128,22.99633423052647],[86.22444455557687,22.99450786651652],[86.23063312009596,22.99567843830545],[86.23747146073332,22.995016141687383]]]]}},{"type":"Feature","properties":{"id":"20-245","name":"Simdega","source_name":"Simdega","state_id":"20","source_agency":"Survey of India (SOI)","district_code":"342"},"geometry":{"type":"MultiPolygon","coordinates":[[[[84.97973547807374,22.785417686328184],[84.98082805868668,22.78449017241894],[84.98799067542662,22.784259418371025],[84.99416212796253,22.785492142705525],[84.9961727621522,22.784624229023837],[84.99964027553149,22.786916146689947],[85.00247292558039,22.78767398561868],[85.0053228435454,22.786571881411582],[85.00521410796634,22.779671171896243],[85.00847243473623,22.7710753629326],[85.01156677065133,22.76831014713604],[85.01569526692111,22.767639099422997],[85.02046589517026,22.765657503008],[85.02188715949349,22.76429343152807],[85.02229410485303,22.760362379249067],[85.02627904880647,22.756157709814367],[85.0297100841287,22.755206791743287],[85.03786718666875,22.753979745215023],[85.04616637715317,22.754397443815567],[85.04936301943418,22.752802120688344],[85.05005950082489,22.749878136448576],[85.05191629500494,22.745762738103842],[85.05617973610742,22.7414785279151],[85.0583918711126,22.73739836230979],[85.05829704625556,22.734462402079963],[85.05687251373301,22.729171529563704],[85.0557112344708,22.726620002484424],[85.05327234492086,22.72355618911938],[85.05259667266004,22.721082732861905],[85.05265664382179,22.715466769131808],[85.0538233106153,22.710740170596956],[85.05304799830374,22.7077507883164],[85.05055374772353,22.70058683007018],[85.04812309081574,22.696069055002766],[85.04508031131243,22.69171560006352],[85.04375712766921,22.687819466229993],[85.04159848516997,22.68402450250783],[85.04097498466103,22.682012256744784],[85.04144779761884,22.679342605813755],[85.04614230256965,22.673720767039203],[85.04818496385688,22.672538252513963],[85.05773347705228,22.67021666094265],[85.06012489943593,22.66894385279531],[85.0606607938653,22.667457928695402],[85.060391682846,22.66450428892688],[85.05908897867663,22.657499091952815],[85.0559780867183,22.654845364032017],[85.05378960007658,22.65101284634168],[85.05462077165775,22.648526787180867],[85.05398056313331,22.6457883113632],[85.04943258529404,22.639562249436654],[85.04919843823042,22.6365194287721],[85.05023366146692,22.633166097741817],[85.0554521201205,22.626051828724382],[85.05658061113726,22.622774773128576],[85.05446082123981,22.615686907390636],[85.05348465274065,22.613291701300554],[85.0535310199023,22.611367008800297],[85.0561002345831,22.60946179431847],[85.06340583089094,22.606915947037905],[85.06741539954363,22.60675937076297],[85.06987183030009,22.604757673859833],[85.0704711686562,22.599734532309167],[85.06813314190775,22.595128097379266],[85.06849610417429,22.589326023129274],[85.07128550552405,22.579635130405556],[85.07372567512681,22.575500129527338],[85.07552583876938,22.57399406437326],[85.0734463405045,22.571099060467535],[85.07359741834745,22.570026280555876],[85.07068637203497,22.56669015599591],[85.06848810629867,22.56581106693332],[85.06830823907971,22.56196042427921],[85.07198558719669,22.55377045872992],[85.07065120197127,22.54981439329972],[85.07186368193199,22.547808014203955],[85.06921335814465,22.546178789824424],[85.06662089346197,22.542454319501775],[85.06468165194528,22.540697113315858],[85.0642839120769,22.539238482331275],[85.06521661297812,22.53648642542778],[85.06740911647223,22.533316011232586],[85.07260515034315,22.530145406295215],[85.07746034593667,22.524893638826157],[85.07882638652353,22.521704120767158],[85.07968694224324,22.51709987392004],[85.07935398668747,22.51235497132629],[85.07752289430145,22.503492367085855],[85.07433646391493,22.496406743205483],[85.07361271482564,22.49249177273247],[85.07082064826918,22.488494088927194],[85.06709992402742,22.484133699240665],[85.06629989044723,22.483632841655915],[85.06064003295003,22.485904410667246],[85.0571548302742,22.486133450745346],[85.05413419128612,22.48462591837187],[85.05055841905275,22.48212544781034],[85.04311369302644,22.481832792633433],[85.04232961274813,22.4795348411704],[85.03882473752844,22.48120133539588],[85.03830559844944,22.48393047525714],[85.03529863392896,22.482412341291013],[85.03670458577017,22.481335341507677],[85.0363375383689,22.4781237325155],[85.034686343585,22.475778019883958],[85.03478802602613,22.473915187028094],[85.03310354393,22.47434102526427],[85.03065804286794,22.473462371610164],[85.01996943953601,22.472242184410092],[85.01702164471168,22.471146136483288],[85.01354565720202,22.468963309206902],[85.00919297809368,22.46695927435924],[85.0084134513853,22.467121194445905],[85.00434783496284,22.46542757697833],[85.0030129370669,22.46435455759182],[84.99574282479315,22.462584802541496],[84.99049010580613,22.4603704847792],[84.98882077400394,22.458923012156262],[84.98729801357867,22.458759499450238],[84.97887972966008,22.4558190066225],[84.97627130104264,22.45417000910647],[84.97069387009113,22.451625862408672],[84.96842421281703,22.451398590828436],[84.96256079560096,22.44982574829202],[84.95898500355044,22.445028169279993],[84.95914301673291,22.45344005420693],[84.95652470800714,22.45748184581748],[84.95516476683835,22.45703613220867],[84.95433917457402,22.45871481835092],[84.95027029504394,22.455990519872717],[84.94778942073887,22.45492959384715],[84.94435122976186,22.45424476773733],[84.94258323555728,22.45294005159715],[84.94247315133381,22.45052783907623],[84.93895462582846,22.446085668210987],[84.93779665511528,22.445574267843586],[84.92963099522802,22.446688565352787],[84.92155083869719,22.444011343872813],[84.92159034937633,22.441334767127454],[84.92420414741744,22.4397733574282],[84.9263839383824,22.439425964211832],[84.92598454005243,22.43499663925731],[84.92181715828393,22.43083273656797],[84.9190151262416,22.429086540661924],[84.91669799322301,22.42664924774785],[84.90944648990947,22.42267045500831],[84.89932428473865,22.42252210733784],[84.8949464679496,22.421489864180547],[84.89056792388354,22.42148165443365],[84.88579779476564,22.42037246269025],[84.88619831833037,22.42558138774915],[84.88920254707344,22.427248428140054],[84.88932595940521,22.428177683521156],[84.88670663189129,22.43407432540941],[84.88493602140048,22.436307963916],[84.88479092403836,22.441528637872494],[84.88409316825421,22.444361088513265],[84.88220005032157,22.447167019930937],[84.88079055192661,22.446622299713272],[84.88010167946487,22.44885431775058],[84.87734704909283,22.446668049281637],[84.87516680968554,22.446332325334435],[84.8729363673346,22.443558108500387],[84.87062845655522,22.4426789591908],[84.87077800894718,22.43988199854547],[84.86564359190847,22.43966963211944],[84.8584324493249,22.43744326208883],[84.85402592480648,22.436635285104146],[84.8480528231706,22.43602304839824],[84.84570979547944,22.436813391391883],[84.84334272655579,22.436646335516844],[84.83994584463582,22.434614580470015],[84.83988740312857,22.432121775200663],[84.83687621325379,22.431441284704995],[84.83587292986076,22.431985522111194],[84.82771901661052,22.433659836655135],[84.82442228669728,22.434040975815652],[84.81760582705107,22.437206597055685],[84.81718162082451,22.443825275831767],[84.81646650424763,22.44553634926497],[84.81262541878203,22.451412907015023],[84.81137869772171,22.45153008276995],[84.81022616833704,22.453291565216272],[84.8034227104338,22.448025565176266],[84.80111691626063,22.44766005898325],[84.7991563394799,22.448807038685747],[84.79749562696414,22.44811960532187],[84.79406691579123,22.448809779406886],[84.79376058492568,22.446510032702385],[84.78897387652266,22.447080898335283],[84.78258921421464,22.446938915978013],[84.77998762817802,22.44744577182594],[84.7771198332411,22.44692856965691],[84.77300804924973,22.447431408166644],[84.76219915557067,22.44728119179508],[84.7590567450619,22.44663612190194],[84.75713833517891,22.44279294989795],[84.75633117742704,22.439380016730556],[84.75332984588607,22.43374280863138],[84.75197586722335,22.428494792036044],[84.74989257767618,22.418957846010127],[84.74840494610942,22.419365054022027],[84.73555867166722,22.42008879634787],[84.73020377795197,22.4200880438957],[84.71775519497331,22.419584824973427],[84.7157507105833,22.417216105500852],[84.70136448630136,22.416714553099453],[84.6988169399515,22.416340448223313],[84.6893797084462,22.418112445888866],[84.68611756848118,22.418513629833377],[84.68336100149371,22.42052503777533],[84.6756378678322,22.420512303428445],[84.6750439633625,22.421726001432084],[84.6735150220824,22.42142733969098],[84.6716972789904,22.422640271478382],[84.66657961051776,22.419515933231253],[84.66490069959565,22.420042391608586],[84.65847350625019,22.423470226808792],[84.65233961793237,22.426144757744662],[84.6420236872142,22.42988287298277],[84.63797949423825,22.431847399730774],[84.63285517488313,22.432657875713023],[84.62941617647424,22.43369768946007],[84.62883138288979,22.434491902071514],[84.62214369598185,22.431499004677224],[84.61893254767841,22.431124908835518],[84.61048075391963,22.430875749349617],[84.60265206275008,22.4288066245356],[84.60099236372291,22.429625332441788],[84.59898013981253,22.43248321001386],[84.59803660945398,22.434735535048418],[84.59556619501689,22.433114321524585],[84.59436333772804,22.42999827098861],[84.58820783359927,22.42949777433907],[84.5819229647129,22.428467216906903],[84.5752248664236,22.427678328740935],[84.56850920963538,22.42807113405873],[84.5630748950146,22.425660055911955],[84.55724125898584,22.424443340885787],[84.54757539924096,22.42165191616689],[84.54557750599511,22.425468247347688],[84.54263298603829,22.42534192091807],[84.53968777418036,22.426338819469528],[84.53821658362747,22.424965686598064],[84.5359561601113,22.425213632616074],[84.53527061465307,22.427022864090574],[84.53299862002781,22.425464454460123],[84.52993102571439,22.42549687432315],[84.53045179685375,22.424154193277026],[84.5296520394041,22.4225331973903],[84.52450118795834,22.419907558622604],[84.52203329506659,22.420039770370114],[84.51715957513288,22.419285918602817],[84.51152880230417,22.4209688832859],[84.50840426924778,22.421078854602232],[84.50298025012971,22.419803396767623],[84.49586064749063,22.416181527172558],[84.48735250148725,22.41366609827827],[84.48077249297384,22.41353651424112],[84.4784641475725,22.410187466494396],[84.47475603107236,22.408017210699054],[84.47582734439136,22.40096792728584],[84.48047179466306,22.397881088129147],[84.47873882515147,22.395541424705797],[84.4790219893704,22.393997887411132],[84.48359554602638,22.39289792659174],[84.48554575862478,22.391434709919313],[84.48444209843717,22.388444754163622],[84.47618984880633,22.386588272174773],[84.47186690143714,22.383794032964182],[84.46080964216353,22.378903154848107],[84.45883301985931,22.380286236060048],[84.45566486694243,22.38132641294974],[84.45391250242137,22.381195972528378],[84.45296533978693,22.38247561854681],[84.45036412372893,22.382477082084147],[84.44823704209334,22.380149542744583],[84.44636814061788,22.379966086140637],[84.44375610373191,22.37812289002787],[84.43806175122407,22.376684227921285],[84.43278038234233,22.37411799921567],[84.42896238454027,22.371053153310044],[84.42873086415271,22.368438807669662],[84.43026787776813,22.36585328917227],[84.42894901177426,22.36528289351523],[84.43351225333741,22.362599054191524],[84.43437183803151,22.360191771350333],[84.431458782088,22.359009145865798],[84.43017806572644,22.35782098879577],[84.43070441549666,22.3558352105695],[84.43035708936003,22.352769707184144],[84.42680437683104,22.351754929134756],[84.42524567877287,22.353875035866054],[84.42307929997743,22.353963568046257],[84.41725360136628,22.352468206886925],[84.41628331320493,22.352656229956384],[84.41291306469961,22.35083573975467],[84.40963311964046,22.35075519503209],[84.40051305872373,22.346352854314784],[84.39987885870025,22.3477124156499],[84.39695758932808,22.34729058853056],[84.39440082136056,22.349244887959898],[84.39105175785753,22.34967347415752],[84.38849708633099,22.348572867944423],[84.38321065967487,22.34900326658135],[84.38155386251677,22.350871597850855],[84.38043277928483,22.350467073300056],[84.37927217156614,22.352147113950227],[84.377231249915,22.352743644808257],[84.37480201013805,22.35223619135418],[84.3703385023662,22.353854519929687],[84.36750897529912,22.353093274925037],[84.3673273400942,22.35114251229752],[84.36591671429241,22.35038133677795],[84.36567146898491,22.348134421589325],[84.36186494900595,22.348222549549956],[84.35880301423262,22.347209587702874],[84.35739441899233,22.348906572438572],[84.34750168622837,22.3478164305092],[84.34394773605885,22.34671749006793],[84.34095703828018,22.34739965179272],[84.33849322899226,22.34731735285862],[84.33512226344925,22.34630240649821],[84.33065363823582,22.344270950236943],[84.32709826891055,22.345292559796075],[84.3249090455416,22.345212052748227],[84.31700090039364,22.342249628698372],[84.31462767643096,22.343357169303946],[84.31326037610766,22.344779933727178],[84.3113543160462,22.3450921082258],[84.2957979539031,22.342729783560642],[84.29137466459004,22.342825818199444],[84.29131387415424,22.34442343228732],[84.28984906174958,22.346990220737855],[84.28656107884292,22.347249116863765],[84.27853496704083,22.349210100254165],[84.2745440760917,22.35117176546898],[84.26898075434916,22.354487061021054],[84.26079578766789,22.365360986604305],[84.25577743236909,22.37436084765097],[84.25354064751954,22.376824294106704],[84.25042626980921,22.37894498598688],[84.24634475421078,22.380211314301253],[84.24266960726357,22.380058424195763],[84.23675241971415,22.380408610799822],[84.22847500502554,22.379391419010542],[84.22198008694679,22.37896852501597],[84.21424825566483,22.37791926902945],[84.20224747394045,22.3777390891651],[84.19685494583292,22.378068579377608],[84.19371824179571,22.380772763513768],[84.19132018200442,22.384778748005424],[84.18495056527699,22.39019630588557],[84.18242129724024,22.39089101009769],[84.1768809425771,22.394194947221642],[84.17353038339594,22.39661051031915],[84.16874641252642,22.398326008787443],[84.1660623487416,22.399846205404398],[84.15629823967714,22.407671964783095],[84.15526963286747,22.409625723380042],[84.15307606624178,22.41194098197572],[84.14650251542642,22.41988789266022],[84.14205277210368,22.423384600689264],[84.14103981361478,22.425831178870073],[84.14122547643227,22.432957292766375],[84.14044260400051,22.44418305719427],[84.13930192104208,22.44648691222155],[84.13928426685119,22.448740520753656],[84.1410510013937,22.452939745260473],[84.14322217255334,22.456948285077843],[84.14355254996336,22.464207946428253],[84.14271580118853,22.4715875042381],[84.14084916817693,22.473854344453542],[84.13872758894446,22.474074007679217],[84.13435809148453,22.47666524220555],[84.13418745663665,22.477924086991933],[84.12943262184976,22.47745557808549],[84.12665205987955,22.479021561731486],[84.12255328025834,22.476710065548172],[84.1178557078294,22.47612070510705],[84.11287988195691,22.476565873921505],[84.10648089844776,22.48058093755722],[84.10703887462054,22.48264282953447],[84.10885783707543,22.483256607256788],[84.10612041530345,22.484488297967918],[84.10261817852235,22.484085428724626],[84.10066359158868,22.485415892460956],[84.09006017316369,22.489517139182084],[84.08963421195999,22.490452530707444],[84.08727069797091,22.49080495191424],[84.08103793271094,22.494060972980133],[84.07321418699235,22.500905583783364],[84.07138674561114,22.501928803309703],[84.07545966609217,22.502727947081716],[84.07563269445544,22.506118083003315],[84.06951050995306,22.50640463874445],[84.06530317443169,22.507545505951008],[84.06460651893696,22.512453912399938],[84.06109305967418,22.513547561322927],[84.06089137504186,22.51578408619191],[84.05987659334328,22.516372547908507],[84.05645166188664,22.515100162338555],[84.0560522626354,22.513584367793154],[84.05321984560882,22.51284379975724],[84.05181748882654,22.513222732993707],[84.04941052418806,22.51698132159405],[84.0465878811659,22.517179176645246],[84.03973895897616,22.515710003792044],[84.03671807291965,22.515911574264766],[84.03431367298954,22.517980303756172],[84.02978181778286,22.519121824167136],[84.0278899209905,22.52043007157668],[84.02681639655329,22.524265661531352],[84.0256807401713,22.525694376997304],[84.01901305380383,22.525524428076295],[84.01643508022815,22.52435198267142],[84.01159865382459,22.52374008143352],[84.00881327694923,22.525266809651185],[84.00908099093793,22.525970899122182],[84.01186092555785,22.527368029622018],[84.00958983446814,22.52814484084042],[84.01000711452339,22.53170028305094],[84.00671529119377,22.536651400656265],[84.00355515072592,22.543855610532102],[84.00293767106983,22.545980207548162],[84.00584971827324,22.548243343674304],[84.00755627480882,22.55350416937267],[84.00761667119815,22.561192090963456],[84.00955989617351,22.570295085925835],[84.00924952934962,22.572381710637067],[84.0116801289742,22.576004835560664],[84.01843975933497,22.580707796094043],[84.02012249363686,22.583282614961192],[84.02325145245895,22.585747312565093],[84.02473748720095,22.589386463666546],[84.02453677001986,22.591800447564207],[84.030229968825,22.591649271322137],[84.0342247847567,22.592312893893716],[84.04020011835011,22.593938806925873],[84.04151522990685,22.595203221685296],[84.04453012660561,22.594864954300906],[84.04941948619316,22.59495564596005],[84.052777060337,22.595813844828882],[84.05525697295339,22.59870596930101],[84.05579413615487,22.601530275838506],[84.05764432415263,22.60530271741068],[84.06049158251597,22.60819470809474],[84.06485092019096,22.611880277581882],[84.07044357154487,22.621579351302362],[84.07777088682793,22.62999097705018],[84.08401616604932,22.638116408348715],[84.08497311235203,22.638029434748624],[84.09130553026753,22.635500019613843],[84.0949434158141,22.6351630127725],[84.09845583063739,22.636609736942443],[84.10456267434267,22.637176924592218],[84.11070983356402,22.640700248419044],[84.11405094948685,22.639249779307693],[84.12209834765302,22.63819941369451],[84.12388299420918,22.63707468218357],[84.14005468331841,22.63841946367255],[84.14399716148228,22.637948823830005],[84.1500510514453,22.636485141768315],[84.15246755994339,22.63680061899918],[84.15627223028632,22.63853349489859],[84.15983437926639,22.64270520826999],[84.16327529203966,22.645427861107482],[84.16999409726246,22.648707839213905],[84.17568737852625,22.65054593546428],[84.17889316342458,22.650615186769922],[84.18166685829338,22.651903498991015],[84.18495159135662,22.654437570919136],[84.18802991781847,22.655227420443083],[84.1922382343162,22.660471590932836],[84.19593991030375,22.66180975625354],[84.19831309326987,22.665004291384097],[84.20018789414294,22.666457249747342],[84.20790172897824,22.6683781594816],[84.21271586247605,22.668013715798196],[84.21227297850551,22.665766899013168],[84.21590512999367,22.665650342928316],[84.21908937193604,22.66657292193478],[84.22097866054982,22.667905795516752],[84.22329268180965,22.67135934160534],[84.22940944696126,22.6778855269245],[84.23346337700274,22.680755951515568],[84.23407686258135,22.6858600379109],[84.23809772587799,22.69185813200972],[84.23519011260203,22.69505545641374],[84.23292912599841,22.700332899972963],[84.23328956109891,22.703892352575505],[84.23443423859561,22.704892836433583],[84.23398324168893,22.711517417992646],[84.23207006398125,22.725577052973904],[84.22980592884748,22.727459429646984],[84.23023467173567,22.731754974612485],[84.22973691310413,22.73756639989049],[84.23361850717018,22.74351623270695],[84.23541590570252,22.743996975492063],[84.23766588588171,22.745779373660604],[84.2422632975215,22.748319811167804],[84.24330309166871,22.750587003625164],[84.24313086277402,22.752182556245632],[84.24711917999583,22.754301673206477],[84.25556681204472,22.760101063914536],[84.25670154682486,22.761452471383112],[84.2586261497818,22.765834988060618],[84.25986826668831,22.767634749084067],[84.26306793700944,22.767570400083102],[84.27110166275597,22.768183723283194],[84.27443488475706,22.769165592699174],[84.27863627492802,22.76835857222274],[84.28336089385819,22.76495898777292],[84.2859169677047,22.763909271647773],[84.28936645068805,22.7662274255323],[84.28985935917791,22.77137467233451],[84.29145359687,22.773630520145705],[84.29441326476433,22.773272364953527],[84.29682492828525,22.771185778314262],[84.30379056406933,22.769561555217948],[84.3092000267763,22.766523237945147],[84.31201143384705,22.763895022220712],[84.3150317532552,22.76420533249955],[84.31921062560893,22.765361245875663],[84.32493895543891,22.763512008373606],[84.32761332573403,22.760842075358756],[84.32987009061463,22.759513433951113],[84.33246824731087,22.75510227235567],[84.33531561409019,22.751965631706707],[84.3358858334252,22.748325308569058],[84.33904261075537,22.747696069388798],[84.34182441081269,22.746223737621435],[84.34526127924384,22.74650522018228],[84.35050448823584,22.747793122791624],[84.35424456454423,22.750558670403073],[84.3521526839091,22.753828588286126],[84.34929388526085,22.757054002297284],[84.34855061444154,22.75875965604481],[84.34921071460255,22.762114741696315],[84.35192777954504,22.76052985444829],[84.35735077849483,22.758955543148996],[84.3591472600709,22.756779104490537],[84.36211127589968,22.757997544238503],[84.3660971561614,22.756379354450697],[84.36944735932452,22.754538183314292],[84.37169065870425,22.75401551280704],[84.3773628510733,22.76132573197704],[84.37994064101838,22.76309597581088],[84.38251847573649,22.762121329405158],[84.3860240203538,22.76728178131481],[84.39035078497916,22.765924164816063],[84.39005445867267,22.767646412392878],[84.38802431021975,22.772596488914832],[84.39157008753718,22.775170411730816],[84.39468679996818,22.77417085724147],[84.39740615604131,22.7739543326103],[84.3994203191643,22.77501220193831],[84.40360829780377,22.768982502029132],[84.4044391690391,22.77109100436447],[84.40728642891978,22.770185179341212],[84.41188534095981,22.767105215881926],[84.41341682640018,22.764493727478257],[84.4162517811209,22.764237526163676],[84.4187880814405,22.76754677012877],[84.41694216961612,22.772004271690452],[84.42099975934512,22.78088677169344],[84.42656132026296,22.78778555092385],[84.43041510299977,22.788903456780933],[84.42981997379452,22.790993972795874],[84.43423245559049,22.79595152865099],[84.4355056025336,22.798408323686267],[84.43179937431893,22.80753473373881],[84.42894965619637,22.81030835871422],[84.43034298807748,22.810335817920574],[84.43522480370791,22.80846426284742],[84.44018732149559,22.80852260009178],[84.4409013945055,22.80923049293219],[84.44746282132839,22.811560147823226],[84.45050921174288,22.81560778681103],[84.4494527493114,22.818828490624995],[84.45142371972344,22.82908391068896],[84.44861455552775,22.834264818283323],[84.4503086676922,22.8360860380377],[84.45657487854811,22.836745980165254],[84.46144981353203,22.83534932306605],[84.46374369959626,22.836732538836877],[84.46969546598858,22.835443125179875],[84.47902112352531,22.832334503178988],[84.48262289471005,22.832274200897277],[84.48455864162696,22.82971919248361],[84.48680857169099,22.830320644380965],[84.48890521143802,22.828529689813898],[84.49038723293089,22.826329547555414],[84.49255046285953,22.827248388600896],[84.49505641202279,22.82659472390706],[84.49787107630308,22.822986464422417],[84.50155435519905,22.82418364703362],[84.5013513407949,22.820192131965733],[84.5034948360614,22.811574530681447],[84.50266593592674,22.807020466038487],[84.50161771716259,22.798257354643557],[84.50929320025845,22.796753588393965],[84.51695421630113,22.795503681012935],[84.52311847810304,22.79667719516651],[84.5260138903075,22.79282767179813],[84.52840272331682,22.792427225270387],[84.53124268155011,22.790900632579454],[84.53425735960502,22.790270184606484],[84.5354683873211,22.792587192942214],[84.53933953676608,22.79304297926096],[84.54412767056147,22.794828936680872],[84.54839856460724,22.79469778544872],[84.54964603665705,22.793136166630696],[84.55567469165469,22.788169524571636],[84.55622792184629,22.787102764606324],[84.5569120355465,22.782307773381312],[84.55644595496864,22.774659030635867],[84.55517844731904,22.77279371870149],[84.5512440831658,22.768841271277424],[84.5493434320004,22.767765769504717],[84.54543637732836,22.767359790415117],[84.54273073206826,22.765177693449292],[84.53651474406274,22.766887851499323],[84.5341256612906,22.76856607945517],[84.52981910297044,22.76859520233657],[84.5295671842886,22.766899668255842],[84.5275693088475,22.762405966323595],[84.5242588127111,22.76216682756079],[84.52112933857077,22.760972917456456],[84.51831020352097,22.76117649263117],[84.51646567055028,22.757294484015457],[84.51444997922279,22.754552477901385],[84.51488423140653,22.753311043852282],[84.51622178653935,22.754840360995708],[84.51774329161198,22.754705925573106],[84.51825099636049,22.75180821526473],[84.52115399818858,22.75064004055313],[84.52097103009542,22.74810944017027],[84.52159444776309,22.743210591874448],[84.52759725363738,22.74008578002976],[84.52812016151657,22.743908030217778],[84.53376848140051,22.745286274943744],[84.53374538220967,22.74686795198865],[84.53692006177587,22.749834671585077],[84.53695898698965,22.753803286325745],[84.53897704336828,22.761184357584025],[84.54112114606886,22.76201631964709],[84.54353484326691,22.763875446269164],[84.545272994688,22.76374991890311],[84.55016029442646,22.760729447445023],[84.55409013789262,22.758771597208238],[84.5557425098398,22.75698886016338],[84.55783424929301,22.753219653896483],[84.56053198306462,22.75059275249855],[84.56333577472509,22.746681894133555],[84.56851027083367,22.74762158019662],[84.56883688143401,22.745842583100316],[84.56637515008681,22.74266005106311],[84.56172084026805,22.738529302801453],[84.5613282054709,22.735117960463405],[84.55888290323266,22.733859427594837],[84.5583902659594,22.73232774241609],[84.5628533030978,22.73167350224302],[84.56874883733407,22.729162945394496],[84.57019966837116,22.728162702173602],[84.56969554236836,22.72545853642386],[84.5761956572096,22.722925520231556],[84.57997810022414,22.720811309795625],[84.58448868960124,22.71656607896549],[84.58806867798566,22.715630351506032],[84.59284268493036,22.713503834903054],[84.59770605664968,22.72313597995827],[84.59843346360024,22.72392738429106],[84.60240293715263,22.72240527126917],[84.60344192044428,22.722897480240395],[84.6037157513622,22.730997761909748],[84.60812548805488,22.731655120508744],[84.6111990156636,22.734371342773137],[84.61977822573392,22.732931448082454],[84.62505698727179,22.732861555357996],[84.62900445532371,22.73153858432007],[84.63660743110643,22.731842909162726],[84.64082746195349,22.731246534173884],[84.64466311388429,22.73133420797855],[84.6470591362091,22.733856847966894],[84.64734848652171,22.737329945644696],[84.64837588332664,22.739198995578402],[84.64955354859245,22.73741756545891],[84.65471709022545,22.73268716968936],[84.6569752788359,22.731135743649695],[84.66224879067205,22.730154815144324],[84.66529114882495,22.730623582682476],[84.66701698835814,22.731691035620283],[84.6679501622525,22.735149315449796],[84.66798010680117,22.73748805888972],[84.668883361946,22.73845411512845],[84.67241740062049,22.738579479897805],[84.67690989128016,22.737584862819546],[84.68407462429899,22.736437673343165],[84.68619457149512,22.73650233158321],[84.68790938286944,22.73984287515482],[84.69000561491042,22.74111531780574],[84.69493932916102,22.74153197388033],[84.6949398409971,22.742560342489888],[84.69683648637391,22.74348057520325],[84.69470955432375,22.74497142576187],[84.69525576827498,22.74631219952831],[84.69879180931328,22.747479977621975],[84.69812190457071,22.751455301999194],[84.69696506815389,22.75354913907147],[84.69669484030892,22.756644699431178],[84.70050952682722,22.76164115686173],[84.7027103576794,22.762177445156333],[84.70372325313514,22.764370664449057],[84.70829703433975,22.765218335307946],[84.71296831439764,22.763684003977616],[84.71348605028396,22.76460092783333],[84.7214024577515,22.76471372973729],[84.72415844741077,22.765195137912595],[84.7239225892801,22.768915691114813],[84.72510239804508,22.77099197795849],[84.72828748050782,22.772136721799146],[84.72883059185504,22.774848707524004],[84.72727314427294,22.775941531939385],[84.72745277748251,22.777423375045935],[84.72421622245486,22.777634178777838],[84.7211444268399,22.779246060024747],[84.72117548795778,22.781081012663133],[84.7227729616178,22.78159478589758],[84.72088969404757,22.78323937795239],[84.7170283198678,22.78325525723673],[84.7165662288971,22.783874136722464],[84.71757884714398,22.787058053412945],[84.71870197385516,22.788252409276748],[84.72235439318858,22.788688233866186],[84.72381289732547,22.79219102243222],[84.72547909074164,22.79321034314575],[84.72569094148454,22.796524349913547],[84.72771743844875,22.797511802232805],[84.72879512997068,22.799908225382683],[84.7299698051992,22.800734182783966],[84.7336180917607,22.80158500251777],[84.73966421903137,22.798916868322003],[84.75436725630802,22.79316512020403],[84.75838059230152,22.792233512558354],[84.76534180583413,22.792064638551956],[84.76636243187748,22.79031975207487],[84.77115870034041,22.788734034634555],[84.77212829923639,22.791138953612823],[84.77558155826797,22.79359735306034],[84.77932289649513,22.79491805425114],[84.77974688799158,22.79447585801452],[84.7772679649208,22.787965826680832],[84.77311948764377,22.780806654199928],[84.77395819577083,22.778843386671657],[84.77472366612035,22.773783557860735],[84.77534246072291,22.772940759283305],[84.77525306753326,22.769075773304685],[84.77462801311192,22.764836845213754],[84.77836636341111,22.763166331407806],[84.77980651245655,22.761745674201805],[84.77933349564297,22.760460520661706],[84.78188920882667,22.758925309282247],[84.7823906975759,22.757877245354997],[84.78339069475408,22.75950631937255],[84.78482897826646,22.7638687189845],[84.78511810317872,22.768327658316895],[84.78679728113856,22.769310534559676],[84.78882587237777,22.771959718612628],[84.79265959096901,22.77212649977526],[84.79158319377139,22.76947338264445],[84.79241626800197,22.76901334627154],[84.7921154739565,22.76675781215269],[84.7935938412533,22.763781043694536],[84.79417983974811,22.759379654258293],[84.79332406714107,22.75654304311614],[84.79228537347242,22.7557197584189],[84.79276386005529,22.753176723588926],[84.79150074422498,22.752182989199202],[84.79087367530046,22.747227322094158],[84.7894490822218,22.74447677781403],[84.78769941838065,22.73639618724886],[84.78721553297258,22.735481526165525],[84.78810387451303,22.73155380653312],[84.78565995748997,22.726956554669414],[84.78734192417608,22.72544419355866],[84.78610907783528,22.72277580617478],[84.78834516983987,22.719281915584528],[84.79054062793344,22.718596783216817],[84.79145528128298,22.719316296163004],[84.79557861109012,22.717682735156814],[84.79672303644834,22.71628808466406],[84.79602293708888,22.715154485411343],[84.7996751252109,22.711408730171293],[84.80099955135685,22.711383468792977],[84.80107884663686,22.71289237931256],[84.80271080771041,22.713482554905273],[84.8036995747528,22.71203814317453],[84.80556183470793,22.711415104097817],[84.80585654934485,22.709966586536506],[84.80997420469744,22.708993111442727],[84.82097560248032,22.715491245523456],[84.81819090920222,22.717738725695124],[84.81919950027896,22.720203706944258],[84.81705426671503,22.722789495271147],[84.81531360038069,22.72722205848078],[84.8165209739154,22.731047180127742],[84.81481052079934,22.73368922835233],[84.81427443626994,22.735800939764278],[84.81421630304223,22.74350100506254],[84.81726276684304,22.748033580383456],[84.81967663490317,22.750084283862503],[84.8213417318541,22.749312733576122],[84.82477003247838,22.746035937363878],[84.82753562052048,22.74455570664586],[84.83065695409782,22.741472788992617],[84.83215236640137,22.738398449984846],[84.8313741749779,22.736158727283705],[84.8319834115703,22.733761348202858],[84.83068432003886,22.73190523901008],[84.83143944303914,22.72990526722938],[84.8355039904919,22.729075596130237],[84.83914052339652,22.726231923068795],[84.8413746327417,22.726209793830098],[84.84331230368696,22.72439056394548],[84.84632536264844,22.722657391254767],[84.85334899005389,22.720888479882607],[84.85514485648596,22.721128068270918],[84.85725191597854,22.719796793166868],[84.85757199902135,22.72150340497844],[84.85631281301339,22.722500719027924],[84.85849326829637,22.72242873767786],[84.85912302320459,22.723421647448166],[84.85733067378972,22.72377067019648],[84.85569294080207,22.729670554078197],[84.85350034732382,22.7329382812305],[84.85193437519563,22.736479256026332],[84.8505064128787,22.737409037083257],[84.85018734294415,22.739641748552685],[84.84784013599987,22.74208616830565],[84.84601968401444,22.745130922994587],[84.84300595985718,22.75347800020831],[84.84099123698304,22.7567101765163],[84.84132264437974,22.760576355849356],[84.84118018572454,22.765619659734288],[84.84058075969646,22.767737174163084],[84.84276641231858,22.76999510773115],[84.8456972198555,22.770718145330573],[84.84899351985692,22.769842824489018],[84.85134566259856,22.767522341571848],[84.85790885083807,22.76592027153677],[84.85769975528332,22.76124659728465],[84.86294372960992,22.757531664771214],[84.86749088546225,22.756647001352704],[84.86933059245086,22.755650397059142],[84.87057415738258,22.752139145758],[84.87318201657651,22.749750490763653],[84.8760591005441,22.744616845694782],[84.88059033057765,22.743037653477124],[84.88072581022519,22.738387345086295],[84.88486001483813,22.742476346641865],[84.8869096966781,22.74516272913476],[84.89096938958994,22.744196026644296],[84.89316026762287,22.746837153563355],[84.89560709571509,22.750646486942045],[84.89749764765389,22.750624382825446],[84.89690747476791,22.753938836971972],[84.90017676294259,22.755350015686545],[84.90115249714934,22.753843288240475],[84.90589925625368,22.7546190228738],[84.90504160225848,22.755710412158535],[84.905924211438,22.75745451444182],[84.90795902221431,22.756705706397376],[84.90908141468103,22.757783453901897],[84.91262598932121,22.759148504740764],[84.91464615041662,22.75813207830378],[84.91539178745195,22.761001182852706],[84.9153294625451,22.76397217530907],[84.91766688237546,22.765583483515133],[84.91787170677543,22.766635422168623],[84.91971208833799,22.766833586495366],[84.91921225116513,22.771714521777145],[84.91957599004186,22.7749562212583],[84.92115446224062,22.777581321313484],[84.92552830348583,22.77810940100113],[84.9287421571955,22.781741893644888],[84.92886187853806,22.782963157912754],[84.92725248941906,22.78445333596186],[84.92897107480731,22.78794323527784],[84.93000607843467,22.788726243251947],[84.9302748948735,22.79113382888231],[84.93463009196645,22.789754009545735],[84.93690301009656,22.787091541330433],[84.93871993572156,22.78706066720003],[84.93928224887595,22.7843745542897],[84.94268696203162,22.780357142553434],[84.9519140950618,22.77603199045003],[84.95834542715737,22.77493832225953],[84.96114507275331,22.77490409873908],[84.96271493946432,22.778083014061153],[84.96627234107329,22.782564487700284],[84.96668936029928,22.783616210738742],[84.9795181910331,22.78441197160346],[84.97973547807374,22.785417686328184]]]]}},{"type":"Feature","properties":{"id":"20-246","name":"West Singhbhum","source_name":"West Singhbhum","state_id":"20","source_agency":"Survey of India (SOI)","district_code":"343"},"geometry":{"type":"MultiPolygon","coordinates":[[[[85.5164498104842,22.80715116871822],[85.52327820471815,22.808108624085982],[85.52973508064186,22.808294782525852],[85.5358337203418,22.807366413513222],[85.53888002749959,22.82043592011957],[85.54236716917903,22.820503978948665],[85.54789520702609,22.82290263506302],[85.55554273809081,22.8220417700026],[85.55809477546163,22.82210100373136],[85.56256836711191,22.827524294090633],[85.56677802616645,22.83400172424495],[85.56809725382209,22.832704042786087],[85.5728109276487,22.831987616636994],[85.5817636991662,22.82933089762861],[85.59270529676209,22.827476935905505],[85.59749079761976,22.827329511139737],[85.60880275939381,22.826398889047727],[85.61051307940596,22.827804753629277],[85.61277850957265,22.837903918556393],[85.61663120957141,22.840421114293488],[85.61898814297716,22.846348413736912],[85.62075512435787,22.847962279479326],[85.62400350865835,22.847638135664443],[85.6381573777981,22.847217830438296],[85.64290838907635,22.84964272429251],[85.64627737979656,22.850917859082706],[85.6503827976163,22.841758152792327],[85.65232059109745,22.839914029969922],[85.65886383716399,22.84043886637974],[85.66267930591634,22.83489818873103],[85.6652278709991,22.829346886570974],[85.67087881568497,22.82738895812217],[85.67295229169768,22.827586877627773],[85.67804608997214,22.82478410318304],[85.68180526563746,22.81991089635016],[85.68235195201224,22.817765745902822],[85.68374458834771,22.81783149914101],[85.69494905967315,22.81578295855058],[85.70175745055,22.80672514815092],[85.70116088471795,22.804913846582227],[85.69742556240365,22.798036028503105],[85.6971807401875,22.795217175435102],[85.69581497609042,22.79234283544963],[85.69675196583778,22.789071853697443],[85.6944618679322,22.783028790255532],[85.69484102393209,22.779003584228793],[85.69745734145488,22.777354008789786],[85.6984660403891,22.775745469860777],[85.69840443347451,22.773470357636263],[85.70141096216308,22.77126243077702],[85.70182769910544,22.769423329713465],[85.70443138112691,22.765985114685314],[85.70406704951509,22.76020160151402],[85.70634910030614,22.759867872757802],[85.71416825000237,22.75688716594382],[85.71703865595596,22.755067609305073],[85.71747170151097,22.75366778549332],[85.7163067702754,22.750532163428478],[85.7156027038594,22.744207195392196],[85.71444435692811,22.742970808658377],[85.71136484855725,22.742375416648365],[85.70725230439136,22.742524457056792],[85.70592332064462,22.74198079269427],[85.7011100796225,22.74391395744773],[85.69171888569011,22.744755554619452],[85.6891622622491,22.743271411433017],[85.68494957216994,22.737781467796466],[85.68302649353302,22.73372974082085],[85.68342001533867,22.729721330643045],[85.68543357595888,22.72377702172733],[85.68953419248305,22.719538078677832],[85.69100122159489,22.715774680839584],[85.69216911828252,22.715811328115716],[85.69389880789316,22.714109350763334],[85.69416868010158,22.71234122780869],[85.69830840266852,22.709534346588434],[85.69879857694345,22.70763709258996],[85.69792415830027,22.704351315109605],[85.6984177446685,22.70099632151223],[85.70014128966967,22.69841713690623],[85.70249809002759,22.697280134474113],[85.70425008162991,22.694706583626136],[85.70875663252852,22.693193969707284],[85.71090751101026,22.691854418120233],[85.716754121445,22.69154209366713],[85.71787932782959,22.69091879814779],[85.71914407711334,22.68784627558521],[85.72061154472658,22.68600007778255],[85.72479506222871,22.68410955132415],[85.73164610839115,22.684354274908408],[85.73154884874012,22.686385067916547],[85.73366965779171,22.68756700884765],[85.73372636393582,22.690936479479248],[85.74299821689176,22.69146108091204],[85.74544516619873,22.692130614881027],[85.74488443042051,22.695991957522736],[85.7452352742462,22.699407799285588],[85.74652736868603,22.701586768453627],[85.74719770977708,22.701009259015656],[85.74856221829975,22.70263235362352],[85.75110302681647,22.701559303956344],[85.75677132235855,22.702362083628103],[85.76543729992108,22.699981388881064],[85.76855819047408,22.700438998151867],[85.77430148848231,22.700473982590772],[85.77567918201544,22.699993070859577],[85.77595614329746,22.701597624713443],[85.77592773238048,22.70809167471384],[85.78216255995298,22.708726269298307],[85.78562962084456,22.706377094431467],[85.78919795623128,22.706891872558764],[85.79540239487902,22.70990124632695],[85.7968569639207,22.710096601078337],[85.7966336108874,22.711608584766388],[85.79381112262358,22.711287514837387],[85.79231697156064,22.715369662689344],[85.79293053314024,22.716458223551957],[85.79642260046843,22.716818730953086],[85.80016542780943,22.71830775239581],[85.80071879667808,22.715414793316075],[85.8070415543133,22.712689076331216],[85.81261387960959,22.713435049510018],[85.81652716507337,22.71462914452146],[85.81838321727773,22.716178389373134],[85.82239917848152,22.71777845715235],[85.82814179388197,22.72156122138135],[85.83364421860671,22.713363781609864],[85.83661471515701,22.71092854806992],[85.84053850620265,22.708590465735586],[85.8448362897251,22.71039189248312],[85.84527473782343,22.71244607137369],[85.84712234359307,22.71411173388196],[85.847384537104,22.716516197299494],[85.84849865395813,22.718348838982873],[85.85311435929377,22.72295240952083],[85.85313550377376,22.72099248277505],[85.85653392222645,22.720366480719516],[85.86019747226004,22.716517593525495],[85.86426993404466,22.71382775698114],[85.8655838604841,22.71151574505244],[85.86562889151253,22.709592074097824],[85.86442340539747,22.70524345874042],[85.86008801674039,22.70032155886744],[85.86440876715814,22.695627172564343],[85.86844266273638,22.690589422801878],[85.86988128792427,22.683716746524027],[85.86691609414031,22.679712522742967],[85.86368857859365,22.667387264597895],[85.86292673497444,22.66061650657842],[85.86570681604792,22.657465749845837],[85.86668055728038,22.653841487003195],[85.86599756381406,22.64694027105715],[85.86697078640309,22.645741254798747],[85.866759652949,22.64356360553945],[85.86985770642737,22.642901698049748],[85.87375641668841,22.64000820748021],[85.8750933490092,22.639541060720337],[85.87537982276052,22.63721942038643],[85.87780164191518,22.63705576322771],[85.8780671698038,22.63375051980422],[85.87689817684613,22.632379539665344],[85.87415369575747,22.632441622710655],[85.86974092438508,22.63070361825541],[85.8678835343536,22.625767611382425],[85.86953597584592,22.61643040996932],[85.8812605339071,22.616331885513095],[85.88217215082477,22.621522937169352],[85.88413484035779,22.62453880976026],[85.88448045113088,22.622433227351497],[85.88582429896745,22.619868224219207],[85.89376567305959,22.613518965899466],[85.9025891517654,22.608719841814224],[85.90494083341763,22.607823537308438],[85.9094485562115,22.607402545596383],[85.91245357963513,22.60631183928872],[85.91357888238981,22.604828224774145],[85.91301668556517,22.602738752423363],[85.91041472571547,22.59958671522992],[85.90431903991795,22.596013996750266],[85.90327552164717,22.594516032041692],[85.90252034273509,22.59160233191876],[85.90293591876637,22.588254000444522],[85.9024371813549,22.5823689884473],[85.90043344656459,22.57919281548131],[85.8979447895052,22.577805462885053],[85.89464000888975,22.577077916828642],[85.888907007217,22.57636999321907],[85.88671102533888,22.574882468839167],[85.88429103850213,22.57223718232153],[85.87820864146434,22.5702619232454],[85.87525509720321,22.568669630884276],[85.87326852493032,22.566578159579866],[85.8731003483316,22.563335654917715],[85.88027347880934,22.555426506004117],[85.88420015098288,22.55570668353359],[85.88779278214466,22.55761934196365],[85.89026434710914,22.557504541708965],[85.89449979926876,22.555606109175166],[85.89847029024018,22.551577531401094],[85.90663610407164,22.545779907546493],[85.90786066575285,22.543394544889146],[85.90770680202004,22.540710801752702],[85.90462365917143,22.53584826625488],[85.90132468491474,22.53002671274232],[85.9004676101802,22.5265161454977],[85.90297806161998,22.523805332522684],[85.90635062595287,22.522735309568393],[85.90873479389508,22.521224944692555],[85.90973766133327,22.519804534663766],[85.91135775236147,22.515290027252707],[85.91293808817481,22.51212113315227],[85.91564273271445,22.510621738287455],[85.91931209203291,22.510086360313284],[85.92089444587342,22.509130423824676],[85.92624895564641,22.504369715233906],[85.92751844596673,22.502372871161374],[85.9282649610444,22.49855396374517],[85.93322618460051,22.494579214173335],[85.93702338961091,22.493782211916],[85.94080913713752,22.49576724935164],[85.94219910169117,22.495785449927794],[85.95033774868715,22.48918984383199],[85.95450324943178,22.489226342814842],[85.95947192030296,22.488165488464237],[85.96268328679172,22.485082434305287],[85.96349405222664,22.481904390597855],[85.962936893301,22.474493794015256],[85.9617010927814,22.46993533525514],[85.96049390870412,22.4684169090948],[85.95747685690048,22.466374065191214],[85.95728218415199,22.46380747278235],[85.96035249672,22.461307065486004],[85.96606071729319,22.459919434793406],[85.9691124793016,22.46080629923755],[85.97042476819838,22.460003299021643],[85.96996691600874,22.456888671764016],[85.96780775972817,22.452303410800372],[85.96805193878512,22.450497087524585],[85.97154617141798,22.448004160402583],[85.97435375945147,22.446928470873537],[85.9774207340929,22.44382131713034],[85.98154066203836,22.441114829756764],[85.98648439578865,22.43502838686855],[85.99654437345852,22.429005091546802],[86.00263578069769,22.426185878552094],[86.00563408968438,22.425365664838036],[86.00910550538974,22.426498596218515],[86.01374413697225,22.429336754691796],[86.0181585391894,22.425723063174463],[86.018901584364,22.41999828723298],[86.01980946140176,22.417293675141597],[86.0206181197748,22.409969464949366],[86.02186928208421,22.40643319810802],[86.02109109188414,22.40190521685154],[86.0222506817504,22.39995200840818],[86.02259398096778,22.397617427587914],[86.0270571770444,22.394967133190637],[86.02594334606744,22.39365016836769],[86.02650181654718,22.392172134677796],[86.02543969918737,22.389783976016314],[86.02574492483693,22.3885423026903],[86.02803367745815,22.38797193508339],[86.02914760680787,22.385692627946813],[86.02808707518075,22.383699507920003],[86.02798028663771,22.380828944010815],[86.02997910160254,22.379751294985958],[86.02695026825042,22.375480720933357],[86.02695885082478,22.374058964175234],[86.0244097104157,22.37602820356874],[86.02293714425625,22.371606978040422],[86.02408688899311,22.369128457855012],[86.0245011412457,22.366035558359126],[86.02400516939751,22.364204529419435],[86.02168586473486,22.362104551515475],[86.0216324225191,22.360349810588886],[86.01716162695948,22.358959360391644],[86.01683354009627,22.357353388763926],[86.01531529573083,22.355617713733615],[86.01543388373504,22.354546290830502],[86.01368256392264,22.35338990212965],[86.01363679007724,22.352272239144465],[86.00992887415585,22.35095614225502],[86.00887645273602,22.348984410729646],[86.00709566183006,22.350704863461818],[86.00504951222472,22.347725499419738],[86.00210927989559,22.346054319048548],[85.9980304098506,22.34475551348532],[85.99805739468849,22.341648272444687],[85.9999995223718,22.33822766597123],[86.00282266584817,22.33584212700511],[86.00383391826534,22.336136656307872],[86.00557235165489,22.334806690819057],[86.01063832580915,22.336891424824955],[86.01014244441284,22.33827422488366],[86.01210320345388,22.339101954136012],[86.01110376691018,22.340433348929178],[86.01317949050177,22.340490969032782],[86.02218919800826,22.338117766732104],[86.02892364773413,22.33433847926325],[86.02675916716157,22.331962686949705],[86.0247449945791,22.331607958725215],[86.02248666640347,22.32884225748418],[86.0143918678468,22.321689829553357],[86.01333898751396,22.31731433786197],[86.01555911107302,22.317369660236075],[86.01578034494504,22.31230368447143],[86.01742913007268,22.31316347299483],[86.02258520932622,22.308925791158174],[86.02893365629511,22.307617914119223],[86.0301275840328,22.308309486185298],[86.03141289415679,22.3071671033998],[86.03519713823356,22.310669027295404],[86.03732568764333,22.310924589384648],[86.04050718929697,22.309961305759085],[86.04224242811426,22.311880662653017],[86.04336058255365,22.311988829357066],[86.04711038756764,22.310643154789208],[86.04918173991675,22.31049152741221],[86.0487926382818,22.307908948400613],[86.04619100861413,22.306699766743755],[86.03899656227783,22.305204438141345],[86.0366441324042,22.305678185547837],[86.03542600447761,22.305013708912206],[86.03511309879535,22.303234154533133],[86.0309703398975,22.302034490416386],[86.0311458427734,22.300462786647454],[86.02965809239446,22.299999346764487],[86.02756762221462,22.301862873175562],[86.02440910660235,22.299488235997124],[86.0219905626213,22.29972853888111],[86.02010355413975,22.298111003175453],[86.01713827925522,22.29718794408337],[86.01509354557062,22.294002739383824],[86.01252241971099,22.292482561656648],[86.01148479236718,22.289518615858853],[86.00863141711419,22.28749110135447],[86.00826517449627,22.286182648275446],[86.00956218626216,22.283764149120707],[86.0084406289548,22.281585921578756],[86.00535075094928,22.27858191497137],[86.00216159562014,22.276521927781467],[85.99984229470965,22.27581818344728],[85.9982377417233,22.27280401585026],[85.99653644183587,22.27410046660192],[85.9930264411301,22.270588742981545],[85.99060599241254,22.26976079801338],[85.98853782476321,22.267191475228874],[85.98776664144438,22.262948282376993],[85.98910406142956,22.261314340379712],[85.990649978022,22.256852511923743],[85.98963028360878,22.254240036345887],[85.98144638409265,22.250643456850916],[85.9738849764227,22.24699194568427],[85.97873072971875,22.24106024269579],[85.98240166434341,22.237948690105007],[85.98567817582367,22.237056532312604],[85.99036913927428,22.22828744223724],[85.99212457917211,22.22566061512903],[85.99711470009551,22.221120477027192],[86.00209259880533,22.215523245776332],[86.00288118847784,22.213757576160695],[86.01634702795428,22.2067662587569],[86.01838509113746,22.20526092859516],[86.02457407874861,22.199661159856294],[86.02635696701257,22.19713344892055],[86.03145275317954,22.192439304606918],[86.03130512007053,22.18991814589773],[86.02994192522561,22.18785034589543],[86.0227546514421,22.17937929771371],[86.01699291428872,22.171061037143303],[86.01667612422575,22.167798093443064],[86.01559744474044,22.162516024991234],[86.01484368653875,22.160740926159875],[86.00929236839619,22.155775059753317],[86.00506599859592,22.150004162173502],[86.00341609119188,22.141814044917957],[86.0035300062835,22.139498285644027],[85.99949460903841,22.135625075638977],[85.99879595185851,22.1329468250059],[85.99678397110021,22.13227055149402],[85.99717328491843,22.12794146643755],[85.99995380243884,22.127061460545264],[86.00191635792363,22.125570684922568],[86.00543342278287,22.121029189475752],[86.00945048926417,22.117671678067442],[86.0092556918008,22.115736351060303],[86.00640989521828,22.113102254873958],[86.00319028946384,22.108480837456057],[86.00099303696157,22.104219835292206],[85.99831509783507,22.100511922055148],[85.99633901588524,22.096443599260105],[85.9942832709835,22.093653713850127],[85.99083823085616,22.090568989296376],[85.9884043512673,22.087452355874166],[85.98558914512294,22.082212901860775],[85.98396398248141,22.07606362392531],[85.97937110714025,22.071411659305383],[85.97268770321128,22.062578758572634],[85.9708871151393,22.06064087998816],[85.96873555075526,22.055937370728532],[85.96769035364514,22.052794084636723],[85.96478354413935,22.049275089027102],[85.95877147886561,22.04112501885999],[85.95592565634205,22.036177371382855],[85.95357584032166,22.03067466401212],[85.94997470432025,22.026797074209785],[85.94489349549056,22.020087069862022],[85.9427649247075,22.02033503551278],[85.93921723663169,22.021925773541035],[85.93421237460689,22.02247319224082],[85.93290772384135,22.02151193777806],[85.9257436445993,22.01050274770833],[85.9192487172464,22.008084611007224],[85.91830497839901,22.003752735862143],[85.91860248036235,22.001601175797656],[85.91443672479926,21.996043182220813],[85.9143909938083,21.99459366211417],[85.91268198056734,21.991347364958656],[85.9121631220909,21.98561579829035],[85.9132312346737,21.984273016592233],[85.91395604714269,21.97990517762139],[85.91331511274512,21.977664017250735],[85.90889765966163,21.97615344359624],[85.91000771346569,21.974700010501493],[85.91362409664617,21.972353935438306],[85.90917225980844,21.969241193572074],[85.90733461755629,21.97023005649004],[85.90565515888625,21.972478021315652],[85.9042666734109,21.97581393772249],[85.90446501124426,21.977854835166415],[85.90321384575108,21.978024547608356],[85.90129885562936,21.98053851541258],[85.90087162096692,21.982617508952675],[85.89810214586207,21.98254691639994],[85.8967441416666,21.983765760146422],[85.89585144803621,21.981560807386902],[85.89380676072074,21.980500379703205],[85.8839191017602,21.979365525931044],[85.88005349134154,21.9798781333824],[85.86765325628494,21.98060926590266],[85.85565225232234,21.98288481517792],[85.84527544936412,21.980945307787678],[85.83869969328201,21.980020074593323],[85.83763801630865,21.97848895001647],[85.83355742609386,21.97601469262939],[85.82576022709107,21.97498283563887],[85.8230899934178,21.97684823386742],[85.82086988427332,21.98299188053477],[85.81796311477726,21.98521776538896],[85.81207321451546,21.98552488077543],[85.80724384509342,21.988435538974905],[85.80554248118152,21.988561409451613],[85.79357190172489,21.98520836799123],[85.7912144241754,21.985175924690843],[85.7872081297747,21.985939329168858],[85.78401224450134,21.984296693102177],[85.77903033642184,21.987674647330586],[85.77723740653116,21.98957435013732],[85.7704917392441,21.99232235015458],[85.76604514616183,21.994832993953626],[85.76286374445893,22.004314488760524],[85.76129559475936,22.007354749359216],[85.76115484591107,22.009094323650285],[85.76229159665219,22.01232721739556],[85.76730420174084,22.020633749405274],[85.77073748437273,22.023586243114057],[85.77635271780584,22.027196843637963],[85.78086166370265,22.02850718355473],[85.78335652663301,22.03142541451204],[85.78349387702892,22.034892895542253],[85.78558434092471,22.0384921236244],[85.78541648245398,22.03970137238874],[85.78175439938036,22.04323568948321],[85.77983185253184,22.04731167503395],[85.7792291276707,22.05027002842673],[85.77781768314482,22.05259129669177],[85.77729128263258,22.055549583539626],[85.78114416836519,22.060155802308522],[85.78389848892726,22.06413257644612],[85.78990281591066,22.071935460249378],[85.7957302217592,22.080638274170806],[85.8071605430861,22.07680291416533],[85.81531631865754,22.073842645629608],[85.81824601537535,22.073403971544053],[85.82328900781799,22.07349359683133],[85.82749096582891,22.074771759310703],[85.82989616795685,22.07659874503047],[85.83261216472036,22.07790331777656],[85.83835717160079,22.07943676286831],[85.83680079971651,22.08356429618961],[85.83610655820023,22.08665613149033],[85.83630496969535,22.091414964392815],[85.83385593850363,22.093520684791713],[85.82972044822029,22.093149367266687],[85.8274701014171,22.094153988363296],[85.82407192565925,22.09448650198248],[85.8212522101415,22.096332221088907],[85.81714478146047,22.09581779416155],[85.81539652400093,22.094857292924168],[85.8170102867925,22.099027268005692],[85.81836062155236,22.100617971702967],[85.82111487953215,22.102264034552004],[85.82293830105438,22.106292330893094],[85.81687305221003,22.11045609161648],[85.8157629785427,22.112635933748123],[85.81201310294114,22.11400571961106],[85.80981581789051,22.115678473498306],[85.80855953606032,22.115032155236868],[85.80742750040716,22.116026424939037],[85.80428000960539,22.113356791340806],[85.80260282202163,22.111059148031575],[85.79987457517952,22.109291420628924],[85.8000349239052,22.104968821768768],[85.79900492482744,22.10426882235771],[85.79287092109266,22.104471044792497],[85.79054391666754,22.10372148594858],[85.78670447899167,22.098530291909327],[85.78582278385862,22.099843296469395],[85.78099453275408,22.096419643307613],[85.77882198339097,22.0954459330373],[85.77375698699396,22.094938378035057],[85.7714204379318,22.09389104644366],[85.76813030444832,22.093261140876265],[85.76654161155041,22.092047726763436],[85.76337530146769,22.08833836599306],[85.7581780557499,22.085254908969677],[85.75707487065692,22.083945883501027],[85.75747799641846,22.07885432026605],[85.74939384404047,22.073481389654813],[85.74196819459314,22.071536632573633],[85.73836725388193,22.06996430913547],[85.73549957285451,22.06773088581525],[85.73021151079286,22.065195244177335],[85.72531640903239,22.064226735437078],[85.72054269695307,22.063810151730777],[85.7180036800819,22.06166751071026],[85.71439925121454,22.062696159745727],[85.713374752967,22.062399020134286],[85.71022965256626,22.05872369754889],[85.7076731774099,22.059233134740133],[85.70482739399006,22.060635018270563],[85.69904560066607,22.06206908322648],[85.693082570587,22.062446138333062],[85.69026778659405,22.0608339561702],[85.68937992991432,22.055971328623514],[85.68703822265698,22.05436538434233],[85.68528090182838,22.054443932386864],[85.67953159844225,22.056023335110567],[85.68086399943101,22.0595234440459],[85.68009224062178,22.06277032897715],[85.67616958126968,22.0644781887911],[85.67390140779142,22.066640840164148],[85.67201833150732,22.073015498718913],[85.66949463202376,22.073333911739844],[85.66629191154945,22.076022156808342],[85.66451327424438,22.079329624880163],[85.6633479410559,22.0826227997863],[85.66033871053651,22.082494292830816],[85.6588763985688,22.084068383578913],[85.65797465778887,22.09002023120342],[85.656178779145,22.093317244726144],[85.65386867657098,22.094585982303656],[85.64996608133399,22.09555350731258],[85.64490609914348,22.094581388195433],[85.64361735684524,22.093531940634346],[85.64291311172845,22.09115955680079],[85.64031056110474,22.088644874536566],[85.63969060392108,22.086580307381613],[85.63771723413664,22.087196164718858],[85.63378611656323,22.085790490425786],[85.63235363268937,22.084079503936117],[85.63062165523877,22.08505402644452],[85.62715363305574,22.081229848052434],[85.62446455863049,22.081125538642105],[85.62373429334228,22.081905905649243],[85.62185016163838,22.08123947018526],[85.616062853731,22.080652910517593],[85.61498209025042,22.082618251432383],[85.61619621048159,22.084390555914247],[85.61488527915803,22.086091839016806],[85.61286629233099,22.085826230462324],[85.60903566572016,22.078984943489694],[85.60541966899356,22.079446603735505],[85.59940576123995,22.078265731578142],[85.59393800854495,22.080074717411943],[85.59244967333544,22.083144264384543],[85.58848488127187,22.08525838821291],[85.58302229242975,22.08689424186496],[85.57917114415388,22.0875882765308],[85.57376752957164,22.09031072383533],[85.57111188159361,22.089731840812263],[85.56840927782694,22.08804115364419],[85.56319943658627,22.090947558694577],[85.56262591326951,22.09522196089694],[85.56043121044779,22.095003396559388],[85.55924521525074,22.09394698625661],[85.55566658220808,22.093545005082],[85.54700573936572,22.08998492386761],[85.54515970747882,22.089656542991914],[85.54448249613783,22.091818321985862],[85.54101637384618,22.097756691744713],[85.54194344099655,22.100999174899275],[85.53914158433996,22.100916130932784],[85.53599844643618,22.10199937768016],[85.53331958903343,22.104609339730583],[85.52709054789685,22.10917974064131],[85.52040121701019,22.112277374989304],[85.51799986141106,22.11426607933639],[85.5119744093287,22.11690851386478],[85.50614886276021,22.11804360077485],[85.50211892534819,22.119246863582664],[85.49835398048894,22.11877632836456],[85.49455608011198,22.119360336170885],[85.49034629390343,22.12128226283249],[85.48674720691014,22.125473096873186],[85.48510924742214,22.12675920882854],[85.4814903114018,22.127876530548136],[85.47672854775392,22.128259893756955],[85.47274331730338,22.13335666640175],[85.46948215194588,22.135133153032143],[85.46404270110541,22.139072295973715],[85.45817965130237,22.14087842197748],[85.44912438917157,22.145545247373615],[85.44545484427866,22.145754147043164],[85.44279950612052,22.147411754183363],[85.44093191391495,22.149519776118517],[85.43572246922088,22.150596473806672],[85.43365515345626,22.152355011947023],[85.42605164570216,22.155765084838727],[85.42269836152008,22.15811347527232],[85.42070681925392,22.157949804972493],[85.41597198319124,22.160230535206004],[85.41236026073062,22.16153909679941],[85.40916414430616,22.162076983259936],[85.40187208667103,22.16211406235343],[85.3983806398498,22.163037214111558],[85.39672357713071,22.162948706874623],[85.39444527290085,22.161352421350276],[85.39528958189445,22.159492482339875],[85.39421342273336,22.158210760616182],[85.38791952192142,22.155962043784264],[85.38469351682322,22.155613894814532],[85.37970273752241,22.156061436912886],[85.37682866890111,22.156751114007328],[85.3733311926235,22.160188170871454],[85.37120672782956,22.160925762747116],[85.36651549152752,22.159099641136958],[85.36562108565188,22.155947575274762],[85.36650292713908,22.15345911177726],[85.36396924660866,22.15205639773543],[85.3632595049609,22.147190217800947],[85.3603983858933,22.14392818475643],[85.36190681474103,22.14095323781236],[85.36381014568983,22.140821848290365],[85.36380347270534,22.13730346802415],[85.36287292998064,22.131389563933],[85.36425814892557,22.129004488757236],[85.36632906089956,22.128546400689615],[85.36740559046619,22.12700699644627],[85.36653976119337,22.12287880171243],[85.36464854930198,22.122480368205792],[85.35884445752171,22.124179510009345],[85.35445719887325,22.12702673461566],[85.35277297067103,22.128633851241087],[85.34998750663027,22.12964343741832],[85.3464819426305,22.130167936751835],[85.3451907374937,22.12949562496343],[85.34419577685782,22.127534615992005],[85.34070502968288,22.127742071683237],[85.33486843463324,22.126879899958986],[85.32855124303457,22.128260429112423],[85.3230939385561,22.12741879131793],[85.32200202821782,22.126305661679705],[85.31884965334622,22.120745873782546],[85.31698715671901,22.120049406770892],[85.31419262794705,22.120291497349992],[85.31114296736652,22.119167169181882],[85.30422534717694,22.11241215991828],[85.30086930426599,22.106949314441795],[85.29560704617545,22.102053613166184],[85.28421311481928,22.092930056864365],[85.28130795836232,22.090343566194],[85.27512702192227,22.08220433311259],[85.27403226326864,22.07659324831512],[85.2727915117286,22.073441698445624],[85.27070009842828,22.071717129614473],[85.26929243546984,22.067159435909005],[85.26624610671655,22.061907031604306],[85.26324278431406,22.058714163487572],[85.26172941158913,22.054927986525858],[85.26005143158373,22.047128956272843],[85.25867951877721,22.04325795117474],[85.2571759869372,22.040645379973395],[85.25652170206727,22.0379063846929],[85.25466952838059,22.03410697995181],[85.25166199355643,22.026583291435315],[85.24533656069332,22.017935802729205],[85.24441327809623,22.015830666200703],[85.24080804693484,22.013651536748423],[85.23921706103803,22.00946330019839],[85.23679195435072,22.009305181560908],[85.22863548729964,22.012204462858946],[85.22627650279101,22.01578935449372],[85.22168310246788,22.017988130533276],[85.22054158896746,22.0235286452536],[85.21837869894897,22.02934823247045],[85.21872861092002,22.030726824434378],[85.2173223934917,22.03449102201825],[85.21877028947935,22.036602148992795],[85.21959206283569,22.039420620384565],[85.21881031098476,22.04092375613885],[85.21573730833606,22.04304142201295],[85.21580304537767,22.047053520916727],[85.21429878990331,22.049326399102885],[85.21071921080339,22.049406669294157],[85.20444929993118,22.051619058966253],[85.20098390219728,22.054403827480577],[85.19700872662946,22.056145041707364],[85.18728148115483,22.05809465349196],[85.18319614723974,22.064062755524805],[85.18155818190574,22.071836984973036],[85.18018410466368,22.073310817723687],[85.17707176627472,22.074059092072584],[85.1734941357363,22.073576904606966],[85.17187134531675,22.07080594605628],[85.16917886254346,22.070429958575783],[85.16771251317664,22.069166245037714],[85.16790661896273,22.06804998112801],[85.17033403892816,22.065672384710204],[85.17167164855398,22.06202077823098],[85.1719959200914,22.056408805284235],[85.1737443380054,22.054137951574518],[85.17409171645326,22.051530082064122],[85.17174744130901,22.051822731005256],[85.17051105240934,22.052840845975865],[85.16776066627861,22.053474489508034],[85.16599858727398,22.058899450107237],[85.1653316199044,22.063410153123368],[85.16172104375498,22.067034733183167],[85.16039966179379,22.069425719468157],[85.16076206589487,22.074585885374493],[85.15876985384561,22.076397239142796],[85.15309283494838,22.0788526335805],[85.14901203447415,22.078459236280015],[85.14506755786235,22.079560934599847],[85.14006502760553,22.077552279766014],[85.13590851162172,22.07635813102075],[85.13165978398476,22.07636506559291],[85.12879270439169,22.074841175329002],[85.1266237042386,22.074620446469098],[85.12242072586032,22.070756159237224],[85.11941853434145,22.073699630794],[85.115327803645,22.076631882338592],[85.11270967343924,22.078954132143952],[85.11357509993152,22.08272576683834],[85.11208620960502,22.08686009578028],[85.10953293975169,22.08734565457186],[85.10574513814561,22.089786408498252],[85.10407905433907,22.089688401903135],[85.10351670826377,22.091307735153627],[85.1009060969727,22.093797913302183],[85.10070704013864,22.09482574247547],[85.10207796701215,22.097852185981864],[85.1003297150805,22.099896134041916],[85.09994893158522,22.104027748900045],[85.0985252420593,22.105832136372996],[85.0959637131741,22.106315809467226],[85.09325440568148,22.10559876441157],[85.08978357927828,22.1055582796109],[85.08467267596373,22.10655836204613],[85.07585927466022,22.109921404615797],[85.07350085493766,22.111728797642414],[85.07065465374022,22.113128139829588],[85.06593992451828,22.112746318005414],[85.05887547021146,22.115050655226007],[85.0554640669543,22.11551185372087],[85.04188031226205,22.11591857913864],[85.03765346289966,22.114603521373855],[85.0345444434485,22.111662828367354],[85.02913292837947,22.10913686387304],[85.02531167892346,22.109541886069657],[85.02141188426936,22.107147522662284],[85.01987673913872,22.10395073734942],[85.01784489759882,22.103037564704458],[85.01498618639764,22.100523870499867],[85.01366054917932,22.09821626705191],[85.01405851722592,22.09638767156124],[85.01297735495204,22.094401632383768],[85.0120488044494,22.090634291327177],[85.0098682790472,22.088774789827067],[85.00741195888787,22.08897466964256],[85.00657414101501,22.08724499186599],[85.00217368989544,22.08593239320783],[84.99870537359195,22.083814757396233],[84.99660705809382,22.08325636336191],[84.99575405866132,22.08151516388972],[84.99078093467112,22.080887160654743],[84.9883827428616,22.082550545354685],[84.98691231303808,22.082574281825146],[84.98630082624322,22.084224683603153],[84.98439263968137,22.085913949885466],[84.98494013612734,22.088351952391974],[84.9841044952957,22.094833081481145],[84.98708015642447,22.09683078217505],[84.99032614532588,22.098194108399312],[84.99262111452927,22.099726487180376],[84.99442466843998,22.10256482366342],[84.9975983066266,22.104996103284552],[85.00388146816908,22.108676413924705],[85.00779383517565,22.10998307023989],[85.00888387747536,22.110940586977446],[85.01425237507063,22.113296269824993],[85.0170668026145,22.11390293932241],[85.024867308717,22.118005807633352],[85.02844954885025,22.122130892521547],[85.02898750871759,22.12740928913602],[85.03224161300996,22.13180315552459],[85.03303930216117,22.13616630966742],[85.03424318660083,22.13798761395386],[85.03389013883967,22.141248326400348],[85.03461867588477,22.146414200275856],[85.03149597161267,22.150389756273796],[85.0294471924296,22.156583076424884],[85.02917101081933,22.15887133979669],[85.02985503866222,22.16231919445883],[85.03179114958456,22.164403591489922],[85.03738745173688,22.168252533099835],[85.04249492831026,22.172940296891525],[85.04294285385983,22.175926566893025],[85.04415482918259,22.177086164345532],[85.04648115425066,22.17757091562767],[85.05127991664544,22.179991434928088],[85.05305357828566,22.181660159629097],[85.05430240738814,22.18453968813403],[85.05298917049483,22.186473125342776],[85.049771957679,22.19454272888864],[85.05247196068964,22.195033166084066],[85.05487216684638,22.198729012411416],[85.05581615168269,22.20137601177331],[85.05930364041146,22.20575236068382],[85.05890804621092,22.20854822728505],[85.06081999609906,22.212352743555634],[85.06330984150772,22.218685949888613],[85.06609178591061,22.22204057925607],[85.06717303554429,22.224834306725775],[85.07098904330718,22.232672110894942],[85.07263271363854,22.238421830377277],[85.07012009944611,22.242433577439368],[85.07083600857463,22.24404685522486],[85.07025503322754,22.24587366168565],[85.0708332891047,22.24862270988727],[85.073165313015,22.2478551570231],[85.07582770549473,22.250615011338404],[85.07716593445153,22.25440815810725],[85.07659990425209,22.25549621005465],[85.07813873381455,22.257770072092942],[85.07680943069592,22.260626053190688],[85.07510682961873,22.26087273504502],[85.07364021844595,22.262512103940047],[85.07461972174363,22.26395959928614],[85.07219277187274,22.266901823964822],[85.07375687520357,22.268880044164927],[85.07056556919116,22.270346989810683],[85.07022020307966,22.273321688477584],[85.07246092990616,22.27606415203422],[85.07537376937368,22.277506117351592],[85.08332650611116,22.2822038365153],[85.09126265517781,22.28876280362723],[85.09535027161769,22.290286942482457],[85.09954751180645,22.29339134473425],[85.1046700361947,22.295355784993607],[85.10703714469302,22.29564163831953],[85.1149638415815,22.293484406128606],[85.1169957897958,22.294381981013995],[85.11637537240965,22.298012581757646],[85.11593631924094,22.30396412352003],[85.11435042783803,22.305851839714457],[85.11596291036288,22.307999391437935],[85.11411668989929,22.31033497625417],[85.11514209496403,22.314356159799946],[85.1180388496411,22.317487719831107],[85.11529041859755,22.319668116021855],[85.11223739228443,22.31945216291267],[85.1081174032282,22.321264337354588],[85.1033335977302,22.32077806272709],[85.09883153627503,22.318380004129097],[85.09816900617619,22.316760935231226],[85.09618696686188,22.31501200091459],[85.09415057127025,22.314504505826378],[85.08986860136761,22.318201452284082],[85.08932614515096,22.319561029919278],[85.09323848996189,22.33125651953913],[85.09566722637395,22.344615449837153],[85.09453053401718,22.344702534447872],[85.0945240270808,22.34660793000231],[85.08325300323908,22.345201693546333],[85.08377534373928,22.34812192166708],[85.08323067486981,22.349671548959083],[85.07883671711035,22.352229399069643],[85.07658031237119,22.35606771143896],[85.07891594945288,22.359194646172938],[85.07903135855297,22.360285793174604],[85.07755492367254,22.363664276627333],[85.07969398687797,22.369922045565218],[85.08437159036028,22.378340809268053],[85.08648239559417,22.381405448645403],[85.08713697283571,22.38351647089225],[85.08774139722743,22.38833959129152],[85.08611292088979,22.389373459751358],[85.08667261131596,22.392816351929305],[85.0857298888555,22.398062661420404],[85.0863623275304,22.399896713315066],[85.08352794530097,22.406084267566257],[85.0803751252184,22.40953917810505],[85.08009064841208,22.412513940852904],[85.08197174074319,22.416310627412088],[85.08085743805482,22.41778851046177],[85.07753140096354,22.418142806001566],[85.07718659168037,22.42020024894578],[85.07532532070037,22.42018855911337],[85.07170733621095,22.42339363540432],[85.0711037099286,22.42475320314737],[85.06782143449286,22.42795827768635],[85.06614907118112,22.430431380355206],[85.06558941866913,22.434271747947243],[85.06677860121057,22.43539508923097],[85.06721020703604,22.43993740178843],[85.06593477423236,22.442038575283764],[85.06247062404047,22.44338447953876],[85.05971315720836,22.44857664119105],[85.06036822011956,22.44994396397357],[85.0643238831235,22.454557225034655],[85.06829624271431,22.457259920879828],[85.07271610297401,22.459655551034917],[85.07694593633349,22.46362514610901],[85.07385357549647,22.46558876569231],[85.07503277066499,22.468487878843906],[85.07653710116894,22.468614179828062],[85.07627374577018,22.472205124698096],[85.07778561403957,22.477424709755102],[85.0757945842328,22.480164270372168],[85.07157299010794,22.479075284887028],[85.06965517635801,22.480036676089455],[85.06703931875472,22.48297638861142],[85.06709992402742,22.484133699240665],[85.07082064826918,22.488494088927194],[85.07361271482564,22.49249177273247],[85.07433646391493,22.496406743205483],[85.07752289430145,22.503492367085855],[85.07935398668747,22.51235497132629],[85.07968694224324,22.51709987392004],[85.07882638652353,22.521704120767158],[85.07746034593667,22.524893638826157],[85.07260515034315,22.530145406295215],[85.06740911647223,22.533316011232586],[85.06521661297812,22.53648642542778],[85.0642839120769,22.539238482331275],[85.06468165194528,22.540697113315858],[85.06662089346197,22.542454319501775],[85.06921335814465,22.546178789824424],[85.07186368193199,22.547808014203955],[85.07065120197127,22.54981439329972],[85.07198558719669,22.55377045872992],[85.06830823907971,22.56196042427921],[85.06848810629867,22.56581106693332],[85.07068637203497,22.56669015599591],[85.07359741834745,22.570026280555876],[85.0734463405045,22.571099060467535],[85.07552583876938,22.57399406437326],[85.07723801352404,22.573248503448514],[85.0855500020245,22.574079170352096],[85.08895505130683,22.576070170014074],[85.08841838016505,22.579025809650382],[85.08845184598657,22.5829453366207],[85.0895282089644,22.58599232437366],[85.09310088324204,22.59207610122083],[85.09462992208785,22.596871317576095],[85.09383989901218,22.601982132813404],[85.08971767764801,22.608218332830276],[85.08730371890299,22.609760873554244],[85.08632936345198,22.61129342612907],[85.08305200992876,22.613367417574906],[85.0793137915612,22.61429805836055],[85.07539086986955,22.61592169111728],[85.07525011841325,22.61834914006131],[85.08351796711256,22.628638047106016],[85.08669664609994,22.629746775256702],[85.09088210248063,22.63378799214916],[85.09163729946417,22.635458590153277],[85.09211394832616,22.639690466920154],[85.09288898794948,22.642038478588002],[85.09490903263561,22.645114716839398],[85.09648510455835,22.651472727856593],[85.09991026658612,22.654971994770168],[85.10128631066515,22.6539588761223],[85.10478101059965,22.656664131506055],[85.10881271991252,22.658535886973873],[85.11191187412017,22.659231619948127],[85.11463981908953,22.663598274557987],[85.11539777618191,22.66795084069722],[85.11933266788769,22.675068775193633],[85.1195201373236,22.676737223607674],[85.1188826519653,22.68355110875049],[85.12206514746167,22.688537101628725],[85.12185657183012,22.69884737071143],[85.1205857795556,22.706390902617756],[85.11956068593877,22.709646693704634],[85.12082159341585,22.711232835562868],[85.13285612011197,22.720992109593837],[85.12802686078894,22.724647203911207],[85.13053746438663,22.729020179214054],[85.12848688374176,22.738067155172896],[85.13001213835436,22.739019654117726],[85.13786632814482,22.73991503503138],[85.1430856930115,22.739913431892685],[85.14737057546746,22.74697887698636],[85.14251821212447,22.750137418487178],[85.1419032642647,22.750979073245475],[85.13657198683133,22.754026988805776],[85.13832068979436,22.7574121500493],[85.14001799667331,22.76294047603198],[85.1403633503062,22.7662044638295],[85.14002086290058,22.76830261882112],[85.1395373485618,22.777942719284866],[85.14094777121169,22.786940546401446],[85.14277341126498,22.79247470568324],[85.14565378255143,22.798423100136787],[85.14720317678317,22.805575089044122],[85.14927256231185,22.810303954166116],[85.15193262115417,22.81240272859132],[85.1595958026604,22.82247385755502],[85.15848246672708,22.82661106773223],[85.15745347506079,22.827346078910086],[85.15750578614966,22.8318422004185],[85.15966268984084,22.833749655366884],[85.16256251261359,22.834731272538644],[85.16816303284277,22.835563382729042],[85.1723554922445,22.83460012557494],[85.17550250421671,22.832396637580892],[85.17916860098376,22.82851027892578],[85.18349924866051,22.825182262379684],[85.1865591873783,22.8243772975971],[85.19221712784514,22.826744332746422],[85.1951384388059,22.825410068385946],[85.19592065909139,22.82441128130404],[85.19593541950023,22.821810651132964],[85.19306657952707,22.81848206400996],[85.1892876642215,22.815175533446496],[85.19143340429297,22.813785719900004],[85.19314768278625,22.81380515823111],[85.19626958903734,22.816405114555355],[85.19634452311605,22.8181128101463],[85.1986377818504,22.817055017935306],[85.19825122431064,22.814603383029112],[85.20021278106982,22.814336570792815],[85.20135288140011,22.817275332767444],[85.20418440094116,22.817523958645726],[85.2058106702651,22.820540389205156],[85.20794731001291,22.821043099594885],[85.2073054937581,22.823373205813702],[85.21278524175051,22.82356270585468],[85.21265201449002,22.82593628626379],[85.21400198230009,22.826619652315916],[85.21526073646368,22.824972133122667],[85.2167182863521,22.82451888109206],[85.2180968828314,22.827884610696465],[85.22031601201087,22.831792525942802],[85.22277254047242,22.833183597754527],[85.22586287559102,22.837552691793046],[85.22891375647254,22.836692630842812],[85.23028963863693,22.837454270832993],[85.23244120183661,22.840416233354457],[85.2333967738241,22.83809698252961],[85.2367278956593,22.836661845476684],[85.2378032217159,22.835626167597482],[85.23974808605332,22.835909604128084],[85.24192737879564,22.833883655478918],[85.24492445784348,22.8346737692941],[85.2478570629591,22.834165704481737],[85.24884343409481,22.83475448369621],[85.24829690323952,22.837105501412655],[85.25002464911172,22.841966951380762],[85.2518050727578,22.844684635151786],[85.25357489061504,22.844956903708486],[85.25526289706221,22.847070527334715],[85.25834185374326,22.846300504416615],[85.25858741638655,22.843846800393322],[85.26014772024175,22.843746529978908],[85.261513817034,22.845124993820782],[85.26413050941815,22.846237236904148],[85.26378488091646,22.84967414388325],[85.26567419370139,22.85051653292287],[85.26379195574465,22.85141718457102],[85.2631655787673,22.852875066022456],[85.2641507589886,22.85461792316731],[85.26569823501555,22.853711625847417],[85.26740350823499,22.856306008150824],[85.2652198209352,22.857193380760762],[85.26624963774044,22.85893044212241],[85.26751773207951,22.858826874299318],[85.27061154280247,22.86208510889267],[85.27358829668717,22.860202908075156],[85.27485619328549,22.86185958250184],[85.27417545324025,22.863297106258738],[85.27881385966957,22.865632030568776],[85.27831981718822,22.866945245129102],[85.2803999246028,22.870471628856333],[85.28336867962385,22.868426572133497],[85.2852677084186,22.87086730713154],[85.2869828927268,22.86965552505422],[85.28807148828729,22.870328589894868],[85.28770471443575,22.87315128367821],[85.28975735884325,22.873444258888092],[85.29091693151607,22.872680047626712],[85.29670682691723,22.875740313741364],[85.29830275807322,22.875928944158797],[85.30068753138912,22.874599848877942],[85.30293932396988,22.8745606284792],[85.30704519744701,22.877476203255306],[85.30641043474824,22.880729588243817],[85.30857584335608,22.883208947928747],[85.3112258299768,22.881457998685597],[85.31598173424504,22.882276064761616],[85.31738286777761,22.87764365908651],[85.32193320176177,22.880189630842985],[85.33875966435203,22.886499600416077],[85.34076166164131,22.88116549062279],[85.3488590369213,22.880471264444367],[85.35135851662743,22.881398940348443],[85.35442744687391,22.881016551203984],[85.35544172419118,22.878085866035182],[85.35735676723743,22.87687745259022],[85.35747178403933,22.872173476062887],[85.35829230758198,22.8712066246735],[85.36271588267861,22.86967175183451],[85.3678677763532,22.866245538624973],[85.37145878386148,22.863499991614862],[85.37731626806925,22.862629570469192],[85.38642858814856,22.867654632311577],[85.39110730994493,22.86003310017466],[85.39153592360016,22.85755389013516],[85.38907888963051,22.853528248658122],[85.38763249563033,22.849738567661653],[85.38806127253183,22.842292314950615],[85.38922472377789,22.84196089260472],[85.39480305506666,22.845710859711833],[85.40521002266586,22.848190560300853],[85.4092722110159,22.844103934674006],[85.41129313049014,22.840430034153464],[85.41303267536402,22.83912914568297],[85.41730362544543,22.83885546103602],[85.41910846423154,22.840336327063337],[85.41910570420994,22.832145165360373],[85.42838506750903,22.836066095893194],[85.43067016213722,22.837646008387043],[85.43366125868624,22.83732828123288],[85.43647825236532,22.832966670294088],[85.43889218320518,22.83114174216684],[85.44190213509896,22.830680712975084],[85.43966746214235,22.824138279692253],[85.44005113468225,22.822100970156818],[85.44247965001894,22.8201648392295],[85.44588334096233,22.82071281492938],[85.45015839893131,22.823454735365736],[85.45058538201232,22.81412957252015],[85.45014565069198,22.81251772320867],[85.45252889720047,22.808521972837433],[85.45387167241053,22.80175242917361],[85.46099115815258,22.800729198252814],[85.46368875683943,22.801070523597904],[85.47113948005894,22.799435174631213],[85.47375102230502,22.801979888287786],[85.47858964375892,22.80573955418733],[85.48655438195044,22.805208654240054],[85.49067581130598,22.804254200100438],[85.49782139111589,22.800239417207624],[85.50299810752448,22.800324932030104],[85.50498943315228,22.801273103216268],[85.50969913552821,22.805327169464196],[85.51296012237465,22.807353514989536],[85.5164498104842,22.80715116871822]]]]}},{"type":"Feature","properties":{"id":"20-247","name":"Khunti","source_name":"Khunti","state_id":"20","source_agency":"Survey of India (SOI)","district_code":"606"},"geometry":{"type":"MultiPolygon","coordinates":[[[[85.57990148543709,22.907338264867413],[85.58175059391375,22.900157133311687],[85.58261569184504,22.895184086991385],[85.5857996767873,22.896855847285096],[85.58969660097704,22.897238298335463],[85.59448216967746,22.895438176100907],[85.60156386181245,22.89404645407064],[85.59925934894396,22.89102151725178],[85.59402334048261,22.8860231513062],[85.58634855724065,22.880698684947347],[85.5854428006294,22.87780957793964],[85.58221365788067,22.87150383120561],[85.58240259032584,22.868326341768334],[85.58105964309384,22.86624610614157],[85.57440784958894,22.86298048024557],[85.57124732506392,22.862319962998704],[85.56651237708618,22.8631499345157],[85.56239061370015,22.860235225673012],[85.56102526893048,22.860322280059616],[85.55932214568887,22.86195065250703],[85.55829484050439,22.864181165662593],[85.558230446886,22.86751327611644],[85.55719928378538,22.871947449743466],[85.55802133384799,22.874402424674507],[85.55727199113551,22.880297777759573],[85.55051910112131,22.87691739555904],[85.54671059509174,22.873929340589548],[85.54550108173346,22.872184259929945],[85.54249646445834,22.87152454413626],[85.54126339896453,22.86643858179605],[85.53971914165227,22.865086690235675],[85.53521667070062,22.866024121911764],[85.53274252704696,22.868580848623946],[85.53091475055946,22.864536087385023],[85.52872707746482,22.86405528040748],[85.5288870130733,22.860967968250808],[85.53020479267563,22.858053878079097],[85.53127777445565,22.85250940377455],[85.52869028869725,22.849807688379308],[85.52875701383805,22.846778245949928],[85.52745756934765,22.84527599595499],[85.52110579608936,22.842366673257537],[85.5209656622597,22.83915571583586],[85.51973274084754,22.83512526696971],[85.52012913036334,22.830902188482362],[85.51915615518139,22.828973962356642],[85.51466494436242,22.83072497232161],[85.51265529256918,22.827373599053352],[85.51425196827519,22.823884231255978],[85.51410568620774,22.819602701132563],[85.51572208440695,22.818587402902402],[85.5159758096864,22.815853182362034],[85.51746590961955,22.813640769214423],[85.51589820788354,22.811318652479805],[85.5164498104842,22.80715116871822],[85.51296012237465,22.807353514989536],[85.50969913552821,22.805327169464196],[85.50498943315228,22.801273103216268],[85.50299810752448,22.800324932030104],[85.49782139111589,22.800239417207624],[85.49067581130598,22.804254200100438],[85.48655438195044,22.805208654240054],[85.47858964375892,22.80573955418733],[85.47375102230502,22.801979888287786],[85.47113948005894,22.799435174631213],[85.46368875683943,22.801070523597904],[85.46099115815258,22.800729198252814],[85.45387167241053,22.80175242917361],[85.45252889720047,22.808521972837433],[85.45014565069198,22.81251772320867],[85.45058538201232,22.81412957252015],[85.45015839893131,22.823454735365736],[85.44588334096233,22.82071281492938],[85.44247965001894,22.8201648392295],[85.44005113468225,22.822100970156818],[85.43966746214235,22.824138279692253],[85.44190213509896,22.830680712975084],[85.43889218320518,22.83114174216684],[85.43647825236532,22.832966670294088],[85.43366125868624,22.83732828123288],[85.43067016213722,22.837646008387043],[85.42838506750903,22.836066095893194],[85.41910570420994,22.832145165360373],[85.41910846423154,22.840336327063337],[85.41730362544543,22.83885546103602],[85.41303267536402,22.83912914568297],[85.41129313049014,22.840430034153464],[85.4092722110159,22.844103934674006],[85.40521002266586,22.848190560300853],[85.39480305506666,22.845710859711833],[85.38922472377789,22.84196089260472],[85.38806127253183,22.842292314950615],[85.38763249563033,22.849738567661653],[85.38907888963051,22.853528248658122],[85.39153592360016,22.85755389013516],[85.39110730994493,22.86003310017466],[85.38642858814856,22.867654632311577],[85.37731626806925,22.862629570469192],[85.37145878386148,22.863499991614862],[85.3678677763532,22.866245538624973],[85.36271588267861,22.86967175183451],[85.35829230758198,22.8712066246735],[85.35747178403933,22.872173476062887],[85.35735676723743,22.87687745259022],[85.35544172419118,22.878085866035182],[85.35442744687391,22.881016551203984],[85.35135851662743,22.881398940348443],[85.3488590369213,22.880471264444367],[85.34076166164131,22.88116549062279],[85.33875966435203,22.886499600416077],[85.32193320176177,22.880189630842985],[85.31738286777761,22.87764365908651],[85.31598173424504,22.882276064761616],[85.3112258299768,22.881457998685597],[85.30857584335608,22.883208947928747],[85.30641043474824,22.880729588243817],[85.30704519744701,22.877476203255306],[85.30293932396988,22.8745606284792],[85.30068753138912,22.874599848877942],[85.29830275807322,22.875928944158797],[85.29670682691723,22.875740313741364],[85.29091693151607,22.872680047626712],[85.28975735884325,22.873444258888092],[85.28770471443575,22.87315128367821],[85.28807148828729,22.870328589894868],[85.2869828927268,22.86965552505422],[85.2852677084186,22.87086730713154],[85.28336867962385,22.868426572133497],[85.2803999246028,22.870471628856333],[85.27831981718822,22.866945245129102],[85.27881385966957,22.865632030568776],[85.27417545324025,22.863297106258738],[85.27485619328549,22.86185958250184],[85.27358829668717,22.860202908075156],[85.27061154280247,22.86208510889267],[85.26751773207951,22.858826874299318],[85.26624963774044,22.85893044212241],[85.2652198209352,22.857193380760762],[85.26740350823499,22.856306008150824],[85.26569823501555,22.853711625847417],[85.2641507589886,22.85461792316731],[85.2631655787673,22.852875066022456],[85.26379195574465,22.85141718457102],[85.26567419370139,22.85051653292287],[85.26378488091646,22.84967414388325],[85.26413050941815,22.846237236904148],[85.261513817034,22.845124993820782],[85.26014772024175,22.843746529978908],[85.25858741638655,22.843846800393322],[85.25834185374326,22.846300504416615],[85.25526289706221,22.847070527334715],[85.25357489061504,22.844956903708486],[85.2518050727578,22.844684635151786],[85.25002464911172,22.841966951380762],[85.24829690323952,22.837105501412655],[85.24884343409481,22.83475448369621],[85.2478570629591,22.834165704481737],[85.24492445784348,22.8346737692941],[85.24192737879564,22.833883655478918],[85.23974808605332,22.835909604128084],[85.2378032217159,22.835626167597482],[85.2367278956593,22.836661845476684],[85.2333967738241,22.83809698252961],[85.23244120183661,22.840416233354457],[85.23028963863693,22.837454270832993],[85.22891375647254,22.836692630842812],[85.22586287559102,22.837552691793046],[85.22277254047242,22.833183597754527],[85.22031601201087,22.831792525942802],[85.2180968828314,22.827884610696465],[85.2167182863521,22.82451888109206],[85.21526073646368,22.824972133122667],[85.21400198230009,22.826619652315916],[85.21265201449002,22.82593628626379],[85.21278524175051,22.82356270585468],[85.2073054937581,22.823373205813702],[85.20794731001291,22.821043099594885],[85.2058106702651,22.820540389205156],[85.20418440094116,22.817523958645726],[85.20135288140011,22.817275332767444],[85.20021278106982,22.814336570792815],[85.19825122431064,22.814603383029112],[85.1986377818504,22.817055017935306],[85.19634452311605,22.8181128101463],[85.19626958903734,22.816405114555355],[85.19314768278625,22.81380515823111],[85.19143340429297,22.813785719900004],[85.1892876642215,22.815175533446496],[85.19306657952707,22.81848206400996],[85.19593541950023,22.821810651132964],[85.19592065909139,22.82441128130404],[85.1951384388059,22.825410068385946],[85.19221712784514,22.826744332746422],[85.1865591873783,22.8243772975971],[85.18349924866051,22.825182262379684],[85.17916860098376,22.82851027892578],[85.17550250421671,22.832396637580892],[85.1723554922445,22.83460012557494],[85.16816303284277,22.835563382729042],[85.16256251261359,22.834731272538644],[85.15966268984084,22.833749655366884],[85.15750578614966,22.8318422004185],[85.15745347506079,22.827346078910086],[85.15848246672708,22.82661106773223],[85.1595958026604,22.82247385755502],[85.15193262115417,22.81240272859132],[85.14927256231185,22.810303954166116],[85.14720317678317,22.805575089044122],[85.14565378255143,22.798423100136787],[85.14277341126498,22.79247470568324],[85.14094777121169,22.786940546401446],[85.1395373485618,22.777942719284866],[85.14002086290058,22.76830261882112],[85.1403633503062,22.7662044638295],[85.14001799667331,22.76294047603198],[85.13832068979436,22.7574121500493],[85.13657198683133,22.754026988805776],[85.1419032642647,22.750979073245475],[85.14251821212447,22.750137418487178],[85.14737057546746,22.74697887698636],[85.1430856930115,22.739913431892685],[85.13786632814482,22.73991503503138],[85.13001213835436,22.739019654117726],[85.12848688374176,22.738067155172896],[85.13053746438663,22.729020179214054],[85.12802686078894,22.724647203911207],[85.13285612011197,22.720992109593837],[85.12082159341585,22.711232835562868],[85.11956068593877,22.709646693704634],[85.1205857795556,22.706390902617756],[85.12185657183012,22.69884737071143],[85.12206514746167,22.688537101628725],[85.1188826519653,22.68355110875049],[85.1195201373236,22.676737223607674],[85.11933266788769,22.675068775193633],[85.11539777618191,22.66795084069722],[85.11463981908953,22.663598274557987],[85.11191187412017,22.659231619948127],[85.10881271991252,22.658535886973873],[85.10478101059965,22.656664131506055],[85.10128631066515,22.6539588761223],[85.09991026658612,22.654971994770168],[85.09648510455835,22.651472727856593],[85.09490903263561,22.645114716839398],[85.09288898794948,22.642038478588002],[85.09211394832616,22.639690466920154],[85.09163729946417,22.635458590153277],[85.09088210248063,22.63378799214916],[85.08669664609994,22.629746775256702],[85.08351796711256,22.628638047106016],[85.07525011841325,22.61834914006131],[85.07539086986955,22.61592169111728],[85.0793137915612,22.61429805836055],[85.08305200992876,22.613367417574906],[85.08632936345198,22.61129342612907],[85.08730371890299,22.609760873554244],[85.08971767764801,22.608218332830276],[85.09383989901218,22.601982132813404],[85.09462992208785,22.596871317576095],[85.09310088324204,22.59207610122083],[85.0895282089644,22.58599232437366],[85.08845184598657,22.5829453366207],[85.08841838016505,22.579025809650382],[85.08895505130683,22.576070170014074],[85.0855500020245,22.574079170352096],[85.07723801352404,22.573248503448514],[85.07552583876938,22.57399406437326],[85.07372567512681,22.575500129527338],[85.07128550552405,22.579635130405556],[85.06849610417429,22.589326023129274],[85.06813314190775,22.595128097379266],[85.0704711686562,22.599734532309167],[85.06987183030009,22.604757673859833],[85.06741539954363,22.60675937076297],[85.06340583089094,22.606915947037905],[85.0561002345831,22.60946179431847],[85.0535310199023,22.611367008800297],[85.05348465274065,22.613291701300554],[85.05446082123981,22.615686907390636],[85.05658061113726,22.622774773128576],[85.0554521201205,22.626051828724382],[85.05023366146692,22.633166097741817],[85.04919843823042,22.6365194287721],[85.04943258529404,22.639562249436654],[85.05398056313331,22.6457883113632],[85.05462077165775,22.648526787180867],[85.05378960007658,22.65101284634168],[85.0559780867183,22.654845364032017],[85.05908897867663,22.657499091952815],[85.060391682846,22.66450428892688],[85.0606607938653,22.667457928695402],[85.06012489943593,22.66894385279531],[85.05773347705228,22.67021666094265],[85.04818496385688,22.672538252513963],[85.04614230256965,22.673720767039203],[85.04144779761884,22.679342605813755],[85.04097498466103,22.682012256744784],[85.04159848516997,22.68402450250783],[85.04375712766921,22.687819466229993],[85.04508031131243,22.69171560006352],[85.04812309081574,22.696069055002766],[85.05055374772353,22.70058683007018],[85.05304799830374,22.7077507883164],[85.0538233106153,22.710740170596956],[85.05265664382179,22.715466769131808],[85.05259667266004,22.721082732861905],[85.05327234492086,22.72355618911938],[85.0557112344708,22.726620002484424],[85.05687251373301,22.729171529563704],[85.05829704625556,22.734462402079963],[85.0583918711126,22.73739836230979],[85.05617973610742,22.7414785279151],[85.05191629500494,22.745762738103842],[85.05005950082489,22.749878136448576],[85.04936301943418,22.752802120688344],[85.04616637715317,22.754397443815567],[85.03786718666875,22.753979745215023],[85.0297100841287,22.755206791743287],[85.02627904880647,22.756157709814367],[85.02229410485303,22.760362379249067],[85.02188715949349,22.76429343152807],[85.02046589517026,22.765657503008],[85.01569526692111,22.767639099422997],[85.01156677065133,22.76831014713604],[85.00847243473623,22.7710753629326],[85.00521410796634,22.779671171896243],[85.0053228435454,22.786571881411582],[85.00247292558039,22.78767398561868],[84.99964027553149,22.786916146689947],[84.9961727621522,22.784624229023837],[84.99416212796253,22.785492142705525],[84.98799067542662,22.784259418371025],[84.98082805868668,22.78449017241894],[84.97973547807374,22.785417686328184],[84.98113881729775,22.792711869885203],[84.98137739919869,22.796329917210212],[84.98208054708681,22.797603034573793],[84.982472644698,22.804541546626265],[84.98512507047624,22.8018403502617],[84.99038733405153,22.801635852919386],[84.99425295403194,22.80237069266963],[84.9978840313688,22.80200084735123],[85.00134316754105,22.80250006027222],[85.00589782188302,22.801947821532448],[85.00704904972571,22.804183432758602],[85.00713786149788,22.812455978717473],[85.00636947013724,22.817069715569826],[85.00541615332448,22.81899013473575],[85.00316136932426,22.819973215921802],[85.004534426122,22.822008628518038],[85.00258242481912,22.828282422476406],[85.001008886119,22.829301167541498],[85.00023324673313,22.831720412031647],[85.00052367373576,22.83390243433473],[84.99813847073438,22.83773507028936],[84.99816030088492,22.844784453940193],[84.99446748009393,22.848910424193694],[84.9953600480542,22.852862632368243],[84.99188222366067,22.856348648307033],[84.98711396643678,22.857963969555005],[84.98580648701589,22.864780347156437],[84.9860661295997,22.869423839497568],[84.98586343431279,22.875589262343055],[84.98673577225645,22.87805156924794],[84.9869633809975,22.888135716159063],[84.98954274079337,22.889953446534],[84.99119156473971,22.894853274820814],[84.98993174069565,22.896164710617274],[84.99003065005955,22.897841993799588],[84.98492943001739,22.897835431039635],[84.98172920769818,22.89822894588477],[84.98218543719186,22.899013459156834],[84.98208309155906,22.903578239689818],[84.9829577818982,22.90347719526023],[84.98397936682613,22.907182189485827],[84.98511532874139,22.908616108942425],[84.98471902081818,22.91633019738052],[84.98754706844485,22.917685010011063],[84.98718037450818,22.92070463757705],[84.98605706507404,22.92095152982595],[84.9866433394337,22.923635277214647],[84.98963045575726,22.92413320477462],[84.99088975304342,22.92514246945952],[84.99679541615369,22.926388494833],[84.99931260222634,22.926024227998248],[85.00357774355793,22.92395054719714],[85.00743137108412,22.923501758993464],[85.00728387028184,22.91733511448791],[85.00859830800788,22.913325872722705],[85.01238567547449,22.916848886493607],[85.01270362890526,22.919006294747277],[85.01188846845888,22.92038461245783],[85.01262083863125,22.925088172409257],[85.01570434484276,22.93225285270209],[85.01454287298549,22.936355910206263],[85.01153049947548,22.94235909831561],[85.0113837886057,22.94526444358144],[85.00674174895798,22.94596071105647],[85.00201202780745,22.95118797297643],[85.00003685443987,22.954892291151324],[84.9963708431865,22.956868770059913],[84.99300552402455,22.956570706927632],[84.99088104676693,22.958198901039438],[84.98913165401105,22.962429673681935],[84.98447331536613,22.96620814600984],[84.98143167710084,22.9674697307314],[84.97794576257638,22.967786479334734],[84.97275182346226,22.970167190477675],[84.96769945902302,22.969587862547964],[84.96349556570742,22.970960655760265],[84.96139105526645,22.970193202431602],[84.95743940649864,22.96685494975423],[84.95482254605668,22.965300881219328],[84.95226311901244,22.96477742136283],[84.94708090168851,22.96587613019189],[84.9444312052948,22.9670155847016],[84.94240967025615,22.970456367325596],[84.93890760926438,22.983430280123684],[84.93909060765522,22.98633422753186],[84.93863445343443,22.989223089266936],[84.94058459031193,22.991123735276286],[84.93961478283603,22.995054110064714],[84.94005800816892,22.998674853275855],[84.94297832545648,23.000610267699997],[84.94340493096885,23.001800287272328],[84.94510971482086,23.002599819752938],[84.94507081694265,23.00478194457259],[84.94605835662487,23.006849838772006],[84.94931280688294,23.01003381034987],[84.95215734352625,23.012115739900416],[84.95373353705989,23.012331968821556],[84.95822102093581,23.010689400344564],[84.9634249271939,23.011085963922028],[84.96438185975512,23.012759342355842],[84.96206647744415,23.01433789303615],[84.96190085803826,23.016827365939317],[84.96421882416473,23.020785728378772],[84.96521176831311,23.023870095983767],[84.96663171942492,23.02411250220686],[84.96912254246918,23.02319530904454],[84.97296814443074,23.02402234393801],[84.974689129356,23.02126280637037],[84.97681675977381,23.021303233180433],[84.97903794888809,23.022234562054937],[84.98058748210345,23.024778951978842],[84.98141084146091,23.0273272048425],[84.98071479406009,23.029618850951824],[84.98188769397176,23.032112174928145],[84.9819905770137,23.035725618459004],[84.98262826298098,23.036880676642635],[84.9846619872607,23.037038510265752],[84.98934956602182,23.035845751966416],[84.98972113644,23.03766966740725],[84.98892489548885,23.041429891484867],[84.98975371979529,23.044103425510446],[84.99091718680315,23.045344219707328],[84.99419776631304,23.045913143566853],[84.99507536144979,23.04722944482856],[84.99582665322744,23.051299255946446],[84.99516772990637,23.052530186272183],[84.99227137455986,23.054853289659732],[84.99386099369258,23.06192636860925],[84.99547275173472,23.067510148396032],[84.99573192804297,23.070202827788282],[84.99392179638734,23.073185567963282],[84.99382016162565,23.0761899983159],[84.99712076213154,23.07932409537673],[84.99851723411433,23.07983288604881],[85.00203723058205,23.079683336183432],[85.0048012680453,23.081501474492764],[85.00714795204605,23.084546038426872],[85.00698113603775,23.085880860341163],[85.01101401462935,23.086708221070428],[85.0124074478262,23.086184053650765],[85.01631969932656,23.0865853317713],[85.01973041488357,23.08758066244204],[85.02470943262014,23.084776344567363],[85.02530188018089,23.087980055275406],[85.0266159198174,23.08888126802197],[85.0292241133881,23.088033498821396],[85.0313450260165,23.088484356477515],[85.03389498195855,23.090238216918895],[85.03471156693854,23.09320782298183],[85.03184882632948,23.09778142652062],[85.03190573348535,23.099574402099247],[85.0345485648731,23.10340401499069],[85.03234290611438,23.103728575043835],[85.0293762098454,23.106711751912464],[85.02737109019039,23.11168426983456],[85.02552888211588,23.112958783071804],[85.02596642008125,23.115291805065905],[85.02776922448308,23.115165293364875],[85.02936836101206,23.116113055643474],[85.03038988036843,23.11517095685173],[85.03025808890003,23.117182828414364],[85.03547040588121,23.117861791814658],[85.03799004793812,23.11734342392754],[85.04488424362621,23.11488179347355],[85.0471249237316,23.116873286306504],[85.04967401494308,23.11677392415955],[85.05156627022846,23.118795171295297],[85.05440231811613,23.119884096954685],[85.05541275265261,23.124693575726234],[85.05566523318019,23.12910927032959],[85.05235821204016,23.13199391259439],[85.0486375877365,23.136466855813897],[85.0475155930397,23.140123287274616],[85.04859654955405,23.144696268799418],[85.05221801117142,23.14372976389291],[85.05282735583218,23.149190841008572],[85.05396460310477,23.150413583310637],[85.0570502420213,23.150538627564593],[85.05841719813854,23.151210073333978],[85.05817234151814,23.15532874829294],[85.0568031006077,23.15751951108251],[85.05784690237788,23.160295208554935],[85.05455521833053,23.16543726439672],[85.05184262135089,23.167331363600045],[85.0489487896329,23.170261541483118],[85.0467704389637,23.17031125749979],[85.04273664939643,23.17137630777523],[85.04117695538098,23.174882715915928],[85.04180609966927,23.178289855346677],[85.04040597181346,23.17920691578431],[85.04197887920897,23.18520364948241],[85.04580001126658,23.185323045460375],[85.04411681824058,23.18962726530851],[85.04426442200742,23.190897686213013],[85.0471889677022,23.19395872791644],[85.04854499440466,23.197090507761295],[85.0520655000041,23.198136326100304],[85.05343842233434,23.199105897221372],[85.05674941988225,23.20350325513531],[85.05726541930386,23.20656215781919],[85.06019732158776,23.20925212715312],[85.06030367904289,23.211018612144276],[85.06284439325832,23.214675019024444],[85.06496668278353,23.216190959053183],[85.0658920511449,23.220445931928314],[85.06825600680844,23.22283153010897],[85.07027326056962,23.22283370382931],[85.07407815165892,23.224203133947334],[85.07808064782255,23.226789241591895],[85.08059804035109,23.230075018813807],[85.08236763199251,23.231192689067544],[85.08562384684157,23.231490622781322],[85.08718444012372,23.233378657583334],[85.08695440513614,23.23512292506848],[85.08364624677422,23.236567902326772],[85.08482935225352,23.237187237701296],[85.08832791054813,23.236439837080063],[85.08999094063441,23.2376609152047],[85.08977795918972,23.23889977742555],[85.08796477568124,23.240665497729154],[85.08898455926649,23.24281326316459],[85.09141545375995,23.24089034020224],[85.09657994882673,23.24186265099876],[85.09922171456658,23.244007421388364],[85.09972639923116,23.245455910451188],[85.09867504778097,23.24706624791747],[85.10165578503398,23.24875455327669],[85.10827229307534,23.250721467703713],[85.11385197560807,23.250350607180202],[85.11588998834084,23.250993543503494],[85.11803377626782,23.250613577033615],[85.12211830514711,23.248607746670874],[85.1231135520534,23.249057579663578],[85.1233309261743,23.251326419290827],[85.12499675370071,23.252336946535618],[85.12660450008761,23.255162287316903],[85.13050708014455,23.25559247620843],[85.13388753649524,23.257379910475574],[85.14030138472629,23.25465688062524],[85.14144361152765,23.25379468682994],[85.14162428853774,23.25650099825134],[85.14080794498692,23.257583849075253],[85.14059091203791,23.260556417987054],[85.14160012389497,23.262473501628023],[85.14169468431783,23.266930490102002],[85.14265024398757,23.26849029828552],[85.14941418870139,23.26945509087712],[85.15402581961648,23.273432579985787],[85.15359504957212,23.276330399770078],[85.15408311562214,23.27814644695958],[85.15345627675256,23.2796605457266],[85.15031931961919,23.27998928139425],[85.1514656772889,23.281551256416062],[85.15210329070055,23.28492214880175],[85.15549035219931,23.285250934750245],[85.15788971329526,23.28489987894263],[85.1632946504928,23.281694681735377],[85.16396249715743,23.27860551801226],[85.1641287589234,23.275027388515547],[85.16508135335391,23.274695368359342],[85.17002221969274,23.27608038595109],[85.17233699153293,23.27583194336896],[85.17591302178056,23.271954864086727],[85.17694625411785,23.26820167683339],[85.18633568595395,23.267994423191425],[85.18914685218027,23.267144467916328],[85.18964385823293,23.26509353618866],[85.19233782322144,23.264248687294693],[85.19549007109204,23.26419922454291],[85.19968750293714,23.263091606671097],[85.20234388813216,23.262855736053567],[85.20524620736536,23.26577833437669],[85.20661368065663,23.270945162329692],[85.2093310726693,23.270542798287906],[85.21569111693874,23.267035079065955],[85.2193963394112,23.266196788153653],[85.22738897127729,23.267036626135386],[85.22629205306664,23.26131315600102],[85.22656188645811,23.258643493613427],[85.22596152038821,23.25379689577125],[85.22881019463944,23.250559438807144],[85.2301603360297,23.247731252173132],[85.23034361758685,23.244947714805672],[85.22717904872367,23.242266429878637],[85.22804197829765,23.240181349960736],[85.22542302559356,23.23651739057407],[85.2251171693812,23.234157273040417],[85.22584311915523,23.230603328687575],[85.23177834731159,23.22839025268654],[85.23745897952645,23.228051916205832],[85.2353158098365,23.221265095447958],[85.23570592004687,23.21908877699352],[85.23517319543944,23.216879574302148],[85.2323069587666,23.2160573273242],[85.22346656777513,23.210476794347663],[85.22123802514824,23.20762539254104],[85.22464184706213,23.205808264462235],[85.22568106685604,23.20181990058153],[85.23048242297953,23.198451814943127],[85.23874898038719,23.198968951178266],[85.24355468403293,23.198223556163388],[85.24566711618864,23.19915004645003],[85.25104595715904,23.204497757113398],[85.25395459162691,23.203222296423103],[85.25561000012515,23.20389000025897],[85.25598000033476,23.205619999838202],[85.25422999940602,23.209619998112686],[85.25393999988349,23.212740000083343],[85.25579999983304,23.214980000273933],[85.25838999945834,23.21607000015971],[85.27331600027841,23.2166160007828],[85.27394000079977,23.219810000829828],[85.27539345860397,23.223518961421703],[85.27835000026583,23.22532000075851],[85.28200999978667,23.22509999922432],[85.28562999913977,23.225960000202335],[85.28716999987013,23.22445000168649],[85.28660000030835,23.219260001122976],[85.28808999937965,23.216199999741747],[85.29014800020668,23.215719999961067],[85.29078784650096,23.213383807478934],[85.29072842764641,23.210325641893125],[85.28793895432234,23.20325634886734],[85.29230611540422,23.201538673012493],[85.2950425969521,23.198984938859237],[85.29572358030002,23.195193047634273],[85.29676511446627,23.19294081634399],[85.29790333560295,23.192264226758855],[85.30053532777248,23.192613119389378],[85.30247447180008,23.191702124952077],[85.30891647569943,23.189899090670153],[85.31361166844815,23.188999009948372],[85.31538765953084,23.187960408556577],[85.32112000003058,23.186860000297553],[85.32085730945566,23.184644389188993],[85.32235469094516,23.184185570587108],[85.32399468112878,23.18005612718886],[85.32613390497593,23.177254923377735],[85.32728077657266,23.180998632104796],[85.33108285470868,23.18639459280051],[85.33560429044618,23.18756512819057],[85.33786528515338,23.187218039236345],[85.33827013960581,23.18896975547151],[85.33678933836121,23.19309122218183],[85.33699373065072,23.19515884409155],[85.33843314659757,23.19981813502915],[85.33792469813005,23.20169603471184],[85.33535514408686,23.204485407486118],[85.33510528210411,23.206977337720204],[85.33765314102483,23.207674187039938],[85.3432615245793,23.206026638804975],[85.34531356116692,23.202654668992256],[85.34446943509616,23.199300363188037],[85.34703885339916,23.19655598528463],[85.34708814750354,23.194082033144575],[85.35441354541955,23.192471529640834],[85.35541534735887,23.188079029684825],[85.35521038130327,23.18660275453412],[85.35617761009692,23.184300536665486],[85.3599522027671,23.18420608888799],[85.36195418944304,23.185614778029155],[85.36435176217023,23.185800074211734],[85.36652478015402,23.184486537217875],[85.36684704261903,23.186012391119704],[85.36849755109493,23.185479757226847],[85.37328784875727,23.185913305158483],[85.37512385162411,23.184121121126992],[85.37721390467831,23.18577788733693],[85.38244402598674,23.191420879520816],[85.38394321971747,23.191921889642135],[85.38443167516223,23.1935561043352],[85.3867957752461,23.19281401668189],[85.38903643985418,23.191271456562387],[85.39216169091375,23.190413440620038],[85.3936756818784,23.19142000363195],[85.39707436486201,23.19117577414796],[85.40063906416438,23.190349096441732],[85.4026596460675,23.185107444967386],[85.40129649350315,23.18094976523715],[85.4014329330834,23.178972395779216],[85.40406445412434,23.177315103344885],[85.41012875029975,23.176943620443094],[85.41281398899412,23.17580987943563],[85.41610900892162,23.172973982286713],[85.4217337198135,23.172611300575],[85.42455164200327,23.174434292972183],[85.43280913869125,23.176363703076728],[85.43685133917695,23.174610533948236],[85.44238567991675,23.17933051612045],[85.44826427575364,23.178524226353442],[85.4527313363928,23.177163286789604],[85.45490428381297,23.177234481560724],[85.45777614007861,23.178456434709386],[85.4645689317587,23.179685240649114],[85.46561879635718,23.180469939355163],[85.46620858084587,23.177693738417123],[85.4654268844416,23.175365654305285],[85.45969796484678,23.17037655155489],[85.4594531912824,23.167451045142418],[85.45977315084163,23.16364936266843],[85.46516770675372,23.162052604832578],[85.46431846696343,23.149294041280726],[85.46551720655032,23.148980941864846],[85.46706633547755,23.146696429205264],[85.46651323717697,23.142896359947446],[85.4734222711569,23.139003769528674],[85.47272743362063,23.136805355943135],[85.47317512395536,23.134768878994944],[85.47468251093673,23.133214764303307],[85.47285962861586,23.12893830739663],[85.47960542386102,23.126502489988503],[85.48373304659121,23.12370272029574],[85.49452191721706,23.121891200619135],[85.49897029689227,23.12205283729881],[85.50649551972313,23.12095627190343],[85.50912106802791,23.121380919189907],[85.51930880546959,23.121815833460435],[85.5222402155086,23.121405704035833],[85.524183308587,23.12044457072593],[85.52899160347741,23.119872201597126],[85.53334073015762,23.121132760453435],[85.53549601245314,23.12101911322078],[85.53829676954426,23.119885523933014],[85.5400593030872,23.11764330376358],[85.54328457515835,23.117755170572472],[85.54381336998604,23.118538368420946],[85.55205058030316,23.11709181178714],[85.55469876558425,23.121528882270614],[85.55635047117117,23.12250033950105],[85.5621583909077,23.122173614788377],[85.56360827362315,23.12131817661551],[85.56849644191031,23.119763811196616],[85.57028303090152,23.118093528680546],[85.57124677598019,23.114945181806526],[85.57377008501219,23.112453863520113],[85.5765156830963,23.112369020872812],[85.57858798637236,23.11444567566731],[85.57916460110276,23.11992667957135],[85.58301335923001,23.11914290784436],[85.58449035205246,23.120677717477843],[85.59072286032199,23.11619796154329],[85.5924982477289,23.11564904289302],[85.5953771267841,23.116097734097007],[85.59844564114955,23.118650159867062],[85.60099150875759,23.119613506027004],[85.60798813163821,23.11736542003706],[85.61230231627266,23.11504119912456],[85.61435731808456,23.115157931107387],[85.6130779533266,23.107403983748636],[85.6156932163071,23.10515925138833],[85.61792247570396,23.10210413297871],[85.62130856891457,23.093919593544005],[85.62032330586494,23.087843676258473],[85.61776287685854,23.081769789636112],[85.61430970572236,23.080375092979956],[85.60976177570078,23.08078737277841],[85.6055795520384,23.08056512342754],[85.59688257561469,23.077117059526895],[85.59611869300535,23.076226348301457],[85.59223412795595,23.075014965849324],[85.59100123032358,23.07376536688434],[85.58695439726473,23.071701551064002],[85.58622630395111,23.070295538766654],[85.58028596467193,23.065019542639362],[85.58009437508484,23.064230610490352],[85.58302158002614,23.06203370150733],[85.58529557900765,23.063209503977003],[85.58780721996433,23.063388591607534],[85.59110960129682,23.064642011653977],[85.59532286597889,23.06460395032136],[85.5972326450758,23.062656438908405],[85.60112903118372,23.063747032749113],[85.60483484034674,23.063591460931878],[85.60985348262541,23.064355234475766],[85.61185675876405,23.065174140641613],[85.61519101670076,23.0693809302159],[85.61782741329368,23.070313405622066],[85.62487957956311,23.07064777154807],[85.62688051000784,23.069871961892694],[85.62673207651413,23.068837968772556],[85.62948465245276,23.067579278287432],[85.63267493693083,23.063912134774405],[85.63223618043354,23.062959296648618],[85.63401341757861,23.059959630792573],[85.63783941524434,23.056178017001063],[85.63218609914976,23.054080654783956],[85.63016121377423,23.054113755829768],[85.62913027687786,23.051971106763272],[85.62593913168848,23.05283225167511],[85.62344132678463,23.05225560539081],[85.62342967890744,23.05110657138738],[85.62134851067948,23.05079878397503],[85.62441223515046,23.04737834865325],[85.62539811894054,23.043443621004837],[85.62245736465913,23.043555225391287],[85.6220901474623,23.04076063691592],[85.62600938709659,23.037492760590162],[85.62579053191479,23.030733786520013],[85.62800774080962,23.030456967389785],[85.62997476945364,23.033550449689834],[85.63078722803408,23.03302248247215],[85.62927057530052,23.030423583466057],[85.63133419542723,23.031643354541202],[85.63205250638929,23.034519570401944],[85.6339748364683,23.03402365957575],[85.63355482831136,23.028826793324573],[85.62972934631551,23.028424755274916],[85.6313395774307,23.0274026719429],[85.63552423285469,23.025932189173783],[85.63732421394872,23.025836791456555],[85.6384199115503,23.024410487508494],[85.63988413425334,23.024223201114122],[85.64061190653089,23.025939500423924],[85.64248634663218,23.02588579014729],[85.64036280661493,23.02351259122826],[85.63951606418885,23.021324858238778],[85.63931381099651,23.0171878461789],[85.64102069585952,23.01423235564128],[85.6431675792699,23.01206118362154],[85.64372607592306,23.01011765654254],[85.64621240601961,23.01015871053833],[85.64680264011176,23.007560743841264],[85.64830898957875,23.00589841023737],[85.65213402041711,23.005760560051627],[85.65504845146111,23.00481981418779],[85.64966263947765,23.00074611461154],[85.64677700325427,22.99953079745206],[85.6456666885664,22.99786435769569],[85.64162887158976,22.9951510029954],[85.63884910759306,22.99484825174495],[85.63709219770145,22.99276366018757],[85.63485289413391,22.992574892396497],[85.62916718687464,22.991059523463807],[85.62785906060546,22.99155201519753],[85.62455833265113,22.994254734350193],[85.62070083206243,22.99471093586424],[85.6175312100715,22.9930859168462],[85.6144968335664,22.992239589221015],[85.61150334109887,22.993156023882026],[85.60813560899565,22.993530065375747],[85.60749538608196,22.996380686456174],[85.60537147409367,23.00058753757947],[85.60282817960459,23.002859148001132],[85.60173814359462,23.002728540559094],[85.59761005236412,23.004359360270374],[85.59292273846485,23.00208389102361],[85.59541578231497,23.001114735696465],[85.59474096010152,22.996471006790028],[85.59564302661278,22.995078594930664],[85.59812557846708,22.99369251844728],[85.59826659887946,22.992030176335895],[85.60025282494937,22.98732010664935],[85.6007566328145,22.97997104579357],[85.60043823456328,22.979235060601876],[85.6016382074073,22.975043618319077],[85.6012835557865,22.97339299197835],[85.60296509422079,22.96544607833535],[85.60309165683526,22.96343787406866],[85.5996205861765,22.962516608353646],[85.59457535862401,22.963368754430608],[85.59172174777993,22.96327398514476],[85.58979826496598,22.96067875427593],[85.58979742919395,22.958625863976845],[85.59174724958835,22.95649435760176],[85.59124133401902,22.953467748302987],[85.58803463995503,22.95326472466622],[85.58494342963893,22.951899988344422],[85.58491092155519,22.949048867714996],[85.58640828617534,22.946037870393234],[85.58188182328387,22.947122489210994],[85.5815037075681,22.948463419618168],[85.57902735612366,22.952146987280575],[85.57588034461025,22.950733077787447],[85.5729640780678,22.950126670029086],[85.56756949676459,22.950404479056115],[85.56401601302933,22.951564212337807],[85.56394533196648,22.94958593659475],[85.56533318223201,22.94485202049485],[85.56533251929555,22.943240676460317],[85.56281700244128,22.940286654714438],[85.56144223990887,22.937348188141836],[85.56035257813734,22.93708707396187],[85.55225269250668,22.932957587807383],[85.54860559721143,22.930557119705202],[85.55002087697228,22.923910288484205],[85.5540470434386,22.92605838514234],[85.55488608406398,22.924389416048992],[85.55740032696697,22.92224813212129],[85.56060372804544,22.92191986919931],[85.56643165606891,22.91709645297664],[85.56896843554014,22.91313153173413],[85.57295936765988,22.91012679959415],[85.57481305976339,22.909699441926204],[85.57684252367629,22.90759734559489],[85.57990148543709,22.907338264867413]]]]}},{"type":"Feature","properties":{"id":"20-248","name":"Ramgarh","source_name":"Ramgarh","state_id":"20","source_agency":"Survey of India (SOI)","district_code":"607"},"geometry":{"type":"MultiPolygon","coordinates":[[[[85.64476588837367,23.95559891947136],[85.64444981167848,23.954819507743476],[85.64640348305821,23.94650592906776],[85.64907898632522,23.94622695251428],[85.6513408837208,23.94509987584087],[85.65273647632614,23.943170545484335],[85.65238613786639,23.940945945767456],[85.65518323935926,23.93840567461465],[85.65708359466085,23.938201178359474],[85.65881308374323,23.935080927776365],[85.65404966866114,23.933546288094767],[85.65248264184144,23.931645219065576],[85.64639021047664,23.92986230682541],[85.64521103179347,23.92611773125092],[85.6423485447775,23.925523557937723],[85.64060057737203,23.92451022904127],[85.63653366929401,23.923539559837323],[85.63404295295214,23.9212326786286],[85.6320754803168,23.92055599927625],[85.6306405754976,23.918746119663833],[85.62670678623574,23.918223384857495],[85.62589141209526,23.915439207922297],[85.62318977272713,23.915455753767134],[85.6231292172526,23.9132345171501],[85.61967536749121,23.910601849544182],[85.61604813436098,23.90898893531959],[85.6137276961826,23.904588199857915],[85.6113842323257,23.90220904148116],[85.6110887118923,23.900599976514414],[85.6125016616855,23.898798577402754],[85.6105389720634,23.895050210561248],[85.61038209262604,23.892267364103347],[85.61142218574582,23.8877614183576],[85.61483896870202,23.887855414979477],[85.61442780843062,23.8858829901697],[85.61886148643607,23.88084759151476],[85.6177311128303,23.87631312087435],[85.61501776566507,23.87196304117066],[85.61260525929616,23.869810106011514],[85.6088276647667,23.869523240683616],[85.60620228414147,23.86800945084755],[85.60203718997685,23.86906436753893],[85.59869546917042,23.867516943059407],[85.59503813072615,23.867005001394286],[85.59171370216448,23.865692252420555],[85.59157355046094,23.864119690305746],[85.59012627935729,23.86160529252632],[85.58770973948931,23.860029582351153],[85.58373642023686,23.856091935050973],[85.58267263609734,23.853689013377288],[85.58422250993813,23.852014537573407],[85.58798184668598,23.850310606023612],[85.59003903803824,23.850740368423896],[85.59107925201226,23.849793812021602],[85.59097868989079,23.845556285540045],[85.59460478175274,23.841615894372644],[85.59693961448475,23.835387981758313],[85.59889238381459,23.831830637189903],[85.59901009266845,23.827388364816997],[85.5970061351847,23.824633038014664],[85.59566490963003,23.819726274737278],[85.59617391538956,23.81712097272676],[85.59906519786408,23.811123770571992],[85.60181243142871,23.809396704670302],[85.60458501968071,23.808961224359752],[85.61206858059784,23.803935366414397],[85.61078352472188,23.801097197806794],[85.61107048308573,23.79996192356273],[85.6141181272965,23.797623211785563],[85.61944710250019,23.796731751169563],[85.62106994315567,23.797333269848092],[85.62318011456095,23.79639482725901],[85.62542151826572,23.798844052500886],[85.62774379293462,23.80294663474728],[85.62901905739642,23.80207295712081],[85.6294920159894,23.80330532842978],[85.63177181841046,23.80257594107512],[85.63457577336754,23.803350374065356],[85.63555741280791,23.80474075426622],[85.63690490814787,23.80917773322136],[85.63732838165554,23.812811875810823],[85.64163499394796,23.82193954772834],[85.64689033395527,23.82215252201451],[85.64732330182781,23.82299618006267],[85.6507696876531,23.822927037189796],[85.65273503712335,23.81849368660712],[85.65414221251098,23.813817253957556],[85.65279333120625,23.81135812916168],[85.64974996247648,23.80998596563617],[85.64891193852668,23.80606828441748],[85.6488592562609,23.802618059918824],[85.65051213833962,23.79843313644833],[85.6491886381419,23.795441397182426],[85.65137719447453,23.792674364748276],[85.65058052079422,23.791805127548745],[85.64677098043015,23.790064938227296],[85.64536618365857,23.787352457808552],[85.64434250368991,23.786702274674486],[85.64039904807431,23.78654117886687],[85.63925572289688,23.785122369687766],[85.63787817870619,23.781705577778208],[85.63662506282873,23.780475386132714],[85.63431653020591,23.779759578228273],[85.63360893660705,23.77763142371372],[85.63211656570323,23.77758630252346],[85.63090942487767,23.77618936912161],[85.63146204203639,23.77401783393547],[85.62820750205182,23.768082861314763],[85.6249402407009,23.767123692024647],[85.62022590944581,23.768481426656344],[85.61568774295277,23.768007403590158],[85.61459425691069,23.76471040137024],[85.61540014977777,23.758089027634963],[85.61543877672098,23.75350166868682],[85.61495582114416,23.741639891434215],[85.62075294349083,23.741718834073392],[85.62055984551152,23.726491094355595],[85.62115951376528,23.722612151184844],[85.61920777921642,23.71515436704658],[85.61558791542964,23.70979572359912],[85.61177214052128,23.70874822976968],[85.60979329075461,23.707601614510107],[85.60882921817809,23.70046763843358],[85.61150515776191,23.697818496676994],[85.61581150513052,23.694922079859587],[85.61620822332452,23.693570972930498],[85.61547866843095,23.69114420910641],[85.61559421754016,23.68669298406061],[85.6143476211699,23.684017768766704],[85.6140010051364,23.679688849088325],[85.61359615464337,23.662273717562197],[85.61367965526043,23.658075067368003],[85.61451249710406,23.653458708067895],[85.61478411497261,23.64534232108031],[85.61405297126582,23.643096152220917],[85.61473547280815,23.6406548431247],[85.61454291529468,23.632859434746035],[85.61813136307882,23.632783042972275],[85.62205117219331,23.631002665657952],[85.62624408026326,23.62747258805882],[85.62966925969661,23.622337103432617],[85.6310441750247,23.61830335474405],[85.63797063323206,23.614797045450167],[85.64317552617544,23.612828595188155],[85.64712447660322,23.61004536423091],[85.65090258073691,23.60860618539542],[85.65321924864917,23.609195175345068],[85.6550102965507,23.613283711480804],[85.66180187766861,23.620088613403638],[85.66385313767621,23.622716219729192],[85.66382463024652,23.624567333272015],[85.66176746812664,23.62734929938281],[85.66184916140986,23.628948425289476],[85.66314059363891,23.63016073460069],[85.66803289183774,23.631033648423973],[85.6688041538548,23.632318497532516],[85.669370632943,23.63603321599591],[85.67107969540638,23.63716167902797],[85.6754413693161,23.6361091923932],[85.67730963847875,23.636504461611942],[85.67777812725932,23.637691559713502],[85.67733693619779,23.640622895662037],[85.67614872196141,23.644204911904364],[85.6777410776308,23.647237057231564],[85.68103364654446,23.64835783038861],[85.68389973474642,23.647027514104018],[85.68752048802924,23.642768390754494],[85.68989214548039,23.641849220558864],[85.69284653983478,23.64247011323189],[85.69682787261863,23.646305673598345],[85.69833211335589,23.646869270977547],[85.70005854112968,23.64577291068251],[85.70090455385443,23.642492593771507],[85.70232486009564,23.63961681938936],[85.70619774461032,23.635555707600293],[85.7104518958782,23.632574735155583],[85.71355907547766,23.633593906119742],[85.72069661165186,23.640534641510648],[85.72157700778611,23.64173403393167],[85.72287794029606,23.64607973572513],[85.72526860814038,23.652303826941118],[85.72781167321102,23.65494373583217],[85.73078375928958,23.654796395259677],[85.7352683205665,23.65336100631334],[85.73770840999686,23.65347116652527],[85.74224236626452,23.6550613343372],[85.74645844335127,23.660180031546336],[85.74860502600242,23.66128108335309],[85.75127819076123,23.6616458436042],[85.75437399433976,23.66294408003038],[85.75480375036743,23.664162288603837],[85.75440619231738,23.667830277852907],[85.75697751920522,23.673156738102897],[85.75739783371458,23.674988941969627],[85.75760933559658,23.68374186024708],[85.75974079607195,23.686490878598008],[85.76077183375037,23.68651160328626],[85.76530291903691,23.682123541011016],[85.76731709229816,23.68066747952653],[85.7696707300655,23.674364325275594],[85.77044967520906,23.668653717826615],[85.76918198212746,23.666855416221537],[85.77013181524836,23.66489415712591],[85.76983250929133,23.66125213847787],[85.77042772895321,23.658412059633804],[85.76811829365394,23.65374256876375],[85.77056326911458,23.65019464715311],[85.77434489685649,23.648373132870663],[85.77867227332735,23.647951123860903],[85.78150187955953,23.6483481904611],[85.7829883677051,23.646625879772376],[85.78341291674182,23.64259212508725],[85.7856160951487,23.64073994899426],[85.78617545064765,23.639082555848525],[85.79054049407301,23.63772578354927],[85.79292159623785,23.637834616573695],[85.79367080826074,23.636498168324298],[85.79054026381287,23.6313406230335],[85.78881987524443,23.630812376399643],[85.7884735858692,23.629030481569796],[85.79039571465619,23.627862427238295],[85.79298127204012,23.62835063114701],[85.79232995552893,23.62537580483699],[85.79257498120266,23.620022069420028],[85.79429567405596,23.620505052281636],[85.79595288946251,23.622306137399782],[85.79865409026056,23.62087748789662],[85.79883916267218,23.61777667008234],[85.79793936869505,23.61648724499677],[85.80089926532463,23.614342574068893],[85.8040026935004,23.613124692905185],[85.80483718611401,23.610800993686723],[85.80357647668808,23.607919555306918],[85.80571302712433,23.60228654264365],[85.80705317958146,23.600942180055107],[85.80797723870175,23.596830904398423],[85.81081675665999,23.58730635636278],[85.8119697053829,23.577868311963538],[85.81423942615304,23.576088383129488],[85.81787868614119,23.57673015476017],[85.82076071700722,23.57658949182314],[85.82331380361849,23.573781991547047],[85.82727708359674,23.57324285167113],[85.83252824233342,23.573431985660115],[85.83887363750728,23.565404670089347],[85.83970711773468,23.562694147682713],[85.83788041327566,23.56192462564734],[85.83588949926298,23.55770107313372],[85.83368507981533,23.556591790339656],[85.82650808023939,23.555002510452397],[85.82189197870703,23.55275727157778],[85.82041886062015,23.551199386218023],[85.82044220368935,23.549682255021064],[85.82213856607142,23.547043885402548],[85.82578538646986,23.54369861589515],[85.82727206503714,23.540648114095614],[85.83539674735313,23.53798148505738],[85.84071104857925,23.535167191559097],[85.84081670621916,23.534291849116013],[85.83747593621202,23.526535961937206],[85.83448465280644,23.521401757382048],[85.83613446465284,23.518686564387806],[85.83872817379792,23.51553583057964],[85.8406913576598,23.51416845269099],[85.84449549973152,23.513438204909185],[85.85088380755272,23.51314220413399],[85.85846268683089,23.51787619771565],[85.86633052965861,23.511792104038623],[85.86599775624842,23.50833957097547],[85.86717376209187,23.50710179873907],[85.87130434643433,23.506219531235608],[85.87209327586812,23.505574923723014],[85.87501527994927,23.500538335789148],[85.87897277399534,23.498092145338735],[85.88090711400032,23.49515266011748],[85.88342717412796,23.493599198506388],[85.884104197038,23.49227636870938],[85.8823852474268,23.490575109045903],[85.88649810848585,23.48803996928892],[85.88674593662711,23.484719836341934],[85.88465138742355,23.482377723394222],[85.88173834894631,23.48134013163525],[85.87602306869125,23.48066506936851],[85.87457536848503,23.47789398013988],[85.87194982572733,23.47650657238453],[85.87046591681714,23.474402433024142],[85.87077818875004,23.473242996430837],[85.86896352995966,23.47034053443542],[85.86876068851073,23.467509722735382],[85.8676773098603,23.464648249377852],[85.86309448810641,23.462416747639065],[85.86514663142289,23.460113233276257],[85.86422483288486,23.459541500728974],[85.86547581667756,23.45638293921952],[85.86508732949838,23.454305777927],[85.86275669064304,23.44804072409971],[85.8626023327472,23.441410956913074],[85.86149039029448,23.438916336769406],[85.86270379355416,23.437814188375622],[85.86354797127618,23.435237328691237],[85.86357214864844,23.431582108772293],[85.85999371443594,23.430821977254137],[85.85868531419487,23.427019098385756],[85.85717317529178,23.42635990132585],[85.85437894967792,23.426987611126382],[85.84969333072316,23.430078163901268],[85.84763352052153,23.430604939663482],[85.84711447290539,23.428379307481894],[85.84908745945575,23.42658754045455],[85.84915197717709,23.42478163784579],[85.84508873719062,23.422701501620836],[85.8422077566401,23.423086564069653],[85.84144182258025,23.42450790208478],[85.84139835994586,23.42725322316091],[85.84061253756589,23.429821440611498],[85.83669626737516,23.43443468574172],[85.8307409177888,23.43936665984051],[85.82855728568563,23.44056956655941],[85.82787995828032,23.44412300691309],[85.82900650747665,23.44736471265813],[85.82869530273175,23.44935844099652],[85.82345318011615,23.454331604520114],[85.81918419110674,23.45551862954657],[85.81606749768657,23.457030450918463],[85.80632439551418,23.457299417985183],[85.80314636437008,23.455811994920445],[85.80181163073827,23.451836970072048],[85.79725506768023,23.450167185543627],[85.79511341110238,23.45093271349966],[85.7951549920491,23.45506417547466],[85.79366097607254,23.4568047662422],[85.79158240248121,23.457159035228717],[85.78765083702922,23.455656393968653],[85.78246814128859,23.456103794130847],[85.7808204007935,23.45749986102962],[85.7797623875932,23.45971334755067],[85.77794638778752,23.461306713847613],[85.77453501157594,23.461803811291436],[85.7715900968952,23.460516440471043],[85.76353250812419,23.462692566647995],[85.75795288556189,23.461582527612453],[85.75576414928776,23.462179220573383],[85.75302158569248,23.461272283633228],[85.74906196973451,23.45863955281199],[85.74567811502065,23.457398744007385],[85.74363509600491,23.454866024193162],[85.74114886285398,23.45276876009906],[85.73557566287029,23.45001429089878],[85.73421752058057,23.449736914494345],[85.73146460774444,23.455101814796237],[85.72965035270273,23.45543931704696],[85.72422792522687,23.45125870454989],[85.71904939264941,23.44416282657896],[85.71467253522778,23.444307529508652],[85.7121220609943,23.446887513568505],[85.7094299429648,23.447922001627244],[85.7056428110995,23.448386749489476],[85.69875338686272,23.447625729333932],[85.69510952523319,23.44886874714172],[85.6817976194119,23.450761859888367],[85.67435258816175,23.451313017918206],[85.67086880152691,23.4541372786864],[85.6706977671684,23.45949134048557],[85.66873394625622,23.461064153614686],[85.6604034105237,23.4629617489083],[85.65791039018313,23.466507677715672],[85.65650393597349,23.467740504163615],[85.65378633651889,23.467727488757795],[85.64960157734808,23.466228272683264],[85.6441375791458,23.46730982028331],[85.64093668925076,23.467263926301133],[85.63269255826181,23.469251059076072],[85.63131971719886,23.469848229739025],[85.62670731681075,23.47337988125466],[85.6216404921825,23.475764584345647],[85.61807270522336,23.478026951412755],[85.61400931404705,23.479932570403637],[85.60704066017465,23.482033516013097],[85.60579490214556,23.484582629941734],[85.60410208747885,23.484486283803005],[85.60368495656147,23.486902889542364],[85.606377565876,23.489699470249935],[85.59952941827609,23.492844123689512],[85.5915444173508,23.494217216821763],[85.59004323304995,23.49726512183101],[85.5876773598047,23.50058518114004],[85.58940041727267,23.504303522640413],[85.58463818387742,23.50733994159053],[85.58211482108761,23.507967269665738],[85.57765614334879,23.510539095785372],[85.5747946137989,23.512975906816923],[85.57125847574774,23.514867064446705],[85.56855854267862,23.518210876890983],[85.56534338160046,23.521188576281432],[85.56494399481569,23.52280146421514],[85.55872501637873,23.52909276125965],[85.55717836628757,23.53350362852435],[85.55586376379469,23.535496291178593],[85.54786173958821,23.542610391207454],[85.54664896742905,23.54333057712075],[85.54103044068704,23.544156581963318],[85.53775592422573,23.542353281882114],[85.53712872520636,23.54060444878708],[85.53342824644679,23.541301149023443],[85.53261495465054,23.537798559320404],[85.53136811829745,23.535411689278018],[85.52947643420401,23.534635232851638],[85.52772787947903,23.53508833507687],[85.52494774636193,23.537590648150875],[85.51830899458325,23.5421928026884],[85.51814758992715,23.54325966801559],[85.51960111087436,23.545351538674954],[85.51957090681894,23.54717542859659],[85.52061035543544,23.55058090313874],[85.52503553579173,23.557838531324197],[85.52892640906394,23.56208371539535],[85.52853851646843,23.564364829668556],[85.52651137223044,23.568514005653885],[85.52404796300281,23.57258539637167],[85.524285550646,23.575874802485018],[85.52177894644905,23.579237525132715],[85.52041731595655,23.579704578121987],[85.51556421334038,23.578618451966907],[85.5118026867422,23.575927496544416],[85.51116459770037,23.574304841899462],[85.50756850087598,23.57173278263277],[85.50394846981403,23.570424740099504],[85.5057874551101,23.568085327173872],[85.51114212961052,23.563251115590052],[85.51236978223871,23.559496998034387],[85.51372656519116,23.558191514831513],[85.51291190073773,23.55658528761351],[85.51180366708253,23.54972935395599],[85.51402009804079,23.546011779135636],[85.51275801421167,23.544139452311043],[85.50751663948483,23.543348766547375],[85.50508637347265,23.54430078347413],[85.50354188566769,23.544024057868285],[85.49919168184813,23.544993625326644],[85.49765614992825,23.54400125123918],[85.4925588694548,23.54510107266698],[85.48819211594068,23.548363966263917],[85.48488329807353,23.552458848070223],[85.48117664284074,23.55430471331302],[85.48385212908846,23.560377676364578],[85.48598492480517,23.558917454064204],[85.48873173009471,23.56114764423773],[85.48731256011118,23.56359921047326],[85.48462817752359,23.564458089036275],[85.47987554755713,23.567120924108753],[85.47707246786923,23.56916840334344],[85.4757952383508,23.56923930949209],[85.47252136330499,23.571925342444565],[85.46990409696103,23.569515618551332],[85.4711061832943,23.565535915398435],[85.47148016523623,23.56115071967991],[85.47089297160272,23.55916549120775],[85.46921987639766,23.557534330285936],[85.46587844939283,23.555921006250262],[85.46297256531221,23.555621436544172],[85.45818290835719,23.552205640365575],[85.45643010506107,23.552152152866558],[85.45107086310009,23.549639953511257],[85.44582067811119,23.54886785265018],[85.4393059628482,23.55142156610165],[85.43494833428329,23.55377993445287],[85.4329631117864,23.554328820401825],[85.4306746885205,23.554016818328055],[85.42810704423891,23.554930074919668],[85.42479565475968,23.55482655309749],[85.42455011061386,23.556664103489354],[85.42071568543957,23.560291557384627],[85.41576920527218,23.561063051644467],[85.41448956723154,23.560752060799487],[85.40958439867012,23.55808318594807],[85.40850532761966,23.556582110326666],[85.40434936909377,23.555979666453606],[85.39855843097563,23.55692257091598],[85.39579118896616,23.554889440395385],[85.39438369225681,23.55624742444977],[85.39183469422105,23.56044733173447],[85.39171034319301,23.562613215139173],[85.38938901728422,23.560715645501578],[85.38723682292368,23.556578777757462],[85.38668376453016,23.553079387920516],[85.38464570044572,23.55011209300392],[85.38181261725025,23.552608236538944],[85.38064112738014,23.556168182107562],[85.37744520872131,23.555442224149886],[85.3729011669915,23.5570717635371],[85.3698093273361,23.559956222621913],[85.36713539683723,23.559928197130088],[85.36661494322841,23.561611348036973],[85.36436524050242,23.56291522075773],[85.36164650258975,23.56175780735727],[85.35868744859079,23.56259344525817],[85.35604482489433,23.561617423810887],[85.35261228321428,23.562718945345363],[85.3486969804126,23.562469719049002],[85.34765637291505,23.56186266477968],[85.34194566427112,23.561068569690914],[85.33608499792088,23.559698580222282],[85.3330708831745,23.562564985602005],[85.32550701604605,23.568850050747272],[85.322594003076,23.56989324005988],[85.31459529747877,23.57102584590609],[85.30751146048888,23.573387016578586],[85.30498803567306,23.573829159944403],[85.3006589736139,23.573745741670933],[85.29471721883812,23.574123179575242],[85.28924976673851,23.576456111794357],[85.28599477341882,23.576636962190854],[85.28065374704767,23.578275657840518],[85.27860016292047,23.577982104210424],[85.27720784881991,23.578815480169233],[85.2778993191994,23.580638143786125],[85.2737001829603,23.581088241822943],[85.27177463592997,23.580741787492038],[85.26850330789642,23.57858936538321],[85.26726898422604,23.578425073689402],[85.26533042505794,23.581311133256154],[85.26531461532831,23.58400191483259],[85.26433195494927,23.58646514733153],[85.26045308675108,23.590105957351707],[85.25427845567887,23.590253457962366],[85.25187195796777,23.59218585884762],[85.24219122019313,23.593684050616556],[85.24208111838361,23.599010403904146],[85.24456814847917,23.60135017800293],[85.24463683068207,23.60355427441195],[85.242330894328,23.608205627092822],[85.2387488228201,23.613014030555497],[85.23622882041299,23.618254382187033],[85.23557905268858,23.618860145669036],[85.23007098573854,23.61706016476477],[85.22619786107737,23.6179459504984],[85.22429487827023,23.619540548603332],[85.21793167827045,23.62048801676198],[85.20926705372982,23.621060421813908],[85.2045326128538,23.62714207560665],[85.20471340712764,23.631135319150744],[85.20235233326942,23.63658234895362],[85.20404849530382,23.638215949319196],[85.20459437393848,23.641310412579372],[85.20620350086293,23.644065044393933],[85.2061235579983,23.64561719707863],[85.20836011773282,23.649092394123496],[85.21152286272014,23.651137956170082],[85.21337026734629,23.654775631863558],[85.21730805227168,23.65570584871125],[85.22150318018448,23.654291188151713],[85.22240975159848,23.655385227441304],[85.22035537517856,23.657980288748156],[85.22263849959614,23.659496339537235],[85.22123447481624,23.661836985586117],[85.22095842423981,23.66558118376665],[85.22241274928287,23.668225492700405],[85.22173152397276,23.67147746769201],[85.223865899928,23.672413923442473],[85.22372776877465,23.675383072445033],[85.22621700604158,23.6761881353193],[85.22550106138655,23.677660867863032],[85.22924791748754,23.67899494138569],[85.23493992057168,23.682969781470607],[85.23534776681717,23.686550163222105],[85.2347314691033,23.69406119423208],[85.23490339437814,23.6983199276683],[85.23839051086462,23.70130206760683],[85.23967505261653,23.703584201634303],[85.23934418007948,23.70928179642936],[85.2421581901735,23.712219776857395],[85.24578819753994,23.712009304172188],[85.2490524472811,23.709982773383757],[85.25833687660386,23.700229832541957],[85.26128778629224,23.69689747850089],[85.27013225768331,23.693620526825214],[85.27515916733984,23.693059528448547],[85.28412626650726,23.686989475698322],[85.29152835982327,23.690296958211988],[85.29729239152397,23.690614326643374],[85.3007734574718,23.689556731961282],[85.30473463163173,23.68437923017633],[85.30729474341986,23.684387327721044],[85.30887839947228,23.6862385250845],[85.31877465401,23.69171126484997],[85.32459100843056,23.695641713349286],[85.32945688534073,23.69980548650654],[85.33390701795041,23.704096776104766],[85.33585844118195,23.70417420129032],[85.33867968357042,23.702148627659305],[85.33746273417415,23.699990597222982],[85.3366390835188,23.69615453338199],[85.3448315892622,23.691390232967134],[85.34825015186678,23.686301745198886],[85.35517170005738,23.67980227124516],[85.35815718405755,23.67552616454425],[85.36008314776093,23.673801437880257],[85.36258105332232,23.673039954197108],[85.36809001466494,23.674257526029738],[85.3764554346849,23.67425720335717],[85.38098308355734,23.672945450502215],[85.38436838920535,23.671108585867188],[85.3852509649138,23.668316864958104],[85.38346207083549,23.665312566769618],[85.38323291875875,23.66139449103951],[85.38674311989998,23.659369139371236],[85.38913080328979,23.65916233147292],[85.3928420508192,23.661976022749354],[85.39474105071449,23.664424261077713],[85.39668629443474,23.665582495178917],[85.39788038552373,23.66388402683377],[85.39866804775765,23.660420844107968],[85.39809845807396,23.65633077626293],[85.40057057650172,23.65336016046246],[85.40513597581203,23.652708001676384],[85.41150330847867,23.653770987550406],[85.41593689523125,23.653153861259018],[85.41927787415162,23.654661175658173],[85.42086139630965,23.654328944829565],[85.4273490184902,23.65428276786011],[85.431386792578,23.656531873813258],[85.44367853155538,23.65493774673921],[85.44490629141401,23.655130691972285],[85.44379999199253,23.657317224425107],[85.44583240126641,23.658165060172106],[85.445303684432,23.659840319236917],[85.44615711386763,23.663122674788227],[85.4421583339747,23.665979680568444],[85.43933376089508,23.667276515644314],[85.43658342501206,23.669352745223428],[85.43598104619747,23.670861857766234],[85.43331488852154,23.672566977692583],[85.43066737187988,23.67495923160056],[85.428222038311,23.67633671234308],[85.42582563598769,23.680117955272085],[85.42369566758504,23.68430374019751],[85.42630827530374,23.686879552002555],[85.4274542429446,23.690995166368033],[85.42643098113888,23.692994577932165],[85.42724065774571,23.696232502802573],[85.42677894608872,23.70111059266571],[85.4277154170308,23.70538698432474],[85.42680572615015,23.708786950821032],[85.42792870045729,23.70948962500017],[85.43345622077345,23.709508044796472],[85.43644117428539,23.70857532360669],[85.43948228540101,23.70910979447587],[85.44124841518487,23.710733978853845],[85.44127912029913,23.71210364873943],[85.43985584611548,23.716028680054443],[85.43977953947375,23.721153806655614],[85.44151709467074,23.7226870424333],[85.44614590574218,23.72151000253534],[85.44970960598883,23.7229168263793],[85.45044476981299,23.72476167469866],[85.45550923763362,23.72855316681603],[85.45427649362631,23.73451727027535],[85.45449644976104,23.740536784617035],[85.45549487040286,23.741827008190054],[85.4599499646936,23.74094037831741],[85.46304699275224,23.742915561178133],[85.46305161375226,23.744801835749207],[85.45940354185669,23.748313422468893],[85.45816343928536,23.750512891703988],[85.45843519549489,23.752220900453523],[85.46043235219378,23.755554352584646],[85.46001747388607,23.757762274339544],[85.46301606466544,23.76035453074687],[85.46953477499312,23.764277504768486],[85.46928651318454,23.766479934895568],[85.46781862834703,23.768004801983896],[85.46212224082235,23.771152888100627],[85.45359824376524,23.77400273040718],[85.45178801210285,23.773729878297402],[85.44385315946154,23.775546076517255],[85.43700027892184,23.77655653168482],[85.4347844874883,23.776144459479237],[85.43145080047506,23.77767366345174],[85.42975485292514,23.780923927518888],[85.4300417848077,23.783398219945695],[85.42942185170227,23.78768375470944],[85.42721102903388,23.787394133213446],[85.42667376960175,23.788486740654523],[85.42587724208498,23.79412815343971],[85.43033498023057,23.795166329697903],[85.43275828990001,23.794957571261694],[85.43618107708522,23.796338997468496],[85.43963128953875,23.79955981230755],[85.44292151862206,23.80174327816699],[85.4462304560316,23.80199370036656],[85.44920880185504,23.80507767162035],[85.45060489775415,23.80975170962906],[85.4515381235928,23.81094537144236],[85.4557879280292,23.811376698430593],[85.4560762154668,23.812685380016173],[85.45846993885536,23.81493126839038],[85.46160535581826,23.81540217852424],[85.46385854990557,23.817559099498506],[85.46474510790257,23.820320554076552],[85.46638392424663,23.822041109670785],[85.46991689345577,23.82127075314412],[85.47115888890738,23.822667978483885],[85.47231070109699,23.82547944538132],[85.47422022416401,23.82571784536123],[85.47690697745269,23.827068202244234],[85.47930185332338,23.83004508984011],[85.4821578448942,23.82902260274584],[85.48253948965913,23.827015140294428],[85.48372526924832,23.82589909386689],[85.48488372573851,23.826501635311296],[85.48697910402595,23.83269921689401],[85.48616564392653,23.834737468193566],[85.48814926048884,23.838883967281742],[85.49318134822619,23.839071529786814],[85.5003116957272,23.840993324678678],[85.5029472562932,23.84026985124004],[85.504146334239,23.839076496404697],[85.50646644913212,23.838578925573593],[85.50820262415372,23.840218884093268],[85.51420358187815,23.842027335590302],[85.51524926250602,23.845256376912143],[85.51629105297313,23.845847688092682],[85.5156901503884,23.85071572774335],[85.51664048147742,23.852291850980464],[85.51980453367662,23.852821949370508],[85.5228597250143,23.852558422149542],[85.5240891558505,23.85168588915572],[85.52903987743346,23.849758760216663],[85.53269138159088,23.852142059101986],[85.5354653377162,23.85231778105308],[85.538377966398,23.85417557609285],[85.54160367104033,23.852831924920018],[85.54569629356402,23.851886234821087],[85.54999255767423,23.848693818061218],[85.55286943086593,23.846994411519518],[85.55400177477595,23.84541962732566],[85.55619513434812,23.848376768114658],[85.56079062609231,23.8475043824533],[85.56283972843246,23.85292072698296],[85.56209339182918,23.8584384442655],[85.5633494009132,23.85974249014776],[85.56546351666515,23.863561261388504],[85.56959291148628,23.86850305372114],[85.56795076026427,23.869851085368445],[85.56814241633283,23.872511941552002],[85.56901985336614,23.87416793665343],[85.57249995626874,23.877568872812887],[85.57278893841627,23.880411063623377],[85.57045465328295,23.882336489421476],[85.56645817615444,23.88398484269227],[85.56613275748948,23.884947509856826],[85.56871411529104,23.890313658534073],[85.5724161115682,23.892663637287836],[85.57147319568945,23.894385000192983],[85.56660981978568,23.895267287179117],[85.56403775474877,23.896710434258086],[85.57006975342296,23.901675158730725],[85.57134866527778,23.903499723850118],[85.57366946376439,23.908997934688074],[85.5763668493416,23.909925510930112],[85.57824455106153,23.90969789573423],[85.585238235072,23.911040228886346],[85.58738465023127,23.913108570819634],[85.585725997205,23.913105204298326],[85.58131237441923,23.915372822395344],[85.58212077496631,23.918730281320514],[85.58358129619137,23.91817215849519],[85.58634120314389,23.921033324384243],[85.59021923340255,23.927556300567527],[85.5902717371042,23.92959125741967],[85.59165443088744,23.92919853406162],[85.59274570645749,23.93067416146133],[85.59292651519783,23.93301388348753],[85.5938433070073,23.934137399404264],[85.59623325493492,23.934913683110572],[85.60044316839569,23.93454806307604],[85.6067049731706,23.937170441995356],[85.60636490868352,23.93913830114851],[85.60357890530814,23.940837996504044],[85.6062726154982,23.945161816158464],[85.60552852570031,23.948312229763125],[85.60695487549732,23.95074699175796],[85.60865721345398,23.956873732231703],[85.6078870218476,23.95820037132724],[85.61254984466133,23.95980378946482],[85.61598684330832,23.96251361019761],[85.61957736231106,23.962611615178627],[85.62623546375872,23.96062833209539],[85.62901294273655,23.962134042636265],[85.63507588572922,23.96164873003749],[85.63884952880392,23.962264553648115],[85.63908291488778,23.96057165676798],[85.64476588837367,23.95559891947136]]]]}}]}
