{"type":"FeatureCollection","features":[{"type":"Feature","properties":{"id":"32-299","name":"Alappuzha","source_name":"Alappuzha","state_id":"32","source_agency":"Survey of India (SOI)","district_code":"554"},"geometry":{"type":"MultiPolygon","coordinates":[[[[76.37276771475622,9.836908688462978],[76.37586088253379,9.833368956307796],[76.37754528552556,9.8320660341578],[76.37974675486481,9.824349393703155],[76.38147868556065,9.819959871192147],[76.38107301893842,9.81731535253881],[76.37914955065686,9.813906826747136],[76.37574476331662,9.811072432563538],[76.36887619894966,9.802388319282485],[76.3667965315072,9.799294109069251],[76.3651956754114,9.79302574573986],[76.37116371347507,9.777584763831547],[76.3732408062147,9.769174370598753],[76.3766650514791,9.762951750402578],[76.3807980048546,9.75137509130702],[76.38143955992834,9.743498534017585],[76.38023512327003,9.739282935654034],[76.38008908213999,9.727854823042904],[76.37733673879494,9.712529925454191],[76.37709980117059,9.709587004582222],[76.37555508485529,9.697426612402337],[76.37786059344499,9.696468235618108],[76.3956479280886,9.688344044416885],[76.40249563357034,9.685956630086427],[76.40122841991197,9.677779005872807],[76.39873586004843,9.671694416398353],[76.39787438714669,9.666613268493668],[76.397623519915,9.661636033967362],[76.39670288491192,9.656961794073625],[76.39633367797924,9.652712436136087],[76.39754056956666,9.64713388344483],[76.39949897215436,9.639851056579861],[76.3929257713427,9.562629811309618],[76.39204605212419,9.547734228236425],[76.40449800256404,9.553926732454402],[76.40428902051434,9.559496238117092],[76.41395857555098,9.563383045602917],[76.41512396862416,9.558432759334098],[76.4225792777305,9.555886676586347],[76.42635392756354,9.549665786559265],[76.43833624903849,9.552768311213725],[76.43839643097485,9.554247674921974],[76.44840766163543,9.557545814140129],[76.46599805313171,9.561707437817418],[76.465327948281,9.54219874331522],[76.47914641849815,9.537687767749324],[76.47996549152711,9.512941475447857],[76.48021648888394,9.507417165279652],[76.48156712062205,9.508727713331613],[76.4892127246503,9.50823707512546],[76.49101127470608,9.507585482893072],[76.49524161566707,9.507186294763953],[76.49754926472502,9.504048115013642],[76.5001326297841,9.501845282073493],[76.50482995532131,9.502467078507674],[76.50531322718727,9.501373917078116],[76.50861897709018,9.498018676020287],[76.50784628679465,9.493033047697441],[76.50850712167701,9.492650483554963],[76.50809139433535,9.489207551382934],[76.50657212489676,9.489028703284315],[76.50667070522988,9.485009412073087],[76.50842529542601,9.480182862405279],[76.50851028177394,9.477223759989306],[76.50667635117226,9.476921971157612],[76.50559383004962,9.475608872455835],[76.50609622014781,9.470211313395229],[76.50533279008816,9.46689866858414],[76.50328806934489,9.46417015198539],[76.50039958677054,9.461223821153395],[76.4985186007251,9.455171851306867],[76.49819116585425,9.453166059513185],[76.49696150778374,9.45200950694215],[76.49753081399622,9.447839035911912],[76.49683016626696,9.445834820220705],[76.49496403991078,9.443840094298524],[76.49521919545981,9.441777620020943],[76.4972253097259,9.439291741939158],[76.50227040605115,9.43949173479459],[76.50245913115127,9.437863460170059],[76.50807198632042,9.43775809293133],[76.51107835728523,9.436036341584865],[76.50711572918205,9.431401599381136],[76.50415604085585,9.429185583038413],[76.50584619042681,9.428400772875372],[76.50633969297272,9.425672770729923],[76.50513863993015,9.42480541064485],[76.50513577566899,9.423096620844657],[76.5064464182597,9.422996062568483],[76.50757790412882,9.41831233701794],[76.50651611146326,9.418063705256014],[76.506674436109,9.414679326821744],[76.50562374323361,9.411720472406605],[76.50690195586262,9.407293815592968],[76.50553447107394,9.404774888055233],[76.50661019865396,9.40300493908486],[76.5104787828999,9.401776909808266],[76.51325513247065,9.400225301994293],[76.51208182448296,9.398119409399733],[76.51082656294419,9.391175213429884],[76.51353037172822,9.390645302814335],[76.51408242576349,9.389885697815435],[76.51238660381777,9.38720321160598],[76.51160265788974,9.384878409422909],[76.51205403053545,9.381887160354742],[76.51006661296093,9.381646399744989],[76.50889754170655,9.376664562632579],[76.50937086748976,9.375073566436136],[76.51246374117775,9.372433825715671],[76.51404315855721,9.37226021433826],[76.51378140188774,9.36927283674844],[76.51783177711356,9.368604486998938],[76.52336833385817,9.367083465971291],[76.52326921126011,9.365086610332968],[76.52086474780673,9.364789621762348],[76.51744577280542,9.365663234471405],[76.51553605964726,9.364587364737398],[76.51473608724561,9.362184857914567],[76.51569004839804,9.359635668454464],[76.51576812768872,9.35560743316182],[76.51641035739067,9.352908177436374],[76.51414053132399,9.352874787344133],[76.51171121370515,9.354193926593203],[76.50825581820884,9.354209775595615],[76.50567554799383,9.351450944571724],[76.50280048215373,9.350210635551914],[76.50039154823847,9.34991338698069],[76.49611586258743,9.34651740055462],[76.48851674635053,9.346690389329996],[76.4824756386329,9.3442111341964],[76.4823830809064,9.342778519160769],[76.47975669781825,9.339484765706763],[76.47786905027812,9.339759335712824],[76.4782214550174,9.338058095088043],[76.47448202291902,9.335516635735859],[76.47550974469006,9.33502688680758],[76.47514341363765,9.333418990127443],[76.47324755129313,9.33172706134664],[76.47359541545197,9.328954396858027],[76.47457737536627,9.327607728349035],[76.4785154030284,9.32759134819147],[76.48025033906055,9.328122118285416],[76.48538023767769,9.32828157324158],[76.4873740394191,9.327951362119757],[76.49014298000826,9.326652246975398],[76.49149011721931,9.326646615171278],[76.49258034775887,9.32484317004981],[76.5001769783827,9.322089442302701],[76.51414710387185,9.324887363593525],[76.51862077892832,9.325921598401793],[76.52195106899863,9.325672326681158],[76.52660241231662,9.324651058174938],[76.52768720808362,9.325023863840299],[76.52987864764685,9.327668050562695],[76.53146554687781,9.32838229655805],[76.5324125112123,9.324281409442966],[76.53421827856036,9.32198056106488],[76.53608422492951,9.320932721229026],[76.54084674933624,9.32144557816738],[76.54588155234157,9.324335033709197],[76.54969905381414,9.323640339448762],[76.55205380219866,9.327160673747079],[76.55319168757518,9.330792547890354],[76.55272481211804,9.334302597961562],[76.55445090654604,9.335608269960531],[76.55599981760122,9.338252797776622],[76.55586515734736,9.339955397876356],[76.55944937802643,9.342747943265913],[76.55824391999337,9.343724151923002],[76.55417507864384,9.34472745629785],[76.55125411135698,9.346496526724327],[76.54932896506166,9.349070326919643],[76.54997678357282,9.350446276600891],[76.5529039641217,9.351633716043752],[76.55454645021368,9.350089006190569],[76.55656342786551,9.349621890975406],[76.5593295265821,9.3503872882068],[76.56065681289073,9.352056295730327],[76.56275660815639,9.353446171137572],[76.56481413044497,9.352496833749505],[76.56641973630836,9.355321854280033],[76.5721467721014,9.355124746753313],[76.57384047525785,9.353234459509766],[76.57912302162957,9.35288778012848],[76.57964999865808,9.352168911255035],[76.57883082810862,9.350158645719349],[76.58119092356523,9.346678647827739],[76.5824467409744,9.348630447687478],[76.58479613393112,9.347831167641724],[76.58685943113878,9.351196474391752],[76.59056574271935,9.350549296635023],[76.59267439252336,9.351859841718573],[76.59573123888782,9.351495798020784],[76.5948247693855,9.349834062179577],[76.59678598897136,9.348657582350146],[76.5964019897041,9.347381358327912],[76.5977569027963,9.345591926794096],[76.6007317773506,9.346440145970687],[76.6026357607602,9.343608089441279],[76.60461307216549,9.34456198670044],[76.6069063282247,9.34394889264789],[76.60709719243377,9.3428917541541],[76.60916146315577,9.341481096150506],[76.61195936446315,9.342743125480855],[76.61523915634933,9.340277528985883],[76.61665411425612,9.340827714260232],[76.6197165909669,9.338770605247461],[76.62192505327752,9.338046252897556],[76.62551399233838,9.337659151253073],[76.62747654124432,9.336575875109743],[76.62841426375087,9.33711023273296],[76.6280494786864,9.34161785924296],[76.63528960770597,9.341560655525944],[76.64097787870529,9.340474427920924],[76.64181237869849,9.338919795750378],[76.64014008422939,9.33626914073482],[76.64019105102109,9.334741648207087],[76.64167378890822,9.332578337074263],[76.63950719470901,9.330102360920444],[76.6392923825134,9.329029754237729],[76.63577639772123,9.32737335345796],[76.63498700563267,9.326432195824223],[76.63899391217971,9.325325931722071],[76.63980776411069,9.322846318906382],[76.64085527976414,9.322935419734788],[76.6417795912052,9.3206054560548],[76.6409576254274,9.318536573412423],[76.64186750692872,9.317787777292327],[76.64172838163867,9.316055489180865],[76.64378517336957,9.314729067521586],[76.64430036114337,9.309910211037195],[76.64595854386164,9.30882442837762],[76.647211945086,9.309251471777781],[76.65130668436669,9.307732905000599],[76.65017182142151,9.30385510330192],[76.6505300461298,9.296896529959973],[76.65126950723167,9.296303219284331],[76.65309672861024,9.29198909357024],[76.65563763083873,9.290426899411976],[76.6590624855837,9.289859506522681],[76.66000293255524,9.290914380131516],[76.66356065161088,9.29158344626636],[76.66935582745485,9.289246491322901],[76.6734595828643,9.291033168079917],[76.67506077396796,9.2899611283136],[76.67389608994127,9.28699880068865],[76.67691272202882,9.282294161206481],[76.68099709050247,9.279009463699188],[76.67701078729932,9.270078743125895],[76.66614583832376,9.26872967345351],[76.66375983684011,9.26915921086117],[76.66196680309172,9.26876589818321],[76.66409044844667,9.265751833666211],[76.65899732340891,9.264801203587716],[76.65597258392384,9.2637525749857],[76.65447805075245,9.259877650136731],[76.65767469232017,9.257151891947652],[76.65752073795518,9.252442348053117],[76.65848210018515,9.248844272995576],[76.65719599554215,9.247227327515018],[76.65800553470146,9.246183921504905],[76.65771961947294,9.24415003019781],[76.65847793403738,9.243288368372513],[76.65685983104842,9.240534175733607],[76.65554143923366,9.240739162974675],[76.65425708502927,9.239474829132869],[76.6546832008605,9.237203674113006],[76.65355883041778,9.23609684467891],[76.6490215165201,9.234842949017837],[76.64706753340245,9.23632553156148],[76.64301478778141,9.233600226552438],[76.63970235304426,9.23279761733969],[76.6398669888081,9.230771238920479],[76.64103855448896,9.228320301842984],[76.64285707142935,9.22704176982597],[76.64534474881665,9.222907796924012],[76.646652995126,9.219547632880683],[76.64585440597719,9.214104186319279],[76.64700279113468,9.206662845922464],[76.65327602803606,9.202692332451852],[76.65693070270127,9.204036230822615],[76.65924962215585,9.202800509861671],[76.66144418796434,9.200272536446802],[76.6683656298993,9.198794010050552],[76.67299223557023,9.193967508607876],[76.6760679177865,9.19312599723055],[76.6764197191065,9.190538715096404],[76.67842845745356,9.186930495862505],[76.67843856440611,9.18238345283798],[76.6801005858126,9.180682061264335],[76.68119048234679,9.181223222269276],[76.6829348382572,9.17966579112788],[76.68705419517678,9.18013568790405],[76.68816392489016,9.179839333325317],[76.69049606263775,9.176518740576926],[76.68829660880074,9.17226531423924],[76.68713099950371,9.17094734347512],[76.68729350709421,9.169072974843203],[76.68638399225134,9.168983149499747],[76.67953289567404,9.173852208569034],[76.67863691201465,9.170629776838004],[76.67544420542411,9.169772124245155],[76.67317910471083,9.166885051667077],[76.6716702755724,9.162317435154984],[76.67274647903358,9.157064311243337],[76.67404734238082,9.153152643092577],[76.6702346687086,9.151981366632016],[76.66547065810462,9.149652715031726],[76.66272167670466,9.150266511789873],[76.66194817056945,9.149234917110665],[76.65266725186132,9.151790732886797],[76.65032056969146,9.149889242955213],[76.64818223879118,9.150771381094762],[76.64649884079516,9.149685150549205],[76.64160254916754,9.150227196304126],[76.63970463340364,9.149991692434703],[76.63719234868526,9.148401946767926],[76.63596605837208,9.14309226820333],[76.63399559505461,9.14104381734837],[76.63430062903059,9.139958043838908],[76.63322358271375,9.138159253381975],[76.63004566107247,9.138471856844747],[76.62731926355549,9.137064686021173],[76.62488101333945,9.138002321087434],[76.62264973874854,9.137438139788982],[76.61937068691537,9.135513492527865],[76.61997170589308,9.13466553756326],[76.61851332318635,9.134011978320334],[76.61640729557399,9.131960003669898],[76.61640185313681,9.13075764641362],[76.61491571439196,9.130000267383998],[76.60994463967647,9.130076556340287],[76.60699201186925,9.129050283467496],[76.59906571382623,9.131299984348251],[76.59538547707854,9.131913065840275],[76.59197500269119,9.131358174263621],[76.58827054133468,9.128845185974633],[76.58940411968119,9.127020729052205],[76.58883468461012,9.122706046137882],[76.58808994157103,9.121945351565026],[76.58476253521827,9.12135859408187],[76.58356932631617,9.1189588856258],[76.58432752052903,9.116577741473451],[76.57968768578375,9.117474932387626],[76.57803042590494,9.115018399224049],[76.575068933743,9.116975082498218],[76.57146773301785,9.116167863513889],[76.57098870181638,9.113765012399691],[76.56805793253196,9.111291245227083],[76.56412737037907,9.111091228308835],[76.55859905825,9.109528165006358],[76.5541676697223,9.11025690114917],[76.55117506297309,9.110296860365034],[76.54918594725537,9.114161394293706],[76.54861913237569,9.116677215250345],[76.54865924428724,9.11963808563225],[76.54743410009522,9.122428026680986],[76.54643396587221,9.126790203098777],[76.54423673488884,9.126718177642019],[76.5436963333394,9.129016955403422],[76.54164129865568,9.130282455283737],[76.54241568339879,9.131617233738385],[76.54207257156067,9.135595020300112],[76.53909489594935,9.134714410368916],[76.5361660699761,9.134817245836537],[76.5291143471314,9.134494427313326],[76.526498189315,9.135414055539197],[76.52344604068935,9.135413346219442],[76.52075316226279,9.136464375409066],[76.5173973942988,9.137037581686421],[76.51040541955517,9.136575391215967],[76.50661365974553,9.13485064919003],[76.50213669881407,9.13457990964429],[76.50601143437584,9.124663433888468],[76.4988872620845,9.12438994213627],[76.49581394251346,9.124741647948639],[76.49053124753141,9.124302246847119],[76.48705666100307,9.125519024415109],[76.48501032387135,9.125649446878873],[76.48167933804822,9.12421184405475],[76.47723821440522,9.124894520151186],[76.47553748152608,9.127229651279666],[76.47229156035674,9.128775319898155],[76.46954663218868,9.127140845785735],[76.46742919062311,9.128813070095655],[76.46611807514572,9.126848323498237],[76.4641662818627,9.130572479311702],[76.46129718632876,9.134492724797822],[76.45919292434905,9.135541385293775],[76.45874981698678,9.136631532905696],[76.46134509728606,9.13807287431315],[76.46058340871224,9.140806934646557],[76.4529359163949,9.15680130657454],[76.44817676722677,9.167403503246188],[76.44428737493762,9.17514303796419],[76.44117052923653,9.182280330451395],[76.43756694423254,9.18951757013356],[76.43171891965348,9.203429958617244],[76.42713958329398,9.213163717298702],[76.42428973201604,9.219645048423574],[76.4161713721805,9.237505278249207],[76.41523915840445,9.239021782973047],[76.40938855702791,9.252056741746102],[76.40746783237813,9.255747780875957],[76.40517613656714,9.261378499094597],[76.39958796525866,9.273635529597726],[76.39643824255539,9.281382784237653],[76.39353134556154,9.28657107894562],[76.38964922365024,9.29477111319571],[76.38840004460951,9.296924267597648],[76.38454048375904,9.305219222715307],[76.38246531385717,9.306834927313094],[76.38159461138511,9.308328018249917],[76.38150916831407,9.311631987947312],[76.38091561933119,9.313132176742068],[76.37806172716671,9.31622777479769],[76.37703449563698,9.318405704900291],[76.37794412057924,9.320770894620319],[76.35842671070513,9.36357865333592],[76.35154298246832,9.377939776190379],[76.34923634361985,9.38394538812977],[76.34746921247248,9.387753414516839],[76.33865838003793,9.412219187294923],[76.3341366342409,9.42588450586483],[76.33245556683354,9.431767605178074],[76.33036181570212,9.437502326184031],[76.32295377786902,9.465843428131583],[76.31413841460737,9.505318371058326],[76.30836742666095,9.534536795811075],[76.30667355757383,9.546075636134344],[76.30474908196346,9.555816298918282],[76.30104212616062,9.580405258705072],[76.29939335996015,9.595263633052326],[76.29851042416972,9.597303412413961],[76.29515944302727,9.618871167311674],[76.29395690381254,9.622288230513593],[76.2955908402359,9.623572341087504],[76.2955579641659,9.624812946451792],[76.2926335943477,9.651222676671969],[76.29052375053472,9.667860802540067],[76.29029527987063,9.677600310499452],[76.28942292904908,9.685384627928187],[76.28834879024102,9.697373046841504],[76.28706577783042,9.70691569514527],[76.28556998978154,9.726765311782719],[76.28483034240341,9.732018022818341],[76.28393899326352,9.741226249487157],[76.28282727920266,9.750832089012945],[76.28055473731847,9.765575357243007],[76.27720536114771,9.789096072365181],[76.27943560223002,9.789336343152563],[76.28379996829496,9.791146993644094],[76.28412777398877,9.793911734502288],[76.28368414360037,9.797015889065564],[76.28193737339286,9.800080642831974],[76.28235371893575,9.804781825149314],[76.2900817148689,9.809786566053432],[76.28699042551702,9.818378054435271],[76.28385365433036,9.818901173361024],[76.28212946272171,9.821099084757652],[76.28080476327537,9.828977869504898],[76.28394631775589,9.83918119795058],[76.28579725486269,9.849436814843768],[76.2908354874947,9.850779857705007],[76.29553515495888,9.851101916999736],[76.29713037050966,9.852205345287906],[76.29742628871945,9.853520908883056],[76.29536802272165,9.864668705132566],[76.29458243735516,9.870038357681482],[76.29359216956003,9.87441894834449],[76.29372776393329,9.878826110727239],[76.2928631334282,9.88253164379156],[76.2923290425606,9.889763772158481],[76.29253040472221,9.890619881201241],[76.29575863354378,9.891657727446772],[76.30142718131941,9.891386689762406],[76.30448572665452,9.889010235022893],[76.30840955195262,9.885211914207769],[76.33243916399427,9.877886982339644],[76.33974219380919,9.878982128592968],[76.3512966833364,9.882859627280817],[76.35321508892706,9.884011236852272],[76.3541115171974,9.883136400004162],[76.36113784549721,9.874343863746297],[76.3691964773093,9.860265421817914],[76.37010431542562,9.85721468566613],[76.36919328736035,9.852048778672215],[76.36958409980798,9.842568606796675],[76.37276771475622,9.836908688462978]]]]}},{"type":"Feature","properties":{"id":"32-300","name":"Ernakulam","source_name":"Ernakulam","state_id":"32","source_agency":"Survey of India (SOI)","district_code":"555"},"geometry":{"type":"MultiPolygon","coordinates":[[[[76.90066793396382,10.25173088287149],[76.90131089344499,10.250421177295353],[76.90325403069282,10.251083237495891],[76.90470905815974,10.247178858737685],[76.90428590111202,10.242779231372175],[76.90248689125728,10.239504053100372],[76.90489601531937,10.239512545503677],[76.90715109575797,10.240462027195994],[76.90915469674361,10.239026586830391],[76.90938796307027,10.236069401996252],[76.91034433361368,10.235019810487131],[76.91804262789704,10.232167835189125],[76.92182561520838,10.231517314798536],[76.92588269651041,10.232437923043067],[76.93155882800178,10.235522766946051],[76.93471325018945,10.235797761307845],[76.93752701819731,10.237828343164038],[76.93954517208563,10.238082982218677],[76.94398991746992,10.235959417720457],[76.94701833486347,10.236151481553533],[76.9488041473236,10.232355755368127],[76.95198266684606,10.231346918426427],[76.95343011920473,10.231541593498598],[76.95502875711273,10.233330795085246],[76.95849666285103,10.23339583894097],[76.9609050700089,10.232554264662728],[76.96478658070374,10.230144551226328],[76.96709555733337,10.230212003982787],[76.97058729627484,10.228975195364717],[76.97220175325499,10.227406189998277],[76.97294274945106,10.224753298648407],[76.97592519624891,10.224549940548915],[76.97787317875121,10.223046729929653],[76.98013994070972,10.222942595731054],[76.98193870862322,10.219465257986682],[76.98351349354444,10.219586722318445],[76.9831001044645,10.221342792599698],[76.98401324496008,10.22219588350114],[76.98626878802092,10.222480437901194],[76.99016618832958,10.224883546368062],[76.99007621172086,10.22728843609532],[76.9918422165327,10.22807757089064],[76.99280962879433,10.229572086648608],[76.99559248622217,10.230278107689676],[76.99846215387512,10.229546456432242],[76.99890359886344,10.231584959793798],[77.000653802135,10.233800935334303],[77.00318197573621,10.234335270203474],[77.0052887597488,10.23888813402811],[77.00918095658139,10.240860540871871],[77.01096079256781,10.241109782137329],[77.01240650591124,10.243940086232564],[77.01628057188725,10.246174463094595],[77.01876320693347,10.246505341284914],[77.02240448438984,10.248721506214988],[77.02650313110622,10.250569305053629],[77.03055779601323,10.251429159679951],[77.03114815390668,10.252035298951569],[77.03955941771547,10.25280610721688],[77.04131628874498,10.253742221354283],[77.04350628718812,10.256803158974119],[77.04835277656568,10.259353922720043],[77.05044257031018,10.261777367448945],[77.05340089692507,10.258419337928382],[77.05627739907379,10.253103870183843],[77.06050890666728,10.250119060026009],[77.06143602225025,10.248335978200473],[77.06198577304936,10.245251555868073],[77.06113945177316,10.2413737030661],[77.05870353813323,10.236605204597293],[77.05461620374568,10.233885857421507],[77.0515915464737,10.23357810805121],[77.04976990473767,10.234888358230805],[77.04778604276855,10.235092297249052],[77.03691169211197,10.23155743744145],[77.03112032024583,10.23045631745455],[77.02432538101043,10.230007976232612],[77.02025497436813,10.22943259064114],[77.01701981725975,10.22740406226886],[77.01467787483412,10.224107524554988],[77.01514472781257,10.222524267256292],[77.01949681472954,10.21569198058362],[77.02181178178772,10.214453814088499],[77.02848828124837,10.211713813254173],[77.03325974679288,10.20838240695246],[77.03821329571724,10.208118031417476],[77.04797855961543,10.208443563914326],[77.0512227829781,10.210042545010193],[77.05229549922943,10.21196408877895],[77.06266899213693,10.212791359430817],[77.06529908271264,10.211252674998038],[77.06773676419773,10.207646092151048],[77.06837979974098,10.205924682669222],[77.06864757533188,10.202009171916092],[77.06797906598273,10.198503275488765],[77.06956436539026,10.19663674549785],[77.08095372663466,10.19319510584286],[77.08227105433608,10.192303185780705],[77.08306914089547,10.189623991715013],[77.08667689156572,10.185654643198104],[77.08886075475677,10.18471917549208],[77.0873162548819,10.181685773039138],[77.08365327646798,10.176464883437658],[77.0821954781484,10.175209801110423],[77.07988108213047,10.174943658184166],[77.07581006261681,10.175997547534266],[77.07166765071555,10.17597358060431],[77.06847293419551,10.174988880233485],[77.06364984586052,10.171677197718692],[77.06309572559054,10.171937530229968],[77.0622586969216,10.176453402312756],[77.05901114196047,10.177979036832209],[77.05591038250971,10.178404966648957],[77.04879849681454,10.17844135467064],[77.04289340157639,10.1769709862042],[77.03669369271783,10.17482038660282],[77.0320750944292,10.173927712999125],[77.03063791442419,10.174632824505297],[77.03048623024483,10.178856585225189],[77.02874124788359,10.179494008287529],[77.02459613329471,10.179591133399953],[77.02004535450699,10.177939224834823],[77.01540465517212,10.17566168378051],[77.007982431108,10.172871584876008],[77.00352975004272,10.170021198627676],[77.00163202414912,10.167874891964779],[77.00185314582203,10.164595182300532],[77.00095768347376,10.16310613684264],[76.99843567186586,10.162501620457551],[76.99435679524261,10.162415478662094],[76.98861811363474,10.160250724656683],[76.98573012141658,10.16350577748799],[76.98290187823234,10.164951046688202],[76.98028459480332,10.16475586953703],[76.97228604247474,10.162029279903587],[76.96822226898267,10.161769103881149],[76.96298596854506,10.16221078052083],[76.9549920825741,10.16747996191571],[76.95268267781259,10.169847080413051],[76.94470156348224,10.171278463018178],[76.93889035575658,10.172803493660231],[76.93045603340742,10.17746707106052],[76.92755017712939,10.178220879073985],[76.9258368396223,10.17773540235357],[76.91390716245587,10.1661493770074],[76.91268295046905,10.161697381976147],[76.9104700862623,10.157756425221837],[76.90590713071194,10.152516197257807],[76.90482059671608,10.148898506493406],[76.90554728940937,10.145611302313243],[76.9047132534695,10.142601901290675],[76.9016956929875,10.138576624798116],[76.89737651822117,10.134589906596485],[76.8931810725067,10.128042503332615],[76.88773598344386,10.118714704103976],[76.87961261274103,10.10923335119556],[76.87328869431038,10.103500678522906],[76.86640746654417,10.094573647292842],[76.86335697629767,10.088258678607392],[76.86324354730938,10.08130808348898],[76.86440358214254,10.077463733503915],[76.86471262976887,10.073497459139848],[76.86232998150439,10.073117763550682],[76.85300063712984,10.076550931762876],[76.84717595855695,10.07776230338793],[76.84483521942495,10.07858537010725],[76.84142747565437,10.080828114765097],[76.84000153347381,10.081084586449993],[76.8378160384976,10.083334084826175],[76.83688563091931,10.083330195637064],[76.83353121368722,10.08533529917185],[76.82681284617455,10.088485722968313],[76.82266485667454,10.086452126714818],[76.81807683046152,10.085372121729174],[76.81602330036964,10.083803940238411],[76.81469357151626,10.081718590530954],[76.81564338758957,10.078673189459902],[76.8166705341756,10.070437573015056],[76.8189618673574,10.067547238342202],[76.82198763756095,10.065052209924756],[76.8228039583601,10.063638811071423],[76.82226951945903,10.062345597261949],[76.8192251708503,10.06270582435451],[76.81667374694182,10.06230851165234],[76.80895236001736,10.06268386883667],[76.80890450675894,10.061591434790676],[76.81123923857568,10.059109245535929],[76.80998113337556,10.057872387231136],[76.80426752104646,10.057621495122904],[76.80134262126408,10.05940018147627],[76.80077040456345,10.06177148427696],[76.80460228218485,10.064423988170265],[76.80351999855117,10.06572422717211],[76.79957161074883,10.063781008518147],[76.79807182949497,10.063614782894808],[76.79337510998685,10.064692754650759],[76.79155746067256,10.063741175012112],[76.78343225921313,10.065630791662501],[76.78182768513746,10.06734791759458],[76.7775781389214,10.066499930064944],[76.76909742538996,10.06602933817317],[76.77200623396844,10.06325068804364],[76.77425263758812,10.062266139538748],[76.77474772862988,10.059546283204005],[76.7769844062238,10.059838065925238],[76.78073686633269,10.058855151772475],[76.78238022674445,10.057490321523826],[76.7865437411171,10.050973980689182],[76.78554882705208,10.049456090019964],[76.78817181584104,10.046702863702128],[76.79399313593952,10.043832920552155],[76.79598819882446,10.041770052688356],[76.79961117528167,10.040507439038185],[76.80112211011128,10.040793084279995],[76.80477406188817,10.039837565955658],[76.8079914868466,10.037004210816718],[76.80921737661689,10.03522567313199],[76.81335102812602,10.03563705612516],[76.8168711698329,10.034786101094541],[76.82506022795823,10.028946736085611],[76.82721245658954,10.028125842050212],[76.83158815333682,10.025380763173333],[76.83638942773378,10.02533616591874],[76.8394229666932,10.02428757931766],[76.83645890724867,10.022284945996512],[76.83180881661978,10.015124089524365],[76.83061656794779,10.012313731893592],[76.82674223761236,10.01256107238772],[76.82327307681933,10.013511166835553],[76.81625919928541,10.017418564547272],[76.81302562017169,10.019754906428636],[76.81015626516799,10.021180804693655],[76.80734962748024,10.023230033732798],[76.80556629120511,10.025612629764622],[76.80189602770632,10.026527458689994],[76.7972140904578,10.02920605228884],[76.79402172700243,10.029141977898655],[76.79098264453069,10.032900883310484],[76.78580692302285,10.033719772119563],[76.78307962292064,10.035316363702032],[76.77426988613108,10.023657018382899],[76.76415919476429,10.009915913790703],[76.7672911396647,10.003901345690586],[76.76688241302269,10.002060594816214],[76.76710181407263,9.998396982831586],[76.76591337796846,9.996174940237564],[76.76735815089845,9.996054323565138],[76.76695972567236,9.994890244602386],[76.7686852710561,9.995256248753314],[76.7698879683034,9.994232861745674],[76.76874093806829,9.992064866495486],[76.76754500249596,9.992665617618465],[76.76442145319672,9.9926031050367],[76.76293590963876,9.990233388452012],[76.76469269576597,9.98879127978155],[76.75968940205578,9.99105516222094],[76.76209012918136,9.987268283654354],[76.76511670234142,9.983717640592067],[76.76580274540594,9.980721823138078],[76.7639674003252,9.981120219529615],[76.7609589181596,9.98294866599456],[76.75969083325047,9.98452825351052],[76.75525667998153,9.987489651329767],[76.75386740515505,9.987745620887098],[76.74539347643451,9.990922729604838],[76.74218100851131,9.989211959037199],[76.7376254026356,9.985178287366518],[76.73433109230193,9.983717360860396],[76.73099142546144,9.983111668021905],[76.72568110644264,9.983115368182043],[76.72284760142412,9.981513680076679],[76.72141904822135,9.981757785665184],[76.71820337648039,9.984529675881031],[76.71628530035602,9.984996539859672],[76.7160461882646,9.9825591146041],[76.7148332369186,9.982533681770267],[76.711916965069,9.979055020432387],[76.71170113278922,9.976038058542933],[76.71232305707767,9.972884116506656],[76.7137008643992,9.971276824308648],[76.71562947718377,9.970349258016547],[76.71619242380824,9.967254392166524],[76.71502765995919,9.965135754524514],[76.71667004168731,9.964413101990164],[76.71870695663924,9.96068232659493],[76.72066151300434,9.958638103847992],[76.72435039746891,9.9569012681177],[76.72197817911442,9.952278944501417],[76.72098093381612,9.952389262469898],[76.71926637863993,9.950590093115649],[76.71774736543242,9.953034246823139],[76.71679007846797,9.952180348552568],[76.71604339080298,9.953246346748958],[76.7128903669503,9.951856749060996],[76.71177927292045,9.949484949300421],[76.71309276503733,9.946965012262373],[76.7150234572341,9.945635290798709],[76.71379363148476,9.94234638587568],[76.71094699329497,9.944625575494596],[76.71044276890234,9.942336405115963],[76.70916424997057,9.941081886855208],[76.70754422862939,9.940773743349222],[76.70467632050202,9.938953126049334],[76.70391515267734,9.93545848220719],[76.7019128490626,9.933515940014253],[76.69980421559906,9.928626817044039],[76.69874323511688,9.92974865526745],[76.69608757750207,9.930164466625431],[76.69416315931991,9.931810466551534],[76.69306447866948,9.931815987661935],[76.69125969183295,9.929244166318314],[76.69055205262276,9.92638188022583],[76.6867911392916,9.925510376288443],[76.68471427387483,9.922770284032739],[76.69067292287936,9.921508559699404],[76.69363789753238,9.920083325762054],[76.69322476964125,9.917766605797516],[76.69534155948824,9.914514977991862],[76.69830447767964,9.917139755163316],[76.6990591349295,9.91850999752585],[76.70089186460332,9.915002136385068],[76.69869508553553,9.915099178362793],[76.69808249340831,9.913872788887266],[76.69890322694694,9.910370074769643],[76.69537380812466,9.907476938544955],[76.6924642032369,9.906338997491677],[76.68890254168653,9.906958083477292],[76.68622108185845,9.908535565678545],[76.68386770986963,9.909193719373823],[76.68120659318973,9.911195890940935],[76.6805228883192,9.913007412830963],[76.68089707359314,9.916210378400029],[76.67700407281782,9.915782338043554],[76.67305368097911,9.917971787534253],[76.67109768084991,9.9179092276681],[76.66781306859599,9.916546891423067],[76.66318435149692,9.91531773796976],[76.66071373264157,9.915357154485626],[76.65901070356779,9.91625937237215],[76.65718643243686,9.919113843909079],[76.65609733234716,9.918851923261926],[76.65469735868182,9.917016430167456],[76.651323606155,9.917720534319148],[76.65096829890291,9.918694884147849],[76.64837083224027,9.920389918909477],[76.64438673142678,9.918873761904988],[76.64071941248898,9.916678408005751],[76.63393191773712,9.916424271588864],[76.63133614391735,9.915126040307644],[76.62903541982067,9.912646520818642],[76.62858221464938,9.911346939392327],[76.62997306544611,9.91049936837515],[76.63128374068408,9.904517153778434],[76.62996033659948,9.903316739047241],[76.62917822403573,9.900929231234114],[76.62763484645588,9.900416905321705],[76.62922891236134,9.897353446822956],[76.63056622547604,9.892139569156068],[76.62989467001094,9.889069019570444],[76.63123330733599,9.884144446754295],[76.6354674888189,9.884038066661159],[76.6350687962415,9.880844153850752],[76.63564879683045,9.873681182585452],[76.63266618528195,9.87336120187871],[76.6318347605431,9.872054306248758],[76.63247489440916,9.868760412473875],[76.63267281705268,9.864523921570695],[76.63463842181304,9.86382281524321],[76.63237366021029,9.862079926431807],[76.63153914068363,9.859222607441449],[76.63210647162087,9.8568828435461],[76.62872361185575,9.85526146142061],[76.62380463593146,9.857442775460836],[76.62263342896665,9.856553373116993],[76.61956475141294,9.856437436126484],[76.61744242249402,9.855719477825616],[76.6158505246353,9.851744617835278],[76.61222932446742,9.85222757717241],[76.61092304504847,9.853553719890094],[76.61028626429224,9.851007337095012],[76.60924579875324,9.850745524705777],[76.60927005768848,9.848227605603286],[76.6142251743097,9.842729875882961],[76.6161173724861,9.840062822331548],[76.61697539953428,9.837504749351888],[76.61422948006674,9.837052240426214],[76.61276945912702,9.838618744253877],[76.61122627768836,9.838065633038216],[76.60957179874177,9.841820872261474],[76.6078970058213,9.841399342774196],[76.60805778845722,9.839771319424274],[76.60558123865465,9.839416940984318],[76.60174434065613,9.844778210606027],[76.59888594240145,9.845121679600036],[76.5957707414705,9.844675360328246],[76.59470968256933,9.845805976875146],[76.592466410617,9.845653777644392],[76.59279057407402,9.843857640179047],[76.59159047828061,9.844527851720486],[76.59093364982495,9.843459566254724],[76.59141799818681,9.840871679990876],[76.5889568539722,9.843744601153142],[76.58676261416785,9.841431496133534],[76.58325849575749,9.84161518470458],[76.57963642417994,9.84256651248443],[76.58162518037501,9.836478572581678],[76.58008400278042,9.835391852431432],[76.57998694869245,9.829353031846303],[76.58117803676743,9.826793441921918],[76.58100312984472,9.824506957023422],[76.5800175616842,9.821392448825536],[76.57777195858239,9.820706768021529],[76.57615773762102,9.81858970527431],[76.57505467746985,9.818558638051458],[76.57169106435626,9.821431174606516],[76.56772095073394,9.823275877438373],[76.56541264490887,9.822820923936929],[76.565307046697,9.821695823555611],[76.5637323618529,9.821201364645049],[76.5630906821929,9.819445849648902],[76.56135246107259,9.820055083375594],[76.56060845929112,9.817866056224828],[76.5578462451035,9.813900824327288],[76.5587664672363,9.809914014865768],[76.55695039516414,9.808462265670547],[76.55627758374347,9.806869631969374],[76.55676029909654,9.802889441821739],[76.55531496996227,9.800949544772296],[76.54917148376795,9.800740791053538],[76.54718493286353,9.798887398288091],[76.54567724904976,9.80003344239971],[76.54600630770499,9.80318721731184],[76.54329753969357,9.803818870265077],[76.54189820623434,9.805737340058105],[76.54164987882972,9.808224800670233],[76.54401734642171,9.812607925174543],[76.53875708537167,9.81340941223383],[76.53905117936496,9.820853267626282],[76.53266537118627,9.82371214740117],[76.5282951201211,9.824816798649728],[76.52496057018871,9.825193445170207],[76.52433969725729,9.825973822721581],[76.52250594397914,9.824639475376534],[76.52156384938513,9.822934941438753],[76.5202058740581,9.8229952521254],[76.51862432215371,9.829982062343829],[76.51769844239618,9.832829660900197],[76.51890043129161,9.833547528123116],[76.51750766137314,9.836966842366909],[76.51429429581259,9.840963789327319],[76.51378681581335,9.843628697541423],[76.51471472591219,9.845224686627422],[76.51423837806622,9.847704183357626],[76.51231011330324,9.847663126809193],[76.50877409143983,9.849903035151044],[76.50539196348362,9.850899136117993],[76.50439176844017,9.849456955689568],[76.502726506234,9.850137920705777],[76.49917996604736,9.850049767093848],[76.4987945790481,9.85144570720811],[76.49359727884305,9.84948112400708],[76.49198364508477,9.849513377724843],[76.48980415972336,9.847728462349325],[76.48575120097402,9.846007619386063],[76.48275526974429,9.842853102498054],[76.48089560841963,9.843206252178291],[76.48011649480992,9.844305044418364],[76.48100151088684,9.846379690055858],[76.4794516280284,9.846348543964755],[76.47763674780893,9.844070667430843],[76.47360192212086,9.841694090427067],[76.47353826413534,9.842277253767612],[76.46275906421783,9.846448183326878],[76.45762687265773,9.847683551759774],[76.45385539818756,9.841536525631371],[76.44947935267312,9.840931802803182],[76.44825723976876,9.838838988686181],[76.44741790651163,9.835819463317268],[76.44437716328918,9.833826496145083],[76.44282273408706,9.833365736329789],[76.43505490476886,9.829316775200304],[76.43179541532828,9.826858114456817],[76.42875490262821,9.82525376167144],[76.42122936639846,9.823424059976453],[76.41933792850753,9.82483019511922],[76.41747806804146,9.823397467106735],[76.4141050449577,9.82242138100812],[76.41299319396569,9.825292087097306],[76.41113386764641,9.828153829629079],[76.40804335801502,9.827430829733348],[76.4063251954763,9.830152391112808],[76.40356306595844,9.830473617850176],[76.39577313544447,9.829863926138335],[76.39392722237922,9.83131515871834],[76.3913430607758,9.836916260687872],[76.38864941746986,9.843873573882854],[76.38675315516251,9.844615005792662],[76.38026669747924,9.843069118623932],[76.3752434134044,9.837956417741877],[76.37276771475622,9.836908688462978],[76.36958409980798,9.842568606796675],[76.36919328736035,9.852048778672215],[76.37010431542562,9.85721468566613],[76.3691964773093,9.860265421817914],[76.36113784549721,9.874343863746297],[76.3541115171974,9.883136400004162],[76.35321508892706,9.884011236852272],[76.3512966833364,9.882859627280817],[76.33974219380919,9.878982128592968],[76.33243916399427,9.877886982339644],[76.30840955195262,9.885211914207769],[76.30448572665452,9.889010235022893],[76.30142718131941,9.891386689762406],[76.29575863354378,9.891657727446772],[76.29253040472221,9.890619881201241],[76.2923290425606,9.889763772158481],[76.2928631334282,9.88253164379156],[76.29372776393329,9.878826110727239],[76.29359216956003,9.87441894834449],[76.29458243735516,9.870038357681482],[76.29536802272165,9.864668705132566],[76.29742628871945,9.853520908883056],[76.29713037050966,9.852205345287906],[76.29553515495888,9.851101916999736],[76.2908354874947,9.850779857705007],[76.28579725486269,9.849436814843768],[76.28394631775589,9.83918119795058],[76.28080476327537,9.828977869504898],[76.28212946272171,9.821099084757652],[76.28385365433036,9.818901173361024],[76.28699042551702,9.818378054435271],[76.2900817148689,9.809786566053432],[76.28235371893575,9.804781825149314],[76.28193737339286,9.800080642831974],[76.28368414360037,9.797015889065564],[76.28412777398877,9.793911734502288],[76.28379996829496,9.791146993644094],[76.27943560223002,9.789336343152563],[76.27720536114771,9.789096072365181],[76.27499997812035,9.796486558696552],[76.27343337546374,9.797825854538305],[76.2723936059143,9.800283297229756],[76.27264231911771,9.80139415793792],[76.27458573995675,9.801583191482788],[76.27008354352384,9.82790500755367],[76.26727653220331,9.843358992098599],[76.26352706065532,9.862626743949106],[76.26177381777916,9.870959434741442],[76.26104327155645,9.875381090225622],[76.26083615309928,9.881174599964273],[76.2597281557028,9.884158033038275],[76.25758405245355,9.893629187167713],[76.25242545841667,9.911735070897725],[76.25046077264426,9.919147311252337],[76.24166280746168,9.944672108662065],[76.23930014690889,9.9501209859398],[76.23728721362968,9.956637483844517],[76.2356514780212,9.96046183553841],[76.23502010355344,9.963207770050127],[76.23620628367959,9.965725621533718],[76.23932704945977,9.968847248523996],[76.23942168476235,9.970507400703953],[76.23840977860333,9.971862000529432],[76.2330960421318,9.972550065859314],[76.22711584872329,9.972115127205043],[76.22500848053184,9.972749852220751],[76.2238571693335,9.974100661247544],[76.22234890978162,9.978342959782156],[76.21967141755295,9.989737873364565],[76.2169598232739,10.00237576709696],[76.21089111230985,10.025701788993059],[76.20441658418441,10.048468248160978],[76.20244916517115,10.051941924533793],[76.20103276994531,10.055455166191775],[76.19791134533179,10.067224074837064],[76.19535091237333,10.078278059734405],[76.19212858429208,10.088994456026319],[76.1882701024549,10.104274703369862],[76.18577120991517,10.113474251283819],[76.18464448169496,10.11897283660511],[76.18294118395279,10.125147182276045],[76.17881289948092,10.138861389132881],[76.17153307136955,10.159817665127132],[76.16806028184162,10.16786125244315],[76.16503631406734,10.174231170804713],[76.16225721674101,10.177259870541661],[76.16770054256935,10.181928328287125],[76.16898310421087,10.184500804559686],[76.1761397928949,10.186102688077998],[76.18256284683626,10.189230656334558],[76.18717847825975,10.190999805517299],[76.1915293452836,10.191508374666805],[76.19465445939623,10.191289006942782],[76.19889715392613,10.192164110403585],[76.20348979692297,10.193761731006955],[76.21375589790496,10.193424894615278],[76.21202343728412,10.19747307702614],[76.2116098013989,10.200318301707263],[76.21378475856672,10.201047127462276],[76.21958231375348,10.206328662239015],[76.22323336538342,10.205162138890252],[76.23293766292294,10.20333986934261],[76.23335307055709,10.202180883108866],[76.23536951142522,10.202015091664494],[76.23675451722669,10.203795611572602],[76.23998126412509,10.20268020539602],[76.2418891437817,10.202777001348787],[76.24285049984456,10.204717290659975],[76.24475511261862,10.203977672215363],[76.244534552375,10.202400714384186],[76.24585860513587,10.201396535491599],[76.24956779789412,10.199987626662445],[76.25404769909602,10.201957381353946],[76.25600343115337,10.201434472252602],[76.25595376499925,10.20040389928868],[76.25818016708737,10.200255243512698],[76.25922584330934,10.201593884577672],[76.2614149303409,10.20007091493264],[76.26335868175265,10.20000012372554],[76.26384150346013,10.198605818320827],[76.26303407746724,10.197537504472757],[76.2594449421083,10.196959151360272],[76.26139270780516,10.194415331287011],[76.26082988836394,10.191723111193243],[76.26108647912761,10.18907053571767],[76.266311356391,10.185010942807278],[76.26830186806,10.185251864642032],[76.2704617010981,10.184447823563504],[76.27160840048015,10.182472240418054],[76.27112773157607,10.180941550454815],[76.273439476734,10.179350282811889],[76.27405773291294,10.176449982630317],[76.27318603277077,10.175255314448464],[76.27921291213165,10.173884602078372],[76.28374842468128,10.174987964619433],[76.28565465676543,10.176983277234227],[76.28856285237593,10.177351626634756],[76.29250793583567,10.175722080359906],[76.29506591689861,10.175255382237172],[76.29737337112746,10.176032848994328],[76.29930201189637,10.18015729196961],[76.2993264517626,10.182806421306049],[76.30170184582101,10.184564574066414],[76.31172088328469,10.18163110806962],[76.31139481517401,10.193707655124168],[76.31043182238454,10.198141915736176],[76.31043774377902,10.204745165472982],[76.31345819001069,10.206136200123268],[76.32487481168792,10.20696707089017],[76.32760745859989,10.207851073140288],[76.32945562472423,10.207843537381853],[76.33127775930214,10.209260178093768],[76.33290710370916,10.21259885971876],[76.33496150233277,10.212793963826455],[76.33603088348407,10.215343792704656],[76.3366157877081,10.218795231671418],[76.33649679453869,10.220906968539001],[76.33777897505047,10.225219057875556],[76.34076536505236,10.225645256510772],[76.34026636973181,10.227451121722874],[76.34067393506612,10.229953936922735],[76.33906448534454,10.230335812607244],[76.35110676929177,10.234304983954098],[76.3732792052986,10.241029417797682],[76.3756501120179,10.243571047509343],[76.37923174717211,10.24450323075612],[76.37726338910156,10.249488864365718],[76.37779074014182,10.254292108030953],[76.39026765166685,10.25402203118897],[76.39125605748731,10.254609960906988],[76.38954081535027,10.26318850076177],[76.39228780627751,10.266160387333484],[76.3966176222185,10.26684700536172],[76.40081394571989,10.275558308030742],[76.41303668293224,10.280609050306488],[76.41104675409429,10.287828065091304],[76.41679497641518,10.288182705245994],[76.41501098159237,10.29345684644794],[76.42406422028694,10.290813516547226],[76.42750517226996,10.2886284324209],[76.43002128355056,10.288888596375834],[76.43435651970778,10.291690312922317],[76.43633717128886,10.293634355912099],[76.43814664796633,10.294060313595754],[76.4431106068048,10.29257357568643],[76.44541884948036,10.295275582293131],[76.44701170651105,10.296244960416042],[76.45154933242448,10.295356673299745],[76.45799794277472,10.296141401368752],[76.46504376245208,10.29377693292878],[76.46739687009605,10.293332376867138],[76.47137100502344,10.291035934661988],[76.47279481327183,10.290975252314357],[76.4786446988784,10.292575975511154],[76.4821939415622,10.291203580287752],[76.48558871486108,10.291947475755327],[76.48657942795673,10.292973553493152],[76.49057443219594,10.293226457262042],[76.49308805166356,10.291967200056966],[76.49465937878882,10.290278309552995],[76.49639247057752,10.287069892960425],[76.49896074570997,10.286932623757494],[76.50062674195064,10.287755504203695],[76.50540593073916,10.28879104869529],[76.50825355535805,10.288687385288014],[76.51204171591587,10.28770238526737],[76.51583371196028,10.28750833100004],[76.51976590539418,10.28513934568607],[76.52432462933446,10.284001366505732],[76.5284246802632,10.286183468764905],[76.53234646619407,10.287371923616613],[76.53649777373593,10.287881128728849],[76.54183964121633,10.289175658487945],[76.54453833372789,10.28942952943622],[76.54764431589946,10.288031492736106],[76.5520076045803,10.283341079160405],[76.55328165099468,10.282539399058331],[76.55951009818834,10.284096114642361],[76.56609547798435,10.284887018525787],[76.5693812014532,10.283872151844072],[76.57338625276627,10.284354497522713],[76.57278447502011,10.286337298717354],[76.56772006919485,10.290393927416323],[76.56614050642962,10.292178048566939],[76.56650577138488,10.294043202012848],[76.56949778380317,10.296383767659043],[76.57637858564462,10.30239398332138],[76.57820869578723,10.301444814372651],[76.58085825383459,10.300979846691732],[76.58510186729659,10.298002812903846],[76.58684506123427,10.297935556571021],[76.5896153233337,10.298792871955502],[76.58984769664578,10.292338226846281],[76.59408920402379,10.288059344982601],[76.5981692928644,10.28530450070104],[76.60147842215959,10.282612159870773],[76.60300842994728,10.280109366696474],[76.60635751657706,10.27994360096017],[76.61852166907158,10.28019275016958],[76.61982841137728,10.277788242651493],[76.62104733057207,10.273379488701009],[76.62362943245746,10.274071658447973],[76.62632438300578,10.272738328496708],[76.62886970125025,10.272490455814731],[76.63444790364645,10.272724611354112],[76.63934145522053,10.273847992136307],[76.64160183631861,10.274984688110218],[76.64548482582052,10.280108930901234],[76.64901330717485,10.280235681977455],[76.66157560081945,10.279850544476673],[76.66161885266759,10.276763126045246],[76.6659580087939,10.273097637980309],[76.66911164615867,10.27136828103185],[76.68101611175311,10.26836874738884],[76.68368411186898,10.26803396575473],[76.68788668029983,10.266217728254166],[76.6952891062746,10.26370660852368],[76.69873845689916,10.265293236994166],[76.70429794573718,10.26677378237983],[76.70580657562313,10.269396542155729],[76.71690290188582,10.268985388653835],[76.72436007524145,10.269877023125735],[76.72864128063773,10.269985313009826],[76.7364613049016,10.272158285153763],[76.73860734720716,10.274040675144061],[76.74055099247148,10.273962421118993],[76.74194984390384,10.275238591786607],[76.74551839224158,10.27602396700171],[76.74698242399599,10.277525749599729],[76.75169355053532,10.276975983603489],[76.75239757133146,10.273889620413664],[76.75776625462449,10.26928633686164],[76.75992963017971,10.268501710544307],[76.76448930830777,10.268644234711132],[76.76832427667516,10.268126128545884],[76.77400474421455,10.27040930790641],[76.77402749997754,10.275313265274143],[76.7755319077236,10.275856414988125],[76.78009042418236,10.275777212562318],[76.78293112863652,10.276972944081589],[76.7860955984134,10.276512551449986],[76.78807886337988,10.27699884186281],[76.79265196812433,10.27950919871406],[76.79392790967064,10.279172158963894],[76.79480340798928,10.276631679082469],[76.7965827806737,10.27656761414114],[76.79836904964924,10.277714806699203],[76.80017050122329,10.280733018256498],[76.80331194381664,10.284263684171078],[76.80708577557633,10.284219976086174],[76.80920492856382,10.285311022740263],[76.81331638818592,10.284460944383115],[76.81768102546205,10.282384457918331],[76.82312272995561,10.28114262412648],[76.82589624683256,10.280159792178651],[76.82727144781944,10.278054808169243],[76.82739568395806,10.275853048020757],[76.82864312609406,10.274548839956843],[76.83198279367981,10.275221536403155],[76.8341100302158,10.278513384786022],[76.83566402266003,10.28288424042214],[76.83990128883545,10.282503095226923],[76.84213819308991,10.279489323532298],[76.84313606754532,10.279235104927851],[76.84494550582761,10.280408960065426],[76.84725191192771,10.279952836519572],[76.85225896469255,10.276204587484477],[76.85436798141569,10.276332589957601],[76.85805667693835,10.274246013134773],[76.86030780212799,10.272158589520185],[76.86536864124679,10.27218829500292],[76.86527183017134,10.269680408497532],[76.86665245197027,10.268565140920293],[76.86848647562468,10.268500398981278],[76.87105540209166,10.270799582960121],[76.87520363120156,10.27006151876825],[76.87864493443058,10.268636009840236],[76.87951335398459,10.265015345438217],[76.8774353347549,10.261615038837652],[76.87806183527235,10.259509717124796],[76.88189821303723,10.2593248708371],[76.88289290841142,10.258546259432618],[76.88851788822645,10.256796107668738],[76.88899562860139,10.25503068364989],[76.89065947972144,10.257059355109728],[76.89556396832413,10.257713224592592],[76.89678007626596,10.25657619745516],[76.89603834282582,10.253082372735806],[76.90066793396382,10.25173088287149]]]]}},{"type":"Feature","properties":{"id":"32-301","name":"Idukki","source_name":"Idukki","state_id":"32","source_agency":"Survey of India (SOI)","district_code":"556"},"geometry":{"type":"MultiPolygon","coordinates":[[[[77.28809415743108,10.232245177238784],[77.29520322600466,10.218468535190299],[77.29321449426445,10.214973862483257],[77.28905729238134,10.214525255788775],[77.2872049909333,10.212427065205405],[77.28697759351817,10.209647116661952],[77.28286629046434,10.208524711075434],[77.28390743771143,10.206242382038146],[77.28562373518892,10.204362222083255],[77.28467502114584,10.203060227618746],[77.28341251000795,10.197612685342687],[77.28079362706066,10.196088492220795],[77.28015987807858,10.194429341220413],[77.27902801777924,10.195057308197816],[77.27776449765064,10.193352614423379],[77.27740516845027,10.189410669581102],[77.27451814942562,10.184857709666616],[77.27456704663831,10.180390122773227],[77.27508198311612,10.176454329747994],[77.27408734946792,10.176187179972162],[77.27345418895267,10.172869164399438],[77.27340984657555,10.168524899724794],[77.27200996672899,10.16587991094239],[77.27255393973586,10.162923790650474],[77.27232222095263,10.159768445797447],[77.27124212391236,10.155821664162968],[77.27264291572632,10.155645836625052],[77.2727309309926,10.151355951608089],[77.27164524879126,10.150862806807522],[77.27295968194059,10.149208610011945],[77.27115521125556,10.142278230993112],[77.27174413432087,10.141157406388537],[77.27445441103202,10.14075586249139],[77.2746375426825,10.138513710011104],[77.27373461611207,10.137261173701377],[77.2747766097917,10.131226672590904],[77.27229110463794,10.12854089444931],[77.27070826876815,10.12773119711974],[77.26804392091233,10.127730325862158],[77.26686762241155,10.125356553298294],[77.26758007133031,10.122260061904873],[77.26664230457712,10.12221850112382],[77.26560491951008,10.122219072261277],[77.25778459841429,10.124368068725708],[77.25528168362976,10.124750762956552],[77.25358212814152,10.126201927879091],[77.252451000859,10.125306455730309],[77.24877729344705,10.127446351709178],[77.24715307491415,10.130447577597389],[77.24569825361266,10.130446037937183],[77.24425318473406,10.13158260874083],[77.2424326415366,10.130927811348618],[77.2384587659183,10.130766437434843],[77.23481757681652,10.129398039549843],[77.23280032564729,10.127292143762892],[77.23150846826768,10.125005124456942],[77.22960552754425,10.123608963028644],[77.22980076332861,10.121862031422244],[77.22738804496515,10.12258348472448],[77.22418464704008,10.120392000640585],[77.21990943020114,10.118833683537106],[77.21764655821043,10.118508862762754],[77.21627733398576,10.116352927594367],[77.21387778399199,10.116927743278485],[77.21092672658037,10.119202337899676],[77.20742289650876,10.119063120457248],[77.20640056426859,10.117151160525916],[77.20607128067667,10.114086307085342],[77.20353443948632,10.112753400376482],[77.20110607743455,10.107125899913175],[77.20256956300345,10.10329673847046],[77.20359040697865,10.098907061840778],[77.20300505381582,10.093066700483389],[77.20397100688805,10.088414862024203],[77.21045195684727,10.083734464356855],[77.2127276022955,10.081809100252759],[77.2150728096623,10.081358942477925],[77.21845194655478,10.07927504275583],[77.22205663233534,10.074219391082538],[77.22296294968837,10.07059909226451],[77.23154816115436,10.066797844905537],[77.2357180142185,10.058445770361555],[77.23858924446121,10.056682674029172],[77.2435008746939,10.05297489673924],[77.24641751788869,10.048897690181743],[77.249307949514,10.046142749431473],[77.25081860960215,10.045675929955207],[77.25654429873978,10.036673562480948],[77.25952801688005,10.035427545925888],[77.2615679530698,10.033482799415475],[77.26381991352015,10.029227436906792],[77.26372763977054,10.025423009247524],[77.26263494546265,10.021599379376989],[77.26101618496587,10.019088276431944],[77.2581915711088,10.019060706869901],[77.25780145921735,10.01428466234943],[77.25526128967859,10.01398091160566],[77.25465076601638,10.012366829980907],[77.255379546555,10.011145989559296],[77.25861537864793,10.008435371988583],[77.26095746750332,10.007536095264594],[77.26484908796141,10.004195456883018],[77.26511721437785,10.002122621468008],[77.26066298792742,9.995780193932411],[77.26095165449097,9.991748047360964],[77.26162681443533,9.991119856857352],[77.26641994964048,9.99045695208749],[77.26663458272992,9.989571001805844],[77.26425948387937,9.98719240089138],[77.26696029329953,9.983825568720128],[77.26696073894801,9.982324718214945],[77.26822897906037,9.980742890496158],[77.26783763305603,9.979913373306488],[77.2725261093205,9.976354805209008],[77.2714959730941,9.974736127129324],[77.27074959304164,9.97091983530381],[77.27203569242845,9.970164390948849],[77.27271230063252,9.964212738430586],[77.27169876948328,9.961356651743436],[77.27091515681445,9.962431764047038],[77.26731920911875,9.960049887939471],[77.26285706757558,9.95418754012562],[77.26056861941402,9.952428235524888],[77.25752249613402,9.952856698338685],[77.25746802825404,9.952137872236463],[77.25511419605753,9.952424204866118],[77.25511002851772,9.95317340965178],[77.2528211227539,9.953469804845032],[77.25007549097755,9.951200834438787],[77.24930576369125,9.952763223463743],[77.24656235256346,9.951936696599573],[77.24701291580209,9.949554193359504],[77.24817952293581,9.947872168203817],[77.2437733964978,9.943958920738583],[77.24193023051899,9.940853945243916],[77.2380852968397,9.937473898431426],[77.23724636873436,9.937569109523194],[77.23649320100026,9.93513282786072],[77.23434885268749,9.93111923334434],[77.23569468938129,9.929691279844011],[77.2356559837845,9.92690566304109],[77.23440624866276,9.925527363365225],[77.23304759567239,9.925676916531422],[77.23172043524767,9.924578866516208],[77.23086576566062,9.917983627652067],[77.22999877752135,9.915841203280682],[77.22981997174652,9.912663335929944],[77.22440741067837,9.91020126271579],[77.22328077943016,9.908791144680345],[77.22259622720682,9.90649038790922],[77.21826915043762,9.904828066958196],[77.21784458921856,9.902965698504845],[77.21847306111218,9.900501885242665],[77.2181027645927,9.896903560631154],[77.21877631801497,9.89258626381969],[77.22050252058887,9.887084246862083],[77.22076180954065,9.885013751461022],[77.2175386642427,9.884879035153984],[77.21657629671415,9.883188608611631],[77.21664836298801,9.880015160812004],[77.21528469479831,9.877922519883647],[77.21226229874068,9.878167459844773],[77.2147088573287,9.872841507141576],[77.21697117687191,9.868980074309734],[77.21880355176198,9.868189564213708],[77.21962558268157,9.865218518501074],[77.22134559943142,9.863662207375],[77.22615687929762,9.861383196307258],[77.23270312351585,9.862072814650507],[77.236326485207,9.860126898578981],[77.2360648216758,9.854382255560894],[77.23720362350207,9.85190908700801],[77.23432224323663,9.850703069507293],[77.22815442904223,9.849669757056786],[77.2263438791484,9.846863018612522],[77.22295201065678,9.845408474570032],[77.22490608175292,9.841436457812597],[77.22561888342156,9.84158974382386],[77.22754478139743,9.838621661618655],[77.22545103845293,9.833821495318025],[77.22656701274975,9.831248972077288],[77.22379963411389,9.829229061996646],[77.22386656182127,9.824373935339116],[77.22182357508044,9.822973118628799],[77.22434122460227,9.822512740820375],[77.22504156311425,9.820832243068816],[77.226846776526,9.821891281796889],[77.2327403097534,9.822011477399121],[77.23263610502119,9.817931654905017],[77.23477607650705,9.816929739212544],[77.24024084053458,9.816962708660924],[77.24120478523156,9.816129954498194],[77.24214607282084,9.81348722619607],[77.24362064370658,9.813012291600767],[77.24567526379295,9.809056433414884],[77.24681614606043,9.808503931547817],[77.24617317236172,9.804447031337027],[77.2451472521432,9.803267557905423],[77.24583514001336,9.80232247107112],[77.24671789778037,9.798375677889295],[77.24177664533944,9.796284427716188],[77.24014991089003,9.797354108327681],[77.23916514720817,9.796330560341076],[77.2381565668847,9.792407033594461],[77.23605948719506,9.79054975167749],[77.23217616268583,9.789841256184506],[77.22847503196687,9.788712256390095],[77.22549459897435,9.789196821330984],[77.22270967618097,9.788284471558026],[77.22369822956139,9.787022989258398],[77.22322843222274,9.785531328474981],[77.22458993763473,9.781584442729233],[77.2241287835138,9.77891740640958],[77.22503017803167,9.776061462346771],[77.22663879459921,9.775069669712703],[77.22827559437755,9.771715441185027],[77.23177014310309,9.769894891622714],[77.23244751474661,9.769060052070214],[77.22906982714503,9.766805252650226],[77.22751977020866,9.764694648152638],[77.2262929797959,9.76186964617272],[77.22673370944689,9.757638242505251],[77.2249970919425,9.75620571609383],[77.22519211667807,9.753253725765862],[77.22232488169851,9.750163248801728],[77.2202272676708,9.745381020502728],[77.21996623272531,9.741693830740493],[77.22239867797326,9.740200237807764],[77.2217241986069,9.737383614397219],[77.222393664575,9.736018260839359],[77.22333513470888,9.729991976694977],[77.22055541860517,9.729631178154495],[77.21826691791462,9.726074065345363],[77.21552855287457,9.726667004424806],[77.2141702295557,9.725193606966346],[77.2115180006822,9.724258528281245],[77.20776344239569,9.724829121443701],[77.20688375694456,9.723794103632574],[77.20484695374836,9.723880489597173],[77.20339520207322,9.722000208873913],[77.2055978818715,9.720205029264694],[77.20598918925168,9.717564849802086],[77.20467663008402,9.71661359801618],[77.2051860956866,9.71308518431624],[77.20354535476736,9.711078400440188],[77.20325774205088,9.7087232216353],[77.20187609297602,9.704334047612653],[77.20199340180405,9.703325605998668],[77.20416743038038,9.70201442029794],[77.20509595757058,9.697941100552912],[77.20674020403544,9.695698510799614],[77.20655088699208,9.694536745630234],[77.20278408362641,9.690220405529155],[77.20174468761792,9.687449565446164],[77.20066463520938,9.686319624637942],[77.19854041805058,9.681591554722612],[77.19672645575287,9.678752970437879],[77.19445657593488,9.674115250413928],[77.19399576307205,9.670548547097017],[77.191908770523,9.668704581363237],[77.18691051896012,9.666639582778249],[77.18628131092707,9.66406749813195],[77.18757472287649,9.661788881916976],[77.18685943276903,9.661205859114142],[77.18312353923469,9.660682124208579],[77.18103216401306,9.659199616651758],[77.17961938339103,9.656256923151048],[77.1789804067191,9.648761894018772],[77.17915288129996,9.64485148319405],[77.1769794573661,9.642324766363215],[77.17584917463441,9.639155966366875],[77.17391259751736,9.63735404702991],[77.17403517302725,9.632859015851794],[77.1761439025415,9.629468227605232],[77.17439871837306,9.626514261342509],[77.17125090106514,9.626019727008122],[77.16899114309794,9.623967625909732],[77.16812996545224,9.622059967417217],[77.16876745676305,9.619989434081354],[77.16749592672747,9.614854164898249],[77.16561452015893,9.613918685551823],[77.16574647017318,9.612856292104869],[77.16960509198206,9.609900030425809],[77.17110980770548,9.609824140349295],[77.17332834921773,9.611225312680437],[77.17512293793267,9.61022141633232],[77.1766034002324,9.610578347646458],[77.1817236187024,9.609208181193871],[77.18593166259913,9.606530893159075],[77.18861454430132,9.606213942503139],[77.19023663087034,9.608957701035807],[77.19266470242367,9.609924573982996],[77.1936622326467,9.609465595685817],[77.19711081919941,9.611053897766054],[77.19802253634077,9.614263328806791],[77.20347054520691,9.614442968022484],[77.20733756165187,9.613108502028359],[77.20852662949025,9.61355123670386],[77.21012741093696,9.61219722504223],[77.210354836172,9.610854550642815],[77.20962073163275,9.608074567799806],[77.20972122032786,9.604975926568248],[77.21097098150241,9.604437381355055],[77.21428558661654,9.600729229707055],[77.21698694117265,9.601637236409804],[77.22204423584668,9.597723192341387],[77.2217428037023,9.595282481882384],[77.2223752016185,9.592768835485092],[77.22472802406067,9.591075390289014],[77.22856431456722,9.586542895257482],[77.23307626597851,9.583435042141385],[77.23416914665367,9.581562136822848],[77.23657135724117,9.581017331104759],[77.23764642349937,9.581450929109243],[77.24266717918476,9.58523978657627],[77.25098839706284,9.583179311802251],[77.25291518816977,9.582985580194036],[77.25768335575304,9.578157201660257],[77.25820484012984,9.576517865497928],[77.26131242163962,9.576825988740413],[77.26363636994324,9.573810343869644],[77.26583089850928,9.573709044461921],[77.26956149021355,9.572788005104089],[77.27220208733307,9.576491205423524],[77.2767751511514,9.575764665373242],[77.28032673821572,9.57959917100894],[77.29018644711833,9.584791417801801],[77.28991674656119,9.588706222878226],[77.29385669133082,9.58894228105331],[77.29649785151646,9.591709513073685],[77.29937158132246,9.593672039574859],[77.29983582107793,9.595286035064577],[77.30365669122942,9.598758730120029],[77.30768317211712,9.599365285645419],[77.31108099210344,9.600514209786965],[77.31521685680431,9.600727361239484],[77.31768907905212,9.602502329702544],[77.32225479341577,9.598305422166183],[77.32485115411171,9.597700072371447],[77.32799835647828,9.60016882108894],[77.32975898263032,9.599000081601172],[77.3294037622427,9.598073933177377],[77.32610167515533,9.595953297982499],[77.32441669463478,9.593326605493935],[77.32443514528197,9.592065352995753],[77.32606630836698,9.588616324469866],[77.32381207265982,9.585437951255596],[77.32552963171874,9.582924759978305],[77.3248261084349,9.58169727443466],[77.32523406663073,9.580046871011913],[77.33235559485976,9.57882740758866],[77.33418523876324,9.576891027878705],[77.33721507949859,9.575923423108234],[77.33934552003115,9.573337241890567],[77.34197078949116,9.57705630353382],[77.34178830283572,9.579958545221299],[77.34587769494924,9.588896234481165],[77.34778599607493,9.59070463466857],[77.34878787834944,9.594230852137521],[77.35445805806218,9.604080163501157],[77.36104708796393,9.602208217200499],[77.3626208986404,9.600216961758273],[77.36565456332355,9.599760488770773],[77.36599178319776,9.595972228034885],[77.36445672435983,9.595312088266583],[77.362238467471,9.595578762687037],[77.3609675288738,9.597834545860286],[77.35843054052634,9.596116544437672],[77.35732371720621,9.594448389982626],[77.35582096908233,9.588173662798926],[77.35483720618444,9.586636585607371],[77.35746544283403,9.584882720748581],[77.35873179268472,9.582432564163602],[77.35984337512815,9.578531276389645],[77.3579943739348,9.573994766457703],[77.35425042120549,9.573924462647007],[77.35282033252102,9.572875642884481],[77.35011076661192,9.567098064627343],[77.35228808176738,9.562812560503149],[77.35275284087763,9.559598481489367],[77.35587735324864,9.558147481570655],[77.36137911108561,9.557795181776838],[77.36313265047279,9.555665984054297],[77.36564684405705,9.550932902241199],[77.36446284851628,9.546719596063353],[77.364376406322,9.544106684065559],[77.3652144126358,9.54154351386997],[77.36498219718534,9.538677390733532],[77.36543777400789,9.535060899850077],[77.36852091189216,9.534843964845347],[77.36951825686774,9.533266284225862],[77.37280637715163,9.529902927216975],[77.37318438173963,9.526865034202729],[77.37498776028795,9.526331574624056],[77.37677298108453,9.524844294506124],[77.3799790040398,9.525377686077434],[77.38502469603665,9.519247610393453],[77.38913231734077,9.520043102270282],[77.39715212092652,9.524075064959371],[77.40035380925192,9.527379500789372],[77.4023164133397,9.52506919510103],[77.40304926681239,9.521773485084873],[77.40026208266684,9.517872460125172],[77.40260263968229,9.517375114835696],[77.40476104111032,9.515345107654092],[77.40787587924795,9.514969617377671],[77.40938299274084,9.512510289060206],[77.41131371049265,9.511813852804744],[77.41224235944739,9.50899266759969],[77.40955975664262,9.50557512405194],[77.40757884515494,9.505258866266594],[77.40224932452021,9.5009524509936],[77.39897460885172,9.496101912016846],[77.39829130090354,9.49043738526655],[77.39942169073008,9.484003601564021],[77.39880677134843,9.481381634755675],[77.39989948539136,9.479740504270106],[77.40187105893212,9.478723207912257],[77.40154806482178,9.47690459097684],[77.3988928267829,9.47429767378911],[77.39806846245314,9.471359347510122],[77.39633811196867,9.469976116127874],[77.39464796814377,9.470057960194474],[77.39144808628744,9.4687605888947],[77.3923172422674,9.465098057206655],[77.39161142780982,9.461029929407745],[77.39243021894477,9.459464483075974],[77.38681208324059,9.45566362393658],[77.38315591968437,9.454411498148575],[77.38143942459264,9.455211695872078],[77.37704112712346,9.452793183170021],[77.374072536352,9.453502933812814],[77.37273391220079,9.456644801787128],[77.3658449735307,9.460098489896511],[77.36184285914572,9.457259375013267],[77.35854956385461,9.453555193638152],[77.35622939456975,9.447584859174063],[77.35231307502578,9.444562480593937],[77.34920296246757,9.44111038239479],[77.34859019551565,9.439158264992297],[77.34841291865669,9.434528613953383],[77.3470199027474,9.432738309746341],[77.34536298114988,9.42927080773054],[77.34524027924854,9.426675924425812],[77.34374729843793,9.423240070305393],[77.33921771221625,9.420152007166873],[77.33803893744533,9.417589151297529],[77.33636419552103,9.412277087176642],[77.33708376920193,9.410111803595388],[77.33851340687549,9.408113758591023],[77.34252452323607,9.404285197511319],[77.34374020570517,9.40211083320184],[77.34353086282199,9.400935434992425],[77.3396198307779,9.39368884651747],[77.34124202173027,9.389822863949096],[77.33933033068226,9.387426708162106],[77.33643969304404,9.387340511108224],[77.33584809997444,9.386170082253047],[77.3344924220489,9.378814684924707],[77.33671399806664,9.377246266645503],[77.33599343677959,9.372577171068068],[77.33789847446492,9.368616405809597],[77.33716591511099,9.364999280028027],[77.33530447678655,9.363222936902552],[77.33562781373952,9.36105705685108],[77.33317037673923,9.356341679296424],[77.3288698158815,9.349623373430397],[77.32660334311525,9.347615879751125],[77.32512136703684,9.344503233749116],[77.32513009064468,9.337132148179212],[77.31994126598137,9.337542765802304],[77.31824381902523,9.33580202661067],[77.3154584414482,9.334879344616763],[77.31066559085141,9.335448118853725],[77.30896756521449,9.337079784577961],[77.30430208143775,9.337824806126934],[77.29989938147607,9.336713928953245],[77.30037126524206,9.32970932515528],[77.2984770730806,9.330284342008202],[77.29713087554671,9.32924344374348],[77.3016841493093,9.324563728870814],[77.30250254291578,9.318945825659604],[77.2993466199759,9.314239052150302],[77.29937854090572,9.31093007397414],[77.29589747234996,9.308244013603854],[77.29352256432468,9.304780609282723],[77.2896042222928,9.30404733561604],[77.28869452561607,9.301899776903285],[77.28540434648272,9.300886325496196],[77.28288602557151,9.30132886220923],[77.28205516736337,9.298591939414782],[77.28357652160145,9.2947879175128],[77.28304454097238,9.292450065510652],[77.28452903802228,9.289277386542729],[77.28572623499804,9.288224326288308],[77.28503030779083,9.286392807220206],[77.28770285664793,9.281886787671386],[77.28756295023157,9.277352429072156],[77.28836910547754,9.274192201356083],[77.2826484298782,9.273245094027297],[77.2805281624984,9.274579440196373],[77.27711040274576,9.275333513641243],[77.27379171430981,9.27938766768519],[77.27288599902121,9.27993890578516],[77.26475298395414,9.282219505728607],[77.26227278950581,9.282015247248582],[77.26087089394923,9.282796953438977],[77.2589450235677,9.28537759860831],[77.25731101017062,9.286249575218797],[77.2527278327089,9.287581665149768],[77.24891285307874,9.289560182222612],[77.2470649515282,9.289381313633715],[77.24441245537638,9.290034985534406],[77.24370170491193,9.284922872647966],[77.24199833867019,9.283559398202108],[77.23920122321665,9.285194186111424],[77.23708233488136,9.282556338180317],[77.23672618835263,9.285834183108113],[77.23568674799893,9.28847523486459],[77.23595383797615,9.291585212929471],[77.23485901730074,9.293471373867085],[77.22877830747123,9.297419493522455],[77.22451684717214,9.295728448877199],[77.2241881864355,9.299318141978533],[77.22571254526936,9.30357056150029],[77.22586430121022,9.3051706824836],[77.2242545926582,9.311144020998263],[77.22708968675937,9.315413252851016],[77.22744677110256,9.317474356088296],[77.23236293716994,9.322767647023914],[77.23488641809283,9.32474506569736],[77.23462050713326,9.327236251083773],[77.2306584942403,9.329482475130709],[77.230300462207,9.33102438668446],[77.23289879054974,9.334904946242204],[77.23790585097065,9.339750496844026],[77.23766712119487,9.342142212358615],[77.23617598312372,9.343888659304747],[77.23561500427435,9.347171230974828],[77.2346346837166,9.349988542502455],[77.2359749653138,9.351971772499102],[77.2378187698924,9.356734559317665],[77.23898614911184,9.358749567929124],[77.24113222346048,9.360795235732118],[77.2409349231385,9.368060102380799],[77.24355827192406,9.373680973779933],[77.24809153910076,9.377473596570727],[77.24722761766942,9.378365040227907],[77.24651500192813,9.384572541690524],[77.24503159365236,9.389447326927503],[77.24241089433968,9.390756517971575],[77.24086330507767,9.39523351366749],[77.23893243833882,9.398919872008491],[77.23140334423931,9.403904686298207],[77.23158327722537,9.406219054379719],[77.23027331071931,9.407373150648295],[77.22816438180709,9.410716003025527],[77.22986331732744,9.415958178007259],[77.22885181115369,9.419634428942057],[77.22503631673845,9.419249543981486],[77.22256038517914,9.419961726905186],[77.22044468995065,9.421270210836209],[77.22241398388348,9.423759146129848],[77.22089600500905,9.42639613469901],[77.22307611722468,9.430299804759365],[77.22391332187183,9.434362981679707],[77.21974033230697,9.436319995284665],[77.21628091763371,9.437033147342998],[77.21461124920926,9.438309542841045],[77.21236679126868,9.44310805807714],[77.21057810047004,9.443729114423308],[77.20926067780962,9.442044160158673],[77.20773933302894,9.441363041858574],[77.20732735000527,9.443822595834591],[77.20858024480445,9.444653267855859],[77.20947540660134,9.447586236239484],[77.2068236804625,9.4503418429339],[77.2043014087919,9.45043457773812],[77.20320050678592,9.451384932088212],[77.20057169862648,9.449574679685721],[77.1981105967645,9.451828216449362],[77.19363391613314,9.45073374446121],[77.19175249133323,9.449609793940342],[77.1900818095438,9.449846416560597],[77.18972394141876,9.451890073443149],[77.18776553513943,9.456231543406384],[77.1835565856773,9.454160320917287],[77.18209275081418,9.45673834248132],[77.18424207876524,9.462066317619295],[77.18385260919973,9.464408293213335],[77.18212336269855,9.465567156438969],[77.18158686459107,9.471616125091293],[77.18048088293078,9.472118935103142],[77.17674015959169,9.469337464655277],[77.17306682495256,9.465398580774075],[77.17220455021354,9.463351458482855],[77.16773179432097,9.461547018208968],[77.16922351934166,9.464868461152793],[77.16892402187736,9.466053086504736],[77.1665461896858,9.464897814862422],[77.166962630304,9.467356618764803],[77.16621781789105,9.469667281703051],[77.16120421277483,9.46907923337013],[77.15858650489531,9.469551535119145],[77.15446687968696,9.470947132906748],[77.14794226142322,9.46544614900532],[77.14430203069178,9.462664293970839],[77.14298910716514,9.460590329060091],[77.13836281383333,9.460173417934186],[77.1350788920869,9.458724745931397],[77.13178341280664,9.460069743655884],[77.12940626784135,9.45948834479932],[77.12548826682307,9.462691771726018],[77.11709762237403,9.463945321730575],[77.11591024930908,9.465347544871348],[77.1138663305661,9.466022523308284],[77.1116955975432,9.467827756068466],[77.11100775723523,9.467321883088768],[77.10690680279939,9.469530728909714],[77.10483957527472,9.469473285564591],[77.10402773303629,9.467502800790507],[77.10150078426216,9.467649145567123],[77.10047682796224,9.46839116534294],[77.10058004341313,9.466130758179753],[77.09840609781726,9.462981259249144],[77.0976291047699,9.465400308112955],[77.09474648046078,9.464739853708148],[77.09220887733997,9.46246983188819],[77.09164458782709,9.462886035041977],[77.08693538604612,9.460917917570374],[77.08186141774372,9.457959960678407],[77.07486195567053,9.455821175113915],[77.06843691700303,9.454671998842542],[77.06775757645492,9.453044925129197],[77.06464650908674,9.450487951441872],[77.06051126043094,9.448424177771033],[77.05843815643591,9.445595403490676],[77.05762642258557,9.443109410874225],[77.05790788036786,9.441631007953902],[77.05945485416716,9.439736095007193],[77.05847957734497,9.437883139432586],[77.05826421711528,9.435229562371264],[77.05904222224046,9.434320528087461],[77.05956415358241,9.431241687617517],[77.05922638995655,9.429533047745842],[77.05785973323705,9.427969614433215],[77.05904732258503,9.426703159249449],[77.06125545361344,9.426891920280454],[77.06193277751987,9.424965772775133],[77.06497618319497,9.420737294900821],[77.06596247393182,9.417676257544597],[77.06533843432693,9.41706629009204],[77.06101294086002,9.416028885001815],[77.05618812676099,9.417866739127826],[77.05221830120914,9.417927515252405],[77.04846601158536,9.416030702114284],[77.04688542169754,9.414281981945058],[77.04369369771184,9.413420130798217],[77.03674162675364,9.412740718485049],[77.03568864379294,9.409744012604259],[77.03482341048728,9.40924257627343],[77.03154111252746,9.40930283141544],[77.02862201418326,9.40710711973762],[77.02757482043752,9.407017081263096],[77.02596413460459,9.408975297036863],[77.0241840132684,9.408740984372951],[77.02185666009947,9.406341431737944],[77.02030875818978,9.406134113349077],[77.0150845220258,9.407632146171842],[77.01174681155143,9.409157362216494],[77.00960243628512,9.408624718227367],[77.01016313109763,9.410572921968473],[77.01000996947361,9.41493090113075],[77.01174092978178,9.417330783370739],[77.01117279839654,9.419731418904387],[77.00896493461195,9.420089444121471],[77.00829630902429,9.421861757956828],[77.00879350791611,9.424289180403315],[77.00782113423149,9.42923975131027],[77.01020726560192,9.430572382973855],[77.01362201603115,9.431036695995703],[77.01529729090858,9.430615622170642],[77.018270571619,9.431288013246741],[77.01878093583706,9.432558112848005],[77.01823119949513,9.435302388610758],[77.01649377069036,9.439611256755692],[77.01702725696212,9.44154141344804],[77.01542969837855,9.442875684687204],[77.01121406023206,9.443627775653319],[77.00688923151539,9.445008191794455],[77.00495949258682,9.44670866463606],[77.00055716437741,9.447912777381923],[76.99957363042543,9.447687095983401],[76.99612748032513,9.45068913946362],[76.99363718187006,9.45112905182103],[76.99036804896176,9.452721312524671],[76.98960251694652,9.454163628568752],[76.98543772528596,9.455553180138311],[76.98358381459272,9.457155977474605],[76.97956647769571,9.459369615435193],[76.97439527675076,9.461394345908863],[76.96859000188319,9.46398726424594],[76.97082688217904,9.466330295641301],[76.97261473928991,9.466537189970087],[76.97424074238187,9.46565273964369],[76.97720842455601,9.466696661961938],[76.98156954369975,9.466371446930543],[76.9840035848808,9.469727058999666],[76.98420730095154,9.472367245050783],[76.98351324829335,9.473917213417625],[76.98404560209121,9.475066634858644],[76.9834998566293,9.479507921204311],[76.98129200906665,9.482666049500144],[76.9835174276434,9.485742614612574],[76.9825735094211,9.489422360579699],[76.98016647635923,9.492769141002057],[76.97748414950067,9.497351372752876],[76.9735038558752,9.501039154702095],[76.969434238718,9.50028028493296],[76.96769203623197,9.503697854910598],[76.9659645677293,9.50412339145875],[76.96551083827435,9.506778893904064],[76.96242508058884,9.508518203542664],[76.96012726012536,9.507925534810642],[76.959079093408,9.505328080802558],[76.95686994264526,9.503523548975126],[76.95818879807314,9.501478301618764],[76.95816880053398,9.498956052055204],[76.95602069608651,9.497472062747963],[76.95435036184342,9.493513195722436],[76.95435099095961,9.491221704325124],[76.95316423286332,9.489854368299497],[76.95154123283737,9.49102950289542],[76.94964692444114,9.489322558505506],[76.94014313072064,9.499273430159178],[76.9389526276803,9.50147988481894],[76.93498308793899,9.504558432856177],[76.93317255961831,9.50479445557665],[76.92820642939758,9.50281477052544],[76.92720486454836,9.504090707049093],[76.92405372359555,9.503954405186544],[76.92307930081115,9.506366513877483],[76.92089922225414,9.506880190794998],[76.91911489312415,9.508964540513917],[76.91475516734971,9.512543266971141],[76.90911704289697,9.516296130641454],[76.90702275176925,9.518745972222401],[76.9033337398936,9.52057401511354],[76.90518846113791,9.523357097158673],[76.90373039084923,9.524368418405661],[76.90395240854748,9.526643641581412],[76.90191427609153,9.526107159672597],[76.90286142850364,9.528592367702416],[76.90199305682138,9.52964338891736],[76.90290049708275,9.531326599196538],[76.90193640324934,9.534204183984606],[76.90213370872641,9.536126991324439],[76.90043457506596,9.537606717522118],[76.89567773282859,9.538622411555568],[76.89254187346799,9.53801123270819],[76.88978243321368,9.538790084550005],[76.88687147486743,9.537680490289796],[76.8854730210684,9.539220274039918],[76.88744956081264,9.544280744493307],[76.88745952238602,9.54608407666975],[76.88638123634651,9.547893337491745],[76.88663276083726,9.552217403339682],[76.88555765521073,9.554609620634595],[76.88520835673866,9.55731891674285],[76.88351173785257,9.561789109479582],[76.88506779116776,9.564872210761976],[76.88446568925204,9.57046195071536],[76.884224260633,9.57623048396976],[76.88175252373931,9.579979165387781],[76.88310905150419,9.582094194709716],[76.88553536798054,9.582781613401574],[76.89071117692758,9.584949992649229],[76.89375410586143,9.584318748212741],[76.8948782718462,9.58584930035223],[76.89374409149029,9.59345771195851],[76.892540086016,9.59504470552083],[76.89153408629264,9.598260745258917],[76.89296725804847,9.601662189228609],[76.89177043185856,9.604196882114222],[76.88904081989918,9.605643837603845],[76.88978772800618,9.608127932396181],[76.88731931187368,9.608914264741196],[76.88725916072363,9.609974467254427],[76.88894562395247,9.613113276162618],[76.89076161656375,9.614563210777026],[76.88975460430524,9.616928018654823],[76.88755848326676,9.617554719561433],[76.88675374770837,9.618616795667124],[76.88755522255634,9.619839513082672],[76.89109752780405,9.620111649724855],[76.89296910308012,9.621303649212816],[76.89184487822563,9.623874773312533],[76.89207639687878,9.629882543876011],[76.89466417833391,9.633048730890298],[76.89662533013035,9.632461665126613],[76.8981504102532,9.633439341641944],[76.90228944403391,9.63342708842849],[76.9059694835714,9.630750661111605],[76.90839125832366,9.626918158532503],[76.91370124925638,9.625261635297026],[76.91476161564883,9.623506653036863],[76.9179625876318,9.62098497545985],[76.9222719070175,9.619582521532513],[76.9245272357423,9.618155242173854],[76.92920828509196,9.614066028730557],[76.93057166547018,9.615979200677748],[76.9296663886461,9.616951531498968],[76.93152784984072,9.617153556808958],[76.93181448457247,9.61990893199952],[76.93334996090688,9.619240481496362],[76.93449187305718,9.62063967235159],[76.93219944582022,9.621940632992596],[76.9311720840845,9.626285247956238],[76.92929518307952,9.629265759398507],[76.92663795499314,9.631331989325375],[76.92210018243937,9.635845371395504],[76.91952879198932,9.639389601952788],[76.91779810121788,9.643196829996517],[76.91917660084438,9.647169919740685],[76.92127952186328,9.646154881584433],[76.92191388892877,9.649595301300497],[76.92507630339374,9.64988498830822],[76.92660754614519,9.653252610703563],[76.92432328786879,9.656036001371554],[76.92163935078334,9.658211342142332],[76.91614864936481,9.661799007175645],[76.91401010393139,9.66459954707896],[76.911597271431,9.6667578371543],[76.91182901240454,9.669420447676956],[76.91095513701102,9.670541702735914],[76.90782202656726,9.67225850890354],[76.90190818785399,9.676806506201087],[76.9028197933087,9.683883633809085],[76.90146156272019,9.68729470722703],[76.89913328266908,9.691226224381511],[76.896896342389,9.699261077146293],[76.8903039142569,9.709638716036995],[76.8899760144852,9.712899193624809],[76.88758295734603,9.71670451192512],[76.88463257878082,9.719423583400209],[76.88029136391613,9.720256543537252],[76.87758723574554,9.72222386551529],[76.8729253318342,9.724405366471977],[76.86769751282438,9.728049829118584],[76.86644039053661,9.73055620234933],[76.8665584497046,9.734734299182582],[76.8601776370611,9.7291439395584],[76.85742739394068,9.73186174752366],[76.84991015693114,9.738438236431943],[76.84671256125698,9.741868060710217],[76.8448366848702,9.744567503882843],[76.84231417213779,9.751460427629072],[76.83990073041447,9.753362702784692],[76.83892348348265,9.755447117804314],[76.83477834452971,9.75727739930004],[76.8270346992508,9.763447981445275],[76.8283301493894,9.768729243646705],[76.81459895501489,9.77994884451204],[76.80780624592654,9.788568342324316],[76.80507530127309,9.790815746853246],[76.79507860429054,9.797496582665453],[76.78671482465789,9.802425196565597],[76.77872100668426,9.807357781837482],[76.77666057416117,9.808073751368392],[76.77027790483335,9.809250612063924],[76.75683190390363,9.814428418173973],[76.75395285935603,9.816641320990653],[76.74925906784367,9.813291289250508],[76.75058437795909,9.805697046964955],[76.74707843107863,9.804477526101525],[76.74197684513139,9.803484246770072],[76.73927237120492,9.805788395049555],[76.73447491335148,9.80690512209566],[76.73354265657544,9.808987009436313],[76.73067565317302,9.81067383447899],[76.72967549804365,9.811877768992238],[76.72739161838805,9.811299334788306],[76.72145810847672,9.811863637456826],[76.71655327769066,9.817534658045808],[76.7106070881502,9.8186240913383],[76.7103747753367,9.820985072685499],[76.70488390354227,9.823471703780623],[76.6990349356052,9.824893330307239],[76.69781144841086,9.827159575816722],[76.69732280388573,9.829648144888386],[76.69559950560262,9.833110158868706],[76.69379212936232,9.832585841953168],[76.69078459038201,9.832668662741767],[76.69062167442247,9.833795052205774],[76.684763718881,9.832594729112602],[76.6827675392459,9.835294269858716],[76.68200703840141,9.839013647290944],[76.67926127999762,9.837698313052307],[76.67539123877987,9.839376452049573],[76.67416410225582,9.841873132933193],[76.66727832978994,9.843864423292164],[76.66549662768558,9.842114909145144],[76.66325690983139,9.839006906442034],[76.66146992875463,9.839842899047227],[76.65608871688454,9.84010442419045],[76.65090529796753,9.84075804544721],[76.64932893613866,9.83997022932305],[76.64615169370497,9.839854605683364],[76.643691353673,9.841855482097808],[76.63948550274185,9.843901020811472],[76.63476815555178,9.845745578369236],[76.63255076838115,9.846147146532369],[76.63074944979014,9.847853353843357],[76.62811214754919,9.849127277933256],[76.6274535976326,9.850527219455559],[76.62872361185575,9.85526146142061],[76.63210647162087,9.8568828435461],[76.63153914068363,9.859222607441449],[76.63237366021029,9.862079926431807],[76.63463842181304,9.86382281524321],[76.63267281705268,9.864523921570695],[76.63247489440916,9.868760412473875],[76.6318347605431,9.872054306248758],[76.63266618528195,9.87336120187871],[76.63564879683045,9.873681182585452],[76.6350687962415,9.880844153850752],[76.6354674888189,9.884038066661159],[76.63123330733599,9.884144446754295],[76.62989467001094,9.889069019570444],[76.63056622547604,9.892139569156068],[76.62922891236134,9.897353446822956],[76.62763484645588,9.900416905321705],[76.62917822403573,9.900929231234114],[76.62996033659948,9.903316739047241],[76.63128374068408,9.904517153778434],[76.62997306544611,9.91049936837515],[76.62858221464938,9.911346939392327],[76.62903541982067,9.912646520818642],[76.63133614391735,9.915126040307644],[76.63393191773712,9.916424271588864],[76.64071941248898,9.916678408005751],[76.64438673142678,9.918873761904988],[76.64837083224027,9.920389918909477],[76.65096829890291,9.918694884147849],[76.651323606155,9.917720534319148],[76.65469735868182,9.917016430167456],[76.65609733234716,9.918851923261926],[76.65718643243686,9.919113843909079],[76.65901070356779,9.91625937237215],[76.66071373264157,9.915357154485626],[76.66318435149692,9.91531773796976],[76.66781306859599,9.916546891423067],[76.67109768084991,9.9179092276681],[76.67305368097911,9.917971787534253],[76.67700407281782,9.915782338043554],[76.68089707359314,9.916210378400029],[76.6805228883192,9.913007412830963],[76.68120659318973,9.911195890940935],[76.68386770986963,9.909193719373823],[76.68622108185845,9.908535565678545],[76.68890254168653,9.906958083477292],[76.6924642032369,9.906338997491677],[76.69537380812466,9.907476938544955],[76.69890322694694,9.910370074769643],[76.69808249340831,9.913872788887266],[76.69869508553553,9.915099178362793],[76.70089186460332,9.915002136385068],[76.6990591349295,9.91850999752585],[76.69830447767964,9.917139755163316],[76.69534155948824,9.914514977991862],[76.69322476964125,9.917766605797516],[76.69363789753238,9.920083325762054],[76.69067292287936,9.921508559699404],[76.68471427387483,9.922770284032739],[76.6867911392916,9.925510376288443],[76.69055205262276,9.92638188022583],[76.69125969183295,9.929244166318314],[76.69306447866948,9.931815987661935],[76.69416315931991,9.931810466551534],[76.69608757750207,9.930164466625431],[76.69874323511688,9.92974865526745],[76.69980421559906,9.928626817044039],[76.7019128490626,9.933515940014253],[76.70391515267734,9.93545848220719],[76.70467632050202,9.938953126049334],[76.70754422862939,9.940773743349222],[76.70916424997057,9.941081886855208],[76.71044276890234,9.942336405115963],[76.71094699329497,9.944625575494596],[76.71379363148476,9.94234638587568],[76.7150234572341,9.945635290798709],[76.71309276503733,9.946965012262373],[76.71177927292045,9.949484949300421],[76.7128903669503,9.951856749060996],[76.71604339080298,9.953246346748958],[76.71679007846797,9.952180348552568],[76.71774736543242,9.953034246823139],[76.71926637863993,9.950590093115649],[76.72098093381612,9.952389262469898],[76.72197817911442,9.952278944501417],[76.72435039746891,9.9569012681177],[76.72066151300434,9.958638103847992],[76.71870695663924,9.96068232659493],[76.71667004168731,9.964413101990164],[76.71502765995919,9.965135754524514],[76.71619242380824,9.967254392166524],[76.71562947718377,9.970349258016547],[76.7137008643992,9.971276824308648],[76.71232305707767,9.972884116506656],[76.71170113278922,9.976038058542933],[76.711916965069,9.979055020432387],[76.7148332369186,9.982533681770267],[76.7160461882646,9.9825591146041],[76.71628530035602,9.984996539859672],[76.71820337648039,9.984529675881031],[76.72141904822135,9.981757785665184],[76.72284760142412,9.981513680076679],[76.72568110644264,9.983115368182043],[76.73099142546144,9.983111668021905],[76.73433109230193,9.983717360860396],[76.7376254026356,9.985178287366518],[76.74218100851131,9.989211959037199],[76.74539347643451,9.990922729604838],[76.75386740515505,9.987745620887098],[76.75525667998153,9.987489651329767],[76.75969083325047,9.98452825351052],[76.7609589181596,9.98294866599456],[76.7639674003252,9.981120219529615],[76.76580274540594,9.980721823138078],[76.76511670234142,9.983717640592067],[76.76209012918136,9.987268283654354],[76.75968940205578,9.99105516222094],[76.76469269576597,9.98879127978155],[76.76293590963876,9.990233388452012],[76.76442145319672,9.9926031050367],[76.76754500249596,9.992665617618465],[76.76874093806829,9.992064866495486],[76.7698879683034,9.994232861745674],[76.7686852710561,9.995256248753314],[76.76695972567236,9.994890244602386],[76.76735815089845,9.996054323565138],[76.76591337796846,9.996174940237564],[76.76710181407263,9.998396982831586],[76.76688241302269,10.002060594816214],[76.7672911396647,10.003901345690586],[76.76415919476429,10.009915913790703],[76.77426988613108,10.023657018382899],[76.78307962292064,10.035316363702032],[76.78580692302285,10.033719772119563],[76.79098264453069,10.032900883310484],[76.79402172700243,10.029141977898655],[76.7972140904578,10.02920605228884],[76.80189602770632,10.026527458689994],[76.80556629120511,10.025612629764622],[76.80734962748024,10.023230033732798],[76.81015626516799,10.021180804693655],[76.81302562017169,10.019754906428636],[76.81625919928541,10.017418564547272],[76.82327307681933,10.013511166835553],[76.82674223761236,10.01256107238772],[76.83061656794779,10.012313731893592],[76.83180881661978,10.015124089524365],[76.83645890724867,10.022284945996512],[76.8394229666932,10.02428757931766],[76.83638942773378,10.02533616591874],[76.83158815333682,10.025380763173333],[76.82721245658954,10.028125842050212],[76.82506022795823,10.028946736085611],[76.8168711698329,10.034786101094541],[76.81335102812602,10.03563705612516],[76.80921737661689,10.03522567313199],[76.8079914868466,10.037004210816718],[76.80477406188817,10.039837565955658],[76.80112211011128,10.040793084279995],[76.79961117528167,10.040507439038185],[76.79598819882446,10.041770052688356],[76.79399313593952,10.043832920552155],[76.78817181584104,10.046702863702128],[76.78554882705208,10.049456090019964],[76.7865437411171,10.050973980689182],[76.78238022674445,10.057490321523826],[76.78073686633269,10.058855151772475],[76.7769844062238,10.059838065925238],[76.77474772862988,10.059546283204005],[76.77425263758812,10.062266139538748],[76.77200623396844,10.06325068804364],[76.76909742538996,10.06602933817317],[76.7775781389214,10.066499930064944],[76.78182768513746,10.06734791759458],[76.78343225921313,10.065630791662501],[76.79155746067256,10.063741175012112],[76.79337510998685,10.064692754650759],[76.79807182949497,10.063614782894808],[76.79957161074883,10.063781008518147],[76.80351999855117,10.06572422717211],[76.80460228218485,10.064423988170265],[76.80077040456345,10.06177148427696],[76.80134262126408,10.05940018147627],[76.80426752104646,10.057621495122904],[76.80998113337556,10.057872387231136],[76.81123923857568,10.059109245535929],[76.80890450675894,10.061591434790676],[76.80895236001736,10.06268386883667],[76.81667374694182,10.06230851165234],[76.8192251708503,10.06270582435451],[76.82226951945903,10.062345597261949],[76.8228039583601,10.063638811071423],[76.82198763756095,10.065052209924756],[76.8189618673574,10.067547238342202],[76.8166705341756,10.070437573015056],[76.81564338758957,10.078673189459902],[76.81469357151626,10.081718590530954],[76.81602330036964,10.083803940238411],[76.81807683046152,10.085372121729174],[76.82266485667454,10.086452126714818],[76.82681284617455,10.088485722968313],[76.83353121368722,10.08533529917185],[76.83688563091931,10.083330195637064],[76.8378160384976,10.083334084826175],[76.84000153347381,10.081084586449993],[76.84142747565437,10.080828114765097],[76.84483521942495,10.07858537010725],[76.84717595855695,10.07776230338793],[76.85300063712984,10.076550931762876],[76.86232998150439,10.073117763550682],[76.86471262976887,10.073497459139848],[76.86440358214254,10.077463733503915],[76.86324354730938,10.08130808348898],[76.86335697629767,10.088258678607392],[76.86640746654417,10.094573647292842],[76.87328869431038,10.103500678522906],[76.87961261274103,10.10923335119556],[76.88773598344386,10.118714704103976],[76.8931810725067,10.128042503332615],[76.89737651822117,10.134589906596485],[76.9016956929875,10.138576624798116],[76.9047132534695,10.142601901290675],[76.90554728940937,10.145611302313243],[76.90482059671608,10.148898506493406],[76.90590713071194,10.152516197257807],[76.9104700862623,10.157756425221837],[76.91268295046905,10.161697381976147],[76.91390716245587,10.1661493770074],[76.9258368396223,10.17773540235357],[76.92755017712939,10.178220879073985],[76.93045603340742,10.17746707106052],[76.93889035575658,10.172803493660231],[76.94470156348224,10.171278463018178],[76.95268267781259,10.169847080413051],[76.9549920825741,10.16747996191571],[76.96298596854506,10.16221078052083],[76.96822226898267,10.161769103881149],[76.97228604247474,10.162029279903587],[76.98028459480332,10.16475586953703],[76.98290187823234,10.164951046688202],[76.98573012141658,10.16350577748799],[76.98861811363474,10.160250724656683],[76.99435679524261,10.162415478662094],[76.99843567186586,10.162501620457551],[77.00095768347376,10.16310613684264],[77.00185314582203,10.164595182300532],[77.00163202414912,10.167874891964779],[77.00352975004272,10.170021198627676],[77.007982431108,10.172871584876008],[77.01540465517212,10.17566168378051],[77.02004535450699,10.177939224834823],[77.02459613329471,10.179591133399953],[77.02874124788359,10.179494008287529],[77.03048623024483,10.178856585225189],[77.03063791442419,10.174632824505297],[77.0320750944292,10.173927712999125],[77.03669369271783,10.17482038660282],[77.04289340157639,10.1769709862042],[77.04879849681454,10.17844135467064],[77.05591038250971,10.178404966648957],[77.05901114196047,10.177979036832209],[77.0622586969216,10.176453402312756],[77.06309572559054,10.171937530229968],[77.06364984586052,10.171677197718692],[77.06847293419551,10.174988880233485],[77.07166765071555,10.17597358060431],[77.07581006261681,10.175997547534266],[77.07988108213047,10.174943658184166],[77.0821954781484,10.175209801110423],[77.08365327646798,10.176464883437658],[77.0873162548819,10.181685773039138],[77.08886075475677,10.18471917549208],[77.08667689156572,10.185654643198104],[77.08306914089547,10.189623991715013],[77.08227105433608,10.192303185780705],[77.08095372663466,10.19319510584286],[77.06956436539026,10.19663674549785],[77.06797906598273,10.198503275488765],[77.06864757533188,10.202009171916092],[77.06837979974098,10.205924682669222],[77.06773676419773,10.207646092151048],[77.06529908271264,10.211252674998038],[77.06266899213693,10.212791359430817],[77.05229549922943,10.21196408877895],[77.0512227829781,10.210042545010193],[77.04797855961543,10.208443563914326],[77.03821329571724,10.208118031417476],[77.03325974679288,10.20838240695246],[77.02848828124837,10.211713813254173],[77.02181178178772,10.214453814088499],[77.01949681472954,10.21569198058362],[77.01514472781257,10.222524267256292],[77.01467787483412,10.224107524554988],[77.01701981725975,10.22740406226886],[77.02025497436813,10.22943259064114],[77.02432538101043,10.230007976232612],[77.03112032024583,10.23045631745455],[77.03691169211197,10.23155743744145],[77.04778604276855,10.235092297249052],[77.04976990473767,10.234888358230805],[77.0515915464737,10.23357810805121],[77.05461620374568,10.233885857421507],[77.05870353813323,10.236605204597293],[77.06113945177316,10.2413737030661],[77.06198577304936,10.245251555868073],[77.06143602225025,10.248335978200473],[77.06050890666728,10.250119060026009],[77.05627739907379,10.253103870183843],[77.05340089692507,10.258419337928382],[77.05044257031018,10.261777367448945],[77.05152842460166,10.263694233533647],[77.05166872689058,10.265683669217118],[77.0509160248909,10.268153079516152],[77.0527667743834,10.272233393022123],[77.05127044182198,10.273675380709197],[77.04938891248285,10.278290311048544],[77.04702867190073,10.279777038642505],[77.04655828257177,10.280798520765961],[77.04355424212721,10.283347320706966],[77.04354060249044,10.283991019990655],[77.04920478273155,10.285524858108955],[77.05169243538938,10.285783094794807],[77.05588229496394,10.287262166923911],[77.06008553219888,10.291046695977535],[77.06308888034359,10.291643965509452],[77.06330280728142,10.294622967866458],[77.0658995125529,10.298095193608628],[77.0719931149855,10.299456923439864],[77.07838775811666,10.30282112558347],[77.08284704363692,10.307057365229522],[77.08870872071913,10.310913540680042],[77.08864829239621,10.312518862040948],[77.09069435886258,10.31442686075378],[77.09634464965104,10.308987235176826],[77.0981019548876,10.31089957463292],[77.09853088681429,10.313069377127633],[77.10072192950422,10.314005288493146],[77.10127876018548,10.315280086401385],[77.10467050029466,10.315664558517058],[77.1093495754104,10.315366495056315],[77.11655756109538,10.317409995027829],[77.12007711629816,10.31796157656047],[77.12597964050548,10.323607614945368],[77.12829422896583,10.326243069819592],[77.1311702445061,10.32751776120008],[77.1393921715637,10.332512558859484],[77.14484313776205,10.334089942380595],[77.15111145852144,10.33812626946053],[77.1611791386109,10.348563025934984],[77.16457151293726,10.350773082774163],[77.168132994686,10.354045423578164],[77.17147962826091,10.355238344500806],[77.17591785330481,10.358501408640151],[77.18406595508314,10.356759372499187],[77.18587482808704,10.355945688676686],[77.19093792744896,10.355433812758216],[77.19531603433981,10.354583111488589],[77.19767695446889,10.356752348521223],[77.20168115188393,10.357989993590435],[77.20404064993775,10.354205872433978],[77.21146385191098,10.353313445646233],[77.22262665101687,10.353947590993531],[77.22803203637918,10.35334921032958],[77.23019590332942,10.352751812868235],[77.23517682552018,10.35279537553698],[77.23440427937265,10.3501150566413],[77.23530266994514,10.34718094276401],[77.23560146264022,10.339939135877396],[77.23524078481964,10.338990360527212],[77.23276603851106,10.338705970731219],[77.23246374488936,10.335944142201715],[77.22868667297344,10.33105427554799],[77.22924311675334,10.329435754383942],[77.2280011259034,10.328626945822561],[77.22889973879339,10.326416193220822],[77.2288985684779,10.32296258843489],[77.22709474237153,10.320924414551929],[77.22773778059776,10.318840271554823],[77.22726675587816,10.316498867332337],[77.2277366355191,10.315350527637808],[77.23048406637182,10.313478202487813],[77.23069252793745,10.309786927989645],[77.23211212957818,10.308545841581678],[77.2347735323111,10.308884015589818],[77.23558404549381,10.303079427135545],[77.23640055049756,10.301506029320967],[77.239444186026,10.298697798398088],[77.23901405727818,10.29559236284529],[77.24180131285992,10.29093084589475],[77.24403275133947,10.289189631965781],[77.24505861446042,10.286210297291909],[77.24780496007038,10.282294583185212],[77.25080744523987,10.281399799992665],[77.25436039124556,10.276645651474416],[77.25790903593939,10.270991914131246],[77.26284964699573,10.264990464852612],[77.26347996532013,10.263819867894075],[77.25721955146716,10.25940569606758],[77.2570110054014,10.255558710608424],[77.25791303411788,10.247573764611069],[77.25904202361689,10.230382861115768],[77.26424385446484,10.232581609051788],[77.264557984248,10.235045358222978],[77.2677208226378,10.234508524576336],[77.26938120689339,10.236932036686285],[77.2712347014665,10.23522837696318],[77.2767979823952,10.235008641162384],[77.27742750307898,10.236084631452792],[77.28028005767791,10.23541199559647],[77.28086389085513,10.236664303513619],[77.28407761333106,10.233799228736087],[77.28629139804919,10.232412021553786],[77.28809415743108,10.232245177238784]]]]}},{"type":"Feature","properties":{"id":"32-302","name":"Kannur","source_name":"Kannur","state_id":"32","source_agency":"Survey of India (SOI)","district_code":"557"},"geometry":{"type":"MultiPolygon","coordinates":[[[[75.41362899189687,12.292370585496165],[75.41399619449759,12.289616658554158],[75.41533156354306,12.288163941417274],[75.42014438104827,12.2864056742734],[75.42307405621438,12.287106441560883],[75.42560201491587,12.286776928638615],[75.42794358806138,12.29054843398636],[75.43168209402397,12.291053396352638],[75.43257323219515,12.293389334063331],[75.43436794162163,12.294448956528207],[75.43635397694668,12.29440052225162],[75.43777215891629,12.292956002907092],[75.44127259287825,12.294030895094078],[75.44448794068389,12.29241155999775],[75.4470804024705,12.292108930354523],[75.45056239917312,12.293147572943333],[75.45570852990052,12.291502260494477],[75.46153633321981,12.290533950937071],[75.4651844952787,12.289379372254752],[75.46929360762188,12.293983751608291],[75.47227347013848,12.294403548455403],[75.47478209691447,12.296117218241886],[75.47640134983605,12.294093410579697],[75.48085064620561,12.291070015570636],[75.48302287933936,12.291088737141948],[75.48489457640629,12.289869899219585],[75.48669040687182,12.287172476276897],[75.48684362756968,12.284345331710705],[75.4884651619966,12.28264989371066],[75.48970474636661,12.279775036196918],[75.49127574626431,12.278219704828444],[75.49379171832648,12.272849570848892],[75.49703973633011,12.272303620079404],[75.49801331066716,12.269936682176818],[75.50123004883508,12.270160125628516],[75.5028476839701,12.271244872657462],[75.50529301547677,12.270780431043116],[75.5063266976543,12.267961478924745],[75.5057277364102,12.264615564260865],[75.51140547339773,12.260315125765306],[75.51168146884858,12.259619105316798],[75.5114912632888,12.253092360239526],[75.51459116998358,12.251290168759533],[75.51951795847872,12.245742341317584],[75.51843369880655,12.24329335209297],[75.52048558951904,12.239555006189262],[75.52097365799234,12.235263521627497],[75.5237763025442,12.234697598710447],[75.52798677043597,12.23080790190049],[75.52701748531084,12.228166707929924],[75.52667118361362,12.224962505421727],[75.53214069485202,12.220399205846572],[75.53674648439126,12.218360264312567],[75.53967613841336,12.215523678924098],[75.53704504711983,12.208359168517191],[75.53502462463555,12.206301163375166],[75.5318448818851,12.20574212094159],[75.53208404228411,12.201225115806547],[75.53303802067956,12.200282893409758],[75.53427770462108,12.201966893310292],[75.53587855385842,12.200444665093473],[75.53883172962855,12.201772617408114],[75.54074161870956,12.20047843551068],[75.54066143874516,12.197532737476779],[75.54246962661499,12.196254192642737],[75.54542197550377,12.197206895530261],[75.54669751694755,12.196209725499902],[75.54825541108042,12.191680921530171],[75.55174735461286,12.192460644637059],[75.55254334574856,12.191821573230161],[75.55488970623573,12.181983370649359],[75.55823330157502,12.181083725908945],[75.55928464007108,12.176219089233664],[75.56066900466286,12.17460220152209],[75.56356584218558,12.173244497614704],[75.56982151746821,12.171793931310601],[75.57093698072151,12.169106069852376],[75.57544227545358,12.161487670260593],[75.57693953882539,12.156886606926323],[75.58298498199052,12.158261894289243],[75.58406824691693,12.155619237233577],[75.58685074783844,12.15467746730733],[75.59050052578698,12.151156801919335],[75.59131633916657,12.148134984589005],[75.59301165937438,12.147094184140379],[75.59396888380509,12.151484762103689],[75.595118777428,12.15338035347017],[75.5980810518561,12.152718367684487],[75.60164231867806,12.152823661026662],[75.60614485321068,12.154649414304311],[75.60881625062092,12.153368556656234],[75.61052659185303,12.151809576583986],[75.61176771112285,12.152050979747079],[75.61453580023385,12.154893123318375],[75.61785490034788,12.155581977622896],[75.62081779952386,12.15520004864784],[75.62403269440894,12.15254797137174],[75.62580093767491,12.15224109021486],[75.63048274400812,12.14817959259448],[75.632260135792,12.14783642236176],[75.63584549219283,12.148429525881268],[75.63825445496097,12.145605209675914],[75.63907133236982,12.142511744247823],[75.63781330459179,12.140099013278556],[75.63873309112473,12.137734998427327],[75.6417682566613,12.138853743519649],[75.64311688316226,12.137926990983813],[75.64324416150076,12.135432362812994],[75.64434659221,12.133142547361464],[75.64370171553198,12.130294328381565],[75.64409312728476,12.12449613908342],[75.6457203003672,12.123843576094064],[75.64743750382746,12.121243268300873],[75.64766036868954,12.117632189354227],[75.64648827249158,12.11585697035663],[75.64655665366308,12.114392495183642],[75.64889309344696,12.111647345356943],[75.64884439278696,12.108604702832451],[75.65256241087293,12.10919278879089],[75.65293819380898,12.106904196792435],[75.65836744891375,12.102741075279027],[75.66081588183802,12.098946518519723],[75.66363500947544,12.098302398735147],[75.6672322116718,12.09652599680713],[75.67667489618265,12.097407365109586],[75.67786140939293,12.099764519794018],[75.67969532990921,12.101939163081235],[75.68228839508896,12.102737562740256],[75.68502434640122,12.10554291952359],[75.68562450083621,12.10874736690958],[75.68708569823895,12.110297307748535],[75.69272675950312,12.1107114173775],[75.69545070796828,12.110534261688437],[75.69760003643015,12.109073583986957],[75.69996571170175,12.109032100793105],[75.70317174602977,12.108226418666131],[75.70348307670388,12.105261172853307],[75.70250744830989,12.100013769236039],[75.70283678290701,12.095981787831517],[75.70201802916779,12.092650814938931],[75.7032165356442,12.091665025830348],[75.70657905716014,12.092341820317667],[75.71073987442185,12.090468973207289],[75.71297222021728,12.090531391994773],[75.7142350023588,12.089595252152526],[75.71494159708786,12.08763327904296],[75.71732955358661,12.086348633726448],[75.71797203798795,12.084951684789862],[75.71759435609138,12.08233926027578],[75.71535726083138,12.0817073546729],[75.7161056493215,12.078356998752165],[75.71486826430603,12.076242830172433],[75.71463638251487,12.070493438949907],[75.71992299657617,12.070907144779376],[75.72209611614812,12.072515369070377],[75.72527933822222,12.073232694362417],[75.72764902922107,12.072598850359824],[75.73282721974697,12.076845346878471],[75.73601578491493,12.078999914606332],[75.7402368269937,12.079043090670332],[75.74395771595111,12.08006729806648],[75.7458124390239,12.078321635915206],[75.74736037309255,12.078474527428968],[75.75028757837559,12.084228822633333],[75.75215272791559,12.085200259757048],[75.754529040475,12.085221684673908],[75.7560521973686,12.084334418826193],[75.76247099051437,12.084246491216257],[75.7675198034671,12.085475524093589],[75.77304485572199,12.08362670130357],[75.78122643132394,12.083508184786032],[75.78424494604891,12.084952682373087],[75.78588795401834,12.084905091581076],[75.79069692025683,12.082543767458784],[75.79397764751482,12.08288557625548],[75.79705907435527,12.08102946523601],[75.8026410732092,12.079475660111939],[75.80263875597271,12.077905226981263],[75.80377731762091,12.07653183207208],[75.8036339411123,12.074679196183062],[75.80229897068277,12.073756734093095],[75.80111431266008,12.069518088774988],[75.79841153716873,12.06302818760253],[75.79858179070378,12.057110503133696],[75.79770275502166,12.055956079335221],[75.79423827730763,12.056214167856652],[75.79402194652397,12.05511328231908],[75.79771294853762,12.051507386921985],[75.7998186752932,12.047275658590129],[75.80071062783551,12.04416145555758],[75.80099379089796,12.037005905291275],[75.80580688695171,12.032796472596266],[75.80915709998503,12.030801136648806],[75.8107485469235,12.028721555629724],[75.8099458827017,12.022842976225583],[75.81177962535985,12.021539207262578],[75.81451331133655,12.021243026863916],[75.82119433877304,12.01510907560335],[75.82275714998113,12.012865103973068],[75.82246340896006,12.008277387863705],[75.82041808206729,12.003932962152485],[75.82027391928587,12.002653165943777],[75.82482358389385,12.002720568903712],[75.8249165681537,11.996624480037505],[75.82554170368866,11.991924235723602],[75.82716745304732,11.987734871673435],[75.82993608445668,11.984047354045122],[75.8367142288829,11.981084927143176],[75.83961742030527,11.9827199820868],[75.84013627219383,11.981558514907443],[75.84252327478781,11.981459371773374],[75.84681980190997,11.982056415764804],[75.84768300087434,11.979756035650343],[75.84946419269389,11.978088481010694],[75.84772983108665,11.974140487670164],[75.84994693326094,11.973943896718119],[75.85291517347518,11.97020059281091],[75.85304465024953,11.967559948602727],[75.85411606046019,11.963686786256133],[75.85654858149614,11.96192072036719],[75.85843528093453,11.958899505149345],[75.86355116510525,11.957794279911905],[75.86649941876195,11.956528321654435],[75.87000633062557,11.951955863826248],[75.87228584054597,11.952649598087847],[75.87349927814256,11.95166025555152],[75.87699014370378,11.95069087766789],[75.87969343974527,11.948973569704947],[75.88211592599227,11.949897302707667],[75.88647948529841,11.950498390090347],[75.89202480687295,11.948826160627753],[75.89675400128284,11.944737752290429],[75.8983557540234,11.945957849535679],[75.90025238815494,11.945293476476914],[75.90561269928449,11.94548244428625],[75.90844422750415,11.94651311100023],[75.91136644573731,11.94581200748741],[75.91336939796308,11.946180672581846],[75.91786127689825,11.944000573466804],[75.92241128395843,11.944067044911481],[75.92680489728025,11.942718976369546],[75.92918287187217,11.941323196366167],[75.93066270519121,11.939075964664681],[75.93312808509793,11.939094884205886],[75.93700611208598,11.940044935749922],[75.93726370436345,11.941513358905707],[75.93930269033018,11.94037182322306],[75.93708209312643,11.93677159334721],[75.93596142467209,11.933945240061478],[75.93214890300202,11.934681253359486],[75.92932936241205,11.93446005783442],[75.9259381594993,11.932179138515169],[75.9248961321941,11.928154436351269],[75.92570697454346,11.926280125725414],[75.92580818269948,11.923648643276826],[75.92452523197598,11.920289366093117],[75.92519528647001,11.918872110930756],[75.92754745714032,11.918064172879584],[75.9295485278529,11.91658828454924],[75.93205090113521,11.912687587931714],[75.93526844435965,11.911234776386724],[75.93617061228241,11.909269697736821],[75.93637421169237,11.905720096123957],[75.93900635417903,11.902525908372564],[75.93659973612131,11.900520419969721],[75.93590984741559,11.897453032708334],[75.93607707879137,11.889979429984114],[75.93291524158519,11.884790897491174],[75.93015061062889,11.881667075517289],[75.92589694048202,11.880690940284184],[75.92453872159054,11.879443064168646],[75.91863639209124,11.879566279648772],[75.91730452691596,11.877970271345857],[75.91464582862254,11.876247382680736],[75.91218723975639,11.875342055929428],[75.91104473146991,11.874093466058905],[75.91174293131851,11.872866093042497],[75.91382957343572,11.872348488612454],[75.91701600613068,11.8699104557945],[75.91971595676914,11.870267814685604],[75.92610593010667,11.862376134422668],[75.92781200475643,11.861999845434779],[75.93100063025753,11.85757692857398],[75.92888795124017,11.857158901525281],[75.92733418790121,11.853696524370417],[75.92653829326449,11.8504169298802],[75.92519909990088,11.847966453415163],[75.92646952236387,11.846361890841965],[75.92694695606085,11.842318674563385],[75.92548924751564,11.842802613618039],[75.92620242483147,11.846082449500939],[75.92360429953872,11.845932737639242],[75.92111127837734,11.8466942364722],[75.9195400577678,11.845145721053148],[75.91734308021573,11.84416275451799],[75.91191924927503,11.845102564372155],[75.91155653297646,11.845754785099636],[75.90919363446103,11.843176378846943],[75.90874225116828,11.844059367847056],[75.90172656275926,11.843118890161671],[75.90001649544298,11.842274324153607],[75.891314787408,11.84219334293309],[75.88880603883021,11.84412258966008],[75.88761959692778,11.846233137355345],[75.88268963159024,11.844512442370789],[75.87901128296174,11.846684899597761],[75.87662097464114,11.846931939277093],[75.87159114747399,11.84846650293503],[75.86330786353196,11.848708863905241],[75.86108892982635,11.849461630053318],[75.85886286893223,11.847971904614806],[75.85437195724401,11.847212448528659],[75.84791049549726,11.850355853843856],[75.84632643349445,11.854601215776322],[75.84370351562414,11.855382156827478],[75.84099593099951,11.855471573003289],[75.83782093618642,11.852813651155476],[75.83477413307804,11.851538694526978],[75.83306687672412,11.85157081344063],[75.82927253577941,11.850460764968714],[75.82691875031658,11.850684672307077],[75.82432662922751,11.852532290026177],[75.82263595086123,11.852749635744226],[75.8190103490269,11.85820347001326],[75.81718942244933,11.855514241518927],[75.81366604472188,11.856030687831675],[75.80874079537637,11.855832377862244],[75.80635018847215,11.854505450309214],[75.80485373333808,11.851281663109425],[75.80492740483032,11.848238863116817],[75.8044095653226,11.846933739379478],[75.80031351725587,11.844621525153865],[75.79320146093893,11.845188581330113],[75.79002238668936,11.84092956198279],[75.78951531600379,11.835356536041804],[75.79237569264589,11.83097212022006],[75.79563837129194,11.829294729993121],[75.79768893980683,11.827421764151588],[75.79821481032873,11.822004111659435],[75.79886101536023,11.820135066156984],[75.79842124890821,11.818825260469199],[75.79391741594607,11.814972354078856],[75.79107364626584,11.81385903416395],[75.78613716647632,11.81109682434643],[75.78136437457339,11.809373886312791],[75.78065352208034,11.806310599064538],[75.77574278680352,11.802829268073925],[75.77236379225796,11.801825715349418],[75.76818971843628,11.802876894116876],[75.76610530170342,11.802480168885294],[75.7627753100536,11.803049679387222],[75.76014508099273,11.804417558443792],[75.75741141395247,11.804877046169892],[75.749990525697,11.802975232501344],[75.74778246590955,11.799291839574185],[75.74583409181317,11.798252526897992],[75.74842445147921,11.795741049569639],[75.75232185451516,11.79460957945641],[75.75323597434904,11.793273350873571],[75.753098406466,11.79164612080846],[75.75533656025516,11.789560532286087],[75.75749973014464,11.788569134591317],[75.75728168581965,11.787715230996497],[75.75296594852632,11.78345880058216],[75.74904238744594,11.782198709332036],[75.74525122041267,11.786336397569059],[75.74264001056243,11.786234762034695],[75.74167674472086,11.785498083570667],[75.73846504179232,11.786467134721677],[75.73684795232059,11.785752438827824],[75.73672736750494,11.781828426045745],[75.73781561652237,11.780977157623608],[75.73477958855891,11.781006142485898],[75.73371786093118,11.780330724105594],[75.73135100666642,11.780621604328136],[75.72900551408479,11.779659873191651],[75.7279281145335,11.78416134659639],[75.7268059373089,11.786678016352456],[75.72473249287744,11.788686167816538],[75.72217792069348,11.79270288983015],[75.7162863399225,11.796375353514044],[75.71268186506187,11.795489279808121],[75.70687103704387,11.796701831185143],[75.69834643666427,11.79907842622792],[75.69574818165563,11.798714026509948],[75.69118458941392,11.798713897676087],[75.6905222032322,11.79534045768087],[75.69135769115917,11.793638499746427],[75.68890892930716,11.790597116145669],[75.68759071740271,11.788262894699486],[75.68724170187032,11.784461437359148],[75.68540846095195,11.779809094019404],[75.68524063763047,11.778185732777828],[75.68227790909529,11.773740118205906],[75.67786649119347,11.772968506130306],[75.67439780073624,11.771145604198995],[75.67011407544155,11.76970924758729],[75.66889360199328,11.770055462791678],[75.6676553541873,11.768394512699253],[75.66651894667959,11.765191657616642],[75.66710202325383,11.762837768714613],[75.66607730670434,11.760911097811523],[75.66566186520282,11.757982371184726],[75.66114399038598,11.758616777979984],[75.6582642662579,11.75735751653419],[75.65762491241067,11.754781895134071],[75.6544169741726,11.755392890506398],[75.65432771880685,11.753528111624114],[75.65094620588076,11.75158492241124],[75.65124313147585,11.749178037937883],[75.64832112246795,11.749314478896254],[75.6482244393052,11.745232047976788],[75.64725542282905,11.744827349390038],[75.6461071640534,11.746249603152936],[75.64602470933917,11.744359898100821],[75.64476362647527,11.742649218552188],[75.64323953659999,11.742245715148474],[75.64145268473635,11.74332125441261],[75.63935145182279,11.739374427879385],[75.63752122437869,11.737524820503422],[75.63648886235448,11.737495476866545],[75.63551651591908,11.735621339552825],[75.63374033920297,11.735313335388055],[75.62949768857955,11.737845547542648],[75.62835243373615,11.736554964914616],[75.62702818635384,11.737276746714526],[75.62667528517707,11.735428352156713],[75.62558489205276,11.736081854933444],[75.62253971567633,11.732507664678016],[75.62419836591091,11.731590758417395],[75.61946732687548,11.727025547496638],[75.61767276319478,11.72667222523121],[75.61603803129297,11.723913246766651],[75.61415655833933,11.723664111023478],[75.61098394876443,11.724633980086717],[75.61024969839372,11.72242011461946],[75.60657827853969,11.717657991335491],[75.60722463826089,11.721594529312968],[75.60556358866747,11.721476081861969],[75.60258863455738,11.717709442191342],[75.59998962126645,11.718417777131032],[75.59821910439678,11.717363655946903],[75.5959844724685,11.712883167638122],[75.5935597627947,11.7117082197711],[75.58839577386381,11.712406052642002],[75.58712601860968,11.710704091874023],[75.59232326668479,11.70838759278029],[75.59350213614798,11.706187817558359],[75.59370011925434,11.70435632789618],[75.59233681949698,11.69965252994753],[75.59219971013142,11.697731229989822],[75.5938517210623,11.695874147393564],[75.60015425983805,11.695711743268319],[75.6018629301895,11.694614030067834],[75.603757724745,11.690536397286971],[75.6023888996344,11.687555233235903],[75.59966990539806,11.68591064049454],[75.59262749506577,11.687489694978433],[75.58765792487294,11.686699666927469],[75.58467687442608,11.68477969705579],[75.58156138991994,11.682131973682448],[75.57865567755711,11.678932305819087],[75.57201478804917,11.674926145742058],[75.56909621642458,11.674287507187376],[75.56862729872329,11.676013437851351],[75.56499733280255,11.679710054452162],[75.56339127936211,11.679428317917969],[75.56140469040436,11.681489366404593],[75.56176238373737,11.685987439013324],[75.56337631308288,11.690189048765864],[75.56351116870071,11.69335814800766],[75.56187191202973,11.694839878852047],[75.55586489470006,11.698242547764115],[75.55331341105436,11.702398044897215],[75.54984880662944,11.704154425271046],[75.54409261969393,11.703737172238142],[75.54086585609073,11.70605221803423],[75.53865964752544,11.708579252625368],[75.53561823211017,11.708652788594426],[75.5338919551775,11.707905462411944],[75.531948148061,11.703821822418242],[75.53000649782612,11.702934676520936],[75.52999806993907,11.703921615725108],[75.52764470252905,11.706422321337138],[75.52439016295361,11.708034915287522],[75.52326210713312,11.710550632030534],[75.51965724999084,11.715706226408363],[75.51767048344918,11.715946725440215],[75.51783611450065,11.714548285890066],[75.51576822829814,11.715460049070957],[75.51505732401611,11.71676509199217],[75.51677565327745,11.716555330344937],[75.51629475362228,11.718615818993905],[75.51468332635449,11.721842685758778],[75.51349818400742,11.723058542606742],[75.51071082030685,11.727415495833627],[75.51026823905994,11.728720953508583],[75.50620459844228,11.731908397223805],[75.5052275762384,11.73319446761493],[75.50200249801777,11.733751409056007],[75.4988456521835,11.732203554263],[75.49801911688554,11.732967597399758],[75.49598804811617,11.737907473795351],[75.49199572902052,11.742876530897881],[75.48811374314103,11.74582352093952],[75.48528880994107,11.746392751060338],[75.48492545547204,11.75152162655051],[75.48413613309961,11.75123751101953],[75.48359257586286,11.753511053874048],[75.47776206418533,11.757318532877019],[75.4756434050385,11.759366571279802],[75.4736611113502,11.762065753997154],[75.47273921967235,11.764342023529862],[75.46808719445683,11.764577404827332],[75.46552695833289,11.767180448996756],[75.46411409162037,11.767148479690848],[75.46339116321306,11.765847461397113],[75.46210025431223,11.766758852854126],[75.46061256384658,11.765485221486966],[75.45977732525628,11.76668653034814],[75.45425505066784,11.769866060443999],[75.45280839028395,11.771378312354615],[75.45308169295677,11.773928470296461],[75.45420544043566,11.777477103386392],[75.45643163543555,11.777898650460761],[75.45385893760316,11.778690026568874],[75.45050925162778,11.781205096958349],[75.44685147558722,11.78181751808263],[75.44643831373237,11.782369089678092],[75.44626167610946,11.788368293421126],[75.44502396302352,11.791145244994752],[75.43821544163102,11.80209108111391],[75.43580709340479,11.80434995844143],[75.43169428720192,11.80742388044102],[75.42887001898994,11.807948070691062],[75.42571573063535,11.810349805609038],[75.42391715514057,11.81228689085664],[75.42302180333186,11.815005457870539],[75.42087372242698,11.81774386157603],[75.41787448715145,11.819442670835183],[75.41744883063478,11.821808175837067],[75.41575900755706,11.824388478610608],[75.41046987650243,11.83067336087716],[75.40800444599795,11.832438391425136],[75.40562024700436,11.83578675534894],[75.40119720304143,11.840123414199306],[75.39796049285086,11.840941401019736],[75.3937518055039,11.846865639061436],[75.3911433469444,11.84939894634764],[75.38557201426407,11.855560049529347],[75.38181191070576,11.858319240054469],[75.37992718605837,11.858557717952936],[75.37696873397581,11.85686303804227],[75.37655272965995,11.853292615344829],[75.37303822344364,11.851694717666193],[75.3700854416077,11.852864164461353],[75.36740892951201,11.85075711469376],[75.36482658085973,11.851990809105954],[75.36369181168149,11.85393010603163],[75.36003702653703,11.857970330281754],[75.35568235107226,11.859804394279784],[75.3558784500862,11.862272611640329],[75.35486817336111,11.864138165110235],[75.35229119408284,11.866866014662715],[75.35139689949195,11.869603621051791],[75.34815537585388,11.875731946231376],[75.33205890690351,11.895719639176244],[75.32404151652932,11.90336342384117],[75.31947395982469,11.904597638609893],[75.3184155419495,11.909030573933713],[75.31951605493137,11.910594240536014],[75.31778333880719,11.914358792153786],[75.31495899922544,11.918746472901601],[75.30541104960665,11.932006116906997],[75.29699454571568,11.94152317686654],[75.2955127299545,11.941887609025754],[75.29485343151502,11.945711373355234],[75.29086525033374,11.950504516573513],[75.27508440797203,11.973706623543633],[75.25849458532798,11.996905381735612],[75.25563783321799,12.000503219245635],[75.25027168550362,12.006363434825975],[75.24127548953061,12.014896088593964],[75.23756917699907,12.01754093828646],[75.23089287198498,12.020877669308755],[75.22728139059309,12.020757243399691],[75.22360420082451,12.018657238513649],[75.22289463798727,12.01512686194344],[75.22105228654885,12.012346692637133],[75.21839941317417,12.01158811706307],[75.21694414444518,12.009866612851546],[75.21413544656116,12.009772685958943],[75.21062617928577,12.010577964398703],[75.20838431571734,12.009580187600156],[75.20675484872727,12.006362048105844],[75.20413462242803,12.004692471778961],[75.20157529649454,12.005133907925773],[75.20043243326973,12.007204601648684],[75.20076074688633,12.0093246593035],[75.19932754543524,12.012044720306102],[75.19187618509581,12.028058945310995],[75.18521963781487,12.041150573705181],[75.183932047942,12.044206105627092],[75.18587634628364,12.045534787507174],[75.18777018388431,12.049132062248137],[75.18562747710487,12.054048218786082],[75.18393104481225,12.056985287097309],[75.1770282042212,12.076890637353342],[75.17639940480035,12.080525911696144],[75.1704547671015,12.094527398902066],[75.17158690149213,12.09555750332676],[75.17648496832076,12.101910375599575],[75.18264596161707,12.09523737921199],[75.18674388778676,12.09516232976694],[75.18950088576958,12.095960699836079],[75.19343826845444,12.102559163131028],[75.19173302466656,12.107990456935589],[75.19095173172924,12.113990826621832],[75.19378931451337,12.118017310870368],[75.18802188653994,12.129016896653537],[75.19092002977004,12.134101752159856],[75.19496921219636,12.135658764646822],[75.19487161001831,12.137327197192521],[75.19618999876252,12.1399620368723],[75.19394476539696,12.142251502482972],[75.19333173100621,12.14581896088348],[75.19111275305427,12.146503529729044],[75.18988825768257,12.15633381046081],[75.18919633966078,12.159119260640846],[75.18811749505174,12.160589461442205],[75.18772079536546,12.165056823775945],[75.18151925199871,12.174741051322483],[75.18170358246206,12.175803314565647],[75.18008581027584,12.175533352165894],[75.17862666135969,12.17886200266709],[75.17719376620862,12.180241944714492],[75.17653336502482,12.182095915850027],[75.17465532957826,12.184683478858986],[75.17320976579448,12.187595910992174],[75.17341304396057,12.189553754922311],[75.17644646355451,12.18982305861163],[75.17885052795812,12.190603703785213],[75.18402097823605,12.19092129396518],[75.18899951269732,12.192676784827531],[75.192170893433,12.193067951487645],[75.19931091174765,12.190634866587986],[75.2029140329392,12.19066391145291],[75.20437627923125,12.19164850337806],[75.20798360682976,12.197121125407147],[75.20810862843975,12.198228745160534],[75.21597575774983,12.202707780734647],[75.22070490987868,12.208134148723216],[75.22329688722829,12.213376753500148],[75.22791064743632,12.217808299725514],[75.23251456901616,12.221322072119678],[75.23525242023169,12.219488498661837],[75.23701569708446,12.217687600597676],[75.23985144756203,12.218367558952133],[75.24316096651151,12.217772670720004],[75.2468479125852,12.21861037361942],[75.25029174805898,12.220017834372154],[75.25206446526457,12.21843830638729],[75.25536653913129,12.220515102386265],[75.25841487473966,12.221592790895489],[75.26070178003057,12.224172306391763],[75.2623939812398,12.224921173839501],[75.26493026426283,12.224000946390172],[75.26738158926422,12.225499632626963],[75.27212206665675,12.227077490169123],[75.27314040759455,12.229572211030442],[75.27830453320064,12.231814095444129],[75.28566380656525,12.2321411374797],[75.2890480219032,12.233304082925647],[75.29048854478286,12.234966349139665],[75.29099789490074,12.23837936167899],[75.2906645071102,12.240296733829583],[75.29142542419292,12.242624345298431],[75.28956775616228,12.246207154635645],[75.2883899419255,12.249459243034929],[75.28902652474571,12.25129552985244],[75.28857870449764,12.253984763367013],[75.28745461294295,12.255893865567897],[75.2869567947572,12.258977969219806],[75.2878376536314,12.261563214643276],[75.2895898062698,12.262239514661296],[75.2950414734633,12.26605416569056],[75.29861722970922,12.26950457052163],[75.30444258037734,12.270176327936943],[75.30807573127345,12.271402053476296],[75.31164252499772,12.270905229756636],[75.31395963961366,12.271087890940253],[75.31921332394239,12.274219594510624],[75.32356034081074,12.272623035908717],[75.32780484568015,12.270000110889454],[75.32815127229183,12.26762608586628],[75.3301167688109,12.265968985103758],[75.33512460236214,12.267274067957073],[75.33867995273954,12.268702901646131],[75.34099701214157,12.268826645952753],[75.34517793370368,12.266949669941432],[75.34813200351564,12.269129687020076],[75.35484350325692,12.272335672419251],[75.36099988717837,12.276324378237911],[75.36571410827491,12.277877949011522],[75.36653993627257,12.279965637488294],[75.36828490348337,12.281866674501096],[75.36885834894038,12.284280283535574],[75.3710806159288,12.285525057322483],[75.37501232119604,12.282992437106687],[75.37650183431413,12.282990357883602],[75.38203955127646,12.284727898905093],[75.38464108011696,12.287500229363092],[75.38778070022626,12.287247126588026],[75.3864883406932,12.290088229271516],[75.38681018046424,12.293216499576305],[75.38785654324347,12.295086824076348],[75.38954076470627,12.296115265824971],[75.39163210361465,12.295768664630074],[75.39155993660546,12.290492470763109],[75.3926390644261,12.28968170621108],[75.3941937867716,12.290208414310994],[75.3958757851693,12.29279662572211],[75.39857544410143,12.293479940846801],[75.40085919221413,12.292662767839111],[75.40317279167196,12.293346616899168],[75.40712177508628,12.293187025193284],[75.40940877754943,12.294558051976189],[75.41111886373803,12.294460538922367],[75.41362899189687,12.292370585496165]],[[75.53251336533533,11.757101711949645],[75.53216079658353,11.753983984054786],[75.53588582207708,11.748763938910072],[75.53866607038407,11.747292213376353],[75.53968408317391,11.745100175749892],[75.53958418221455,11.738378313945535],[75.53879688501465,11.736384829363114],[75.53702754134929,11.734680989767691],[75.5313169897583,11.735332507301484],[75.52912896818914,11.733130613537618],[75.52938542729105,11.73042549287056],[75.52795192467089,11.728321628639433],[75.52689813080536,11.72345338408306],[75.52741083590008,11.72154723610448],[75.52749991904257,11.717216828770463],[75.53023918449385,11.717043474316569],[75.53138037869769,11.715887576801636],[75.5301957596658,11.71186136553408],[75.52891453446304,11.710836962284347],[75.52991980666398,11.7090033653047],[75.53296813501112,11.708977134358783],[75.53298618899915,11.710933994096715],[75.5359341467731,11.71122571464715],[75.53729036623768,11.713144527088414],[75.53444080548122,11.713539191363001],[75.5333377819249,11.716374770139439],[75.53497806653401,11.718436904486888],[75.53967220145412,11.715411399636144],[75.54341581730664,11.716920028254233],[75.5457078394286,11.717227786133808],[75.54814567866293,11.716561806492134],[75.55245907119472,11.719360919188833],[75.55436157996229,11.718827790384307],[75.55658133807198,11.719541790822541],[75.55831455509514,11.722446204871268],[75.5578466047884,11.726414375415517],[75.5542930767532,11.730541482999158],[75.54408955686934,11.735277900996127],[75.5455112365022,11.740543366301813],[75.54559236057176,11.74272228512769],[75.54472371005264,11.74466719814509],[75.5454965576079,11.752482998190297],[75.54455441765451,11.755590988367587],[75.54518541209666,11.75896902244975],[75.54269915525727,11.76061699589644],[75.53481074198695,11.759628787661585],[75.53251336533533,11.757101711949645]]]]}},{"type":"Feature","properties":{"id":"32-303","name":"Kasaragod","source_name":"Kasaragod","state_id":"32","source_agency":"Survey of India (SOI)","district_code":"558"},"geometry":{"type":"MultiPolygon","coordinates":[[[[75.41581171654667,12.500483138012719],[75.4178069466523,12.497460427145125],[75.41857929112047,12.495304575207019],[75.41725210671386,12.493426983060125],[75.41855252735292,12.490569160211772],[75.42047810935313,12.488635854445434],[75.42080130762099,12.484884840562344],[75.42022098267836,12.47981872768201],[75.42448715147482,12.474887036937053],[75.42489239387949,12.473273905207575],[75.42479043279711,12.468976004475325],[75.42310423868214,12.466821810709236],[75.41563832371816,12.466021794175807],[75.41557337929942,12.462216495567121],[75.41323673854512,12.45862391555343],[75.4039040054436,12.45499581885176],[75.39945180962064,12.454914179558884],[75.3969248919108,12.452836278668862],[75.39335901153594,12.451442412081024],[75.392592740984,12.454675505836942],[75.38992511627386,12.455409893293872],[75.38679448598229,12.458151608087913],[75.38337769383466,12.458034203486147],[75.38117032799838,12.456823051708362],[75.37984593732683,12.457916756350278],[75.37672806041745,12.458486209335303],[75.37493917607243,12.459670275301324],[75.372966354508,12.459245430543213],[75.37188571578116,12.45696312755053],[75.37044263084276,12.456623366545497],[75.36865285614302,12.457884995136679],[75.36610059881849,12.458255491040903],[75.36555342519888,12.456804749892763],[75.36818855766742,12.453162234803703],[75.3702120342269,12.448932160824135],[75.37034547522101,12.445682733558664],[75.36875451326458,12.442907789914887],[75.36897067947535,12.441533906285262],[75.37124232290029,12.438966960455355],[75.3712239830741,12.436585246083876],[75.36904008204351,12.429739170564169],[75.36977423503804,12.425742629699466],[75.3685944827647,12.42414830435042],[75.36777839345618,12.419555818104808],[75.3665832518513,12.416776951537242],[75.36694274520468,12.41404565625998],[75.3658595138402,12.411946476022903],[75.3707643169523,12.408614593951755],[75.37235490650373,12.403250821728896],[75.37247065398128,12.400224797302993],[75.37599685597331,12.399447935343915],[75.37779161257968,12.39826533168598],[75.37965550602455,12.394109441088032],[75.37901773843913,12.392751774928776],[75.38439650733169,12.390949923473455],[75.3867027238653,12.392303080631157],[75.3913303563722,12.389764548637116],[75.3922365464118,12.389889805947133],[75.39456612291248,12.387716625742543],[75.39587615855396,12.38454844144797],[75.39825353981591,12.381625429287812],[75.40047334966367,12.38065013547181],[75.4017936114587,12.382263983119879],[75.40465147178195,12.379129314393248],[75.40657369089354,12.379017981725825],[75.41340477833933,12.380088236114974],[75.41495396018816,12.379216778590486],[75.42029922749299,12.374679374522147],[75.42184868723544,12.372695393664493],[75.42179316717728,12.36778298539083],[75.42068481584897,12.3649901731211],[75.42037132115892,12.359508187076722],[75.418913495718,12.355689516416966],[75.41790199864467,12.354446834220076],[75.41536386263975,12.349679226723902],[75.4116036678187,12.349205187043404],[75.41032553215572,12.34725748100223],[75.41078964145154,12.34601910487907],[75.41531514437314,12.33998557056564],[75.41518267204818,12.336351511037302],[75.41584430395288,12.334539135456735],[75.4161102286428,12.329988047332709],[75.4185429124071,12.328861599033464],[75.41857802592253,12.327000351902633],[75.41977259836057,12.32404447345732],[75.42028283495907,12.318952775331343],[75.42224001753566,12.316906928098112],[75.42347580938453,12.313837568441956],[75.42614025076323,12.312440912451734],[75.42793424941488,12.310127775584437],[75.43065216132757,12.310489738797228],[75.43210539504955,12.309458484776945],[75.43114055659196,12.308021130692564],[75.4282081145496,12.30705905612948],[75.42767901379536,12.304117011388803],[75.42403422889859,12.302987802088811],[75.4251677650295,12.301402028043624],[75.42443354077916,12.299995876859716],[75.42192857635037,12.298739895277226],[75.4191934837569,12.29519710043988],[75.41362899189687,12.292370585496165],[75.41111886373803,12.294460538922367],[75.40940877754943,12.294558051976189],[75.40712177508628,12.293187025193284],[75.40317279167196,12.293346616899168],[75.40085919221413,12.292662767839111],[75.39857544410143,12.293479940846801],[75.3958757851693,12.29279662572211],[75.3941937867716,12.290208414310994],[75.3926390644261,12.28968170621108],[75.39155993660546,12.290492470763109],[75.39163210361465,12.295768664630074],[75.38954076470627,12.296115265824971],[75.38785654324347,12.295086824076348],[75.38681018046424,12.293216499576305],[75.3864883406932,12.290088229271516],[75.38778070022626,12.287247126588026],[75.38464108011696,12.287500229363092],[75.38203955127646,12.284727898905093],[75.37650183431413,12.282990357883602],[75.37501232119604,12.282992437106687],[75.3710806159288,12.285525057322483],[75.36885834894038,12.284280283535574],[75.36828490348337,12.281866674501096],[75.36653993627257,12.279965637488294],[75.36571410827491,12.277877949011522],[75.36099988717837,12.276324378237911],[75.35484350325692,12.272335672419251],[75.34813200351564,12.269129687020076],[75.34517793370368,12.266949669941432],[75.34099701214157,12.268826645952753],[75.33867995273954,12.268702901646131],[75.33512460236214,12.267274067957073],[75.3301167688109,12.265968985103758],[75.32815127229183,12.26762608586628],[75.32780484568015,12.270000110889454],[75.32356034081074,12.272623035908717],[75.31921332394239,12.274219594510624],[75.31395963961366,12.271087890940253],[75.31164252499772,12.270905229756636],[75.30807573127345,12.271402053476296],[75.30444258037734,12.270176327936943],[75.29861722970922,12.26950457052163],[75.2950414734633,12.26605416569056],[75.2895898062698,12.262239514661296],[75.2878376536314,12.261563214643276],[75.2869567947572,12.258977969219806],[75.28745461294295,12.255893865567897],[75.28857870449764,12.253984763367013],[75.28902652474571,12.25129552985244],[75.2883899419255,12.249459243034929],[75.28956775616228,12.246207154635645],[75.29142542419292,12.242624345298431],[75.2906645071102,12.240296733829583],[75.29099789490074,12.23837936167899],[75.29048854478286,12.234966349139665],[75.2890480219032,12.233304082925647],[75.28566380656525,12.2321411374797],[75.27830453320064,12.231814095444129],[75.27314040759455,12.229572211030442],[75.27212206665675,12.227077490169123],[75.26738158926422,12.225499632626963],[75.26493026426283,12.224000946390172],[75.2623939812398,12.224921173839501],[75.26070178003057,12.224172306391763],[75.25841487473966,12.221592790895489],[75.25536653913129,12.220515102386265],[75.25206446526457,12.21843830638729],[75.25029174805898,12.220017834372154],[75.2468479125852,12.21861037361942],[75.24316096651151,12.217772670720004],[75.23985144756203,12.218367558952133],[75.23701569708446,12.217687600597676],[75.23525242023169,12.219488498661837],[75.23251456901616,12.221322072119678],[75.22791064743632,12.217808299725514],[75.22329688722829,12.213376753500148],[75.22070490987868,12.208134148723216],[75.21597575774983,12.202707780734647],[75.20810862843975,12.198228745160534],[75.20798360682976,12.197121125407147],[75.20437627923125,12.19164850337806],[75.2029140329392,12.19066391145291],[75.19931091174765,12.190634866587986],[75.192170893433,12.193067951487645],[75.18899951269732,12.192676784827531],[75.18402097823605,12.19092129396518],[75.17885052795812,12.190603703785213],[75.17644646355451,12.18982305861163],[75.17341304396057,12.189553754922311],[75.17320976579448,12.187595910992174],[75.17465532957826,12.184683478858986],[75.17653336502482,12.182095915850027],[75.17719376620862,12.180241944714492],[75.17862666135969,12.17886200266709],[75.18008581027584,12.175533352165894],[75.18170358246206,12.175803314565647],[75.18151925199871,12.174741051322483],[75.18772079536546,12.165056823775945],[75.18811749505174,12.160589461442205],[75.18919633966078,12.159119260640846],[75.18988825768257,12.15633381046081],[75.19111275305427,12.146503529729044],[75.19333173100621,12.14581896088348],[75.19394476539696,12.142251502482972],[75.19618999876252,12.1399620368723],[75.19487161001831,12.137327197192521],[75.19496921219636,12.135658764646822],[75.19092002977004,12.134101752159856],[75.18802188653994,12.129016896653537],[75.19378931451337,12.118017310870368],[75.19095173172924,12.113990826621832],[75.19173302466656,12.107990456935589],[75.19343826845444,12.102559163131028],[75.18950088576958,12.095960699836079],[75.18674388778676,12.09516232976694],[75.18264596161707,12.09523737921199],[75.17648496832076,12.101910375599575],[75.17158690149213,12.09555750332676],[75.1704547671015,12.094527398902066],[75.17639940480035,12.080525911696144],[75.1770282042212,12.076890637353342],[75.18393104481225,12.056985287097309],[75.18562747710487,12.054048218786082],[75.18777018388431,12.049132062248137],[75.18587634628364,12.045534787507174],[75.183932047942,12.044206105627092],[75.18089886441297,12.049127363803109],[75.16813975529924,12.080866511059341],[75.15828244575395,12.1039946341239],[75.15379946302419,12.115600502285275],[75.15306141753038,12.118038709029335],[75.14956937376948,12.127017151257736],[75.14192539336852,12.144592472712638],[75.137377759185,12.155779858039388],[75.1250098785517,12.187276893396499],[75.12190079495717,12.195612617125173],[75.12022410737366,12.19753401995948],[75.1197109525479,12.20068222172373],[75.10965242104916,12.226742244234314],[75.10866650049931,12.228858570268008],[75.09735976839755,12.259114714062603],[75.0970292823935,12.26032933453433],[75.09086982973362,12.275276870873322],[75.08874592835379,12.279423059389556],[75.08775059934742,12.282813763997748],[75.08560919798909,12.286643420130394],[75.08503013911698,12.289262689368703],[75.0807692800305,12.298503854375735],[75.07811244188537,12.305070519734652],[75.07538580982853,12.310520524856734],[75.07235640974237,12.318387368493788],[75.06669555648247,12.330140417387218],[75.06141842604892,12.342627395349217],[75.05117308860468,12.36453642074889],[75.04633469167938,12.374045019312913],[75.03991980683506,12.388209689053626],[75.0386514245223,12.389881656169464],[75.03526004052743,12.39067434092523],[75.03231877211144,12.390275180220716],[75.02975309052775,12.392742529785181],[75.03000496490517,12.394230277095584],[75.02685259780587,12.399881476743367],[75.0233910707888,12.408209200699503],[75.02125587453044,12.41105529087173],[75.01876221413706,12.41628402197081],[75.01592071213112,12.416192326653574],[75.01443671152312,12.417041015713979],[75.01272410104701,12.42240357674154],[75.00621949119002,12.436199241157315],[75.0043448101624,12.440575955583613],[75.00101981488491,12.44651992704472],[74.99841822451755,12.449718827153648],[74.9955848193146,12.455750356662277],[74.99224361029691,12.464595412609427],[74.98957187578003,12.47035630725449],[74.98699712417208,12.472682097259975],[74.98422441071897,12.473925286384459],[74.98473195048663,12.47604908795632],[74.98428039695298,12.477756421585903],[74.98154960301483,12.483213218998614],[74.97496894807563,12.499291174691564],[74.96749606728865,12.516037004782964],[74.95807455380468,12.539259522397884],[74.95068384045487,12.557897186617787],[74.94779711642714,12.56406713899608],[74.94643185686012,12.568281999237893],[74.94227785605548,12.578246798923592],[74.94086596203114,12.582079102113166],[74.93209688820504,12.603221323377372],[74.93079859315611,12.606718971331954],[74.92829650222141,12.61113181175999],[74.92096459718712,12.630219157684872],[74.91752506087474,12.637320558224996],[74.91603751754037,12.641796781551824],[74.91342510174607,12.646855748457892],[74.91005288359315,12.655232560845086],[74.90626482546975,12.662853094710787],[74.89510855212302,12.68841238016582],[74.88762107751484,12.706434327483308],[74.88608139995908,12.708487143779255],[74.88418370737632,12.709664944348996],[74.88132757474928,12.715672293498525],[74.8797454584692,12.720572467788047],[74.87596423141501,12.730361187168032],[74.87385142230457,12.736533221607267],[74.87106493800057,12.740554537434457],[74.86480832618884,12.758280654328605],[74.86433401590513,12.759254450574046],[74.86458510629038,12.76019165836162],[74.87220180493304,12.761128337370131],[74.874122670638,12.75501293908508],[74.87953328002152,12.755376721713018],[74.88226765300824,12.754134000440901],[74.88712086395189,12.758196150323736],[74.89300243318212,12.762500243959025],[74.89789030897649,12.762462816450876],[74.89941556142615,12.762999710451338],[74.90286971124036,12.766049892683096],[74.90756205571734,12.769032614447386],[74.91259998962941,12.771567400582505],[74.91619183754547,12.772082124611428],[74.92354203662224,12.77669094094565],[74.92531959416752,12.77703866154626],[74.92743367051227,12.77874211174117],[74.931278854317,12.779202398674],[74.93285867052637,12.780612193120163],[74.93534499034146,12.780920469317405],[74.93705820725026,12.779671074302627],[74.941664348579,12.780049047385948],[74.94425631984527,12.781495249994883],[74.94985645897167,12.783297069715495],[74.9506742656201,12.784365057612282],[74.9581596012235,12.784738822736163],[74.95992145529323,12.77895497961569],[74.96286104790842,12.77875220520179],[74.9637076882891,12.781574980386477],[74.96626316483216,12.780860056128393],[74.96646888003515,12.77654816906355],[74.96829235346164,12.776430035176926],[74.9700696067118,12.777494644005163],[74.97183860747826,12.777578437004735],[74.97708162655393,12.779471454556706],[74.98186504517614,12.779700644916073],[74.98236755340024,12.782377113430499],[74.98421899682987,12.78282616340678],[74.98510334053425,12.781642660941781],[74.98723989214545,12.783030425921076],[74.99202686044376,12.788275703675309],[74.98738271069921,12.793708397037053],[74.98900641802942,12.795531761429261],[74.9911506711132,12.795602378168711],[74.99401362385986,12.792202346591758],[74.99559658344056,12.789693190897431],[74.99881747595565,12.788835249348327],[74.9976722752577,12.786953433584344],[74.99827146749327,12.78603262178175],[75.00236562914128,12.788400517694393],[75.0000856755246,12.789344049948985],[74.99922264967803,12.790839128218884],[75.00218469831141,12.791872004546391],[75.00492075837536,12.790406447529302],[75.00290175202795,12.784441514422182],[75.00332385560283,12.778041850563634],[75.00445383787397,12.774444666337882],[75.0061500956678,12.770897558838731],[75.00938410468076,12.767577037547072],[75.0059956862675,12.766183403154427],[75.0052134797133,12.764904029652865],[75.00492497365167,12.761581922654896],[75.00304735175575,12.759226324402153],[75.00119233570615,12.75798708955287],[74.99749907358714,12.757578796435611],[74.99572665315695,12.753333702968009],[74.99397232851679,12.752873521021812],[74.99095655632499,12.74805450299579],[74.98844453183966,12.746579541707609],[74.98651218628174,12.743691296048125],[74.98509300582528,12.745167998934924],[74.98307710395343,12.744180789766538],[74.9828340869091,12.741397651710962],[74.98360566079094,12.739915305990422],[74.98239520805353,12.738446452202982],[74.9838224815148,12.735362565870831],[74.9863836378215,12.733018172703105],[74.98777678929305,12.733818951936321],[74.98819754263637,12.735290393565288],[74.99109433566352,12.735575417236843],[74.98967587508584,12.736244430400177],[74.99228570983897,12.738707245298126],[74.99497673309382,12.736303417435527],[74.99676362775133,12.73388005576079],[74.99912633117664,12.731776504434063],[75.01114983006896,12.727960882006265],[75.00406539612284,12.721527754740183],[75.00008619174996,12.720812310222925],[75.00011248150119,12.717644749425368],[75.00100080523877,12.717508129028781],[75.00095448743113,12.715465409484427],[75.01522568017158,12.713408142915462],[75.01877267958909,12.720218854614426],[75.02647653215854,12.718360994779571],[75.03203453392064,12.720518089371547],[75.03386197079693,12.722610588664164],[75.03916359342776,12.72282294350833],[75.04245891702796,12.719897249997732],[75.04436214835424,12.722151886870046],[75.04683991677915,12.720009583059252],[75.05013734926557,12.719346222464166],[75.04942648971961,12.718053168286405],[75.04983304000343,12.716427904530883],[75.05301069557262,12.712376902175095],[75.05341678772415,12.708383675852339],[75.0510511884123,12.708153532829037],[75.04949821572913,12.706252470482392],[75.04952250217343,12.704695819206986],[75.05470585519953,12.694709739477679],[75.05262804168541,12.690995195289977],[75.05182817625595,12.693718832019876],[75.04766574733371,12.695294483078158],[75.04490591933302,12.694805436010371],[75.0424943274431,12.693490818278777],[75.04180098225034,12.689380686809097],[75.03959439215282,12.686209420829025],[75.04145473518477,12.684752098272133],[75.04194737139763,12.682268500679879],[75.04057976316663,12.679981569487476],[75.04113842419896,12.675844292033803],[75.04227752727154,12.6720815049842],[75.04389321993523,12.670060220650058],[75.04587277543644,12.668689951566781],[75.04663960018569,12.666835603030993],[75.04748869149932,12.667604610318353],[75.05375199101968,12.669256267287764],[75.05477989166886,12.668816641390132],[75.05615780966005,12.665080152219353],[75.0574815341361,12.665084600759041],[75.05821424706598,12.668860757772155],[75.05902290873102,12.67070832692262],[75.06093347356214,12.670022938069856],[75.06093303110714,12.668397602465872],[75.0631381927065,12.667239697973075],[75.06512177720522,12.664065323631934],[75.06619045158362,12.663421119845935],[75.0691595377088,12.66391962147321],[75.07011753294367,12.665004427949755],[75.07312110114924,12.670849484196328],[75.07739131417894,12.671859690638032],[75.0838720542417,12.674231217701566],[75.08518347536322,12.67388924758735],[75.08634594037592,12.675244615824406],[75.08664145741092,12.677699523655862],[75.08744743048496,12.678422703582813],[75.08495349206726,12.683291748359789],[75.08539726280851,12.688600434871457],[75.0842262926976,12.692897855521526],[75.08495719757607,12.694591132662499],[75.08363616153832,12.695896353841437],[75.08419606776745,12.696811146926324],[75.08242585143576,12.698205765640866],[75.0802700258203,12.698636576861992],[75.08006607244813,12.700321449535016],[75.08457246896262,12.70414200491999],[75.08512534658128,12.7052871834235],[75.09143753111528,12.701061269669038],[75.09274496947118,12.701829943886853],[75.09934595794262,12.700916700903631],[75.10496144149795,12.698378140127572],[75.10583004846956,12.69743662072256],[75.10673410072926,12.694294512941747],[75.10638205272706,12.69230049207967],[75.10972992919856,12.691837350548],[75.109313152824,12.68981066873618],[75.11170491199852,12.686475453591544],[75.11173285114032,12.685074722767354],[75.11057080402038,12.683073445747532],[75.11529433622651,12.682768386800355],[75.11163852403791,12.680831928874108],[75.11652947346501,12.680680807704164],[75.12211618022928,12.67817176222195],[75.12325159980028,12.680601710388165],[75.1248265142044,12.680460044777236],[75.12901422370811,12.67584191090459],[75.13297815907062,12.674576393071433],[75.13498959301569,12.677194054641204],[75.13784266376375,12.675926718965554],[75.1397396245994,12.679444327107287],[75.14142938111266,12.679371133537167],[75.14314092783096,12.677220915608212],[75.14473482107164,12.678356783788432],[75.14694208027646,12.681533762765277],[75.15238029896788,12.682249559688158],[75.14914873998326,12.67520705973896],[75.15004183386365,12.673870729766525],[75.16090717276897,12.672992951511887],[75.15796879172862,12.66656282625578],[75.15398590788269,12.660191875717633],[75.15206643280645,12.65888430227465],[75.15122465170492,12.65736778743772],[75.1506417289157,12.652742926478833],[75.1495340801016,12.650940865518956],[75.14203400707201,12.647775978011023],[75.14113106916064,12.64668843542795],[75.13761721062502,12.64469319578791],[75.14243861763421,12.640941645610171],[75.14356104062813,12.641728970175704],[75.14845797417453,12.633786046585568],[75.14890261724838,12.632030766401025],[75.15330891605373,12.625603714400786],[75.15396623381329,12.623871700333874],[75.15675990045293,12.623002037376915],[75.16105610336311,12.620987777007167],[75.16285377472263,12.621411404168999],[75.16442254900124,12.623054710323837],[75.16832902548141,12.621197641907605],[75.1701961574951,12.621479222796742],[75.17234221217993,12.622847695496313],[75.17682407629715,12.626959026217897],[75.17873603853016,12.629123413224782],[75.18215191745931,12.631660413820475],[75.18559116904403,12.630878860174205],[75.18872769592477,12.632014600010638],[75.19254764325358,12.630786619554828],[75.1939413527134,12.629198722105587],[75.19717313837117,12.629413309406441],[75.20165199668364,12.628975910110526],[75.20031703510473,12.623487945565698],[75.20010914842014,12.620830111001686],[75.19909198469003,12.619426112542444],[75.19787080426129,12.615588097856866],[75.19847731630827,12.612930401585965],[75.2001634761325,12.6108251467268],[75.20306777642219,12.610558281911684],[75.20584175611174,12.609274073719215],[75.20702632083908,12.607149107286435],[75.20685683267065,12.603949155527895],[75.20908685961312,12.601492860370849],[75.20696570451622,12.596985583285019],[75.2008306095562,12.594617285753879],[75.200292029263,12.589015800366665],[75.207164026677,12.592248547204173],[75.20859058094734,12.592331280874037],[75.20925826889098,12.58767872086632],[75.21122774681864,12.58308005573215],[75.21172228193433,12.579425137571066],[75.21367294295362,12.579448999820041],[75.21686688260083,12.577623662733426],[75.21937080307838,12.569635253595441],[75.22029173631266,12.568204087431349],[75.22386877972349,12.569556375092558],[75.2253905455375,12.569340826320866],[75.22888189216508,12.567615241928314],[75.23427764873863,12.568609776793068],[75.23743463745838,12.56839998248288],[75.23765879775513,12.57250415818854],[75.23722017138824,12.575972240007061],[75.23898406874312,12.577268277974035],[75.23874148660522,12.579910270560838],[75.2408478470507,12.578654744838776],[75.24284697493727,12.580053457051195],[75.2453021677133,12.58079810425937],[75.24758702076353,12.582911889241844],[75.24909783419574,12.583447282599446],[75.25161945051974,12.588134617985101],[75.25512434531493,12.590437018340097],[75.2551280297305,12.591806943617787],[75.25653132768795,12.593555338096294],[75.2562657074533,12.594948038610871],[75.25762553814847,12.595990407472955],[75.2595682852245,12.596043610940791],[75.26120735646965,12.59766955535609],[75.2628402225548,12.601063359628638],[75.26314184320297,12.603436606787588],[75.26520318499861,12.604901726865632],[75.26580994384508,12.606363694309534],[75.2651119023147,12.607924161566476],[75.26422423055527,12.612429679457446],[75.26628104638108,12.615893523560414],[75.26950423250292,12.615924283850209],[75.27170737632628,12.616820317398723],[75.2728345754179,12.618438231225007],[75.27546028006189,12.619757446394447],[75.2777220819758,12.61853924426994],[75.28079111953062,12.617696004724607],[75.28269042295172,12.614976865140958],[75.28506943894273,12.612469854568971],[75.28867655823235,12.611658363924517],[75.29050815368866,12.605596313142074],[75.29065752548571,12.603208342138194],[75.29450190589897,12.60436496779124],[75.29816100279795,12.607155648972366],[75.30097662621915,12.606668821487258],[75.3033390837507,12.603410120240381],[75.30466946419014,12.602322448412863],[75.30620077274133,12.5972533905257],[75.30849873421849,12.593940485045984],[75.31124718294762,12.5909796238913],[75.31326996898204,12.592289131054521],[75.32262576753533,12.592186873716557],[75.32445161328238,12.592430992317736],[75.32610196186624,12.593654526573644],[75.32713343159082,12.592241712941085],[75.32649298565808,12.587443052131434],[75.32709236904084,12.585556195587854],[75.32551690183612,12.582653338262048],[75.32256082581694,12.580824665765247],[75.32063019118677,12.580663988628245],[75.31778358735207,12.57875182943517],[75.31533765574197,12.574307466281157],[75.31338804876421,12.573882222223107],[75.31170992971504,12.575192916306314],[75.3108239188857,12.577856972969535],[75.30712946513698,12.579587186844801],[75.2989091152056,12.582448832757075],[75.29308799244667,12.582817493107424],[75.28966710135788,12.583859756658683],[75.2852844694236,12.574702910999878],[75.28575846651583,12.573018539988007],[75.28378165062384,12.570843568563623],[75.27946998418236,12.57277104296824],[75.27766723377233,12.572860110889781],[75.27471417505518,12.571319941099848],[75.27390599726057,12.570110440797107],[75.27202656723662,12.570227899635723],[75.27100695107796,12.564953656155978],[75.26915401927236,12.559712055138796],[75.27125566104779,12.555437849935391],[75.26965118333995,12.549713737549386],[75.2723686603105,12.544430927023615],[75.27357629226948,12.541171638854552],[75.27305282247652,12.536862488250119],[75.27377072269933,12.534451146468552],[75.27850336845765,12.530204693344228],[75.27951289803013,12.525145222941413],[75.28004146936489,12.524180828915123],[75.28402251246958,12.525244419591989],[75.28664050339763,12.5249522908926],[75.29108691495983,12.525664927525415],[75.29548812451675,12.523871221963914],[75.29643394029566,12.522011990856322],[75.29994714432411,12.521943871286096],[75.30296043102351,12.52264877450904],[75.30230460734985,12.515527454650517],[75.3038276082554,12.508937063481321],[75.30302533528892,12.506002624415522],[75.30424219106749,12.50517903051791],[75.30412423580775,12.503330980122234],[75.30674088194955,12.502111771873354],[75.30965313942666,12.501896011226092],[75.31270880778241,12.502321948817313],[75.31445145184831,12.497518405163394],[75.32089052686665,12.498136478444225],[75.32401350602038,12.49717872764338],[75.32990755116819,12.498960845108364],[75.33142666337554,12.500341137524114],[75.33356463280866,12.496754805445446],[75.33250152294285,12.494329793490452],[75.3336740476508,12.491522423000015],[75.33653818444233,12.489078049019666],[75.33580584349227,12.486721595672625],[75.33518978645935,12.478275285621493],[75.33821182334066,12.471924149117273],[75.34063222358976,12.470389194963431],[75.33914139607833,12.46829609633417],[75.3357485659709,12.465421799318984],[75.3362465020118,12.464150196663164],[75.34534924452839,12.46311660224945],[75.35193944929368,12.465194487962592],[75.35505919831576,12.465093618724525],[75.35847625304206,12.464275288134855],[75.36044700121221,12.4655702766901],[75.36096456855938,12.467210740717341],[75.36229995261921,12.468113247813868],[75.36632765000527,12.472968001317717],[75.36698276242623,12.475483469089108],[75.37059328205147,12.475022490011845],[75.37211178136866,12.476947748996086],[75.37184342857594,12.479104713970662],[75.37265069688985,12.480633989725034],[75.37107295102321,12.484047436544115],[75.37127031439765,12.486994903091729],[75.37068405548575,12.488167955881636],[75.36808071697902,12.488234097441028],[75.36744380271169,12.491218365029098],[75.36831948149484,12.492302299407939],[75.37486465695495,12.494106174366854],[75.37821231016838,12.495959746857372],[75.38070631688032,12.499221228461636],[75.38189558138015,12.502054985000761],[75.38684358281053,12.501983150056914],[75.39151802598226,12.499725130984833],[75.39446431819754,12.5028130369656],[75.39827091417014,12.503644601600175],[75.39945964460792,12.50081942556353],[75.40258717828395,12.498076481375755],[75.407561431983,12.498650845454476],[75.41136807582959,12.501839682950607],[75.41337568641727,12.500325235790063],[75.41581171654667,12.500483138012719]]]]}},{"type":"Feature","properties":{"id":"32-304","name":"Kollam","source_name":"Kollam","state_id":"32","source_agency":"Survey of India (SOI)","district_code":"559"},"geometry":{"type":"MultiPolygon","coordinates":[[[[77.20712613143075,9.071613641833416],[77.20525073370462,9.065749526068485],[77.19987455998782,9.060860172394452],[77.19824850466301,9.058068608290139],[77.19660434239897,9.056479587425274],[77.19572574608732,9.053399483826489],[77.19511901736925,9.049358394903477],[77.19729150601596,9.046995453555477],[77.19236844354668,9.043457543633105],[77.18684504648652,9.042681618020383],[77.18469145844875,9.045884951056943],[77.18276426752055,9.046678269608268],[77.17860670064853,9.04700125754964],[77.17482822985473,9.04686103591804],[77.17060958664615,9.046104217553916],[77.16685988692282,9.044691559758673],[77.16430699967512,9.038992730011133],[77.16266296286446,9.036900478807002],[77.16047917331439,9.035527256490786],[77.16193296574616,9.03284243681222],[77.16085281253132,9.029124604094864],[77.15357812717953,9.021977343870192],[77.15015784126568,9.02132922530872],[77.14692549160829,9.021273027316855],[77.14941399800684,9.018029308265719],[77.15061106061142,9.014470210401136],[77.1504535777355,9.012469111032463],[77.14919803638155,9.009631404128852],[77.15258601554103,9.007209833978658],[77.15480777242186,9.006988967740918],[77.15668856908346,9.007524794428443],[77.15598908986043,9.003850230182437],[77.15848325124456,9.000684884707256],[77.15842398224315,8.998985068850857],[77.1615066179516,8.995065247389558],[77.17321061523228,8.99147439126503],[77.1736419962217,8.986980659506898],[77.17527839150787,8.982934326154332],[77.17550951677961,8.977328502065195],[77.17803644179529,8.969122891427824],[77.1823923378382,8.969099636741603],[77.18473420420474,8.970500716368715],[77.19053515906997,8.96563987359242],[77.19053452969406,8.962118167814767],[77.19133423061913,8.959179501458488],[77.19452570555598,8.957388675817022],[77.19612106471894,8.954603558196153],[77.19680250149392,8.9517101119012],[77.19372294764608,8.943862574782765],[77.19688135261707,8.936456893354446],[77.19664901106466,8.934042824375236],[77.19552554187553,8.93215627996497],[77.19228563283906,8.928399692718653],[77.19265972194512,8.92618393145938],[77.1945648704943,8.92413812062341],[77.20087978585684,8.924579926425503],[77.20285708837098,8.923048044202796],[77.20318500073857,8.925648129693085],[77.20618143816415,8.929551376892142],[77.21028306021321,8.931904375209916],[77.21454349590724,8.92932132251143],[77.22122091096686,8.927423307945643],[77.22367910726321,8.924117012847017],[77.22098950999714,8.919672282485896],[77.21808938982961,8.916469435207501],[77.21959821594086,8.91175009361597],[77.21978820196396,8.90804749919947],[77.2210645948181,8.903969396372919],[77.22288733727889,8.903109967675615],[77.2249424203857,8.904099481807556],[77.22777902656206,8.903605940665281],[77.23245621146036,8.901185986444098],[77.23837863182507,8.8977619762723],[77.24006871848698,8.8944929099985],[77.23822458253467,8.891862184977457],[77.23748848618435,8.885696189922195],[77.2404787860702,8.88294661877657],[77.24481910177946,8.880092615838507],[77.24710094198988,8.879685002242956],[77.25439259602487,8.879613365871469],[77.25618168124291,8.878293297681354],[77.25825502479641,8.874874751149642],[77.2597414243537,8.869359416916035],[77.25996456965683,8.865168409267786],[77.2571910971937,8.86155253511982],[77.26242804629696,8.855176063833335],[77.26277432477298,8.853167680607921],[77.25971513347888,8.851331997731204],[77.26390730710813,8.841971041788057],[77.25304741772686,8.827678857132733],[77.2469930281783,8.823623666812088],[77.24640932864321,8.822162263879214],[77.24676297900874,8.818780139489256],[77.24780293568871,8.816940250524716],[77.24662274556125,8.81422189052562],[77.24401649861737,8.81219037575686],[77.24222269018297,8.80926821877228],[77.23870403370499,8.808850852180889],[77.23426743570177,8.806870875553301],[77.23186963238517,8.807055929784783],[77.23257769268767,8.802862509765411],[77.23235428215914,8.800380632420744],[77.23036702594739,8.79776821111513],[77.2311199305558,8.790837487878342],[77.22914232129773,8.78394463109858],[77.22393636884784,8.783130243049559],[77.22060221613573,8.780095083455636],[77.21954772927016,8.77845857694048],[77.21432820606724,8.779178457665116],[77.21294970978228,8.778515826318218],[77.21434173399577,8.77491489831077],[77.21643184315163,8.773481289052354],[77.21825810429864,8.771012460357133],[77.21831831090807,8.76877465543817],[77.21697464452971,8.767390737523497],[77.21545460500164,8.76766621915486],[77.20928716738007,8.764778557299422],[77.20801783173589,8.76520622486945],[77.2068788177005,8.766934698430914],[77.20371514441638,8.768873761969745],[77.19933142016664,8.769334844728958],[77.19944171565646,8.771352536604425],[77.19560778763442,8.772111480785311],[77.19099390773003,8.772319002723423],[77.18879816976539,8.774351850098215],[77.18527545615635,8.776301897639314],[77.1832961439982,8.778062329201958],[77.1808383719805,8.778795045037565],[77.17545879859148,8.78172744855602],[77.17252323720702,8.783890938131915],[77.16881465155681,8.787496066442126],[77.16428070337606,8.789004414538972],[77.16003697876594,8.791225140643709],[77.15825559388729,8.792695065868454],[77.15595940954947,8.796264776484412],[77.15470044681835,8.796154543591081],[77.15467871197743,8.793967311681785],[77.15132459805925,8.796074392677287],[77.15077152197561,8.798626443256646],[77.14730283283767,8.799785100844431],[77.14525956774536,8.803127454985873],[77.14335926834391,8.803676068803421],[77.14060121417322,8.805964923035175],[77.1369218406975,8.805262759015433],[77.13258614801788,8.808148148380177],[77.12698719313495,8.810213530587358],[77.12565968380002,8.813230895082048],[77.12290621541057,8.816351184076643],[77.12210749646714,8.818109216337364],[77.11833408729717,8.821651134950105],[77.11248703168934,8.822470395035701],[77.11167075505632,8.82434600827817],[77.10990930919554,8.826177213240468],[77.10743770898473,8.826173040435004],[77.10710280628692,8.82961414301188],[77.10389433340934,8.82866952313784],[77.10181754901032,8.828581760388204],[77.09775293964833,8.829707215197534],[77.09185003199835,8.832759114407718],[77.08951636270606,8.833047843122332],[77.08618742298908,8.834932921314152],[77.08238673849277,8.83938303022686],[77.07624407929536,8.840239724768217],[77.07436143343052,8.839956381647145],[77.07217131513721,8.840754852832323],[77.067782899757,8.840074032662221],[77.06385639724041,8.84156904958999],[77.0550471948223,8.843384640798035],[77.052385756295,8.844425165254215],[77.05015876128743,8.8459694537423],[77.0430797404416,8.84518117074949],[77.03944011408929,8.84435584566085],[77.03441411460861,8.842593399267997],[77.03181889896052,8.842049334026598],[77.02861128160362,8.834209333634544],[77.0278169639198,8.833522117639639],[77.02443468365871,8.83318783428546],[77.02265257872611,8.831353524643312],[77.02203068604933,8.829784053296175],[77.01960761902657,8.82788525888614],[77.01997219521716,8.825569288057098],[77.0190376100347,8.820815139458132],[77.02073492362427,8.81710897652259],[77.0200184280961,8.815689156359415],[77.01815996135042,8.815658520542845],[77.01504169933452,8.817071767115701],[77.0105051582942,8.81499446128461],[77.01002516604503,8.8136185533505],[77.00821733882339,8.812014652988466],[77.00926248666978,8.807842031826286],[77.0104620755973,8.807026604060251],[77.01064989821998,8.804783806738177],[77.00958605004624,8.8021364569194],[77.01056340274191,8.799708726031756],[77.01094946834081,8.796325942258093],[77.01242735943393,8.79403567388783],[77.01529600059038,8.791028348576402],[77.01520692423014,8.788827737596025],[77.01960317253999,8.783520811861498],[77.0207144713752,8.779835914178742],[77.0243507224107,8.775983793820448],[77.0245395992739,8.77478506828295],[77.0176415156511,8.772765595438669],[77.01635152297236,8.771963413122855],[77.01196629137505,8.772565319065604],[77.00848426740947,8.772168086758223],[77.00720434439712,8.771555708122468],[77.00302436152836,8.771473921733191],[77.0011737417633,8.772871316032704],[77.00015062932147,8.776085678063138],[76.99890840467455,8.777215358187355],[76.99731856608733,8.782545727544798],[76.99489120044507,8.784859083804896],[76.99169506971488,8.78697309621598],[76.98381532454853,8.789206777300398],[76.98090374487678,8.789330517098787],[76.97833567718168,8.788259288036132],[76.97624943333177,8.786367434662527],[76.9740518595167,8.783201537115547],[76.97244867010905,8.774699302971818],[76.97079862375641,8.774531658578674],[76.96723183234059,8.772728794682614],[76.96502847501996,8.770995630639588],[76.96318151311802,8.770539700206811],[76.95668985094228,8.770614107547287],[76.9537830203169,8.77162799802217],[76.94974895411933,8.771671405619095],[76.9488487980996,8.770677250364406],[76.94607743223231,8.770668863886172],[76.94428603250395,8.769516501794948],[76.94221536813914,8.767100079603457],[76.9415635750118,8.765374539101305],[76.93858309650138,8.764449716304744],[76.93620956327469,8.762742068728858],[76.93860534014378,8.76217388133465],[76.93503290565342,8.76010857192411],[76.9315369469633,8.761405568075835],[76.92985294222191,8.763443590345627],[76.92502833722237,8.76789767043239],[76.9212182266185,8.770854977819234],[76.9182427885262,8.77181023299541],[76.91584637862395,8.773169343131983],[76.91446909648039,8.774798958541455],[76.91508931249324,8.776142734441995],[76.91492342099258,8.780130053306362],[76.9169939146178,8.780765943542605],[76.91767333198457,8.783017927972777],[76.92034916779012,8.782977188106738],[76.92079197282763,8.784267566821551],[76.91825115153894,8.78758911132702],[76.91666839761412,8.79080627700098],[76.91408629264694,8.792297376020445],[76.91178354590646,8.796887737576427],[76.90686023015749,8.799028009774972],[76.9061592936026,8.80232652964008],[76.90262761300565,8.80475803780167],[76.90252821172427,8.80619818883379],[76.89973863745693,8.807584042256398],[76.89963070085703,8.808687485425736],[76.89765779868222,8.809388954916582],[76.8960810319736,8.80847486304733],[76.89428315238571,8.808759603890582],[76.89340096567912,8.807733495953642],[76.89003400587602,8.808618324951807],[76.88770180304746,8.807472883562394],[76.88542961223806,8.804713543742663],[76.88372867350253,8.80349715555759],[76.88031514221763,8.804160604106253],[76.87571169897546,8.807641395238182],[76.87283136351749,8.807718955980695],[76.86865334430102,8.809073198710578],[76.86634248982608,8.810359260188484],[76.86262784469756,8.811706565016825],[76.85839671120817,8.814276811040662],[76.85706234603835,8.815499356949758],[76.85443446421165,8.813369842338872],[76.85078577380449,8.816108837843782],[76.85074740939713,8.818450398088684],[76.85141822403797,8.819929666791678],[76.84849704098946,8.821883169753843],[76.84926922073964,8.823637629932373],[76.84599657102913,8.82436791906176],[76.84478457676089,8.825544626883612],[76.84536511048933,8.82805484729373],[76.8471336210752,8.831892723236551],[76.84650593872183,8.832686801271134],[76.84347575426054,8.833745843494842],[76.83886898109478,8.837619595767576],[76.83886710275779,8.839066022886243],[76.83220121643178,8.841928231858663],[76.82801281464677,8.843151006433308],[76.8257224499997,8.842208425855048],[76.82334894819502,8.844701566126961],[76.82424992092871,8.845867888058311],[76.82397404310807,8.849828859395371],[76.82143777908595,8.8538979687596],[76.82042236646767,8.853030494499635],[76.81653272448527,8.85867023511056],[76.81525149078979,8.85873515497657],[76.81435484232514,8.855670394713211],[76.81164875432013,8.85430480240822],[76.80953652600235,8.854504869890423],[76.80801007615345,8.856465012407538],[76.80637054815489,8.856685315939616],[76.80680634809586,8.854730566611037],[76.80523963618803,8.852170629277163],[76.80188982713001,8.848322036495864],[76.8007801702292,8.848155654088416],[76.79855046206808,8.850354152655536],[76.79596660680347,8.854507043979982],[76.79405563423266,8.855917443587911],[76.79334281398839,8.854180528171145],[76.79013668037548,8.852772088087645],[76.7891556131385,8.852885213711996],[76.78403701276882,8.85823446756611],[76.78332844333852,8.861148803146596],[76.78170817958241,8.861599594197875],[76.78048311889921,8.860122725089013],[76.78166136671605,8.856591420748058],[76.78198304429182,8.852621169869792],[76.78095089429915,8.850609993075292],[76.77777942060439,8.847901673569275],[76.77721728630686,8.846292904433797],[76.77508945483353,8.84324282504378],[76.78135547742708,8.842132752759383],[76.78099259062446,8.839435872068483],[76.78247159045236,8.838922635872535],[76.78432067543181,8.836938497075666],[76.78482158387132,8.835259095049176],[76.78829875692784,8.834478636749344],[76.79136498637294,8.829527972940232],[76.79404589628507,8.827607660454024],[76.79103102763749,8.821528785573602],[76.7869808654025,8.822185440358673],[76.78269777020884,8.818829233257533],[76.78644719911335,8.81800229385804],[76.78866625011115,8.818312682872756],[76.7892796565634,8.817351505837879],[76.7895007938723,8.814208860529384],[76.79201785268764,8.814133582245333],[76.79224905723622,8.8130830872491],[76.78940704230914,8.812663413516074],[76.78801434123298,8.811250694801123],[76.78673428424402,8.811532535033287],[76.7834047687117,8.810847703073826],[76.78233253068272,8.809939679393091],[76.77966513024667,8.809929789131132],[76.77691160559006,8.80901157651209],[76.77465311594453,8.809935394631733],[76.7708388964736,8.810522926308385],[76.77143260630272,8.805421252101834],[76.7701102026804,8.805386825238237],[76.76798641284623,8.803105010647023],[76.77059473840117,8.799313838302933],[76.76851697287388,8.798098623055399],[76.76094962361032,8.799643912634723],[76.76080871744587,8.796756067551394],[76.76134382177176,8.792676337476452],[76.76022600823104,8.790751368697313],[76.75811382823625,8.794752632035616],[76.75170615551437,8.79556450423449],[76.74745322527754,8.795597771831833],[76.74329996045907,8.794604549672348],[76.74033142128492,8.795278226464836],[76.73835104430196,8.797389275664058],[76.73631410548674,8.79712750947686],[76.73405450531692,8.798810413066503],[76.72783055246606,8.799096725523702],[76.72281776962708,8.802871553590196],[76.72028587378858,8.802675214328808],[76.71738954610706,8.799338855968772],[76.71369257120301,8.795798126308986],[76.71171159742461,8.794853372600542],[76.70888403770527,8.794599512211477],[76.70929294862945,8.790615196127774],[76.70769167332293,8.790220156510141],[76.70422609237131,8.790552210032804],[76.70380631408581,8.792149820965795],[76.70252444684623,8.792047151953794],[76.7020355243261,8.790458165098528],[76.6987694542759,8.790685349970147],[76.69593567991744,8.790060779769227],[76.69343302703462,8.79028443033138],[76.69274234305944,8.791295615398402],[76.69150947017295,8.789972165877126],[76.69175942354074,8.785965983965045],[76.68974945478864,8.778594950005289],[76.68905566375193,8.77790456021311],[76.68398765387617,8.778564637748648],[76.68392691157783,8.776178093324626],[76.68120335085598,8.775765319010416],[76.68150794757898,8.7778343489529],[76.67960222381704,8.780446617641601],[76.67892279680412,8.783952957523814],[76.67749383899304,8.78549629305737],[76.67696016994167,8.788075276565412],[76.67566950824747,8.786010634674312],[76.67563437890631,8.783248871835518],[76.67439442817728,8.78134216143117],[76.6732814423116,8.781074803692261],[76.67189683365557,8.78225851957284],[76.66805112271344,8.787115808234063],[76.6629492634297,8.792493270421952],[76.66069073821434,8.794501665129426],[76.65268202213531,8.805858088526037],[76.6483121455072,8.809465912005287],[76.64758875090338,8.810823314760777],[76.64752301573476,8.813570835039242],[76.64622742203638,8.815739445860489],[76.6393542517806,8.825748493381324],[76.62549808384112,8.842237417485167],[76.62070189212074,8.84756849493628],[76.61803559612432,8.851465065170053],[76.60837820734804,8.860928729738932],[76.59978849626567,8.867283994380877],[76.59585320744166,8.869939249933468],[76.59263867950226,8.871374351176408],[76.58806250030294,8.871951646527341],[76.58213814626384,8.871121357471296],[76.57610640047999,8.874687965181412],[76.5696833858043,8.877282439601233],[76.56464186198268,8.879910169849499],[76.5612245237349,8.883952184895016],[76.55850464373627,8.887736136564593],[76.55324320518136,8.893658352522372],[76.5500778929192,8.898669044507047],[76.54680803487227,8.902302123200563],[76.54183462482239,8.913319419931394],[76.54106893946,8.916326125684051],[76.53998169103664,8.92675126222353],[76.5393239498937,8.929584988538185],[76.53828781190249,8.931394447958551],[76.53533380068842,8.932801019381255],[76.53558737432107,8.933683542812702],[76.53972422981839,8.932333242417725],[76.54162611827532,8.932726914972456],[76.53980370420645,8.934690300217396],[76.5373876967735,8.934384801541611],[76.53520564007611,8.935755483700603],[76.53659087323848,8.937651567492424],[76.53357449570578,8.950937912913888],[76.52837488525786,8.96539030287898],[76.52702831937282,8.96948380078538],[76.52216536981383,8.992611854870292],[76.51972393904576,9.001768960611725],[76.51852190230917,9.005591445056707],[76.51915688916804,9.013448839419796],[76.51812981987291,9.017180016176564],[76.51548377090944,9.022026120958639],[76.5108796468583,9.029067248575437],[76.50428459776657,9.04376460961164],[76.49912383747501,9.056206516437967],[76.48799276540691,9.081990199144672],[76.48209544351835,9.093805786582006],[76.4802131897208,9.097903923617634],[76.47308111864899,9.112075138426892],[76.46751303935328,9.124186533812873],[76.46611807514572,9.126848323498237],[76.46742919062311,9.128813070095655],[76.46954663218868,9.127140845785735],[76.47229156035674,9.128775319898155],[76.47553748152608,9.127229651279666],[76.47723821440522,9.124894520151186],[76.48167933804822,9.12421184405475],[76.48501032387135,9.125649446878873],[76.48705666100307,9.125519024415109],[76.49053124753141,9.124302246847119],[76.49581394251346,9.124741647948639],[76.4988872620845,9.12438994213627],[76.50601143437584,9.124663433888468],[76.50213669881407,9.13457990964429],[76.50661365974553,9.13485064919003],[76.51040541955517,9.136575391215967],[76.5173973942988,9.137037581686421],[76.52075316226279,9.136464375409066],[76.52344604068935,9.135413346219442],[76.526498189315,9.135414055539197],[76.5291143471314,9.134494427313326],[76.5361660699761,9.134817245836537],[76.53909489594935,9.134714410368916],[76.54207257156067,9.135595020300112],[76.54241568339879,9.131617233738385],[76.54164129865568,9.130282455283737],[76.5436963333394,9.129016955403422],[76.54423673488884,9.126718177642019],[76.54643396587221,9.126790203098777],[76.54743410009522,9.122428026680986],[76.54865924428724,9.11963808563225],[76.54861913237569,9.116677215250345],[76.54918594725537,9.114161394293706],[76.55117506297309,9.110296860365034],[76.5541676697223,9.11025690114917],[76.55859905825,9.109528165006358],[76.56412737037907,9.111091228308835],[76.56805793253196,9.111291245227083],[76.57098870181638,9.113765012399691],[76.57146773301785,9.116167863513889],[76.575068933743,9.116975082498218],[76.57803042590494,9.115018399224049],[76.57968768578375,9.117474932387626],[76.58432752052903,9.116577741473451],[76.58356932631617,9.1189588856258],[76.58476253521827,9.12135859408187],[76.58808994157103,9.121945351565026],[76.58883468461012,9.122706046137882],[76.58940411968119,9.127020729052205],[76.58827054133468,9.128845185974633],[76.59197500269119,9.131358174263621],[76.59538547707854,9.131913065840275],[76.59906571382623,9.131299984348251],[76.60699201186925,9.129050283467496],[76.60994463967647,9.130076556340287],[76.61491571439196,9.130000267383998],[76.61640185313681,9.13075764641362],[76.61640729557399,9.131960003669898],[76.61851332318635,9.134011978320334],[76.61997170589308,9.13466553756326],[76.61937068691537,9.135513492527865],[76.62264973874854,9.137438139788982],[76.62488101333945,9.138002321087434],[76.62731926355549,9.137064686021173],[76.63004566107247,9.138471856844747],[76.63322358271375,9.138159253381975],[76.63430062903059,9.139958043838908],[76.63399559505461,9.14104381734837],[76.63593729126214,9.13867683399891],[76.6363938219235,9.135440869288768],[76.63589050478905,9.13077056247222],[76.63614869831231,9.127906428963266],[76.63492421299185,9.12566588274663],[76.63343265586069,9.124689418880457],[76.6333585421006,9.121864526715436],[76.6387165088611,9.123497330465039],[76.64039630240083,9.122549054248497],[76.64432923572836,9.122406940875845],[76.6451854477959,9.120262826433372],[76.64648325442565,9.119446606378652],[76.64675359692852,9.116065327742263],[76.6490179508003,9.116401173632859],[76.65214709984649,9.113626630584939],[76.65379059439616,9.114974077532269],[76.65599295216788,9.114146640833239],[76.65760180814249,9.115054790742532],[76.66299070791561,9.115006823456456],[76.66499959196267,9.11622016143182],[76.66905140261464,9.117296633185548],[76.6702439537827,9.116486473365434],[76.67166681891305,9.118256590334228],[76.67277969926309,9.117939639774976],[76.67401560506669,9.114715124624155],[76.6761193627426,9.114221694386984],[76.67526052129321,9.112458014403636],[76.6759829627517,9.111324583144125],[76.67664940122366,9.10694088064173],[76.67611920686447,9.105415448141228],[76.67777332298846,9.105082276292285],[76.6775667208022,9.103677244050346],[76.67630977716274,9.103362036865201],[76.6768907772964,9.097242836129055],[76.67698263612196,9.092109468870326],[76.67626048947632,9.091348892235125],[76.6766534170779,9.087821115579837],[76.67515733450041,9.085888799807242],[76.6749948417804,9.084203422681226],[76.6729320680872,9.082630743532231],[76.67298118973567,9.081455198007525],[76.67108430961098,9.082331814185217],[76.67087895614983,9.081446286642363],[76.67415532977142,9.077598808497985],[76.67593232361429,9.07862838705033],[76.67636162809887,9.08147868209411],[76.67800866051752,9.082752181213396],[76.68158412541713,9.08129231527221],[76.68238538909524,9.081558049572166],[76.6835204188377,9.086091995063951],[76.68611349584921,9.086770095357958],[76.68742396025735,9.08914707559927],[76.69088198982331,9.090030546394852],[76.6923895253461,9.089324821639027],[76.6938710248921,9.089729811752347],[76.6966473894983,9.088112619030284],[76.69874018306992,9.088731856455954],[76.69983059783272,9.087275342687686],[76.70164569487831,9.086700130610586],[76.7039002145055,9.08721807066683],[76.71072284803996,9.086376235996154],[76.71269689052835,9.08420411388876],[76.71465785576271,9.083906259015913],[76.72203098798376,9.080422545598946],[76.72362343017697,9.080586820703841],[76.72601819351122,9.083061665490856],[76.72835424655946,9.083728714984717],[76.73180769574157,9.081280411313186],[76.73407981080221,9.080930584507838],[76.73481948843937,9.081550914524954],[76.73682787158674,9.085948602333909],[76.73847641503068,9.085488741155416],[76.74537912138369,9.0797467317802],[76.7477722281643,9.080924061598793],[76.75013084293732,9.083782990167368],[76.7529537358509,9.088273056820185],[76.75578288799628,9.088283026320912],[76.75760294626156,9.085919316909356],[76.757271669073,9.083667767610313],[76.75793784527207,9.077072196639653],[76.75757497000491,9.07398897581496],[76.75918112787502,9.072154048452074],[76.76096365658158,9.073271190901439],[76.76517930303548,9.07491352197607],[76.76980943038153,9.074517050240711],[76.77126938446683,9.074833960792345],[76.76998590012941,9.077894299904708],[76.77076236207982,9.082125776740076],[76.77028886025143,9.083739618915743],[76.76825036379499,9.08685379604643],[76.76545533520628,9.094556312102974],[76.76719673870221,9.096695221623264],[76.769451477967,9.101157862338004],[76.77160732651431,9.101524668910493],[76.77289935462228,9.10076552202981],[76.77349937614063,9.102212326090903],[76.7731302672348,9.104355041570418],[76.77626849472196,9.105626264534314],[76.7762813675337,9.10846533131437],[76.7771999366709,9.109374251212587],[76.78092063608676,9.109569656216959],[76.78194833842936,9.11069107391247],[76.78220689314405,9.113503012889371],[76.78317561180118,9.114136136543047],[76.78646430476535,9.114073692178025],[76.7917370109401,9.11082902165712],[76.79312929415741,9.109106947942387],[76.79658133033558,9.110536238582519],[76.7992153225956,9.109126297559998],[76.80212654117953,9.108738164723778],[76.80420508609465,9.109344293659095],[76.80910413280874,9.108459140081226],[76.81377159279339,9.104951874783607],[76.81843480496087,9.099193203624026],[76.81944944603674,9.096829076430726],[76.82205591898493,9.095608797853272],[76.8225292484238,9.093407290088333],[76.82581336655124,9.0924266968572],[76.82753724556127,9.09247206951462],[76.82827163377706,9.093860037837995],[76.83277682600539,9.094321691425643],[76.83632468661736,9.093124127120358],[76.83702969538277,9.09370737744365],[76.84195118885457,9.092102942419565],[76.8454669426826,9.094820299603029],[76.84613522758696,9.098834726790189],[76.85174800881333,9.099581111786833],[76.85185433565128,9.100462644839093],[76.84940597846436,9.102366718439907],[76.85153487646008,9.105190783604876],[76.85072388520938,9.110412807667347],[76.85183726983041,9.113115615189331],[76.8525941766061,9.112499423162694],[76.85553289461014,9.115459544699563],[76.85662311359233,9.11744184808521],[76.85770306123507,9.116621775217213],[76.85927092603703,9.117711533258477],[76.8624965104816,9.115883928449978],[76.86473642719264,9.115405977707919],[76.86581809415478,9.116224980823798],[76.86654240983232,9.12008798603484],[76.86762045750207,9.121733680313598],[76.87027554987678,9.12391694768148],[76.87171332760518,9.126215922614595],[76.8745055211793,9.128293991477115],[76.87552875431466,9.131258873841025],[76.88479519905371,9.125132404293224],[76.88443411472863,9.12227585198234],[76.88939532134992,9.123545333032135],[76.89194890860682,9.123284825839669],[76.8940429735539,9.124596768811747],[76.89672699002134,9.12803171155756],[76.89772968818927,9.130691321311215],[76.89998231748609,9.128672169892868],[76.90144485014858,9.12591928274139],[76.90251526821558,9.125520653154956],[76.90536621693556,9.126215941697007],[76.91099698058156,9.126022222448865],[76.91787700812121,9.123779003517136],[76.92370412607774,9.122601201971765],[76.92491335765047,9.118760014379925],[76.93078118507914,9.11883155200162],[76.93785877839233,9.11726617189975],[76.94067014453171,9.11832355015612],[76.94369051028897,9.118630433986873],[76.94810248604551,9.11726432766011],[76.95330286661722,9.122434978599113],[76.95552303158244,9.123980542437327],[76.95631054579462,9.126521060933573],[76.95950420705766,9.128003120332538],[76.9599958745035,9.129983107953068],[76.95770204404783,9.131146841281874],[76.95633861246365,9.130379035682187],[76.95217266212,9.131555617780009],[76.95027868991987,9.130776345350942],[76.94802732780893,9.131782965399049],[76.94528706068671,9.135733248025506],[76.94303788484393,9.136634351652711],[76.94098018096629,9.138489143747162],[76.93937687277871,9.138982092964232],[76.93583112663298,9.136056746078348],[76.93238917778693,9.138092507644053],[76.92802675434724,9.138525604813385],[76.92626053114313,9.139164507007123],[76.92719626713637,9.146318287847187],[76.92560800194065,9.151978886111497],[76.92594784476827,9.155495816213513],[76.92715713535185,9.15918546332073],[76.92751112746255,9.164276164395728],[76.92805757025216,9.165276438018175],[76.92782573209004,9.169366395762266],[76.9298025636033,9.174179375881366],[76.93360551752512,9.171823426265986],[76.93527034016975,9.170096226635088],[76.9393054534706,9.169006024594056],[76.94471815866692,9.16356204048448],[76.949203047185,9.160134421460153],[76.95081801951078,9.159641310972042],[76.9594055945737,9.153590623072251],[76.964841344035,9.151740386761094],[76.96705692440092,9.152210008880475],[76.97148725561057,9.15011571605632],[76.97907941482212,9.148951774085862],[76.98300468452959,9.146622482736428],[76.98839046305181,9.145522252873505],[76.99167800039096,9.141240018627682],[76.99398848608926,9.139887647236922],[76.99776431254604,9.14018923147115],[76.99967633067217,9.138974215738425],[77.00025044308519,9.137691686948227],[77.00239735510229,9.13778833633201],[77.00431539037348,9.136792478030364],[77.00801866947198,9.13951082053662],[77.0096127193223,9.139117890118861],[77.0136850952982,9.136302183704029],[77.01582872195328,9.135797655321886],[77.0173024208321,9.133439335081087],[77.01783390011744,9.13009644130265],[77.02118793797361,9.12974781615959],[77.02590798696092,9.127312662419895],[77.02872077869692,9.128557875815565],[77.03211755417868,9.126130055213748],[77.03568811627524,9.124686354408572],[77.04035926275557,9.123290816884182],[77.04624310661121,9.12243968179807],[77.0473063849748,9.123089032819518],[77.0509067727536,9.126901256964208],[77.05415187445787,9.126607172720885],[77.05518801781652,9.124906587919016],[77.05624896866956,9.118003885109319],[77.05783552546785,9.11635431687369],[77.05944030377563,9.117877381890965],[77.0645106964163,9.118725426367174],[77.06658178853213,9.11515228024113],[77.06671715602445,9.113913836467013],[77.07053822420468,9.112079182109794],[77.07637693552996,9.112922750507694],[77.07901589801558,9.112415044190723],[77.08021517398562,9.110654638471626],[77.08053509002477,9.108573886245031],[77.08404480043744,9.106913345389403],[77.08931861553963,9.105242544541243],[77.0952624413625,9.101511586418859],[77.0973552145928,9.101721009850275],[77.09783797113015,9.099526350889569],[77.09975707277219,9.098805757783943],[77.1031102612238,9.098402313646316],[77.10480474327234,9.095821029889114],[77.10710381769943,9.093999979707906],[77.10891733647773,9.093881043176227],[77.11078341289806,9.092668147139578],[77.11205244842795,9.09353301933866],[77.11392209445602,9.092921125612769],[77.11778102811726,9.09426806310298],[77.12054468507421,9.094143475162939],[77.12520595621662,9.091215042214836],[77.12838811344935,9.089596621833559],[77.13057597319052,9.087446232568295],[77.13551758863112,9.0858311491253],[77.14224551865959,9.084914989744414],[77.14421669184448,9.08304148583766],[77.14536985711857,9.082763572196564],[77.15120985022246,9.08393128498394],[77.15314966468364,9.086712737922952],[77.15496360592891,9.085933731481209],[77.15484169749624,9.083801347326355],[77.15361317510124,9.08134572284054],[77.15702739532325,9.081325516215918],[77.1594414073846,9.080547526393875],[77.15994418379245,9.081746609466759],[77.16322699529802,9.078771727318914],[77.16660181921141,9.077495372803808],[77.16754193223863,9.078090807936363],[77.16896807561116,9.077097201913931],[77.1705105397834,9.077304978262442],[77.17211442435881,9.078664669415751],[77.17480143198868,9.077170913356106],[77.17842586216229,9.075834291215454],[77.18238255160773,9.075318052751106],[77.18519181848339,9.076015292910258],[77.18728068454205,9.075618719628139],[77.1893205938222,9.076153260774168],[77.1922865053913,9.07493345031848],[77.19547478029493,9.07442171152006],[77.19887632443114,9.073086158428293],[77.20074090170364,9.071705733904782],[77.20436363201819,9.070865917610583],[77.20712613143075,9.071613641833416]]]]}},{"type":"Feature","properties":{"id":"32-305","name":"Kottayam","source_name":"Kottayam","state_id":"32","source_agency":"Survey of India (SOI)","district_code":"560"},"geometry":{"type":"MultiPolygon","coordinates":[[[[76.62872361185575,9.85526146142061],[76.6274535976326,9.850527219455559],[76.62811214754919,9.849127277933256],[76.63074944979014,9.847853353843357],[76.63255076838115,9.846147146532369],[76.63476815555178,9.845745578369236],[76.63948550274185,9.843901020811472],[76.643691353673,9.841855482097808],[76.64615169370497,9.839854605683364],[76.64932893613866,9.83997022932305],[76.65090529796753,9.84075804544721],[76.65608871688454,9.84010442419045],[76.66146992875463,9.839842899047227],[76.66325690983139,9.839006906442034],[76.66549662768558,9.842114909145144],[76.66727832978994,9.843864423292164],[76.67416410225582,9.841873132933193],[76.67539123877987,9.839376452049573],[76.67926127999762,9.837698313052307],[76.68200703840141,9.839013647290944],[76.6827675392459,9.835294269858716],[76.684763718881,9.832594729112602],[76.69062167442247,9.833795052205774],[76.69078459038201,9.832668662741767],[76.69379212936232,9.832585841953168],[76.69559950560262,9.833110158868706],[76.69732280388573,9.829648144888386],[76.69781144841086,9.827159575816722],[76.6990349356052,9.824893330307239],[76.70488390354227,9.823471703780623],[76.7103747753367,9.820985072685499],[76.7106070881502,9.8186240913383],[76.71655327769066,9.817534658045808],[76.72145810847672,9.811863637456826],[76.72739161838805,9.811299334788306],[76.72967549804365,9.811877768992238],[76.73067565317302,9.81067383447899],[76.73354265657544,9.808987009436313],[76.73447491335148,9.80690512209566],[76.73927237120492,9.805788395049555],[76.74197684513139,9.803484246770072],[76.74707843107863,9.804477526101525],[76.75058437795909,9.805697046964955],[76.74925906784367,9.813291289250508],[76.75395285935603,9.816641320990653],[76.75683190390363,9.814428418173973],[76.77027790483335,9.809250612063924],[76.77666057416117,9.808073751368392],[76.77872100668426,9.807357781837482],[76.78671482465789,9.802425196565597],[76.79507860429054,9.797496582665453],[76.80507530127309,9.790815746853246],[76.80780624592654,9.788568342324316],[76.81459895501489,9.77994884451204],[76.8283301493894,9.768729243646705],[76.8270346992508,9.763447981445275],[76.83477834452971,9.75727739930004],[76.83892348348265,9.755447117804314],[76.83990073041447,9.753362702784692],[76.84231417213779,9.751460427629072],[76.8448366848702,9.744567503882843],[76.84671256125698,9.741868060710217],[76.84991015693114,9.738438236431943],[76.85742739394068,9.73186174752366],[76.8601776370611,9.7291439395584],[76.8665584497046,9.734734299182582],[76.86644039053661,9.73055620234933],[76.86769751282438,9.728049829118584],[76.8729253318342,9.724405366471977],[76.87758723574554,9.72222386551529],[76.88029136391613,9.720256543537252],[76.88463257878082,9.719423583400209],[76.88758295734603,9.71670451192512],[76.8899760144852,9.712899193624809],[76.8903039142569,9.709638716036995],[76.896896342389,9.699261077146293],[76.89913328266908,9.691226224381511],[76.90146156272019,9.68729470722703],[76.9028197933087,9.683883633809085],[76.90190818785399,9.676806506201087],[76.90782202656726,9.67225850890354],[76.91095513701102,9.670541702735914],[76.91182901240454,9.669420447676956],[76.911597271431,9.6667578371543],[76.91401010393139,9.66459954707896],[76.91614864936481,9.661799007175645],[76.92163935078334,9.658211342142332],[76.92432328786879,9.656036001371554],[76.92660754614519,9.653252610703563],[76.92507630339374,9.64988498830822],[76.92191388892877,9.649595301300497],[76.92127952186328,9.646154881584433],[76.91917660084438,9.647169919740685],[76.91779810121788,9.643196829996517],[76.91952879198932,9.639389601952788],[76.92210018243937,9.635845371395504],[76.92663795499314,9.631331989325375],[76.92929518307952,9.629265759398507],[76.9311720840845,9.626285247956238],[76.93219944582022,9.621940632992596],[76.93449187305718,9.62063967235159],[76.93334996090688,9.619240481496362],[76.93181448457247,9.61990893199952],[76.93152784984072,9.617153556808958],[76.9296663886461,9.616951531498968],[76.93057166547018,9.615979200677748],[76.92920828509196,9.614066028730557],[76.9245272357423,9.618155242173854],[76.9222719070175,9.619582521532513],[76.9179625876318,9.62098497545985],[76.91476161564883,9.623506653036863],[76.91370124925638,9.625261635297026],[76.90839125832366,9.626918158532503],[76.9059694835714,9.630750661111605],[76.90228944403391,9.63342708842849],[76.8981504102532,9.633439341641944],[76.89662533013035,9.632461665126613],[76.89466417833391,9.633048730890298],[76.89207639687878,9.629882543876011],[76.89184487822563,9.623874773312533],[76.89296910308012,9.621303649212816],[76.89109752780405,9.620111649724855],[76.88755522255634,9.619839513082672],[76.88675374770837,9.618616795667124],[76.88755848326676,9.617554719561433],[76.88975460430524,9.616928018654823],[76.89076161656375,9.614563210777026],[76.88894562395247,9.613113276162618],[76.88725916072363,9.609974467254427],[76.88731931187368,9.608914264741196],[76.88978772800618,9.608127932396181],[76.88904081989918,9.605643837603845],[76.89177043185856,9.604196882114222],[76.89296725804847,9.601662189228609],[76.89153408629264,9.598260745258917],[76.892540086016,9.59504470552083],[76.89374409149029,9.59345771195851],[76.8948782718462,9.58584930035223],[76.89375410586143,9.584318748212741],[76.89071117692758,9.584949992649229],[76.88553536798054,9.582781613401574],[76.88310905150419,9.582094194709716],[76.88175252373931,9.579979165387781],[76.884224260633,9.57623048396976],[76.88446568925204,9.57046195071536],[76.88506779116776,9.564872210761976],[76.88351173785257,9.561789109479582],[76.88520835673866,9.55731891674285],[76.88555765521073,9.554609620634595],[76.88663276083726,9.552217403339682],[76.88638123634651,9.547893337491745],[76.88745952238602,9.54608407666975],[76.88744956081264,9.544280744493307],[76.8854730210684,9.539220274039918],[76.88687147486743,9.537680490289796],[76.88978243321368,9.538790084550005],[76.89254187346799,9.53801123270819],[76.89567773282859,9.538622411555568],[76.90043457506596,9.537606717522118],[76.90213370872641,9.536126991324439],[76.90193640324934,9.534204183984606],[76.90290049708275,9.531326599196538],[76.90199305682138,9.52964338891736],[76.90286142850364,9.528592367702416],[76.90191427609153,9.526107159672597],[76.90395240854748,9.526643641581412],[76.90373039084923,9.524368418405661],[76.90518846113791,9.523357097158673],[76.9033337398936,9.52057401511354],[76.90702275176925,9.518745972222401],[76.90911704289697,9.516296130641454],[76.91475516734971,9.512543266971141],[76.91911489312415,9.508964540513917],[76.92089922225414,9.506880190794998],[76.92307930081115,9.506366513877483],[76.92405372359555,9.503954405186544],[76.92720486454836,9.504090707049093],[76.92820642939758,9.50281477052544],[76.93317255961831,9.50479445557665],[76.93498308793899,9.504558432856177],[76.9389526276803,9.50147988481894],[76.94014313072064,9.499273430159178],[76.94964692444114,9.489322558505506],[76.95154123283737,9.49102950289542],[76.95316423286332,9.489854368299497],[76.95435099095961,9.491221704325124],[76.95435036184342,9.493513195722436],[76.95602069608651,9.497472062747963],[76.95816880053398,9.498956052055204],[76.95818879807314,9.501478301618764],[76.95686994264526,9.503523548975126],[76.959079093408,9.505328080802558],[76.96012726012536,9.507925534810642],[76.96242508058884,9.508518203542664],[76.96551083827435,9.506778893904064],[76.9659645677293,9.50412339145875],[76.96769203623197,9.503697854910598],[76.969434238718,9.50028028493296],[76.9735038558752,9.501039154702095],[76.97748414950067,9.497351372752876],[76.98016647635923,9.492769141002057],[76.9825735094211,9.489422360579699],[76.9835174276434,9.485742614612574],[76.98129200906665,9.482666049500144],[76.9834998566293,9.479507921204311],[76.98404560209121,9.475066634858644],[76.98351324829335,9.473917213417625],[76.98420730095154,9.472367245050783],[76.9840035848808,9.469727058999666],[76.98156954369975,9.466371446930543],[76.97720842455601,9.466696661961938],[76.97424074238187,9.46565273964369],[76.97261473928991,9.466537189970087],[76.97082688217904,9.466330295641301],[76.96859000188319,9.46398726424594],[76.96291932100614,9.464154390671268],[76.96027622093662,9.462018993132139],[76.958533183656,9.461273876732555],[76.9576004512835,9.459733391040272],[76.95817611376474,9.457698608611787],[76.95512299529183,9.457089685457484],[76.95326722728245,9.454107986258876],[76.95132760535544,9.44956750306714],[76.94618391096641,9.446460587850478],[76.94007440431884,9.444866071546114],[76.93965343825386,9.443036801760638],[76.94127670881971,9.4417227617294],[76.9413520965317,9.438929212138094],[76.94416547749441,9.434954403372972],[76.94382571203947,9.433211736582122],[76.9413705742582,9.432479531756979],[76.94254531499054,9.42941861558811],[76.94456006995163,9.43093055387251],[76.94716472052106,9.431496610414216],[76.94615700259052,9.433823821657755],[76.94818662338274,9.43538536199578],[76.95262348042297,9.435215084522714],[76.95379437036108,9.43405419412105],[76.95266789340486,9.431421371535983],[76.9532780280843,9.429726893989667],[76.95434260140907,9.429977423975409],[76.95951298799973,9.427697710072149],[76.96211170643443,9.425931981357778],[76.96331208509979,9.427339596689313],[76.96437781025404,9.430585739737028],[76.96266289986028,9.432321900299492],[76.96620355066739,9.433116772648058],[76.96953288786575,9.430871831079903],[76.9719163061923,9.432251044020738],[76.97315020030912,9.430235903778103],[76.97225991478945,9.428873849257426],[76.97466606022004,9.427689561110746],[76.97561624544903,9.428784256650527],[76.977626392077,9.427485187063994],[76.97930399677605,9.428379309525162],[76.98101749340732,9.426696674209712],[76.98376339391329,9.426659477108482],[76.98432185562643,9.425570930565048],[76.98394725582614,9.42331668762141],[76.98277263660256,9.42308095694493],[76.9763236706377,9.423588336875623],[76.97342678991677,9.422452160889113],[76.97116086608436,9.424660097182269],[76.96801535357335,9.424318540448024],[76.96482981670833,9.42325324091052],[76.96118587867498,9.42310380050285],[76.95886022990317,9.420582822091184],[76.95241012261884,9.421142806790762],[76.94988030245499,9.4205512449135],[76.94505930036294,9.418352440576118],[76.94169146565801,9.418978256107799],[76.93979533799687,9.42017505894395],[76.93582914422808,9.420632249829412],[76.93369342169468,9.419622556618277],[76.93186063463088,9.417417945605933],[76.92667293209125,9.4151005721096],[76.92409594877347,9.414933899556926],[76.92208740701741,9.415916586287102],[76.92215523037973,9.41788684707678],[76.92385814823773,9.421308019501852],[76.92351612085913,9.42283752988293],[76.91970973089904,9.425050325209808],[76.91655735336742,9.424556829461293],[76.914098266507,9.424732868511517],[76.91076968254974,9.422816489285793],[76.9095779178239,9.425846700658289],[76.9073541970038,9.427865500870226],[76.90436425730358,9.429185629800397],[76.90427421104033,9.430812109019884],[76.9013169188959,9.431672127690566],[76.89866156119069,9.433001701775824],[76.89478097511862,9.435867856661394],[76.88854224633779,9.43950819238075],[76.88484385672521,9.442418429305434],[76.87969035805673,9.444787300044025],[76.87591464332326,9.446059531332988],[76.8728377318839,9.446498490971615],[76.8688137826278,9.447756090908884],[76.865983368239,9.449601665246018],[76.86371957836779,9.450169646877688],[76.86066632732296,9.452493223182842],[76.85799730218399,9.45347989141204],[76.85634613690377,9.453279935362103],[76.85486061739098,9.45595675605598],[76.85272632092052,9.45649915496515],[76.85136949130609,9.453893765824338],[76.8528760411919,9.453714820717849],[76.85324382041422,9.452410400906782],[76.85159844361729,9.452010014882552],[76.85236434096926,9.44894450755107],[76.84842381685452,9.444844663217776],[76.84529028070064,9.447066850060109],[76.8447062207547,9.448927593319906],[76.84280526180322,9.448838114345078],[76.84071127458664,9.449685290968725],[76.83646505868089,9.448970730810778],[76.83427299542352,9.449343795607856],[76.83246919965107,9.451699016039633],[76.8285772644017,9.451714807631088],[76.82584751945893,9.445957011202418],[76.82297987978171,9.445104017431765],[76.82045305928177,9.451087993737096],[76.81831401312431,9.454629188409612],[76.81583277447977,9.455437572210151],[76.81268015461356,9.45408875773779],[76.81099097164694,9.454893030959969],[76.80636307296106,9.454315680430064],[76.80364545098261,9.454334238624396],[76.8006117778288,9.45657585379062],[76.79990637469675,9.45807336452972],[76.79953938955647,9.453008308992345],[76.79877909693833,9.450797387526391],[76.79740085727316,9.451007840477528],[76.79561755226864,9.452978673585472],[76.7937524753905,9.453223245924995],[76.79155255184496,9.450346143468337],[76.79286532977503,9.448938228388169],[76.79233390765437,9.446003739286779],[76.78894039334808,9.446078993956002],[76.78716225945305,9.448194352185507],[76.78253652753513,9.448037069486386],[76.77844869142973,9.445372851658739],[76.76802856735591,9.440823952452385],[76.76648066092977,9.43632520445453],[76.7648859094929,9.43602130260785],[76.76101222805563,9.441401563222255],[76.7612270489116,9.444275236445481],[76.75401638714686,9.453238542778728],[76.74836378859032,9.451698244692487],[76.74831094852925,9.454754115670516],[76.75090418874753,9.45445189503925],[76.75173975504057,9.457643465623157],[76.7500165258503,9.460748336820993],[76.7517725874983,9.462321607335134],[76.75033464938136,9.464240792486917],[76.74854336846946,9.4623374947114],[76.74832963137963,9.468368677313103],[76.74630142835555,9.471502155945327],[76.74715079443345,9.472620455291372],[76.74550996376988,9.473696541718624],[76.74475645831694,9.472978938239912],[76.74128453517412,9.474203071582389],[76.7355928368962,9.47490929122329],[76.73222183193897,9.47359252778082],[76.73002609757356,9.469666334783323],[76.73164532946089,9.466652431416223],[76.73141796518134,9.46579468117711],[76.72894024649513,9.464649728905131],[76.72455317742802,9.463582000419484],[76.72250442238703,9.46354457678421],[76.72045885126057,9.461875327817944],[76.71741179976685,9.460651763430798],[76.71345255627261,9.455879701623438],[76.70779635901727,9.453719514232771],[76.70773311458677,9.4569246201418],[76.70635063058018,9.459986991711439],[76.70426849088943,9.462419926646199],[76.70222916470196,9.467090211878826],[76.70230191064718,9.46892050688671],[76.70049089154348,9.47187655059743],[76.70002923653064,9.476136850917515],[76.69533830285661,9.477635872666214],[76.68853137888846,9.47658905139322],[76.68575749973743,9.47756339799425],[76.68183473485078,9.480873752584653],[76.6776337367417,9.483938286090748],[76.67566583342278,9.484182788448768],[76.6732459900832,9.482295792529857],[76.6721664296832,9.480307517011289],[76.66633493785356,9.481854119109828],[76.66476856063976,9.481031334702207],[76.65989785785509,9.48199317020394],[76.65435894852824,9.481436297553401],[76.65065851191876,9.48070337627974],[76.64787825325806,9.477681030753338],[76.64343027578684,9.478662447766018],[76.64217230908484,9.478531282965145],[76.6413992793013,9.476651363719272],[76.6408273493269,9.472227532187924],[76.64066356301066,9.467687558363997],[76.63905727466903,9.466663290101375],[76.63477260198974,9.461922192300785],[76.6335419785198,9.46735953313779],[76.6309115367038,9.471519994230054],[76.62667720534547,9.470960568336272],[76.62553458534862,9.4668889134231],[76.62562141241128,9.461143056668341],[76.6233779735232,9.461356920179002],[76.62114745389295,9.460454046503056],[76.61994870034376,9.459180336435884],[76.6161770856256,9.460689471737156],[76.60871387892536,9.459410575491805],[76.60934225296388,9.454046436125001],[76.60775151088436,9.455597439115376],[76.60467278593983,9.456832028687957],[76.60257985289364,9.457108346224631],[76.60243707672902,9.453800005483885],[76.60383993764427,9.451967346063665],[76.6039754229368,9.449765266274829],[76.60065089985628,9.449513657591178],[76.59687382020444,9.449851797476796],[76.59550949263222,9.44718643723095],[76.59375289996305,9.446349079052972],[76.59167776338907,9.448505709199322],[76.59038751023921,9.44611565111777],[76.59031574511172,9.44336752864218],[76.59102165130228,9.440462191740362],[76.59235424707823,9.438195920582437],[76.59205453525513,9.435869231386164],[76.59267858490414,9.434223205415371],[76.59167898566866,9.432903233321383],[76.59180044388201,9.430109043758499],[76.59123333074383,9.427051222632635],[76.59177678610016,9.423443687676446],[76.59256472187361,9.422554142439783],[76.59630564230208,9.420846512799674],[76.59607928395184,9.418646079369204],[76.59500400452326,9.417443979747432],[76.59296185459567,9.412250123827295],[76.58938065168336,9.418104492947313],[76.5864994202351,9.4201629852534],[76.5834214587553,9.420018643937668],[76.57873564889789,9.421667060377269],[76.57434589460233,9.417337882946814],[76.56968505982363,9.41494701064958],[76.56678799602724,9.41200114803871],[76.5643534108299,9.41015852555637],[76.55897579776521,9.410821994977452],[76.55489012136216,9.412817769139863],[76.55412335733592,9.4200088886468],[76.5532331007207,9.421468451374903],[76.55322953765472,9.42433562581938],[76.5501807589837,9.423000789541163],[76.54880861974672,9.421548931922063],[76.54314518015163,9.422484643387863],[76.54313072816642,9.42026057947278],[76.53994321661327,9.420043973626814],[76.53981849296287,9.417585324897278],[76.53722553834311,9.413880716135523],[76.53601354368797,9.414658967782772],[76.53552556058065,9.416505516835462],[76.53069149636059,9.416090273849546],[76.53039496903712,9.41231918217314],[76.52787943069445,9.412741408008241],[76.52580878792851,9.411853033080899],[76.52525093606467,9.408164401540068],[76.52220675806244,9.407913056449901],[76.51713457346294,9.408190288053614],[76.51560500219828,9.407139060601622],[76.51551396191691,9.404008905825089],[76.51607874794884,9.399903957408805],[76.51325513247065,9.400225301994293],[76.5104787828999,9.401776909808266],[76.50661019865396,9.40300493908486],[76.50553447107394,9.404774888055233],[76.50690195586262,9.407293815592968],[76.50562374323361,9.411720472406605],[76.506674436109,9.414679326821744],[76.50651611146326,9.418063705256014],[76.50757790412882,9.41831233701794],[76.5064464182597,9.422996062568483],[76.50513577566899,9.423096620844657],[76.50513863993015,9.42480541064485],[76.50633969297272,9.425672770729923],[76.50584619042681,9.428400772875372],[76.50415604085585,9.429185583038413],[76.50711572918205,9.431401599381136],[76.51107835728523,9.436036341584865],[76.50807198632042,9.43775809293133],[76.50245913115127,9.437863460170059],[76.50227040605115,9.43949173479459],[76.4972253097259,9.439291741939158],[76.49521919545981,9.441777620020943],[76.49496403991078,9.443840094298524],[76.49683016626696,9.445834820220705],[76.49753081399622,9.447839035911912],[76.49696150778374,9.45200950694215],[76.49819116585425,9.453166059513185],[76.4985186007251,9.455171851306867],[76.50039958677054,9.461223821153395],[76.50328806934489,9.46417015198539],[76.50533279008816,9.46689866858414],[76.50609622014781,9.470211313395229],[76.50559383004962,9.475608872455835],[76.50667635117226,9.476921971157612],[76.50851028177394,9.477223759989306],[76.50842529542601,9.480182862405279],[76.50667070522988,9.485009412073087],[76.50657212489676,9.489028703284315],[76.50809139433535,9.489207551382934],[76.50850712167701,9.492650483554963],[76.50784628679465,9.493033047697441],[76.50861897709018,9.498018676020287],[76.50531322718727,9.501373917078116],[76.50482995532131,9.502467078507674],[76.5001326297841,9.501845282073493],[76.49754926472502,9.504048115013642],[76.49524161566707,9.507186294763953],[76.49101127470608,9.507585482893072],[76.4892127246503,9.50823707512546],[76.48156712062205,9.508727713331613],[76.48021648888394,9.507417165279652],[76.47996549152711,9.512941475447857],[76.47914641849815,9.537687767749324],[76.465327948281,9.54219874331522],[76.46599805313171,9.561707437817418],[76.44840766163543,9.557545814140129],[76.43839643097485,9.554247674921974],[76.43833624903849,9.552768311213725],[76.42635392756354,9.549665786559265],[76.4225792777305,9.555886676586347],[76.41512396862416,9.558432759334098],[76.41395857555098,9.563383045602917],[76.40428902051434,9.559496238117092],[76.40449800256404,9.553926732454402],[76.39204605212419,9.547734228236425],[76.3929257713427,9.562629811309618],[76.39949897215436,9.639851056579861],[76.39754056956666,9.64713388344483],[76.39633367797924,9.652712436136087],[76.39670288491192,9.656961794073625],[76.397623519915,9.661636033967362],[76.39787438714669,9.666613268493668],[76.39873586004843,9.671694416398353],[76.40122841991197,9.677779005872807],[76.40249563357034,9.685956630086427],[76.3956479280886,9.688344044416885],[76.37786059344499,9.696468235618108],[76.37555508485529,9.697426612402337],[76.37709980117059,9.709587004582222],[76.37733673879494,9.712529925454191],[76.38008908213999,9.727854823042904],[76.38023512327003,9.739282935654034],[76.38143955992834,9.743498534017585],[76.3807980048546,9.75137509130702],[76.3766650514791,9.762951750402578],[76.3732408062147,9.769174370598753],[76.37116371347507,9.777584763831547],[76.3651956754114,9.79302574573986],[76.3667965315072,9.799294109069251],[76.36887619894966,9.802388319282485],[76.37574476331662,9.811072432563538],[76.37914955065686,9.813906826747136],[76.38107301893842,9.81731535253881],[76.38147868556065,9.819959871192147],[76.37974675486481,9.824349393703155],[76.37754528552556,9.8320660341578],[76.37586088253379,9.833368956307796],[76.37276771475622,9.836908688462978],[76.3752434134044,9.837956417741877],[76.38026669747924,9.843069118623932],[76.38675315516251,9.844615005792662],[76.38864941746986,9.843873573882854],[76.3913430607758,9.836916260687872],[76.39392722237922,9.83131515871834],[76.39577313544447,9.829863926138335],[76.40356306595844,9.830473617850176],[76.4063251954763,9.830152391112808],[76.40804335801502,9.827430829733348],[76.41113386764641,9.828153829629079],[76.41299319396569,9.825292087097306],[76.4141050449577,9.82242138100812],[76.41747806804146,9.823397467106735],[76.41933792850753,9.82483019511922],[76.42122936639846,9.823424059976453],[76.42875490262821,9.82525376167144],[76.43179541532828,9.826858114456817],[76.43505490476886,9.829316775200304],[76.44282273408706,9.833365736329789],[76.44437716328918,9.833826496145083],[76.44741790651163,9.835819463317268],[76.44825723976876,9.838838988686181],[76.44947935267312,9.840931802803182],[76.45385539818756,9.841536525631371],[76.45762687265773,9.847683551759774],[76.46275906421783,9.846448183326878],[76.47353826413534,9.842277253767612],[76.47360192212086,9.841694090427067],[76.47763674780893,9.844070667430843],[76.4794516280284,9.846348543964755],[76.48100151088684,9.846379690055858],[76.48011649480992,9.844305044418364],[76.48089560841963,9.843206252178291],[76.48275526974429,9.842853102498054],[76.48575120097402,9.846007619386063],[76.48980415972336,9.847728462349325],[76.49198364508477,9.849513377724843],[76.49359727884305,9.84948112400708],[76.4987945790481,9.85144570720811],[76.49917996604736,9.850049767093848],[76.502726506234,9.850137920705777],[76.50439176844017,9.849456955689568],[76.50539196348362,9.850899136117993],[76.50877409143983,9.849903035151044],[76.51231011330324,9.847663126809193],[76.51423837806622,9.847704183357626],[76.51471472591219,9.845224686627422],[76.51378681581335,9.843628697541423],[76.51429429581259,9.840963789327319],[76.51750766137314,9.836966842366909],[76.51890043129161,9.833547528123116],[76.51769844239618,9.832829660900197],[76.51862432215371,9.829982062343829],[76.5202058740581,9.8229952521254],[76.52156384938513,9.822934941438753],[76.52250594397914,9.824639475376534],[76.52433969725729,9.825973822721581],[76.52496057018871,9.825193445170207],[76.5282951201211,9.824816798649728],[76.53266537118627,9.82371214740117],[76.53905117936496,9.820853267626282],[76.53875708537167,9.81340941223383],[76.54401734642171,9.812607925174543],[76.54164987882972,9.808224800670233],[76.54189820623434,9.805737340058105],[76.54329753969357,9.803818870265077],[76.54600630770499,9.80318721731184],[76.54567724904976,9.80003344239971],[76.54718493286353,9.798887398288091],[76.54917148376795,9.800740791053538],[76.55531496996227,9.800949544772296],[76.55676029909654,9.802889441821739],[76.55627758374347,9.806869631969374],[76.55695039516414,9.808462265670547],[76.5587664672363,9.809914014865768],[76.5578462451035,9.813900824327288],[76.56060845929112,9.817866056224828],[76.56135246107259,9.820055083375594],[76.5630906821929,9.819445849648902],[76.5637323618529,9.821201364645049],[76.565307046697,9.821695823555611],[76.56541264490887,9.822820923936929],[76.56772095073394,9.823275877438373],[76.57169106435626,9.821431174606516],[76.57505467746985,9.818558638051458],[76.57615773762102,9.81858970527431],[76.57777195858239,9.820706768021529],[76.5800175616842,9.821392448825536],[76.58100312984472,9.824506957023422],[76.58117803676743,9.826793441921918],[76.57998694869245,9.829353031846303],[76.58008400278042,9.835391852431432],[76.58162518037501,9.836478572581678],[76.57963642417994,9.84256651248443],[76.58325849575749,9.84161518470458],[76.58676261416785,9.841431496133534],[76.5889568539722,9.843744601153142],[76.59141799818681,9.840871679990876],[76.59093364982495,9.843459566254724],[76.59159047828061,9.844527851720486],[76.59279057407402,9.843857640179047],[76.592466410617,9.845653777644392],[76.59470968256933,9.845805976875146],[76.5957707414705,9.844675360328246],[76.59888594240145,9.845121679600036],[76.60174434065613,9.844778210606027],[76.60558123865465,9.839416940984318],[76.60805778845722,9.839771319424274],[76.6078970058213,9.841399342774196],[76.60957179874177,9.841820872261474],[76.61122627768836,9.838065633038216],[76.61276945912702,9.838618744253877],[76.61422948006674,9.837052240426214],[76.61697539953428,9.837504749351888],[76.6161173724861,9.840062822331548],[76.6142251743097,9.842729875882961],[76.60927005768848,9.848227605603286],[76.60924579875324,9.850745524705777],[76.61028626429224,9.851007337095012],[76.61092304504847,9.853553719890094],[76.61222932446742,9.85222757717241],[76.6158505246353,9.851744617835278],[76.61744242249402,9.855719477825616],[76.61956475141294,9.856437436126484],[76.62263342896665,9.856553373116993],[76.62380463593146,9.857442775460836],[76.62872361185575,9.85526146142061]]]]}},{"type":"Feature","properties":{"id":"32-306","name":"Kozhikode","source_name":"Kozhikode","state_id":"32","source_agency":"Survey of India (SOI)","district_code":"561"},"geometry":{"type":"MultiPolygon","coordinates":[[[[75.77236379225796,11.801825715349418],[75.77682093077975,11.801090189322057],[75.77906355761628,11.799004368827863],[75.78632361166022,11.794395489536813],[75.78910621861519,11.793429302017293],[75.79269161690667,11.790815264008137],[75.79393391541164,11.78878636924218],[75.79354172920964,11.78486318634922],[75.793834883728,11.783076552855134],[75.79293642824312,11.78177238683106],[75.79206376406921,11.7782981575489],[75.79089357987408,11.776646681677894],[75.7882378822952,11.77540169206205],[75.78731146338409,11.773907830223202],[75.7896080625568,11.771532373853555],[75.78801828526636,11.764330222456755],[75.78714738529354,11.762998853882715],[75.78419595860547,11.762554959912942],[75.78313287589603,11.759808989685208],[75.78442704862893,11.7583135130731],[75.7873471209658,11.757401266941196],[75.7925854146667,11.753756335710344],[75.79526153534466,11.752605010639146],[75.79918900632265,11.752643786323954],[75.79989447986853,11.749101844491586],[75.79909919287103,11.746974653892856],[75.79683715508999,11.745285541175612],[75.79303099476958,11.743435864258627],[75.79225412896088,11.742499951476312],[75.79663062528648,11.742080706243216],[75.80201876711601,11.742770907518107],[75.80454022433608,11.742153469812525],[75.8101644056526,11.741997447960955],[75.8114219969372,11.73903250758605],[75.81409245690986,11.739165120390439],[75.81623083087712,11.736197724964182],[75.81912593451062,11.733191933270414],[75.82131711710349,11.732620586422737],[75.82359960113052,11.727233925422118],[75.82464284874939,11.726335746472866],[75.82789531208542,11.72630374051929],[75.82731727193868,11.72475471347559],[75.8295065612988,11.723572895990321],[75.8308777195597,11.720327351931974],[75.83330345447764,11.718480208149236],[75.83635416217092,11.718516511135757],[75.8405415129186,11.716673205088782],[75.84439067193442,11.713795556880694],[75.84565995319727,11.713321606505524],[75.84521991173928,11.710415858781076],[75.84534824730358,11.705858323247531],[75.84891717698169,11.704387445288551],[75.85024530482065,11.702177323562381],[75.8544410400644,11.701694579259701],[75.85653787620637,11.701873713702518],[75.86273516496094,11.70340580180815],[75.86387418613201,11.702371655754629],[75.86725577488598,11.701185984449683],[75.87082855321925,11.701034977172506],[75.87258819826084,11.700464443959625],[75.87520785662697,11.70352173084123],[75.87892808048377,11.700630502531839],[75.88035397106057,11.69898496526963],[75.88226848050464,11.698065854097015],[75.88746578814674,11.698144768718317],[75.88856039481279,11.69762598438131],[75.89337509583432,11.698551335080301],[75.89662392946809,11.697519469002536],[75.90006503999177,11.698422429656679],[75.90038975828367,11.69748281034732],[75.90428762586566,11.694344312609733],[75.9086182388077,11.693109952729493],[75.90904742665658,11.692498198628442],[75.91517252607638,11.689719777601427],[75.91512591799683,11.687184832881185],[75.91137597350642,11.683584576943897],[75.90713455368392,11.682598816324358],[75.90511290483565,11.67868104619262],[75.90124901047803,11.677654884133183],[75.90000817816774,11.674497038945361],[75.90249212667734,11.67103976318803],[75.9047695909724,11.663324343269931],[75.90508838069793,11.661216499427429],[75.90410507182165,11.657931835549254],[75.90250831149808,11.656170162874734],[75.90317431763718,11.650815214070796],[75.90056643397014,11.647048375109259],[75.8988881326968,11.643536293709992],[75.8968214536582,11.64191515674892],[75.89878570337245,11.636642136565426],[75.89955947429148,11.636255400360506],[75.89947130003478,11.628773376576742],[75.89754689890356,11.625004361010653],[75.89773057468722,11.622223413207179],[75.89847278529814,11.620579925379484],[75.90112458508843,11.618107718580534],[75.90101986683757,11.615485927812003],[75.90208425803763,11.614234732932426],[75.90383453882525,11.61378169578219],[75.90396201656121,11.612085986824553],[75.90518917191112,11.611535078192192],[75.90621473618093,11.6082043620514],[75.90717563174061,11.60330514758164],[75.90899375652673,11.599754947873272],[75.91320739360178,11.599678341846063],[75.91592524409968,11.597879426277373],[75.91750303255117,11.595204768182372],[75.92122848819979,11.594471907082374],[75.92420900542973,11.593119628878991],[75.92523023498238,11.59412455528578],[75.92561495301398,11.592590730804343],[75.92891165642631,11.589795196165502],[75.93215598459075,11.590584974841466],[75.93403781912262,11.589778694582877],[75.93637319980483,11.590250393349967],[75.93921689403471,11.583635976967733],[75.94170996946379,11.583279740329358],[75.9436524402976,11.581446947656866],[75.94489301376301,11.581553702283454],[75.94633969722724,11.580222093599154],[75.94993820892412,11.581363090539153],[75.95136729185259,11.580942538315762],[75.95314502980852,11.579209638293904],[75.95493771971557,11.576500245417432],[75.95736515504923,11.574412526431093],[75.95627006322287,11.572594238991268],[75.95721801925555,11.570253720229461],[75.95647075899448,11.568913488462387],[75.95776388588293,11.567629784288384],[75.95819589250978,11.561172456521152],[75.95750827067994,11.55986369434578],[75.96372345548438,11.556705584808457],[75.96840345527583,11.551124715448493],[75.97192900706041,11.54849070234958],[75.97282613139184,11.54540450056024],[75.9741562181674,11.545589913595318],[75.9765449720672,11.543022962025864],[75.98139449583178,11.538847350142811],[75.98764512409664,11.536882204673146],[75.9946232919174,11.533241685695652],[75.99754369869223,11.530731605428798],[75.99931966833934,11.526100611119025],[76.00435168388496,11.523149150375106],[76.00583053525358,11.521358329098788],[76.00891849430754,11.520909055937969],[76.01551953239581,11.517129236023225],[76.01777169621646,11.513703628087592],[76.02115969364377,11.512602165908723],[76.02288149008957,11.513378290123487],[76.02696243928881,11.512491393035939],[76.03209752069235,11.510321265836666],[76.03542987967131,11.507809319542025],[76.03630580246806,11.505423729378553],[76.03625044277835,11.502828963313446],[76.0374070783161,11.502002073216481],[76.04334474567167,11.503766626304675],[76.0449806037837,11.506120581913695],[76.04697020571548,11.504947107386572],[76.04826466909394,11.502993968088798],[76.05063596650669,11.503419433416203],[76.05193604123563,11.502958135152136],[76.0547034665158,11.505122604465468],[76.05598231518928,11.505145120993749],[76.05718085218543,11.508187804277284],[76.06076006015758,11.50925076362188],[76.06110478655333,11.508263974056318],[76.06520811395929,11.513393723366564],[76.06688445995907,11.514260085643677],[76.0674531309347,11.516780596855735],[76.06880445140345,11.517756611687668],[76.07159443838668,11.518551091741562],[76.072368815203,11.520885474097161],[76.07424482658078,11.522411178657661],[76.07550098750185,11.522456237447258],[76.07897622904225,11.520219103683802],[76.08119336451965,11.517462213288923],[76.08268682150037,11.513627513971318],[76.08546946721819,11.51251866422619],[76.08586615498528,11.513181721663535],[76.088859526132,11.51202675693872],[76.09026498137649,11.509205028487745],[76.08874668190371,11.50652991333662],[76.08898407609495,11.502699932785875],[76.09117041532654,11.499133810169578],[76.09077631197043,11.49675285095937],[76.09266751379316,11.492744873799062],[76.08733877710148,11.489613838932202],[76.0867496969051,11.486587054527815],[76.08891746677105,11.48536742695146],[76.0920881905651,11.481548996095635],[76.10187177703587,11.482348594122293],[76.10556324881883,11.481665513786304],[76.10722533752707,11.478919633087276],[76.11136320679698,11.475219519343332],[76.11392204619008,11.47561205596283],[76.123013160494,11.472860272743437],[76.12385436213044,11.47116624272143],[76.12393833915424,11.468064666011607],[76.12578919973247,11.465602782613841],[76.12825246033576,11.4638528732272],[76.13080926741678,11.463747970427741],[76.13212472063611,11.460334240278916],[76.13506797938321,11.459463950838156],[76.13720867115669,11.457308258561522],[76.14272116295284,11.45080216920222],[76.13971773204958,11.441846587195567],[76.14031250539207,11.437043257858065],[76.14588528155046,11.429191558326659],[76.14575339918262,11.42717583588648],[76.14298392379632,11.424424421844579],[76.14179561238025,11.42061810695193],[76.14219994919533,11.419174397336752],[76.13877994675403,11.419309801825543],[76.13546447343977,11.42326470841007],[76.13106814801748,11.426229291132994],[76.12958129118955,11.421049644137161],[76.12612865742813,11.41813797523189],[76.12517583364126,11.415881277964006],[76.12207896183482,11.414880459964063],[76.12161052116733,11.41109841678679],[76.12055575765757,11.409701013552583],[76.11626796679987,11.407601620510201],[76.11301976856079,11.410077742072046],[76.10840425019882,11.409706427569464],[76.10751734899505,11.409040675045759],[76.10520896001334,11.40927090611764],[76.10604133727983,11.406523689074865],[76.10596242816094,11.401523972178829],[76.09911953552471,11.39500346769637],[76.09976051795044,11.390100549266787],[76.09958396889681,11.388270230499346],[76.09725698975498,11.382442571385246],[76.09805304233299,11.374975682010927],[76.09968064595553,11.370507624655799],[76.10179541373921,11.367633520470374],[76.09755872686237,11.364312913932146],[76.09563601329285,11.362294760415695],[76.09397515534181,11.359253867657584],[76.09266435586113,11.355501936008354],[76.09316884813154,11.353239627940864],[76.09190518631257,11.351015511270479],[76.09452451529037,11.345928931497772],[76.09780334077139,11.34201528094142],[76.10445948184497,11.33844160320652],[76.10734466587981,11.338249991538401],[76.11073835352771,11.336876459995468],[76.11273494177499,11.337886152138433],[76.11724142725518,11.336422430181543],[76.11747874521406,11.335020062269779],[76.11499031924409,11.330024922455301],[76.11492071574642,11.328619282570878],[76.11792093711212,11.326211918634401],[76.11871451193798,11.32415191386502],[76.11809825188936,11.318792525599903],[76.1171474442502,11.31810449526372],[76.11305250599735,11.31338213146349],[76.10590943744042,11.314023705309593],[76.1050583545397,11.311870445629056],[76.10356917848426,11.310533325186135],[76.09739956576948,11.310615073314931],[76.09242978714542,11.309394739518007],[76.09182045794167,11.310576905080614],[76.08683645517401,11.309234490123776],[76.08310213183412,11.306472304069151],[76.08420091758038,11.303886935853837],[76.08188442491958,11.301770581471693],[76.0759039775372,11.297244367128894],[76.07144569035749,11.29431744352499],[76.06858295567834,11.293057403087017],[76.06922205954595,11.291233122200396],[76.07165177299323,11.288188507576825],[76.07205509897852,11.286054445886109],[76.07007616079204,11.285700516828229],[76.06776416923206,11.283948547492047],[76.06536056352067,11.284041155228957],[76.06395508397048,11.282612690053549],[76.06072269015947,11.281526692673767],[76.0594416838672,11.278297797392174],[76.05808440146126,11.276593776603399],[76.05748649072623,11.274217843707284],[76.05560774585192,11.274396396809506],[76.05180406440996,11.271236185527277],[76.04948507441486,11.26827414824872],[76.04897884583282,11.266340968518744],[76.04508584493179,11.266295906312614],[76.0445048418096,11.263947050763395],[76.04005275145636,11.266340681519456],[76.0367533140145,11.26707558593541],[76.03462756995185,11.266861471684141],[76.03243165860799,11.264988439723114],[76.03151695780386,11.266623633939227],[76.03002058410296,11.265688444381352],[76.02850403664692,11.266792329153434],[76.02320493871134,11.268031296832643],[76.01863281730925,11.26764006309231],[76.0176857537939,11.26660803584437],[76.01343231035347,11.266966202836986],[76.01263576949734,11.265764052914527],[76.01307501221633,11.264336184824334],[76.01151815418709,11.264404797234924],[76.01079463089701,11.261803193277206],[76.00952685662746,11.26206068376507],[76.00986859414778,11.260242049568202],[76.00872217189365,11.258487262785279],[76.00656271048206,11.257807409588894],[76.00211374848482,11.257225672609666],[76.00027332641248,11.257390131663676],[75.99344753978494,11.255516924559531],[75.98670495328014,11.260500703720467],[75.9806920869325,11.263337194322327],[75.97754259641474,11.266476085614928],[75.97465337164468,11.268031777073872],[75.97233739899171,11.267108057624908],[75.9654444683007,11.261583217586082],[75.96356379587691,11.259324348144538],[75.96028822045142,11.253493741033328],[75.95897012557799,11.252367746596423],[75.95435182706161,11.250384263898615],[75.94914001526638,11.249224898492795],[75.94303602990686,11.249181555800321],[75.9373715428323,11.247933637300985],[75.93106388069133,11.246059078473788],[75.92681120614563,11.245190740292562],[75.92497220724249,11.244405265031958],[75.92309339185525,11.242589053913893],[75.91919914461926,11.236303239419088],[75.91685142832057,11.235356544907456],[75.91238749610632,11.235700302928274],[75.90775863707691,11.23896057226786],[75.90396450784583,11.241178472167748],[75.90144321071088,11.241841660545326],[75.89997948940633,11.24091924404854],[75.89930757706338,11.238380396944569],[75.89964625934171,11.233894439816973],[75.89904022506228,11.231915993470485],[75.89719565608405,11.229249601858683],[75.89584210652457,11.228394636013746],[75.89250929769558,11.228716624095426],[75.88860585059406,11.22815409525977],[75.87813339113256,11.222316669686116],[75.87706534827703,11.2204480296318],[75.87651536493124,11.217253250646273],[75.87542426377236,11.215312385162584],[75.87325859694347,11.213885441573034],[75.86870791341747,11.20963983625241],[75.86469657140265,11.20500372515736],[75.86286304155006,11.204376070498371],[75.85989083481657,11.20425348568819],[75.85758830297691,11.207601295474973],[75.8562687505683,11.204245849122572],[75.8556531983518,11.200454326869709],[75.85915491133223,11.20002381163938],[75.8600545546576,11.197665695681401],[75.8597741305569,11.194198753679824],[75.85753571981229,11.194413147064823],[75.8594312882852,11.191270039372084],[75.86175992981126,11.190607730705135],[75.86184401276837,11.188066590253486],[75.86431816571961,11.18704674010128],[75.86800319894138,11.186764768813294],[75.87111804402784,11.187171659090835],[75.8755046852445,11.184183955965352],[75.87426490509512,11.182998471441849],[75.87575836043537,11.18174176538202],[75.88100206332633,11.182097064922372],[75.88141144729832,11.184252498949947],[75.88391001087626,11.183792995576171],[75.88584051965142,11.181712088845938],[75.88616724676862,11.179228981781764],[75.88789728605981,11.179006889229843],[75.8882656969195,11.177600795503219],[75.88623459410672,11.17653870071509],[75.88626379405497,11.17332863433155],[75.8875935540583,11.172470162412525],[75.88681279419077,11.17018476939175],[75.8818714629544,11.17132062680451],[75.88055082681687,11.170641813223163],[75.88113615907405,11.168885914228202],[75.87981649571682,11.168550647974097],[75.87770416981071,11.165708567459452],[75.87596155941988,11.167074546674494],[75.87057758871622,11.1686997044258],[75.87040822335227,11.171788231796215],[75.86708095616517,11.170690201811418],[75.86469137196782,11.170850787373551],[75.8649152307758,11.169132091352102],[75.86272040459284,11.166999944807465],[75.86069969452967,11.166445136115799],[75.86110787999968,11.165141862961994],[75.86009738816037,11.162477203180611],[75.86045285115539,11.160387456065603],[75.85853802986799,11.156898038737209],[75.85576340206504,11.155269250660854],[75.85383079480913,11.15507131743451],[75.85209761709723,11.152621261808676],[75.85382050534581,11.15156288300934],[75.85516400507471,11.14912667112338],[75.85529017161569,11.146883833870545],[75.85693193545923,11.146250653924374],[75.85783009982984,11.143408803110134],[75.85853416368653,11.143108438685394],[75.85869646828418,11.14068460272557],[75.85577270195208,11.138115810333513],[75.85134696389261,11.141668493130686],[75.85110701429744,11.142605121679864],[75.84796749551562,11.142953044611643],[75.845309070089,11.14189359983794],[75.8405354889958,11.137589163878356],[75.83957443369236,11.136095390111686],[75.83512470738769,11.13293838845843],[75.83299935104068,11.130909780280998],[75.82989355708418,11.126989405205903],[75.82832589537497,11.125561686466392],[75.82541360882641,11.124113693656911],[75.82434314370614,11.124983680505053],[75.8182316939779,11.139521957547664],[75.817381998871,11.140750875090461],[75.81472463075397,11.147517584929634],[75.81285591924791,11.149839850959124],[75.80870878531866,11.151771466869324],[75.80596556947103,11.154188958316949],[75.80325991377427,11.155358449511086],[75.80052909262962,11.157359876075223],[75.79859247467256,11.15633133859953],[75.79578820544126,11.156109927109778],[75.79613822593095,11.158479625346205],[75.799569293696,11.16121768411489],[75.80178265935874,11.162393157722713],[75.80173243168169,11.164057160953638],[75.80001600796709,11.16969710675035],[75.79755533097786,11.17670319582604],[75.79224123355205,11.189732601739694],[75.78888663529729,11.19837840916059],[75.7867435887608,11.20570910780287],[75.7835093308766,11.214258902756027],[75.77912886388236,11.227314566461219],[75.77430831734446,11.240523015822388],[75.76619205327567,11.26375700123679],[75.76413264567209,11.271386802107504],[75.76145614039278,11.278704410427563],[75.7575753472753,11.290439067270658],[75.7542805443835,11.297217972939123],[75.75267010267733,11.302898210970648],[75.75112760827575,11.30551205345565],[75.75107792402459,11.306839141402348],[75.747484401521,11.315580215874961],[75.74661968098407,11.316248795044569],[75.74223186078832,11.317090051666392],[75.74229595163254,11.319591640368467],[75.74161868531918,11.321216093794272],[75.73959324090352,11.322317190608588],[75.73876750515228,11.32373124737784],[75.73723078125703,11.32376826979378],[75.7365035388794,11.32509426778686],[75.73706962300894,11.327124301282952],[75.7352122519963,11.329653855706002],[75.73589308067622,11.331331466855838],[75.7352735152581,11.332614599244021],[75.73239023217292,11.335003085601645],[75.73578181041897,11.337591747647235],[75.73610516998454,11.339585400775345],[75.73464083130033,11.342969634032476],[75.73527917057753,11.34600770411902],[75.73247405423281,11.352721953163776],[75.7318481359556,11.355813174451725],[75.72819380076265,11.364095041245605],[75.72732260328148,11.36495755345754],[75.72378776852204,11.372602173579828],[75.72321737687496,11.3749385058733],[75.72164796928568,11.377703309316846],[75.71963650784608,11.382587536213467],[75.71421044252489,11.393541658266921],[75.71291905681133,11.392927430619894],[75.71240348823038,11.395354226305958],[75.71064242966862,11.397097210546601],[75.71065479486285,11.398421544176623],[75.70743973058502,11.40544222760179],[75.6976744707096,11.424877779618896],[75.69155859729293,11.43420619851998],[75.68435845920887,11.446157386853132],[75.68160519532472,11.449621276700979],[75.67894126152855,11.451091827652904],[75.67762773757276,11.449644281658902],[75.67568002349955,11.449931002961474],[75.67448394194635,11.451959157843541],[75.66609991923787,11.460252771982878],[75.66369646459896,11.462125832084583],[75.660140956729,11.461755518393426],[75.65273044253779,11.46600446081121],[75.6474622745282,11.467261511063224],[75.645601047286,11.467073216022076],[75.64118796418815,11.465325824034169],[75.63961136151718,11.46553627728232],[75.6373948522852,11.464448701414886],[75.63782862534832,11.462094261474418],[75.63418696191299,11.461027488246128],[75.63248924427378,11.462711217376494],[75.6325631925296,11.4657443317165],[75.63058299828238,11.46690370120554],[75.63008338199985,11.468572436874974],[75.6256787583121,11.473704166472402],[75.62209689952499,11.47410406866896],[75.622380260799,11.472981156590428],[75.62090010566502,11.472924982993463],[75.61678020934909,11.476408937486493],[75.6164608281974,11.478668522239673],[75.61763514870263,11.477879097099844],[75.61809912615642,11.480266291819817],[75.61713653691906,11.48580410619754],[75.61451844552784,11.49363426582961],[75.61529565402469,11.494686180418528],[75.61281178907899,11.502651342972753],[75.61062053385517,11.506314108937305],[75.60756656797363,11.513912555413508],[75.60726670623023,11.51527274076206],[75.59473960586125,11.548534212444356],[75.59057731274325,11.560895147477165],[75.58921382128443,11.564366056859443],[75.58787099250958,11.57035756638638],[75.58596044509862,11.575760690798575],[75.5845300743013,11.578827695463593],[75.58268667690115,11.585265933765822],[75.5816523241448,11.58715831779513],[75.57838298821781,11.596582119887605],[75.57551032454617,11.604293398332937],[75.57352265962359,11.608891758190943],[75.57166673475692,11.614204437851667],[75.56770406840607,11.623785228747042],[75.5664535612887,11.628863734639298],[75.56327077278779,11.635078318299358],[75.56061714537587,11.642925317301303],[75.55856090437271,11.6470579027604],[75.55625474562355,11.652550512974049],[75.55365120842085,11.657559055757508],[75.55140765048442,11.659855664624155],[75.54815915871727,11.661202578946117],[75.54675322215935,11.663396736232693],[75.54832479554054,11.664367226294097],[75.5482235833355,11.66752359561732],[75.54561510664233,11.673893107704659],[75.54144561610534,11.68311042279855],[75.5365769283701,11.693062687383826],[75.53994562701425,11.69522107468291],[75.54132593092366,11.695010499488925],[75.54161508624037,11.699779938074176],[75.54213937461532,11.70133861148183],[75.54409261969393,11.703737172238142],[75.54984880662944,11.704154425271046],[75.55331341105436,11.702398044897215],[75.55586489470006,11.698242547764115],[75.56187191202973,11.694839878852047],[75.56351116870071,11.69335814800766],[75.56337631308288,11.690189048765864],[75.56176238373737,11.685987439013324],[75.56140469040436,11.681489366404593],[75.56339127936211,11.679428317917969],[75.56499733280255,11.679710054452162],[75.56862729872329,11.676013437851351],[75.56909621642458,11.674287507187376],[75.57201478804917,11.674926145742058],[75.57865567755711,11.678932305819087],[75.58156138991994,11.682131973682448],[75.58467687442608,11.68477969705579],[75.58765792487294,11.686699666927469],[75.59262749506577,11.687489694978433],[75.59966990539806,11.68591064049454],[75.6023888996344,11.687555233235903],[75.603757724745,11.690536397286971],[75.6018629301895,11.694614030067834],[75.60015425983805,11.695711743268319],[75.5938517210623,11.695874147393564],[75.59219971013142,11.697731229989822],[75.59233681949698,11.69965252994753],[75.59370011925434,11.70435632789618],[75.59350213614798,11.706187817558359],[75.59232326668479,11.70838759278029],[75.58712601860968,11.710704091874023],[75.58839577386381,11.712406052642002],[75.5935597627947,11.7117082197711],[75.5959844724685,11.712883167638122],[75.59821910439678,11.717363655946903],[75.59998962126645,11.718417777131032],[75.60258863455738,11.717709442191342],[75.60556358866747,11.721476081861969],[75.60722463826089,11.721594529312968],[75.60657827853969,11.717657991335491],[75.61024969839372,11.72242011461946],[75.61098394876443,11.724633980086717],[75.61415655833933,11.723664111023478],[75.61603803129297,11.723913246766651],[75.61767276319478,11.72667222523121],[75.61946732687548,11.727025547496638],[75.62419836591091,11.731590758417395],[75.62253971567633,11.732507664678016],[75.62558489205276,11.736081854933444],[75.62667528517707,11.735428352156713],[75.62702818635384,11.737276746714526],[75.62835243373615,11.736554964914616],[75.62949768857955,11.737845547542648],[75.63374033920297,11.735313335388055],[75.63551651591908,11.735621339552825],[75.63648886235448,11.737495476866545],[75.63752122437869,11.737524820503422],[75.63935145182279,11.739374427879385],[75.64145268473635,11.74332125441261],[75.64323953659999,11.742245715148474],[75.64476362647527,11.742649218552188],[75.64602470933917,11.744359898100821],[75.6461071640534,11.746249603152936],[75.64725542282905,11.744827349390038],[75.6482244393052,11.745232047976788],[75.64832112246795,11.749314478896254],[75.65124313147585,11.749178037937883],[75.65094620588076,11.75158492241124],[75.65432771880685,11.753528111624114],[75.6544169741726,11.755392890506398],[75.65762491241067,11.754781895134071],[75.6582642662579,11.75735751653419],[75.66114399038598,11.758616777979984],[75.66566186520282,11.757982371184726],[75.66607730670434,11.760911097811523],[75.66710202325383,11.762837768714613],[75.66651894667959,11.765191657616642],[75.6676553541873,11.768394512699253],[75.66889360199328,11.770055462791678],[75.67011407544155,11.76970924758729],[75.67439780073624,11.771145604198995],[75.67786649119347,11.772968506130306],[75.68227790909529,11.773740118205906],[75.68524063763047,11.778185732777828],[75.68540846095195,11.779809094019404],[75.68724170187032,11.784461437359148],[75.68759071740271,11.788262894699486],[75.68890892930716,11.790597116145669],[75.69135769115917,11.793638499746427],[75.6905222032322,11.79534045768087],[75.69118458941392,11.798713897676087],[75.69574818165563,11.798714026509948],[75.69834643666427,11.79907842622792],[75.70687103704387,11.796701831185143],[75.71268186506187,11.795489279808121],[75.7162863399225,11.796375353514044],[75.72217792069348,11.79270288983015],[75.72473249287744,11.788686167816538],[75.7268059373089,11.786678016352456],[75.7279281145335,11.78416134659639],[75.72900551408479,11.779659873191651],[75.73135100666642,11.780621604328136],[75.73371786093118,11.780330724105594],[75.73477958855891,11.781006142485898],[75.73781561652237,11.780977157623608],[75.73672736750494,11.781828426045745],[75.73684795232059,11.785752438827824],[75.73846504179232,11.786467134721677],[75.74167674472086,11.785498083570667],[75.74264001056243,11.786234762034695],[75.74525122041267,11.786336397569059],[75.74904238744594,11.782198709332036],[75.75296594852632,11.78345880058216],[75.75728168581965,11.787715230996497],[75.75749973014464,11.788569134591317],[75.75533656025516,11.789560532286087],[75.753098406466,11.79164612080846],[75.75323597434904,11.793273350873571],[75.75232185451516,11.79460957945641],[75.74842445147921,11.795741049569639],[75.74583409181317,11.798252526897992],[75.74778246590955,11.799291839574185],[75.749990525697,11.802975232501344],[75.75741141395247,11.804877046169892],[75.76014508099273,11.804417558443792],[75.7627753100536,11.803049679387222],[75.76610530170342,11.802480168885294],[75.76818971843628,11.802876894116876],[75.77236379225796,11.801825715349418]]]]}},{"type":"Feature","properties":{"id":"32-307","name":"Malappuram","source_name":"Malappuram","state_id":"32","source_agency":"Survey of India (SOI)","district_code":"562"},"geometry":{"type":"MultiPolygon","coordinates":[[[[76.23957441448715,11.52662027785643],[76.24641338481304,11.515533333531348],[76.24793464450619,11.515628491303007],[76.24942493601412,11.506722590068334],[76.25133387788328,11.502354310118811],[76.24838814164748,11.487742069807938],[76.24754747128225,11.476590510385995],[76.24714296547322,11.467944005601648],[76.24898579957066,11.469652220474254],[76.26459076805975,11.481284373682803],[76.26812877298967,11.480151603974784],[76.26870800178058,11.479019281336843],[76.27214886677257,11.47712615959299],[76.27338095381543,11.477075345800923],[76.28369411422682,11.482106996773503],[76.28433231019501,11.482959528573312],[76.29256829333187,11.476698684425408],[76.29448522508369,11.474105813467872],[76.29278201265285,11.47026058836499],[76.29143699195193,11.46984952616088],[76.29483234023908,11.465782460120794],[76.30505016180416,11.467827428704979],[76.3089415303686,11.464365928073182],[76.31031629307829,11.464167341351198],[76.31989526816677,11.457473043114241],[76.32593021094557,11.454017993325044],[76.32832670414561,11.456391670274428],[76.33201052130377,11.458627437092453],[76.33609267415058,11.461971480250947],[76.34067197308251,11.466927319324494],[76.34203573985779,11.467551436395405],[76.34620155078957,11.464186672187017],[76.35191147025029,11.462103396244515],[76.35724906423987,11.459784058696705],[76.36014613146922,11.459098759624377],[76.36856993780417,11.45624954334643],[76.37695740929398,11.449799617141016],[76.37844820224885,11.449226410167185],[76.3818274837167,11.446575994958899],[76.39782235809818,11.436313704063501],[76.41769909518152,11.441978688202338],[76.41860099398748,11.441819298274533],[76.4174491766276,11.435661522049797],[76.41736726755134,11.43359099127655],[76.4155184460421,11.423208162921828],[76.42093585716793,11.418183095129471],[76.43481908401759,11.407816054950402],[76.44685125588522,11.399128121543939],[76.46027520987518,11.388841390296662],[76.47645757565336,11.38487877355663],[76.47513026080377,11.38360049664617],[76.49895736490703,11.377286927357991],[76.50171125367072,11.376242119123154],[76.51764586480094,11.371597142814593],[76.51501184645231,11.35972203382729],[76.50807884784979,11.354159437254097],[76.53169582850155,11.35704712708851],[76.54775086814723,11.358918541499493],[76.54733764932696,11.345502687785055],[76.54831919627664,11.340594059971492],[76.54986073370212,11.33102529162076],[76.542745454015,11.322028299202861],[76.53719212464239,11.314075774803918],[76.53924675440913,11.304656355189588],[76.54564610618944,11.300345935397342],[76.54211761264447,11.296652678889357],[76.52671245210037,11.28859686755179],[76.5253438763516,11.284869383538545],[76.52204261442917,11.271739597973157],[76.5215829526208,11.270613843198918],[76.51249135555554,11.26830539245672],[76.50039930802551,11.263563381600639],[76.49400250820896,11.261227921804535],[76.4870042965806,11.258319678825575],[76.47585255561161,11.251352569995683],[76.46620117261963,11.245160625553714],[76.45298041040787,11.239403562199469],[76.45237499383333,11.235051801759381],[76.45046355258978,11.218351308030035],[76.44885089026994,11.205504224521107],[76.43924954419273,11.202993242584153],[76.43737734164898,11.204381417995538],[76.43546771210751,11.202175965162578],[76.43337084717032,11.20199105716018],[76.43055536633695,11.202940799005505],[76.42837234655089,11.207556264085369],[76.42447185944398,11.20931985433082],[76.41805294582274,11.208882410070931],[76.4158738731731,11.21058229826942],[76.4136350311128,11.211093395341615],[76.41018272453667,11.20987784505708],[76.40808565314641,11.208422564321607],[76.40459253658798,11.20966148595399],[76.40294405308084,11.207726975609685],[76.40447310271216,11.205706370318303],[76.40428028766308,11.201122903523576],[76.40639079598724,11.200372343778819],[76.40656922524735,11.199102118064081],[76.4049713323052,11.198103313765222],[76.40614738895373,11.193347949272871],[76.40389003956922,11.189840574002664],[76.40207694439053,11.188358119891058],[76.40264445697032,11.186473127800545],[76.4055420645765,11.183959580957477],[76.40694235094693,11.17860754825372],[76.4096477062859,11.1766952224675],[76.41083775273262,11.175207878217893],[76.41221984024733,11.171695555773788],[76.41357020007814,11.170899855484539],[76.41249844205626,11.16635718570976],[76.41064420820356,11.164675859892132],[76.41117034380781,11.161959172881597],[76.40835907773358,11.156987258069396],[76.40639522386121,11.156151225506525],[76.40597840172391,11.153705840176508],[76.40688445636583,11.151300995978884],[76.41021195535879,11.148733182176075],[76.41023445644028,11.145324903473727],[76.41325524671929,11.143145829011782],[76.413419816962,11.141658609686806],[76.4106044805745,11.139344670651399],[76.40997691383679,11.135059561597526],[76.4088553148365,11.133604191161755],[76.40812256786653,11.130254758238372],[76.40852913138899,11.123447266201268],[76.4084142151667,11.118579086126989],[76.40339292996549,11.115451605983187],[76.3990217899376,11.113702630284529],[76.39357984282856,11.112943657722674],[76.38980838301225,11.111872551312048],[76.38578986900272,11.111551751145308],[76.38530461402348,11.108645280651922],[76.38929537952723,11.103342893567437],[76.38816932059325,11.099328998500448],[76.38739127441976,11.098768551233764],[76.38210526333417,11.100373359078285],[76.37537745038603,11.097037551909272],[76.36882369551584,11.098596951042309],[76.36686487501073,11.09739908121105],[76.36037976578565,11.097945754104611],[76.3576386636325,11.093294287689957],[76.35089740123703,11.092385261346939],[76.34759801987944,11.088398173059584],[76.34400551547891,11.088067853022915],[76.34281581620363,11.086273181068798],[76.34210233505078,11.082638832730273],[76.33937079737264,11.07776569575059],[76.33814427808426,11.07796447962907],[76.33593423400245,11.075346998020462],[76.33091895430614,11.072670328372011],[76.32926680349269,11.073917706121616],[76.33104745201945,11.070550353848716],[76.33043898632903,11.069135414392646],[76.33322634495012,11.066392083769022],[76.33344651738695,11.062730667249433],[76.33456307663519,11.062748927472832],[76.33428880331434,11.060217559463391],[76.33278798096991,11.059476077184149],[76.33271499417746,11.057952693958306],[76.32997863420042,11.057120569252783],[76.33115958799694,11.054756699793908],[76.3301529520964,11.054575684595273],[76.32674436411429,11.05152857425313],[76.32474029483042,11.050258064353747],[76.32308367782343,11.05082732291199],[76.32280472210346,11.049733381145236],[76.32035848851099,11.05202246178524],[76.31835701506282,11.049416194424396],[76.31681918967575,11.051291766171305],[76.31421097579094,11.050653948432052],[76.31017510683215,11.050354707884285],[76.30910458137451,11.049238006345869],[76.30894942106755,11.046706634977003],[76.3065105604462,11.047081261418757],[76.30441900269035,11.048658388543672],[76.29456655857676,11.050522766928419],[76.29442970958442,11.049144089947061],[76.29566107882623,11.047349878879384],[76.29336915476979,11.04521114318373],[76.29248272119669,11.040672630139358],[76.28980609024777,11.039944117605064],[76.28841040924799,11.040201375765143],[76.28766056164241,11.038097011312532],[76.28697858646294,11.03876802692604],[76.28565727015285,11.03530062744227],[76.28403750189568,11.035126131689825],[76.28522315856326,11.033555703480985],[76.28695729656275,11.033479360901058],[76.28843040292328,11.034397379701455],[76.28882911753671,11.032314832683715],[76.2869071854604,11.032869100761948],[76.28448016138513,11.024139835928015],[76.28833356209672,11.021442393620978],[76.28917933854144,11.023765985479523],[76.29127502975754,11.023273871115387],[76.29193325454342,11.025529698414939],[76.29580438857975,11.024712559121436],[76.29655895104128,11.026362609642502],[76.2977622039714,11.026674820331674],[76.29829258236965,11.028410731201213],[76.30168787455679,11.027502980262446],[76.30199878941441,11.028267031830078],[76.30668909737602,11.02692104359868],[76.30709158370638,11.027667032211038],[76.31118650300019,11.028558333672505],[76.31162551484,11.029665936858704],[76.31487903160544,11.028486818465138],[76.31703390969876,11.029404820335849],[76.31868691959514,11.028533293288907],[76.31905977877041,11.026405447193504],[76.32108373545103,11.027113806958843],[76.32291721976816,11.025985568660715],[76.32328964294904,11.024311676270953],[76.32521152564654,11.023620350074564],[76.32777828251007,11.024348521969642],[76.32777435056751,11.019927746429392],[76.32547813137738,11.016171026268065],[76.32585882100382,11.014865687758387],[76.32421238832875,11.006707229996312],[76.32417146790108,11.004834029051855],[76.32541615865443,11.003559566387114],[76.32743841969082,11.003514629074724],[76.33151841728453,11.001380599060079],[76.33427301699966,10.998643703668854],[76.33872620838943,10.998985794012016],[76.34136913294128,10.99864405593126],[76.3440924447278,10.996860000149583],[76.3465247529296,10.99750921068189],[76.34688145574225,10.996458852499226],[76.3514225762022,10.995028338940012],[76.35210776793701,10.998808980558684],[76.35362216864426,10.998802194503261],[76.35604611984218,10.99762060664757],[76.36037661079258,10.998139154008351],[76.36249685300687,10.99756014588512],[76.3646301073616,10.998838846745103],[76.37081332720214,10.996342528063174],[76.3704373438541,10.994183804348427],[76.36924439081581,10.992448713193932],[76.3678783276772,10.991853693098562],[76.36877419519608,10.98872579450593],[76.36792440766057,10.987952260021778],[76.36547369548295,10.983307146461495],[76.36465237702349,10.982772860006792],[76.3628932698024,10.976284737285594],[76.3628918679695,10.974826001771326],[76.36069365501285,10.973473776238995],[76.35803322506078,10.975917733943271],[76.35371618665698,10.974255345381824],[76.35044290878,10.97577069977498],[76.34676696130019,10.975244449691287],[76.34591334419505,10.974651496240389],[76.3418878126594,10.976739691423463],[76.33709170892001,10.976372082470512],[76.33504804111143,10.980734295078054],[76.33431880926223,10.980317069497755],[76.33186170122289,10.981254579284762],[76.32815026794684,10.97896075797491],[76.32688468313313,10.97521424517216],[76.3284262220532,10.97313710550125],[76.32747177561217,10.970437936464526],[76.32576358471195,10.967986147434818],[76.32572298703394,10.966065116020173],[76.32690899785065,10.966326654555225],[76.32820266217543,10.964042626575555],[76.32563775956392,10.960279124191514],[76.32402276645398,10.95920566415646],[76.32345270302767,10.954466106085171],[76.3208416078849,10.953636584999973],[76.32011949842433,10.948635329482087],[76.32071710404321,10.94620071502393],[76.3210847116552,10.94037655579768],[76.32077133836395,10.937787651112757],[76.32152803198414,10.937183111872768],[76.3206049043116,10.935324604016998],[76.32224174178523,10.934119530450833],[76.32180860661424,10.932367494905167],[76.32495100245558,10.929261733534883],[76.32849219753454,10.926366766444312],[76.33088274988918,10.924945967169956],[76.33181365760007,10.922401309944906],[76.33308329303743,10.921975416738661],[76.33143434402871,10.919401281302862],[76.33232691226303,10.915432837013965],[76.33164991651209,10.913374414818014],[76.33479926206381,10.911891495589312],[76.33463443266132,10.908768515581391],[76.33212722410047,10.904458203760976],[76.32930555200387,10.904560385186599],[76.32860317642282,10.903989350890543],[76.32506355271907,10.90409507888518],[76.32160397285453,10.904711217879997],[76.32061013011652,10.906487577976453],[76.32083694360188,10.909167381492653],[76.31917625232447,10.911154517185043],[76.31385139201781,10.911991196865356],[76.31106118742333,10.911971448595256],[76.30638286467192,10.911091860299528],[76.30223677486786,10.912700818198582],[76.2980399976692,10.918450761925431],[76.29473762817548,10.919518050967923],[76.29214537431224,10.916644837620657],[76.28616049882513,10.912967612089007],[76.28454769288912,10.91231443408449],[76.28218175468153,10.913106348294992],[76.27845985187585,10.915554127260222],[76.2730522234034,10.914193323247053],[76.26822876647827,10.914696998666859],[76.26545410988922,10.911883040537989],[76.26452201105407,10.906692648564789],[76.26193108196554,10.902951081353194],[76.25914796374204,10.898071159814586],[76.25759103105615,10.896545027659904],[76.25612566577493,10.893942580298596],[76.25538704024109,10.891210506004256],[76.25322713211536,10.886543445339287],[76.25180763977366,10.885072429225472],[76.24974321964781,10.884660431309458],[76.24707768188235,10.885955161104654],[76.2438698089098,10.886628238972998],[76.23667330970343,10.885549695118206],[76.23298848039731,10.885352054164468],[76.23060290490686,10.885809175362125],[76.22952576636244,10.887468128347193],[76.22910631877308,10.89001951182489],[76.2265751583115,10.895147160586628],[76.22325169384992,10.89891264964266],[76.22082503068145,10.903904212425008],[76.21932922071683,10.904995193050585],[76.21771545793874,10.907456403992727],[76.21711820464273,10.91243616547617],[76.21540035132186,10.91425687188421],[76.21208073430086,10.912076406014812],[76.21130424146165,10.908964651343597],[76.21136983140919,10.90707916798315],[76.20924002571493,10.905220494697419],[76.20674386976964,10.902142636881097],[76.20623024915238,10.89839239198217],[76.20324200547184,10.89687160978798],[76.20002527908092,10.897684418595656],[76.19720783922587,10.897718000436134],[76.19310553023534,10.896662582588258],[76.18974123903516,10.897200095023258],[76.18779263646161,10.898306227879367],[76.18647538548194,10.900630453305086],[76.18903270252072,10.908816838106135],[76.18806190786229,10.909697632151058],[76.18211792321888,10.909105820252456],[76.17973879516981,10.907803943010014],[76.17755803889796,10.905750789988216],[76.17391949699298,10.90519517325468],[76.17255374554242,10.90682334130086],[76.17138037118492,10.913224828133881],[76.16952389056682,10.914547564329979],[76.16349246848627,10.912685320082439],[76.16015981946697,10.910812724882897],[76.15873379685222,10.908756651212821],[76.158807170186,10.905252679241931],[76.15834367779554,10.901321252949623],[76.15629195053252,10.89756216177787],[76.15274536169647,10.891871124316001],[76.15077953999788,10.889731118069209],[76.14691076692522,10.888705784324948],[76.14510038915883,10.888924982965921],[76.14205219049208,10.890803458345838],[76.13815582644476,10.894543183108057],[76.13463113780752,10.896233552884064],[76.13039428433595,10.895878495018904],[76.13025621598382,10.894423269006369],[76.13045969827138,10.884105737192357],[76.13158444463879,10.879151178726591],[76.13065973235814,10.877719202706068],[76.12911835176276,10.877713589058153],[76.12401418596698,10.878943898201594],[76.1163124282412,10.881494704188697],[76.11492361957865,10.88069495834874],[76.11352389529479,10.874488254225756],[76.11324361134034,10.867970078306975],[76.1122804223754,10.86599344706387],[76.1111002664989,10.865943447239564],[76.10462984347454,10.871206504852871],[76.10271881692056,10.87016454761737],[76.10196835803096,10.867576730600648],[76.10267461435552,10.858763468431068],[76.10211417636161,10.85620596081909],[76.10264975701753,10.851330423326804],[76.10260871679833,10.846384633350546],[76.10143921230544,10.844218758266338],[76.09620822787272,10.840665824515453],[76.09038515760957,10.838991034252787],[76.08228794266252,10.839489863293979],[76.07751884862755,10.83842149101452],[76.07119754098157,10.838068360848098],[76.06919642586737,10.837320271038108],[76.06386158647479,10.837903871424363],[76.06062230578942,10.838764949889061],[76.05819924033962,10.840278787551078],[76.05404841868179,10.84467839019945],[76.05105348441036,10.846148979015364],[76.04410420128201,10.848062391660026],[76.04052004840943,10.845809515476327],[76.03932138596241,10.843033077616587],[76.03781092522348,10.837359714295095],[76.03373162371909,10.832020454334597],[76.032108193584,10.830678690086746],[76.03414801363849,10.826742980427039],[76.03123640200177,10.825812335321805],[76.0291829068373,10.825769515378603],[76.02970316495416,10.824117575012446],[76.02735920145014,10.82200041336222],[76.02721452066008,10.821155529756961],[76.02964270596468,10.819684341516249],[76.0302179613231,10.820860657045968],[76.03163782503528,10.817501237395467],[76.0346344426178,10.81522622520178],[76.03668249286895,10.815074634809985],[76.03724292906197,10.811817548402711],[76.03600262228942,10.8114916945328],[76.03565798019885,10.80833263591434],[76.034989848766,10.80819475489189],[76.03779523821356,10.806205077705178],[76.03847806156836,10.803978464036902],[76.04665306786768,10.801066377943828],[76.04550824448481,10.799266399582404],[76.04820892148051,10.800093644866617],[76.04958372871631,10.798325803204152],[76.04890893080967,10.796257445328687],[76.04656578839557,10.79566855845425],[76.04522559545492,10.794221859075462],[76.04324781252515,10.796145482748488],[76.04259981293055,10.795220831508898],[76.04272368135652,10.792665947319922],[76.04225055118087,10.78805157218868],[76.04100625995304,10.787879382952761],[76.04215287972703,10.784923316688445],[76.04093791586087,10.781315066060385],[76.04115167616177,10.778316890681237],[76.04047275520587,10.776334370236285],[76.03955889612268,10.768525056418218],[76.03896450957265,10.766307472196404],[76.04035151232175,10.76632059611624],[76.04051149667818,10.760989673141829],[76.03933638346962,10.755618063633385],[76.04489086514006,10.752823462597929],[76.04530347404288,10.751787228661243],[76.0472158681613,10.75195480782733],[76.04661655276276,10.747670366472214],[76.04553301446192,10.748280302529082],[76.04467622930642,10.746856206487239],[76.04652875537344,10.74245162550779],[76.0470428898168,10.742946764870041],[76.04984777437427,10.741166418304951],[76.05193465425526,10.740660624441125],[76.05301783085737,10.741343436484737],[76.05353012274612,10.740064348082884],[76.05983783060401,10.742542851772786],[76.06144546906917,10.742180025925423],[76.06126847460875,10.743275432048693],[76.0637049272232,10.743578780667228],[76.06852878181589,10.736704312329405],[76.0693043012576,10.732941284032357],[76.0682050220666,10.732678903335621],[76.06899164783313,10.730407531920894],[76.06555215435215,10.72938081574786],[76.06589335698413,10.726017733240758],[76.0676258145785,10.725701601107373],[76.06676913246542,10.723511375673628],[76.06485608492768,10.724335962182055],[76.06475058163129,10.72593161903253],[76.0633017074873,10.72551548913544],[76.06248334781999,10.726432985315688],[76.05916680868665,10.727600739082332],[76.0586391370906,10.726346267617481],[76.06096165537552,10.72414080185708],[76.06094884055305,10.719792238184505],[76.05625076513182,10.716532142549495],[76.05250404603667,10.710519172252118],[76.05227629689104,10.70744531298084],[76.05142682862453,10.704488868705154],[76.04912784218916,10.704293925517279],[76.04811707555064,10.706892897639225],[76.04569924020619,10.70656223495541],[76.04388266832947,10.705495010514326],[76.0436423610449,10.706982108910474],[76.0425225509677,10.706995394231644],[76.04142599377488,10.705435567373566],[76.03966571427864,10.707435353568078],[76.03647735003469,10.707201198377204],[76.03399922445738,10.70352593205326],[76.03415086773282,10.700669083995036],[76.02971766861423,10.700012361277828],[76.02728867486279,10.6990826582384],[76.0240688558908,10.69866353233799],[76.02424741113532,10.697691742695897],[76.0197592654511,10.697391897471402],[76.01593914115715,10.694832045677446],[76.01383783091482,10.691865994787259],[76.01190499674918,10.690547603141294],[76.00720235910063,10.689662007254254],[76.0053963066791,10.69148996214818],[76.00177368699404,10.692779049019911],[76.00088848328713,10.6949033403245],[75.99540304149984,10.692289625620472],[75.99354072161302,10.691707812335743],[75.99049247533128,10.69188478423196],[75.98998291583315,10.691217264099185],[75.98625669280611,10.690975819080085],[75.98506202757143,10.68905361972349],[75.98320140728298,10.688973578050678],[75.98395474684754,10.687293834499293],[75.98268217715014,10.686714588081728],[75.98150228153439,10.68797514491144],[75.98176422133935,10.689814447510944],[75.98033027317088,10.6916636044304],[75.97940745519017,10.694686633707285],[75.9767003039574,10.695784741642226],[75.97711817642268,10.693518351494903],[75.97533286170716,10.6912633373142],[75.97406933628956,10.693527910215908],[75.97122238389973,10.690937046770543],[75.96746521947853,10.693882944788792],[75.9654291681907,10.693301502263072],[75.9659320847029,10.691875764718052],[75.96254149880548,10.690796650695194],[75.96338192295609,10.689121172028257],[75.95673259058579,10.685125820481836],[75.95615748869432,10.685360389806174],[75.95382350791034,10.690308807401903],[75.93163719409041,10.740416271561344],[75.92796938879628,10.750842681129427],[75.92378144186841,10.759868776013764],[75.9207010774006,10.769342539583292],[75.91771364635551,10.775631784784208],[75.91373617632986,10.783017278623166],[75.9135984524247,10.78490198814645],[75.9122531643565,10.785407361942157],[75.91119403757024,10.784575835682206],[75.91010100152819,10.786134818996837],[75.90977074120713,10.789515453773252],[75.9079623702516,10.797908023718184],[75.90616783929315,10.805270000566297],[75.90525186664102,10.810241395788285],[75.90326058497237,10.817766079252506],[75.9022711324387,10.823424412689448],[75.90027638789441,10.832004314504971],[75.89224484104803,10.871546693013801],[75.89081603391413,10.877024058515987],[75.89084273230165,10.879021772633724],[75.8796640179165,10.928261694593756],[75.87642831075607,10.941838726553309],[75.8717182446527,10.959917019012048],[75.87019702750868,10.965214910689527],[75.86656932336315,10.979086275132131],[75.8568143161102,11.019169487016331],[75.85574270672387,11.02133385366192],[75.85383625004366,11.0287691564667],[75.85305462708288,11.035571265675163],[75.85136327175901,11.037831159372557],[75.85009294951035,11.045797308129654],[75.84701976063099,11.056828978331058],[75.84514698865583,11.065147422414881],[75.84258741814396,11.074883874297441],[75.84130224580758,11.078512791690493],[75.83761893540044,11.090415525606787],[75.83502995916784,11.09749574112071],[75.83196687576358,11.10854314150314],[75.82830203510859,11.119206534325508],[75.82667754852952,11.121738498341694],[75.8250531876587,11.12285674044876],[75.82541360882641,11.124113693656911],[75.82832589537497,11.125561686466392],[75.82989355708418,11.126989405205903],[75.83299935104068,11.130909780280998],[75.83512470738769,11.13293838845843],[75.83957443369236,11.136095390111686],[75.8405354889958,11.137589163878356],[75.845309070089,11.14189359983794],[75.84796749551562,11.142953044611643],[75.85110701429744,11.142605121679864],[75.85134696389261,11.141668493130686],[75.85577270195208,11.138115810333513],[75.85869646828418,11.14068460272557],[75.85853416368653,11.143108438685394],[75.85783009982984,11.143408803110134],[75.85693193545923,11.146250653924374],[75.85529017161569,11.146883833870545],[75.85516400507471,11.14912667112338],[75.85382050534581,11.15156288300934],[75.85209761709723,11.152621261808676],[75.85383079480913,11.15507131743451],[75.85576340206504,11.155269250660854],[75.85853802986799,11.156898038737209],[75.86045285115539,11.160387456065603],[75.86009738816037,11.162477203180611],[75.86110787999968,11.165141862961994],[75.86069969452967,11.166445136115799],[75.86272040459284,11.166999944807465],[75.8649152307758,11.169132091352102],[75.86469137196782,11.170850787373551],[75.86708095616517,11.170690201811418],[75.87040822335227,11.171788231796215],[75.87057758871622,11.1686997044258],[75.87596155941988,11.167074546674494],[75.87770416981071,11.165708567459452],[75.87981649571682,11.168550647974097],[75.88113615907405,11.168885914228202],[75.88055082681687,11.170641813223163],[75.8818714629544,11.17132062680451],[75.88681279419077,11.17018476939175],[75.8875935540583,11.172470162412525],[75.88626379405497,11.17332863433155],[75.88623459410672,11.17653870071509],[75.8882656969195,11.177600795503219],[75.88789728605981,11.179006889229843],[75.88616724676862,11.179228981781764],[75.88584051965142,11.181712088845938],[75.88391001087626,11.183792995576171],[75.88141144729832,11.184252498949947],[75.88100206332633,11.182097064922372],[75.87575836043537,11.18174176538202],[75.87426490509512,11.182998471441849],[75.8755046852445,11.184183955965352],[75.87111804402784,11.187171659090835],[75.86800319894138,11.186764768813294],[75.86431816571961,11.18704674010128],[75.86184401276837,11.188066590253486],[75.86175992981126,11.190607730705135],[75.8594312882852,11.191270039372084],[75.85753571981229,11.194413147064823],[75.8597741305569,11.194198753679824],[75.8600545546576,11.197665695681401],[75.85915491133223,11.20002381163938],[75.8556531983518,11.200454326869709],[75.8562687505683,11.204245849122572],[75.85758830297691,11.207601295474973],[75.85989083481657,11.20425348568819],[75.86286304155006,11.204376070498371],[75.86469657140265,11.20500372515736],[75.86870791341747,11.20963983625241],[75.87325859694347,11.213885441573034],[75.87542426377236,11.215312385162584],[75.87651536493124,11.217253250646273],[75.87706534827703,11.2204480296318],[75.87813339113256,11.222316669686116],[75.88860585059406,11.22815409525977],[75.89250929769558,11.228716624095426],[75.89584210652457,11.228394636013746],[75.89719565608405,11.229249601858683],[75.89904022506228,11.231915993470485],[75.89964625934171,11.233894439816973],[75.89930757706338,11.238380396944569],[75.89997948940633,11.24091924404854],[75.90144321071088,11.241841660545326],[75.90396450784583,11.241178472167748],[75.90775863707691,11.23896057226786],[75.91238749610632,11.235700302928274],[75.91685142832057,11.235356544907456],[75.91919914461926,11.236303239419088],[75.92309339185525,11.242589053913893],[75.92497220724249,11.244405265031958],[75.92681120614563,11.245190740292562],[75.93106388069133,11.246059078473788],[75.9373715428323,11.247933637300985],[75.94303602990686,11.249181555800321],[75.94914001526638,11.249224898492795],[75.95435182706161,11.250384263898615],[75.95897012557799,11.252367746596423],[75.96028822045142,11.253493741033328],[75.96356379587691,11.259324348144538],[75.9654444683007,11.261583217586082],[75.97233739899171,11.267108057624908],[75.97465337164468,11.268031777073872],[75.97754259641474,11.266476085614928],[75.9806920869325,11.263337194322327],[75.98670495328014,11.260500703720467],[75.99344753978494,11.255516924559531],[76.00027332641248,11.257390131663676],[76.00211374848482,11.257225672609666],[76.00656271048206,11.257807409588894],[76.00872217189365,11.258487262785279],[76.00986859414778,11.260242049568202],[76.00952685662746,11.26206068376507],[76.01079463089701,11.261803193277206],[76.01151815418709,11.264404797234924],[76.01307501221633,11.264336184824334],[76.01263576949734,11.265764052914527],[76.01343231035347,11.266966202836986],[76.0176857537939,11.26660803584437],[76.01863281730925,11.26764006309231],[76.02320493871134,11.268031296832643],[76.02850403664692,11.266792329153434],[76.03002058410296,11.265688444381352],[76.03151695780386,11.266623633939227],[76.03243165860799,11.264988439723114],[76.03462756995185,11.266861471684141],[76.0367533140145,11.26707558593541],[76.04005275145636,11.266340681519456],[76.0445048418096,11.263947050763395],[76.04508584493179,11.266295906312614],[76.04897884583282,11.266340968518744],[76.04948507441486,11.26827414824872],[76.05180406440996,11.271236185527277],[76.05560774585192,11.274396396809506],[76.05748649072623,11.274217843707284],[76.05808440146126,11.276593776603399],[76.0594416838672,11.278297797392174],[76.06072269015947,11.281526692673767],[76.06395508397048,11.282612690053549],[76.06536056352067,11.284041155228957],[76.06776416923206,11.283948547492047],[76.07007616079204,11.285700516828229],[76.07205509897852,11.286054445886109],[76.07165177299323,11.288188507576825],[76.06922205954595,11.291233122200396],[76.06858295567834,11.293057403087017],[76.07144569035749,11.29431744352499],[76.0759039775372,11.297244367128894],[76.08188442491958,11.301770581471693],[76.08420091758038,11.303886935853837],[76.08310213183412,11.306472304069151],[76.08683645517401,11.309234490123776],[76.09182045794167,11.310576905080614],[76.09242978714542,11.309394739518007],[76.09739956576948,11.310615073314931],[76.10356917848426,11.310533325186135],[76.1050583545397,11.311870445629056],[76.10590943744042,11.314023705309593],[76.11305250599735,11.31338213146349],[76.1171474442502,11.31810449526372],[76.11809825188936,11.318792525599903],[76.11871451193798,11.32415191386502],[76.11792093711212,11.326211918634401],[76.11492071574642,11.328619282570878],[76.11499031924409,11.330024922455301],[76.11747874521406,11.335020062269779],[76.11724142725518,11.336422430181543],[76.11273494177499,11.337886152138433],[76.11073835352771,11.336876459995468],[76.10734466587981,11.338249991538401],[76.10445948184497,11.33844160320652],[76.09780334077139,11.34201528094142],[76.09452451529037,11.345928931497772],[76.09190518631257,11.351015511270479],[76.09316884813154,11.353239627940864],[76.09266435586113,11.355501936008354],[76.09397515534181,11.359253867657584],[76.09563601329285,11.362294760415695],[76.09755872686237,11.364312913932146],[76.10179541373921,11.367633520470374],[76.09968064595553,11.370507624655799],[76.09805304233299,11.374975682010927],[76.09725698975498,11.382442571385246],[76.09958396889681,11.388270230499346],[76.09976051795044,11.390100549266787],[76.09911953552471,11.39500346769637],[76.10596242816094,11.401523972178829],[76.10604133727983,11.406523689074865],[76.10520896001334,11.40927090611764],[76.10751734899505,11.409040675045759],[76.10840425019882,11.409706427569464],[76.11301976856079,11.410077742072046],[76.11626796679987,11.407601620510201],[76.12055575765757,11.409701013552583],[76.12161052116733,11.41109841678679],[76.12207896183482,11.414880459964063],[76.12517583364126,11.415881277964006],[76.12612865742813,11.41813797523189],[76.12958129118955,11.421049644137161],[76.13106814801748,11.426229291132994],[76.13546447343977,11.42326470841007],[76.13877994675403,11.419309801825543],[76.14219994919533,11.419174397336752],[76.14179561238025,11.42061810695193],[76.14298392379632,11.424424421844579],[76.14575339918262,11.42717583588648],[76.14588528155046,11.429191558326659],[76.14031250539207,11.437043257858065],[76.13971773204958,11.441846587195567],[76.14272116295284,11.45080216920222],[76.14607927620818,11.451233940176326],[76.14725774084553,11.452549350801007],[76.15229601068151,11.451883108152991],[76.158532576313,11.45629780624909],[76.15856361749545,11.458291274661146],[76.15943121746143,11.458654058871971],[76.16074250878229,11.456573856454943],[76.16430767467251,11.457640056974219],[76.16763248396026,11.463806578994399],[76.16918222675869,11.465093344282922],[76.17148993213794,11.465712486068009],[76.17211433047416,11.467093279464255],[76.17483206039732,11.467123106532869],[76.17817400307302,11.468492916742893],[76.17993212027886,11.470294129106039],[76.18332730666783,11.472314629183959],[76.18536758580365,11.472527919772867],[76.18543906936884,11.474277092539433],[76.18647353964569,11.476162562104998],[76.18660559395563,11.478155610543885],[76.18278491119574,11.480725284961611],[76.18145792099574,11.483434032219613],[76.18421763010389,11.483603670323962],[76.18431471852988,11.487088773478003],[76.18551894946849,11.489014198550757],[76.18780007189237,11.48979827675714],[76.18906358839114,11.491635283297628],[76.18923994474815,11.494360515392566],[76.19106906628312,11.497725485118616],[76.19488818402097,11.500182579312996],[76.19915962768766,11.50554458055881],[76.20119223255453,11.506047026967764],[76.20416522255971,11.50566857500829],[76.2077467486874,11.50717724799685],[76.21487272069736,11.509014578832161],[76.21675901053848,11.508527568837621],[76.21954295364301,11.510012215413504],[76.22202825860916,11.510254976596627],[76.2239086321974,11.508411663186934],[76.22448158146425,11.510524880379691],[76.22588958125353,11.511789264749615],[76.22622062027857,11.515196394310266],[76.22726341739086,11.518916998918126],[76.22865263667235,11.522156836577247],[76.2338240547786,11.527659098491005],[76.23697753730298,11.526592467758444],[76.23920820442206,11.52518610679577],[76.23957441448715,11.52662027785643]]],[[[76.23957441448715,11.52662027785643],[76.23995920468032,11.527104151855317],[76.24042937607562,11.527017015878124],[76.23957441448715,11.52662027785643]]]]}},{"type":"Feature","properties":{"id":"32-308","name":"Palakkad","source_name":"Palakkad","state_id":"32","source_agency":"Survey of India (SOI)","district_code":"563"},"geometry":{"type":"MultiPolygon","coordinates":[[[[76.705725914851,11.240390184909906],[76.71921084657808,11.22739903414867],[76.72285939823851,11.2250192492127],[76.72511308707192,11.225663596883301],[76.72546869319785,11.223317230721811],[76.72941674004085,11.220741805273459],[76.73149412759393,11.217224440439987],[76.73446405626397,11.218019389662206],[76.73544186142243,11.21559760188482],[76.72684623207023,11.207427093856822],[76.72681664921272,11.201516635184923],[76.73009734949558,11.193632125027168],[76.72267463396709,11.187118079285552],[76.71983921848546,11.187734430840901],[76.71885182626268,11.186675266329809],[76.71643475444438,11.186371652031145],[76.7142664167133,11.18763423334811],[76.71021065802137,11.183620072181117],[76.7089433655119,11.182876285876652],[76.70662636788545,11.179423648074426],[76.7050173433166,11.179937226557449],[76.70238290277318,11.175792957857794],[76.69789590795685,11.174150028751683],[76.69488567851418,11.16675364258011],[76.70011133513535,11.153576372630704],[76.70399495597721,11.149307804429043],[76.70563829390362,11.141779029335096],[76.70974416488791,11.141402484603805],[76.71202111590313,11.142266609994742],[76.71132050717154,11.144450256535022],[76.70850642214616,11.145769780202846],[76.7090318674212,11.147533045109935],[76.71170064693324,11.148149897457865],[76.71196695946594,11.15087327623675],[76.71882582961784,11.149406625532759],[76.72168702586431,11.141986673236728],[76.72524645161394,11.136824923953236],[76.73134759222164,11.131679407706093],[76.7335996438428,11.133999176586402],[76.7341075728976,11.1361127638243],[76.73593497616011,11.135038461746799],[76.7383980439444,11.134546687269557],[76.7430019223068,11.13433440684613],[76.745626611075,11.13735058966989],[76.74714458326923,11.136684990930151],[76.74799698535573,11.134793276224562],[76.74673591090014,11.133205163833653],[76.74786149310509,11.130474455425949],[76.74805730976323,11.124044434021892],[76.74977674326621,11.119093604078042],[76.74855471679484,11.11280025126759],[76.74417750498915,11.108282034801674],[76.74332782852828,11.10254176740305],[76.74774340776881,11.09331608090589],[76.75105634202924,11.093632566311177],[76.75219669540697,11.091739049932148],[76.75277546318259,11.086726375783485],[76.75440107139582,11.084182141151004],[76.75408147934529,11.082437208453621],[76.75454052764542,11.079038229078638],[76.75335585733833,11.077546090325491],[76.75215231086354,11.077527508311402],[76.75035310965917,11.079018385489611],[76.74960740896333,11.078480249336042],[76.74975948576018,11.075935405782701],[76.7489294260603,11.075109858461564],[76.7438424678499,11.073109753148014],[76.74373091602233,11.067504124141905],[76.74528082790296,11.063645970591695],[76.7464088380089,11.056694481168575],[76.74772808761175,11.05556537339354],[76.75101748198838,11.055396004600619],[76.75429002273452,11.05361184886098],[76.75674744334296,11.053386775759042],[76.76084118078609,11.052097849105824],[76.7619112222508,11.048009704770063],[76.76322040085877,11.046749038479946],[76.76804426570443,11.044278218461294],[76.76891164711117,11.043424221836936],[76.77347174831803,11.042616650659143],[76.77629034680554,11.042739582160888],[76.77804310766949,11.042120918624859],[76.78013852450171,11.04315667524586],[76.78173574586337,11.042348048184085],[76.78664486252042,11.044632275722012],[76.78767896520785,11.044727539093032],[76.79203929411665,11.049120888161786],[76.79311165595621,11.052946816636515],[76.79617698673721,11.055912486121597],[76.79801268824015,11.056614015862179],[76.80069422739422,11.05391938499561],[76.7972188247799,11.04749196271416],[76.7930330626924,11.04342262625104],[76.79373354907408,11.041949199893429],[76.79172606039289,11.03738781824285],[76.78868363292142,11.036112238231603],[76.7842544866939,11.0355910619062],[76.781802252695,11.034378933177068],[76.77859016564183,11.034341776269509],[76.77353435792249,11.033567174403164],[76.76823201331477,11.031070178132815],[76.76648030153866,11.029121338483272],[76.76337278482922,11.030797248918685],[76.76112161687239,11.030805429592988],[76.75400123751136,11.032515818543175],[76.7519784367384,11.033491367427738],[76.74917792547815,11.033910613973575],[76.74171497018699,11.038159960787691],[76.73554479099107,11.03920033629515],[76.7324601232721,11.038521599892384],[76.72845961279349,11.03955532548033],[76.72706272652141,11.040630070257475],[76.71807317392906,11.040943640832738],[76.7157696537646,11.04047744394357],[76.7080749433637,11.031785047421817],[76.69962641489944,11.026601458686859],[76.6890324396176,11.008551197636576],[76.68837790798698,11.001383069436075],[76.6853458075316,10.993837378152348],[76.68589498648944,10.98928080488783],[76.68286445882913,10.985534157830093],[76.6749713682016,10.977254365781395],[76.67382494075102,10.974540165464386],[76.66675378693601,10.968452412100307],[76.66727396668415,10.959337249230583],[76.66488085333702,10.954568681110514],[76.66349436328538,10.95086682247168],[76.66569414739483,10.947532832656018],[76.66460955526753,10.943516678268724],[76.65925743946258,10.941813238436069],[76.65568003190006,10.939038167241238],[76.65841027790829,10.933902864641144],[76.6589769377825,10.930535502809896],[76.66194553255855,10.929675937665463],[76.66595191293078,10.925548414570033],[76.66861817464458,10.923269875946797],[76.67663090888642,10.918088382101972],[76.68550808797978,10.914755310015282],[76.69509380474864,10.910260108336022],[76.69979575542769,10.910485028874769],[76.70497762961674,10.909923203065587],[76.70795063728744,10.91013486144707],[76.71115191475899,10.9089450977618],[76.71250534357367,10.907627066221364],[76.7147834191157,10.908641272862058],[76.71780793797322,10.905449022438352],[76.72349465208315,10.903381507450629],[76.72794592586645,10.899937849149746],[76.73018445536613,10.899283905764078],[76.73187151495965,10.897579113763221],[76.73498593208947,10.897053706932072],[76.73912865603552,10.894556989396218],[76.74066833606553,10.891003347262373],[76.74542108253182,10.892710349871663],[76.74893018475383,10.892503145325367],[76.75239197251538,10.895736431860612],[76.75514372316822,10.893895555978391],[76.76078498005923,10.894329334476673],[76.76327839812522,10.892070142267823],[76.76493858567223,10.89208993452504],[76.7656781129928,10.889596158937966],[76.76788090707933,10.88770518098477],[76.77126962848881,10.888280444964831],[76.7745524771508,10.89077673661325],[76.77633186188027,10.889857437654864],[76.77995813709006,10.891284761342726],[76.78195467557157,10.890749637536226],[76.78321972761027,10.889106891669543],[76.78650825598316,10.888461490737772],[76.78861508814491,10.885704718223407],[76.79095452222205,10.885068008353013],[76.79171462638043,10.881824924969655],[76.79402865891484,10.882141994574331],[76.7957073348524,10.881159218804891],[76.80120916085336,10.880722110283832],[76.80337502294746,10.878898745987362],[76.8062972853659,10.879236130223507],[76.80812011353287,10.877469124550382],[76.81137148477765,10.878550121261043],[76.81177091802316,10.876761368449538],[76.81501238763356,10.876028593212055],[76.81561647416927,10.873899603383732],[76.81721719679106,10.873389172243803],[76.81878106878762,10.874184961011988],[76.82619227889079,10.872052695881967],[76.82821809475045,10.87261577848649],[76.83074508507899,10.870597814876827],[76.8307185238727,10.864902230876492],[76.83198355428485,10.860741514881893],[76.8338930511274,10.85884548294061],[76.83668263398985,10.858565611440204],[76.83931686217261,10.856803015116794],[76.84066167687561,10.853408451736597],[76.84463575323477,10.851098966325583],[76.84830555590278,10.850104838353534],[76.84858700492637,10.84750119466712],[76.85085989073639,10.845535042829228],[76.85212458456685,10.841143704327893],[76.85377776479805,10.839622689471716],[76.85308282367629,10.837385073852861],[76.85385576756946,10.834808627397663],[76.85083363258722,10.830238381918194],[76.84853818498478,10.831182925803645],[76.84856573765182,10.829189474427917],[76.84734963390034,10.826992442056175],[76.8463939232662,10.827986880362985],[76.84497667108356,10.825993298949058],[76.8464856623058,10.82491080349429],[76.8477478333129,10.822788666160427],[76.84816425349852,10.81946625683147],[76.84989178316044,10.817911950051158],[76.85128717042815,10.819109396150637],[76.85462507974937,10.818404467042066],[76.85598309154092,10.818653158107571],[76.85874482752114,10.817324400614398],[76.86016681755208,10.818983409185506],[76.8639573550342,10.81793482868226],[76.86517358179705,10.81608610181265],[76.8652514594435,10.813554740939914],[76.86771362590684,10.811626819451606],[76.87005239189845,10.808984821553086],[76.87270889338588,10.808858246880359],[76.87730395885913,10.809572459322606],[76.88045418320453,10.808907908299123],[76.88552022919737,10.809138340699588],[76.88898151059932,10.810236637851446],[76.89433095339832,10.809698416097742],[76.89866539825967,10.808934145921699],[76.90088741914774,10.80780842720596],[76.90124843460163,10.806149492932976],[76.90051207412871,10.803046353816455],[76.90083648217667,10.800838158938147],[76.90269251285467,10.798311083252287],[76.90295289889893,10.795042895323407],[76.90560855726729,10.788858862266016],[76.90553061613244,10.786585193673922],[76.90720815806964,10.783343957232368],[76.90753221801702,10.77864278056487],[76.90701540938798,10.77667647429451],[76.90530994340597,10.774176963931902],[76.90530971508534,10.77208404134857],[76.90337591072043,10.77233734728232],[76.9027815001093,10.771257036604737],[76.90337564461137,10.769290651024614],[76.90381388459302,10.762650259158251],[76.90249690968147,10.759038645699532],[76.90001891419051,10.755720928129186],[76.89656276690089,10.753094887213425],[76.89583802673373,10.749883728787358],[76.8959155030857,10.744717523710118],[76.89342490997157,10.741804050888199],[76.89299768788516,10.739992053585382],[76.88953129666817,10.735943391695189],[76.88808836450697,10.731721906023326],[76.88871261525864,10.72995556594279],[76.8883984403148,10.72792371152061],[76.8903762442135,10.724833910605481],[76.89044911325001,10.72331938917138],[76.89288903712128,10.72032172899773],[76.89107827542969,10.716459549664952],[76.88876982019178,10.716333411737953],[76.88708251267744,10.71763625074629],[76.88211391517758,10.71673017350882],[76.88148713633365,10.715098490619626],[76.87622086373233,10.708097897488125],[76.8734148078856,10.702103765863976],[76.87140615343222,10.69869456170911],[76.86742154643386,10.694216988277436],[76.86839180379788,10.692972773156049],[76.87053460146674,10.692173532223828],[76.8690527114264,10.688959986556638],[76.86714023913686,10.687059643772885],[76.86604319569696,10.684006509561534],[76.866968250354,10.679101736911223],[76.86974258203456,10.676255996124917],[76.877236009601,10.676256232355291],[76.87842101641591,10.672787167232338],[76.87771878418192,10.667810854278887],[76.87845554772363,10.665008887180448],[76.88034014364142,10.662394240705387],[76.88141337831358,10.659341690307029],[76.88070686295231,10.658130195990351],[76.8808548654403,10.654694432355617],[76.88226890822483,10.652832935867341],[76.88402967611391,10.64792322808322],[76.8824225618959,10.645858403247964],[76.8820418027936,10.638900568764937],[76.87629450778209,10.638157727332183],[76.87307176032012,10.637101278216086],[76.86753514643617,10.632678046356203],[76.86127108292729,10.63182937752423],[76.85802645184299,10.631654275284411],[76.85286627862699,10.634315176134143],[76.84647482991365,10.635071512552797],[76.84403980280653,10.635085845866351],[76.83932927929357,10.633508999398128],[76.83597164559845,10.635078862661413],[76.83078318558297,10.636853745136973],[76.82974537349034,10.636746882067783],[76.82640796768717,10.634831871531363],[76.82456686934215,10.634842578168966],[76.82072581335483,10.633504472096357],[76.81879891109519,10.63368286564565],[76.81419221841178,10.634983659500506],[76.81411643050244,10.6314411166319],[76.81480046021528,10.628897088613074],[76.81378693792594,10.628238565174785],[76.81169622438091,10.624652983583273],[76.81004180679977,10.623776649396957],[76.81110002598396,10.622717471326487],[76.811584066212,10.619573470067143],[76.81404387677047,10.617597706570324],[76.81616326523603,10.616753832919773],[76.8165886322997,10.612972943893872],[76.81845203561643,10.61058028247784],[76.81813379647032,10.609284942135943],[76.8161111903238,10.607936248697497],[76.81739579438421,10.602672379595548],[76.82151891739021,10.600018158582222],[76.8231864674818,10.597739563157877],[76.82683111588852,10.596082337289843],[76.82999985733696,10.597365625911701],[76.83182800323385,10.599045278538572],[76.83738691572812,10.59820838439946],[76.83860182388314,10.595878265309874],[76.8385046412782,10.593374890269276],[76.83761682160774,10.590031061740309],[76.83709540229776,10.5845427349682],[76.83790357373279,10.581419434784145],[76.83546405643277,10.578306029493147],[76.8339308510831,10.573948967190578],[76.83464610055155,10.569782227537797],[76.83719668328139,10.567796815481817],[76.83942430471262,10.564488994355607],[76.83920007332934,10.560580807678056],[76.83719497597595,10.558282982054783],[76.83554067779203,10.557361544468222],[76.83608847689797,10.553457859104133],[76.83514118789631,10.552392212719766],[76.83518154964513,10.544545802804436],[76.84152896025904,10.54052262515503],[76.84300836143369,10.53661352842203],[76.84171798784561,10.53467759772613],[76.8388170092572,10.525289025592707],[76.83251644799613,10.503924858370544],[76.83024820468727,10.49718558059656],[76.83038747194476,10.49213628798534],[76.82934527064302,10.479523288745396],[76.82794673670412,10.449678714662957],[76.82602089416675,10.445933844094014],[76.81599993722588,10.423028007246426],[76.82280445087216,10.41655596568259],[76.8221370433016,10.414051278579745],[76.82408023572513,10.41062333370036],[76.82546397747005,10.409123946822518],[76.82720840130922,10.410777195580653],[76.83016647575708,10.410728678131802],[76.83199913674797,10.407929570529987],[76.83319139916482,10.40727637366486],[76.83204167519443,10.405054737863637],[76.8336215666631,10.402763288166526],[76.82622011910665,10.397060968517442],[76.82324717392834,10.394515188192724],[76.83040805859099,10.388716325721974],[76.83391925387201,10.382572005862102],[76.83681848553812,10.381882063877969],[76.84117575130962,10.377595014710062],[76.8436138248528,10.376903057373056],[76.84405596247781,10.374446356432012],[76.84853801738849,10.367347299788682],[76.84827606863385,10.36627765265902],[76.84498272479615,10.36277565942657],[76.84483556367088,10.361809336207552],[76.84582852848062,10.356759662413625],[76.84157053144916,10.352978457770568],[76.84141160248846,10.34999184000446],[76.83944445645561,10.349216639911589],[76.83595308011925,10.345372270580791],[76.83571859396714,10.339570297524821],[76.83724380927362,10.337056775296238],[76.83222441013392,10.335992471851265],[76.82783652387329,10.336505532893073],[76.82004986974248,10.34442748429095],[76.8179337076866,10.347115125260796],[76.81547119169952,10.348295092056365],[76.8119244473166,10.345887966532022],[76.8079298446474,10.345761270103408],[76.80521829815847,10.343324458776864],[76.80543362428784,10.341065598263683],[76.80461336160835,10.336509802201098],[76.80248019760084,10.336218831516685],[76.79918155080611,10.33725424072437],[76.79713048660409,10.336962883720936],[76.79472746288286,10.33577399015133],[76.79179310939514,10.33507165630158],[76.78753583600319,10.335285140513664],[76.78333305315383,10.337080157945028],[76.78227136540157,10.338215976255709],[76.77753667723086,10.341220745350531],[76.7758516251007,10.341076343592858],[76.77305388268668,10.337060056682661],[76.7713220571442,10.33345366829961],[76.76625956021786,10.334159375900109],[76.76136218347186,10.335845004441731],[76.75893050068333,10.336043546862212],[76.75360580342056,10.335584454636042],[76.75144479116632,10.336875298018946],[76.75096527903278,10.339291589190244],[76.75127737494901,10.341251524984912],[76.75350162906402,10.34395136825486],[76.75214819353178,10.346824318210952],[76.75598850558329,10.347106263003571],[76.75766813536242,10.347888094195431],[76.76221667372229,10.352378625555888],[76.76490601472638,10.357407999749602],[76.76465184218948,10.359294239940398],[76.76340660505925,10.361108963595717],[76.75579836472528,10.360508782083768],[76.75325482613368,10.361164482708492],[76.75192759332661,10.362188703481891],[76.74893191186217,10.365867905395183],[76.74622447437558,10.36600289632794],[76.73440521052724,10.368371993774888],[76.73080685704478,10.368156390796965],[76.72686593884593,10.369574213580615],[76.72257945842067,10.372083218641126],[76.71401095245885,10.372929056114767],[76.70777791195277,10.370932789089238],[76.7044318934538,10.368428409133873],[76.70402834942186,10.363869812789694],[76.70110821800462,10.362443438394951],[76.6981866608169,10.36245437588764],[76.69465846254661,10.361695538131226],[76.68681381947597,10.363020413650647],[76.68490756708405,10.364228224437529],[76.68357315424143,10.367376624148749],[76.67910535160723,10.367648591804599],[76.67008187244454,10.373124281503149],[76.6684567467157,10.374863907091747],[76.66755237346474,10.378217990776585],[76.6650527234536,10.380341849716379],[76.66097088557629,10.385448117286833],[76.65723596828465,10.383623171129148],[76.65677963608329,10.381930475459203],[76.65757101272769,10.380493509756931],[76.65668577062348,10.378839218765657],[76.65416859283128,10.376777484729853],[76.65333058726868,10.377161505999418],[76.65156024331462,10.379959514184925],[76.64863469721516,10.380991557852237],[76.646856229678,10.382243695815927],[76.64453488790649,10.382707672322185],[76.64198531275515,10.38230481909857],[76.64026192509635,10.380130429864122],[76.63658673035198,10.38097635814611],[76.63582667355456,10.38056435037408],[76.63260918932428,10.37636345946268],[76.62967832384804,10.376378340444589],[76.62869654417932,10.377210460907463],[76.62851611538997,10.379399196607169],[76.63076942824841,10.380779971727435],[76.62925337558363,10.382482672343288],[76.6276999267725,10.383132464147442],[76.62600954714358,10.38023905840032],[76.62413892940462,10.37870261836092],[76.62095294208119,10.38060367085846],[76.61850455903702,10.38478363745162],[76.61803446748783,10.390137907809413],[76.61530252275558,10.390680514241781],[76.6096398975716,10.39844757117157],[76.60667594919745,10.399176651640262],[76.60689569508948,10.404635958595739],[76.60341190507684,10.408192677721699],[76.60483444728762,10.410486411849542],[76.60309293235032,10.412791366657636],[76.60134486584985,10.416497632719066],[76.60108904533773,10.418270853833182],[76.59513262786581,10.42139243699623],[76.59518123542466,10.42376534421988],[76.59402289564021,10.42674091506971],[76.59125851845538,10.429055508439145],[76.59013571139144,10.43274957049807],[76.58816951777783,10.434906457767973],[76.58448369244708,10.436543039702805],[76.58132254116352,10.436296515085376],[76.57633237004406,10.436447734179962],[76.57257732659028,10.437044826226314],[76.5699162557212,10.436352766582207],[76.5673264921179,10.437133891175037],[76.56303870875637,10.435292591077996],[76.56077059073993,10.435561295835813],[76.55862594068672,10.434030324746196],[76.55636807487002,10.436355761418675],[76.55606620792136,10.440850375332564],[76.55713418455649,10.44349409991196],[76.55493632378077,10.445046226922665],[76.5520913900893,10.445959611931633],[76.54735981280331,10.446755562848224],[76.5363507709415,10.44783490451737],[76.53379075289843,10.454718141501223],[76.53183402882364,10.458940508559138],[76.52608555052664,10.462882637256968],[76.52519439590189,10.466485157572972],[76.52299835074484,10.46848459050403],[76.52138355455803,10.468876579332017],[76.51387868189387,10.472316176491894],[76.51089555158362,10.47213598969779],[76.50701197198698,10.472732982483084],[76.50519810617183,10.473514553960824],[76.5035212973251,10.475253764435015],[76.50210969890932,10.478022373317188],[76.49765473605437,10.47853614355757],[76.49283050665099,10.47728854010789],[76.49147549023839,10.47853803406168],[76.48994776370245,10.478056972532006],[76.4884042469217,10.479989921287883],[76.48661864763221,10.485761776669722],[76.48049179026478,10.485288577724132],[76.47547449815208,10.485732286593137],[76.47378312278197,10.486373074617804],[76.47363744602214,10.490347202828616],[76.47146796519175,10.492273901223053],[76.47155393124403,10.495971232366204],[76.46668733228977,10.498367029149305],[76.46684017062063,10.502213180513529],[76.45898451316579,10.50764678884111],[76.4594096079178,10.510628391070329],[76.45115120649355,10.519399817957893],[76.4500717774576,10.521059259263515],[76.44303236168335,10.521927738089085],[76.44082882004085,10.523492775334356],[76.43979965874752,10.525174524216679],[76.43921212080039,10.52848620649295],[76.43723456089766,10.529557537580454],[76.43385742323485,10.532212792119584],[76.43126879118495,10.536478319515416],[76.43466241347939,10.547239892731666],[76.43817847203763,10.553805784873127],[76.43837850922576,10.55654429548025],[76.43541504800406,10.554880623828616],[76.43336973127883,10.557123066416349],[76.43021117302973,10.557706932314057],[76.42976083853577,10.559123973562153],[76.4302693681329,10.561413539261753],[76.42982074798824,10.563192113817328],[76.42654268934649,10.56462185432499],[76.42620371516047,10.56740355271139],[76.42528645095481,10.568610081169142],[76.42512972042047,10.571277935483623],[76.42083479961228,10.57217428557544],[76.42116481288082,10.576385938854182],[76.41952747031684,10.577980053303902],[76.41683975648175,10.577684685596676],[76.41006575325747,10.577981805183157],[76.40881370715472,10.57833344819849],[76.40811618137579,10.58126339503392],[76.40483173199317,10.586399825160848],[76.40374846075645,10.589306808097094],[76.40210164355665,10.590324470981367],[76.40127690667781,10.595388966870427],[76.40188729114266,10.596991017945347],[76.40328258697714,10.596374546992548],[76.40312346905618,10.598540620263012],[76.40397141526977,10.600141586493244],[76.41257246284158,10.594615208588662],[76.41489531534815,10.600002324198636],[76.41282611500925,10.601123609414715],[76.41329394810667,10.605501896684299],[76.41508171860987,10.604770593162042],[76.41788276408636,10.604816734697437],[76.42063714186662,10.60663066840896],[76.42180401277535,10.605020586458503],[76.42328153509875,10.609358064845408],[76.42546911148087,10.610125726592601],[76.42845655537153,10.613882242436777],[76.42700900507424,10.616049665870435],[76.42618121006322,10.618847050282843],[76.42377306131203,10.618803755373344],[76.42394571665993,10.619580495838488],[76.42618686979873,10.620067557912186],[76.42507493328644,10.621681935901966],[76.42538080480516,10.626557822023326],[76.42369825365708,10.626344326046647],[76.42000916711936,10.627970321854695],[76.42026075049229,10.622092509743458],[76.4183569383056,10.622431077482142],[76.41954981749934,10.625477098704705],[76.41720062977463,10.626346569854823],[76.41832454342585,10.627313449852332],[76.4171610304991,10.630645754305789],[76.41975354824324,10.633965664063032],[76.4201657429859,10.638122719733364],[76.42212994386885,10.638945529456064],[76.42343267378216,10.642985507538599],[76.42199571091678,10.646459230501023],[76.42429450430404,10.647502092397897],[76.42379901364596,10.64905714351904],[76.42968881044189,10.648919541253317],[76.4315374749701,10.649467151734559],[76.43316166082194,10.64890369093094],[76.43478441862389,10.64983772372785],[76.43518983104863,10.651665443668847],[76.43487066586482,10.654740834504425],[76.43717398871834,10.656723869049316],[76.44016047474332,10.660150236833417],[76.44061744106693,10.662087365732095],[76.44208141882815,10.663409642003765],[76.44437545072121,10.663399096725215],[76.44599504077327,10.661841084702235],[76.44862196346266,10.660721365394563],[76.44829003211034,10.662051955934006],[76.45031527371562,10.664149086970614],[76.45071412370123,10.665367829348023],[76.45012073430686,10.670338532881837],[76.45143071642018,10.674825779467474],[76.44893857580772,10.680293543114129],[76.4486137318893,10.683120277853423],[76.4474003921168,10.686511776136827],[76.44489968561778,10.691179395081717],[76.44026352991581,10.695621825035113],[76.44122568176378,10.697095530154403],[76.4470334753931,10.699726713889447],[76.44835076935244,10.700904917165529],[76.45156195201739,10.701482188526715],[76.45239215366568,10.700176455392075],[76.4541279624136,10.700936878288767],[76.45608704955706,10.69868109105937],[76.45771247959694,10.701213938693648],[76.46132012127671,10.705454783588396],[76.46114397995085,10.706758030406474],[76.46303787764764,10.714732181814213],[76.46531921360796,10.717704875523074],[76.46347784847293,10.719725124510912],[76.46551541733025,10.721428836504696],[76.46942095287312,10.725668604593311],[76.47145126316428,10.725835275432319],[76.47468960894618,10.72818418123598],[76.47589485148016,10.729774097956371],[76.47732517326705,10.729708554908608],[76.478782078776,10.734167819577921],[76.47603932024408,10.735066854005186],[76.47598563993972,10.736251380606461],[76.46817752673866,10.740781643385171],[76.47034185130342,10.743135599592671],[76.47243169420898,10.748503285527157],[76.46895968923992,10.751292430991773],[76.46574710907807,10.75242413760794],[76.4611900979159,10.75157319212955],[76.45441340281269,10.751121265512701],[76.44586491622567,10.749131550279083],[76.44133369627876,10.748876812409252],[76.43604908859854,10.750745675601626],[76.4321880034313,10.751098037556241],[76.42610000874402,10.749335879686324],[76.41762958304997,10.748375616598837],[76.41315780146527,10.749114808288406],[76.40795330172274,10.748586915400809],[76.40497765578655,10.746661083502834],[76.40089029989807,10.745517742669582],[76.39613194032805,10.745593465832991],[76.3945183710842,10.74659971054943],[76.39296063900925,10.748821773190645],[76.39223015395996,10.751396142470075],[76.3913982565475,10.758014493373173],[76.38960416462744,10.763542076351644],[76.3878537387163,10.765652037680413],[76.38301191124637,10.76753606575792],[76.38088623022816,10.767545544126525],[76.37566630818202,10.766727909383748],[76.370119940001,10.76526684468338],[76.36625357260912,10.763709099269978],[76.36424447777515,10.762217139467118],[76.36179870112402,10.758145750627785],[76.35911460991841,10.748804494460718],[76.35842179791351,10.744155779344602],[76.3577461923579,10.743331482615481],[76.35332085164882,10.742229632492569],[76.3479668670218,10.74406116579585],[76.3422393528042,10.748272051448293],[76.33681354443212,10.749398488264523],[76.33323009240611,10.748473649865243],[76.32655596560622,10.745346771873857],[76.3245991917444,10.745300890322246],[76.31643512994908,10.746443140724015],[76.31079655456888,10.749125139258021],[76.30440906051822,10.751404936578657],[76.29269932368163,10.753699051215197],[76.28827778763082,10.755638724765355],[76.28365979457872,10.753316158642155],[76.28183381516163,10.751764035033483],[76.27782849838175,10.75159968543362],[76.27037366465356,10.753009155396532],[76.26746232549993,10.753201817022761],[76.26485024821987,10.75279211145699],[76.25713825700606,10.748420142718699],[76.255514026767,10.748092208143042],[76.25141761309649,10.745785047050783],[76.24566068177354,10.749121316835048],[76.2446110346218,10.751887484486645],[76.24480387419644,10.755002380240597],[76.24691510856678,10.759238939377449],[76.24627628052738,10.76621252271198],[76.24349222446243,10.77182944189816],[76.24154374300804,10.772732415886818],[76.23773554102544,10.772797381634414],[76.23311305476949,10.7715906563804],[76.23016138179436,10.772027338545216],[76.22271909767848,10.78015804107021],[76.22010411426803,10.781348331455316],[76.21135425351889,10.777047175689388],[76.2060698957608,10.777257650319804],[76.20317019698334,10.77816409458407],[76.19670438643965,10.781389821239848],[76.19437448319047,10.78186898767828],[76.18847177378615,10.781846469935653],[76.18793995926362,10.780293343885011],[76.18883932460436,10.778784513790121],[76.19168526324262,10.775848520105283],[76.19397677532679,10.777250267003625],[76.19468247215532,10.775317121747564],[76.19838791962893,10.77356229903179],[76.20071490845298,10.77119791906112],[76.2053647141647,10.76778475459263],[76.20506789495147,10.764435937069557],[76.20401282580566,10.762369318022653],[76.20336967425072,10.757001219911947],[76.20306806666035,10.751341411319036],[76.20044784519949,10.752252046797851],[76.19536434876997,10.751046505548684],[76.19413799738892,10.751989441696281],[76.19165526977244,10.750043956220628],[76.19046165895433,10.74761003243383],[76.19070561834646,10.74475086750202],[76.18945484011601,10.742325970789661],[76.18735867500966,10.741250533009046],[76.18595701706555,10.738186067051748],[76.1824276343339,10.735809019988787],[76.18228106573231,10.734299333977672],[76.18083656692619,10.734272388643758],[76.18119229756046,10.729666115686985],[76.17896153655958,10.728988462580947],[76.17682146864048,10.72406621950346],[76.17471404018609,10.723153497892604],[76.17386783935453,10.719302270858517],[76.1722221420677,10.71812721597988],[76.17163632732257,10.713530176610444],[76.16518666248183,10.711406520615677],[76.16379671370753,10.707935062478631],[76.16403417916871,10.706303133921448],[76.16113197038717,10.706945445851249],[76.15889733210479,10.711515733318588],[76.1573208666218,10.71583738030534],[76.15645019468985,10.715914313724037],[76.15685032323385,10.718052356614647],[76.15425839136131,10.715593523767541],[76.15450500660502,10.71331524267879],[76.1536547128126,10.711665425135092],[76.15217388039275,10.71250185771562],[76.15187693175363,10.714025179380112],[76.14460972761248,10.719886392017516],[76.14000456098054,10.71954308868122],[76.13595702486725,10.719599743639018],[76.13410591572591,10.722298405363084],[76.13278493733456,10.722402474190389],[76.1299920079844,10.716363384282038],[76.12675125380495,10.7149304108399],[76.1268151263854,10.713434108125723],[76.12318144554631,10.712174148512094],[76.1224135829652,10.710511805179896],[76.0995723168171,10.725398463877852],[76.09676108990084,10.726184824038924],[76.09627531968754,10.728294133691314],[76.08985423643868,10.727056484285615],[76.08478338683818,10.728047335463245],[76.08251796872193,10.726264497978164],[76.08104134935584,10.727588803600527],[76.07572980855687,10.727651260721107],[76.07332055860863,10.729816139940198],[76.06981687874936,10.729553354022096],[76.06899164783313,10.730407531920894],[76.0682050220666,10.732678903335621],[76.0693043012576,10.732941284032357],[76.06852878181589,10.736704312329405],[76.0637049272232,10.743578780667228],[76.06126847460875,10.743275432048693],[76.06144546906917,10.742180025925423],[76.05983783060401,10.742542851772786],[76.05353012274612,10.740064348082884],[76.05301783085737,10.741343436484737],[76.05193465425526,10.740660624441125],[76.04984777437427,10.741166418304951],[76.0470428898168,10.742946764870041],[76.04652875537344,10.74245162550779],[76.04467622930642,10.746856206487239],[76.04553301446192,10.748280302529082],[76.04661655276276,10.747670366472214],[76.0472158681613,10.75195480782733],[76.04530347404288,10.751787228661243],[76.04489086514006,10.752823462597929],[76.03933638346962,10.755618063633385],[76.04051149667818,10.760989673141829],[76.04035151232175,10.76632059611624],[76.03896450957265,10.766307472196404],[76.03955889612268,10.768525056418218],[76.04047275520587,10.776334370236285],[76.04115167616177,10.778316890681237],[76.04093791586087,10.781315066060385],[76.04215287972703,10.784923316688445],[76.04100625995304,10.787879382952761],[76.04225055118087,10.78805157218868],[76.04272368135652,10.792665947319922],[76.04259981293055,10.795220831508898],[76.04324781252515,10.796145482748488],[76.04522559545492,10.794221859075462],[76.04656578839557,10.79566855845425],[76.04890893080967,10.796257445328687],[76.04958372871631,10.798325803204152],[76.04820892148051,10.800093644866617],[76.04550824448481,10.799266399582404],[76.04665306786768,10.801066377943828],[76.03847806156836,10.803978464036902],[76.03779523821356,10.806205077705178],[76.034989848766,10.80819475489189],[76.03565798019885,10.80833263591434],[76.03600262228942,10.8114916945328],[76.03724292906197,10.811817548402711],[76.03668249286895,10.815074634809985],[76.0346344426178,10.81522622520178],[76.03163782503528,10.817501237395467],[76.0302179613231,10.820860657045968],[76.02964270596468,10.819684341516249],[76.02721452066008,10.821155529756961],[76.02735920145014,10.82200041336222],[76.02970316495416,10.824117575012446],[76.0291829068373,10.825769515378603],[76.03123640200177,10.825812335321805],[76.03414801363849,10.826742980427039],[76.032108193584,10.830678690086746],[76.03373162371909,10.832020454334597],[76.03781092522348,10.837359714295095],[76.03932138596241,10.843033077616587],[76.04052004840943,10.845809515476327],[76.04410420128201,10.848062391660026],[76.05105348441036,10.846148979015364],[76.05404841868179,10.84467839019945],[76.05819924033962,10.840278787551078],[76.06062230578942,10.838764949889061],[76.06386158647479,10.837903871424363],[76.06919642586737,10.837320271038108],[76.07119754098157,10.838068360848098],[76.07751884862755,10.83842149101452],[76.08228794266252,10.839489863293979],[76.09038515760957,10.838991034252787],[76.09620822787272,10.840665824515453],[76.10143921230544,10.844218758266338],[76.10260871679833,10.846384633350546],[76.10264975701753,10.851330423326804],[76.10211417636161,10.85620596081909],[76.10267461435552,10.858763468431068],[76.10196835803096,10.867576730600648],[76.10271881692056,10.87016454761737],[76.10462984347454,10.871206504852871],[76.1111002664989,10.865943447239564],[76.1122804223754,10.86599344706387],[76.11324361134034,10.867970078306975],[76.11352389529479,10.874488254225756],[76.11492361957865,10.88069495834874],[76.1163124282412,10.881494704188697],[76.12401418596698,10.878943898201594],[76.12911835176276,10.877713589058153],[76.13065973235814,10.877719202706068],[76.13158444463879,10.879151178726591],[76.13045969827138,10.884105737192357],[76.13025621598382,10.894423269006369],[76.13039428433595,10.895878495018904],[76.13463113780752,10.896233552884064],[76.13815582644476,10.894543183108057],[76.14205219049208,10.890803458345838],[76.14510038915883,10.888924982965921],[76.14691076692522,10.888705784324948],[76.15077953999788,10.889731118069209],[76.15274536169647,10.891871124316001],[76.15629195053252,10.89756216177787],[76.15834367779554,10.901321252949623],[76.158807170186,10.905252679241931],[76.15873379685222,10.908756651212821],[76.16015981946697,10.910812724882897],[76.16349246848627,10.912685320082439],[76.16952389056682,10.914547564329979],[76.17138037118492,10.913224828133881],[76.17255374554242,10.90682334130086],[76.17391949699298,10.90519517325468],[76.17755803889796,10.905750789988216],[76.17973879516981,10.907803943010014],[76.18211792321888,10.909105820252456],[76.18806190786229,10.909697632151058],[76.18903270252072,10.908816838106135],[76.18647538548194,10.900630453305086],[76.18779263646161,10.898306227879367],[76.18974123903516,10.897200095023258],[76.19310553023534,10.896662582588258],[76.19720783922587,10.897718000436134],[76.20002527908092,10.897684418595656],[76.20324200547184,10.89687160978798],[76.20623024915238,10.89839239198217],[76.20674386976964,10.902142636881097],[76.20924002571493,10.905220494697419],[76.21136983140919,10.90707916798315],[76.21130424146165,10.908964651343597],[76.21208073430086,10.912076406014812],[76.21540035132186,10.91425687188421],[76.21711820464273,10.91243616547617],[76.21771545793874,10.907456403992727],[76.21932922071683,10.904995193050585],[76.22082503068145,10.903904212425008],[76.22325169384992,10.89891264964266],[76.2265751583115,10.895147160586628],[76.22910631877308,10.89001951182489],[76.22952576636244,10.887468128347193],[76.23060290490686,10.885809175362125],[76.23298848039731,10.885352054164468],[76.23667330970343,10.885549695118206],[76.2438698089098,10.886628238972998],[76.24707768188235,10.885955161104654],[76.24974321964781,10.884660431309458],[76.25180763977366,10.885072429225472],[76.25322713211536,10.886543445339287],[76.25538704024109,10.891210506004256],[76.25612566577493,10.893942580298596],[76.25759103105615,10.896545027659904],[76.25914796374204,10.898071159814586],[76.26193108196554,10.902951081353194],[76.26452201105407,10.906692648564789],[76.26545410988922,10.911883040537989],[76.26822876647827,10.914696998666859],[76.2730522234034,10.914193323247053],[76.27845985187585,10.915554127260222],[76.28218175468153,10.913106348294992],[76.28454769288912,10.91231443408449],[76.28616049882513,10.912967612089007],[76.29214537431224,10.916644837620657],[76.29473762817548,10.919518050967923],[76.2980399976692,10.918450761925431],[76.30223677486786,10.912700818198582],[76.30638286467192,10.911091860299528],[76.31106118742333,10.911971448595256],[76.31385139201781,10.911991196865356],[76.31917625232447,10.911154517185043],[76.32083694360188,10.909167381492653],[76.32061013011652,10.906487577976453],[76.32160397285453,10.904711217879997],[76.32506355271907,10.90409507888518],[76.32860317642282,10.903989350890543],[76.32930555200387,10.904560385186599],[76.33212722410047,10.904458203760976],[76.33463443266132,10.908768515581391],[76.33479926206381,10.911891495589312],[76.33164991651209,10.913374414818014],[76.33232691226303,10.915432837013965],[76.33143434402871,10.919401281302862],[76.33308329303743,10.921975416738661],[76.33181365760007,10.922401309944906],[76.33088274988918,10.924945967169956],[76.32849219753454,10.926366766444312],[76.32495100245558,10.929261733534883],[76.32180860661424,10.932367494905167],[76.32224174178523,10.934119530450833],[76.3206049043116,10.935324604016998],[76.32152803198414,10.937183111872768],[76.32077133836395,10.937787651112757],[76.3210847116552,10.94037655579768],[76.32071710404321,10.94620071502393],[76.32011949842433,10.948635329482087],[76.3208416078849,10.953636584999973],[76.32345270302767,10.954466106085171],[76.32402276645398,10.95920566415646],[76.32563775956392,10.960279124191514],[76.32820266217543,10.964042626575555],[76.32690899785065,10.966326654555225],[76.32572298703394,10.966065116020173],[76.32576358471195,10.967986147434818],[76.32747177561217,10.970437936464526],[76.3284262220532,10.97313710550125],[76.32688468313313,10.97521424517216],[76.32815026794684,10.97896075797491],[76.33186170122289,10.981254579284762],[76.33431880926223,10.980317069497755],[76.33504804111143,10.980734295078054],[76.33709170892001,10.976372082470512],[76.3418878126594,10.976739691423463],[76.34591334419505,10.974651496240389],[76.34676696130019,10.975244449691287],[76.35044290878,10.97577069977498],[76.35371618665698,10.974255345381824],[76.35803322506078,10.975917733943271],[76.36069365501285,10.973473776238995],[76.3628918679695,10.974826001771326],[76.3628932698024,10.976284737285594],[76.36465237702349,10.982772860006792],[76.36547369548295,10.983307146461495],[76.36792440766057,10.987952260021778],[76.36877419519608,10.98872579450593],[76.3678783276772,10.991853693098562],[76.36924439081581,10.992448713193932],[76.3704373438541,10.994183804348427],[76.37081332720214,10.996342528063174],[76.3646301073616,10.998838846745103],[76.36249685300687,10.99756014588512],[76.36037661079258,10.998139154008351],[76.35604611984218,10.99762060664757],[76.35362216864426,10.998802194503261],[76.35210776793701,10.998808980558684],[76.3514225762022,10.995028338940012],[76.34688145574225,10.996458852499226],[76.3465247529296,10.99750921068189],[76.3440924447278,10.996860000149583],[76.34136913294128,10.99864405593126],[76.33872620838943,10.998985794012016],[76.33427301699966,10.998643703668854],[76.33151841728453,11.001380599060079],[76.32743841969082,11.003514629074724],[76.32541615865443,11.003559566387114],[76.32417146790108,11.004834029051855],[76.32421238832875,11.006707229996312],[76.32585882100382,11.014865687758387],[76.32547813137738,11.016171026268065],[76.32777435056751,11.019927746429392],[76.32777828251007,11.024348521969642],[76.32521152564654,11.023620350074564],[76.32328964294904,11.024311676270953],[76.32291721976816,11.025985568660715],[76.32108373545103,11.027113806958843],[76.31905977877041,11.026405447193504],[76.31868691959514,11.028533293288907],[76.31703390969876,11.029404820335849],[76.31487903160544,11.028486818465138],[76.31162551484,11.029665936858704],[76.31118650300019,11.028558333672505],[76.30709158370638,11.027667032211038],[76.30668909737602,11.02692104359868],[76.30199878941441,11.028267031830078],[76.30168787455679,11.027502980262446],[76.29829258236965,11.028410731201213],[76.2977622039714,11.026674820331674],[76.29655895104128,11.026362609642502],[76.29580438857975,11.024712559121436],[76.29193325454342,11.025529698414939],[76.29127502975754,11.023273871115387],[76.28917933854144,11.023765985479523],[76.28833356209672,11.021442393620978],[76.28448016138513,11.024139835928015],[76.2869071854604,11.032869100761948],[76.28882911753671,11.032314832683715],[76.28843040292328,11.034397379701455],[76.28695729656275,11.033479360901058],[76.28522315856326,11.033555703480985],[76.28403750189568,11.035126131689825],[76.28565727015285,11.03530062744227],[76.28697858646294,11.03876802692604],[76.28766056164241,11.038097011312532],[76.28841040924799,11.040201375765143],[76.28980609024777,11.039944117605064],[76.29248272119669,11.040672630139358],[76.29336915476979,11.04521114318373],[76.29566107882623,11.047349878879384],[76.29442970958442,11.049144089947061],[76.29456655857676,11.050522766928419],[76.30441900269035,11.048658388543672],[76.3065105604462,11.047081261418757],[76.30894942106755,11.046706634977003],[76.30910458137451,11.049238006345869],[76.31017510683215,11.050354707884285],[76.31421097579094,11.050653948432052],[76.31681918967575,11.051291766171305],[76.31835701506282,11.049416194424396],[76.32035848851099,11.05202246178524],[76.32280472210346,11.049733381145236],[76.32308367782343,11.05082732291199],[76.32474029483042,11.050258064353747],[76.32674436411429,11.05152857425313],[76.3301529520964,11.054575684595273],[76.33115958799694,11.054756699793908],[76.32997863420042,11.057120569252783],[76.33271499417746,11.057952693958306],[76.33278798096991,11.059476077184149],[76.33428880331434,11.060217559463391],[76.33456307663519,11.062748927472832],[76.33344651738695,11.062730667249433],[76.33322634495012,11.066392083769022],[76.33043898632903,11.069135414392646],[76.33104745201945,11.070550353848716],[76.32926680349269,11.073917706121616],[76.33091895430614,11.072670328372011],[76.33593423400245,11.075346998020462],[76.33814427808426,11.07796447962907],[76.33937079737264,11.07776569575059],[76.34210233505078,11.082638832730273],[76.34281581620363,11.086273181068798],[76.34400551547891,11.088067853022915],[76.34759801987944,11.088398173059584],[76.35089740123703,11.092385261346939],[76.3576386636325,11.093294287689957],[76.36037976578565,11.097945754104611],[76.36686487501073,11.09739908121105],[76.36882369551584,11.098596951042309],[76.37537745038603,11.097037551909272],[76.38210526333417,11.100373359078285],[76.38739127441976,11.098768551233764],[76.38816932059325,11.099328998500448],[76.38929537952723,11.103342893567437],[76.38530461402348,11.108645280651922],[76.38578986900272,11.111551751145308],[76.38980838301225,11.111872551312048],[76.39357984282856,11.112943657722674],[76.3990217899376,11.113702630284529],[76.40339292996549,11.115451605983187],[76.4084142151667,11.118579086126989],[76.40852913138899,11.123447266201268],[76.40812256786653,11.130254758238372],[76.4088553148365,11.133604191161755],[76.40997691383679,11.135059561597526],[76.4106044805745,11.139344670651399],[76.413419816962,11.141658609686806],[76.41325524671929,11.143145829011782],[76.41023445644028,11.145324903473727],[76.41021195535879,11.148733182176075],[76.40688445636583,11.151300995978884],[76.40597840172391,11.153705840176508],[76.40639522386121,11.156151225506525],[76.40835907773358,11.156987258069396],[76.41117034380781,11.161959172881597],[76.41064420820356,11.164675859892132],[76.41249844205626,11.16635718570976],[76.41357020007814,11.170899855484539],[76.41221984024733,11.171695555773788],[76.41083775273262,11.175207878217893],[76.4096477062859,11.1766952224675],[76.40694235094693,11.17860754825372],[76.4055420645765,11.183959580957477],[76.40264445697032,11.186473127800545],[76.40207694439053,11.188358119891058],[76.40389003956922,11.189840574002664],[76.40614738895373,11.193347949272871],[76.4049713323052,11.198103313765222],[76.40656922524735,11.199102118064081],[76.40639079598724,11.200372343778819],[76.40428028766308,11.201122903523576],[76.40447310271216,11.205706370318303],[76.40294405308084,11.207726975609685],[76.40459253658798,11.20966148595399],[76.40808565314641,11.208422564321607],[76.41018272453667,11.20987784505708],[76.4136350311128,11.211093395341615],[76.4158738731731,11.21058229826942],[76.41805294582274,11.208882410070931],[76.42447185944398,11.20931985433082],[76.42837234655089,11.207556264085369],[76.43055536633695,11.202940799005505],[76.43337084717032,11.20199105716018],[76.43546771210751,11.202175965162578],[76.43737734164898,11.204381417995538],[76.43924954419273,11.202993242584153],[76.43851186034688,11.198997574431829],[76.44826934921443,11.199775304699743],[76.45162141039158,11.199339739708309],[76.4522462853738,11.19868245493677],[76.4583321653635,11.187714869585868],[76.46651495120234,11.19335368207142],[76.47335980283476,11.194965216598302],[76.47225654180525,11.208783410086104],[76.48269597227151,11.210741881182075],[76.48865305145745,11.210613578144265],[76.495728566384,11.211402629562848],[76.49895876313694,11.211359322261346],[76.50928910245104,11.20822786449972],[76.51515812810962,11.195334693087272],[76.51562192071577,11.194595489149131],[76.53376106663167,11.185628284463178],[76.55236719251265,11.188841611785822],[76.56084829791985,11.190410908841113],[76.5828730196939,11.194278110026453],[76.60076927441104,11.197547480795865],[76.60783065124117,11.193997960164028],[76.61213937599777,11.19334593898746],[76.61539913020087,11.192298121385745],[76.62457813482906,11.195750660192855],[76.62883935934283,11.194198059347846],[76.63807198072625,11.200243375817978],[76.65229253215107,11.209757318067025],[76.6552159260032,11.209856430865964],[76.6605341812591,11.21297819538829],[76.6713854072614,11.21890789819032],[76.67422897201118,11.219143917015762],[76.67819013737191,11.22171584106251],[76.68426813426949,11.227893285696346],[76.6825834604808,11.229809273370194],[76.68520955488005,11.23126279370765],[76.68395430479181,11.233575195449271],[76.68993053691258,11.236451551486288],[76.6926021234449,11.236600006596248],[76.6947725009225,11.238398245053116],[76.69810880114049,11.23952142658964],[76.70266731770282,11.238348721046052],[76.70692793052513,11.238256519709418],[76.705725914851,11.240390184909906]]]]}},{"type":"Feature","properties":{"id":"32-309","name":"Pathanamthitta","source_name":"Pathanamthitta","state_id":"32","source_agency":"Survey of India (SOI)","district_code":"564"},"geometry":{"type":"MultiPolygon","coordinates":[[[[76.96859000188319,9.46398726424594],[76.97439527675076,9.461394345908863],[76.97956647769571,9.459369615435193],[76.98358381459272,9.457155977474605],[76.98543772528596,9.455553180138311],[76.98960251694652,9.454163628568752],[76.99036804896176,9.452721312524671],[76.99363718187006,9.45112905182103],[76.99612748032513,9.45068913946362],[76.99957363042543,9.447687095983401],[77.00055716437741,9.447912777381923],[77.00495949258682,9.44670866463606],[77.00688923151539,9.445008191794455],[77.01121406023206,9.443627775653319],[77.01542969837855,9.442875684687204],[77.01702725696212,9.44154141344804],[77.01649377069036,9.439611256755692],[77.01823119949513,9.435302388610758],[77.01878093583706,9.432558112848005],[77.018270571619,9.431288013246741],[77.01529729090858,9.430615622170642],[77.01362201603115,9.431036695995703],[77.01020726560192,9.430572382973855],[77.00782113423149,9.42923975131027],[77.00879350791611,9.424289180403315],[77.00829630902429,9.421861757956828],[77.00896493461195,9.420089444121471],[77.01117279839654,9.419731418904387],[77.01174092978178,9.417330783370739],[77.01000996947361,9.41493090113075],[77.01016313109763,9.410572921968473],[77.00960243628512,9.408624718227367],[77.01174681155143,9.409157362216494],[77.0150845220258,9.407632146171842],[77.02030875818978,9.406134113349077],[77.02185666009947,9.406341431737944],[77.0241840132684,9.408740984372951],[77.02596413460459,9.408975297036863],[77.02757482043752,9.407017081263096],[77.02862201418326,9.40710711973762],[77.03154111252746,9.40930283141544],[77.03482341048728,9.40924257627343],[77.03568864379294,9.409744012604259],[77.03674162675364,9.412740718485049],[77.04369369771184,9.413420130798217],[77.04688542169754,9.414281981945058],[77.04846601158536,9.416030702114284],[77.05221830120914,9.417927515252405],[77.05618812676099,9.417866739127826],[77.06101294086002,9.416028885001815],[77.06533843432693,9.41706629009204],[77.06596247393182,9.417676257544597],[77.06497618319497,9.420737294900821],[77.06193277751987,9.424965772775133],[77.06125545361344,9.426891920280454],[77.05904732258503,9.426703159249449],[77.05785973323705,9.427969614433215],[77.05922638995655,9.429533047745842],[77.05956415358241,9.431241687617517],[77.05904222224046,9.434320528087461],[77.05826421711528,9.435229562371264],[77.05847957734497,9.437883139432586],[77.05945485416716,9.439736095007193],[77.05790788036786,9.441631007953902],[77.05762642258557,9.443109410874225],[77.05843815643591,9.445595403490676],[77.06051126043094,9.448424177771033],[77.06464650908674,9.450487951441872],[77.06775757645492,9.453044925129197],[77.06843691700303,9.454671998842542],[77.07486195567053,9.455821175113915],[77.08186141774372,9.457959960678407],[77.08693538604612,9.460917917570374],[77.09164458782709,9.462886035041977],[77.09220887733997,9.46246983188819],[77.09474648046078,9.464739853708148],[77.0976291047699,9.465400308112955],[77.09840609781726,9.462981259249144],[77.10058004341313,9.466130758179753],[77.10047682796224,9.46839116534294],[77.10150078426216,9.467649145567123],[77.10402773303629,9.467502800790507],[77.10483957527472,9.469473285564591],[77.10690680279939,9.469530728909714],[77.11100775723523,9.467321883088768],[77.1116955975432,9.467827756068466],[77.1138663305661,9.466022523308284],[77.11591024930908,9.465347544871348],[77.11709762237403,9.463945321730575],[77.12548826682307,9.462691771726018],[77.12940626784135,9.45948834479932],[77.13178341280664,9.460069743655884],[77.1350788920869,9.458724745931397],[77.13836281383333,9.460173417934186],[77.14298910716514,9.460590329060091],[77.14430203069178,9.462664293970839],[77.14794226142322,9.46544614900532],[77.15446687968696,9.470947132906748],[77.15858650489531,9.469551535119145],[77.16120421277483,9.46907923337013],[77.16621781789105,9.469667281703051],[77.166962630304,9.467356618764803],[77.1665461896858,9.464897814862422],[77.16892402187736,9.466053086504736],[77.16922351934166,9.464868461152793],[77.16773179432097,9.461547018208968],[77.17220455021354,9.463351458482855],[77.17306682495256,9.465398580774075],[77.17674015959169,9.469337464655277],[77.18048088293078,9.472118935103142],[77.18158686459107,9.471616125091293],[77.18212336269855,9.465567156438969],[77.18385260919973,9.464408293213335],[77.18424207876524,9.462066317619295],[77.18209275081418,9.45673834248132],[77.1835565856773,9.454160320917287],[77.18776553513943,9.456231543406384],[77.18972394141876,9.451890073443149],[77.1900818095438,9.449846416560597],[77.19175249133323,9.449609793940342],[77.19363391613314,9.45073374446121],[77.1981105967645,9.451828216449362],[77.20057169862648,9.449574679685721],[77.20320050678592,9.451384932088212],[77.2043014087919,9.45043457773812],[77.2068236804625,9.4503418429339],[77.20947540660134,9.447586236239484],[77.20858024480445,9.444653267855859],[77.20732735000527,9.443822595834591],[77.20773933302894,9.441363041858574],[77.20926067780962,9.442044160158673],[77.21057810047004,9.443729114423308],[77.21236679126868,9.44310805807714],[77.21461124920926,9.438309542841045],[77.21628091763371,9.437033147342998],[77.21974033230697,9.436319995284665],[77.22391332187183,9.434362981679707],[77.22307611722468,9.430299804759365],[77.22089600500905,9.42639613469901],[77.22241398388348,9.423759146129848],[77.22044468995065,9.421270210836209],[77.22256038517914,9.419961726905186],[77.22503631673845,9.419249543981486],[77.22885181115369,9.419634428942057],[77.22986331732744,9.415958178007259],[77.22816438180709,9.410716003025527],[77.23027331071931,9.407373150648295],[77.23158327722537,9.406219054379719],[77.23140334423931,9.403904686298207],[77.23893243833882,9.398919872008491],[77.24086330507767,9.39523351366749],[77.24241089433968,9.390756517971575],[77.24503159365236,9.389447326927503],[77.24651500192813,9.384572541690524],[77.24722761766942,9.378365040227907],[77.24809153910076,9.377473596570727],[77.24355827192406,9.373680973779933],[77.2409349231385,9.368060102380799],[77.24113222346048,9.360795235732118],[77.23898614911184,9.358749567929124],[77.2378187698924,9.356734559317665],[77.2359749653138,9.351971772499102],[77.2346346837166,9.349988542502455],[77.23561500427435,9.347171230974828],[77.23617598312372,9.343888659304747],[77.23766712119487,9.342142212358615],[77.23790585097065,9.339750496844026],[77.23289879054974,9.334904946242204],[77.230300462207,9.33102438668446],[77.2306584942403,9.329482475130709],[77.23462050713326,9.327236251083773],[77.23488641809283,9.32474506569736],[77.23236293716994,9.322767647023914],[77.22744677110256,9.317474356088296],[77.22708968675937,9.315413252851016],[77.2242545926582,9.311144020998263],[77.22586430121022,9.3051706824836],[77.22571254526936,9.30357056150029],[77.2241881864355,9.299318141978533],[77.22451684717214,9.295728448877199],[77.22877830747123,9.297419493522455],[77.23485901730074,9.293471373867085],[77.23595383797615,9.291585212929471],[77.23568674799893,9.28847523486459],[77.23672618835263,9.285834183108113],[77.23708233488136,9.282556338180317],[77.23920122321665,9.285194186111424],[77.24199833867019,9.283559398202108],[77.24370170491193,9.284922872647966],[77.24441245537638,9.290034985534406],[77.2470649515282,9.289381313633715],[77.24891285307874,9.289560182222612],[77.2527278327089,9.287581665149768],[77.25731101017062,9.286249575218797],[77.2589450235677,9.28537759860831],[77.26087089394923,9.282796953438977],[77.26227278950581,9.282015247248582],[77.26475298395414,9.282219505728607],[77.27288599902121,9.27993890578516],[77.27379171430981,9.27938766768519],[77.27711040274576,9.275333513641243],[77.2805281624984,9.274579440196373],[77.2826484298782,9.273245094027297],[77.28324048816071,9.27278506866696],[77.28336053898592,9.267296848765712],[77.28151763357128,9.26333140511415],[77.28148092661472,9.261208563720743],[77.28245269949927,9.25855805123213],[77.28237932059012,9.256014631430688],[77.2809386917633,9.253593896572415],[77.27890509226927,9.25190712697961],[77.27835323973436,9.24978689252866],[77.27903432706785,9.24483226688468],[77.27968116287965,9.24375882371054],[77.27843873945659,9.238589494545463],[77.27646404477424,9.2370099178168],[77.27520726743823,9.234751805720599],[77.27695125752327,9.22798301026908],[77.28114064249087,9.221333789063287],[77.28201446451888,9.22082186619083],[77.28213592169949,9.216800866956056],[77.28086903280884,9.216420978467319],[77.27719463785552,9.212579676876107],[77.27569570408367,9.211649970134244],[77.27522997753526,9.2101036443562],[77.27239662652367,9.207443658594514],[77.2706206172562,9.20506042469629],[77.27059491769084,9.200790591807825],[77.26632256209918,9.200445908893167],[77.26413384259467,9.198465341121082],[77.25996099137716,9.198469543192441],[77.25621996631043,9.199334498545703],[77.25564007645598,9.19800670309234],[77.25663861851878,9.196460435950911],[77.2532043977021,9.191474363717328],[77.25239199483968,9.18945390523219],[77.25911047232161,9.186402708464293],[77.2642008532067,9.186070203822746],[77.26816375862221,9.175244463310046],[77.26715132646116,9.171856314352897],[77.26706209911688,9.16900186973691],[77.26575368867515,9.164830530472704],[77.26771759727907,9.153328243538608],[77.26647904624832,9.152007257995221],[77.26197748388357,9.149505798936477],[77.2607534537654,9.144463884720192],[77.25743927168266,9.14300154651541],[77.255992500846,9.140584440518019],[77.25331436800185,9.139548614237507],[77.2516116561037,9.134729658244108],[77.24887844774462,9.12891831712006],[77.24684957768227,9.123790236625666],[77.24332090498702,9.12442012763354],[77.24135966891453,9.124176640295294],[77.23914512910612,9.121944358463642],[77.23663119935718,9.12055442743012],[77.23086921208623,9.116671894832347],[77.22798337846136,9.116147311912925],[77.22662927983893,9.11282654360434],[77.22688431423192,9.109693677518408],[77.22599671484875,9.107365634445143],[77.2244933979069,9.10615467042719],[77.2206413258697,9.105233732169033],[77.21857280345537,9.10083579651046],[77.21434926562051,9.099374725113055],[77.21198313009161,9.099795838559873],[77.21008074689642,9.09626681741997],[77.21013403237906,9.09389593494348],[77.2089867494576,9.089984656567847],[77.20643812665172,9.085937700165735],[77.20552000471693,9.083786978889824],[77.20727889923825,9.077002146928283],[77.20888772792088,9.075022129408898],[77.20712613143075,9.071613641833416],[77.20436363201819,9.070865917610583],[77.20074090170364,9.071705733904782],[77.19887632443114,9.073086158428293],[77.19547478029493,9.07442171152006],[77.1922865053913,9.07493345031848],[77.1893205938222,9.076153260774168],[77.18728068454205,9.075618719628139],[77.18519181848339,9.076015292910258],[77.18238255160773,9.075318052751106],[77.17842586216229,9.075834291215454],[77.17480143198868,9.077170913356106],[77.17211442435881,9.078664669415751],[77.1705105397834,9.077304978262442],[77.16896807561116,9.077097201913931],[77.16754193223863,9.078090807936363],[77.16660181921141,9.077495372803808],[77.16322699529802,9.078771727318914],[77.15994418379245,9.081746609466759],[77.1594414073846,9.080547526393875],[77.15702739532325,9.081325516215918],[77.15361317510124,9.08134572284054],[77.15484169749624,9.083801347326355],[77.15496360592891,9.085933731481209],[77.15314966468364,9.086712737922952],[77.15120985022246,9.08393128498394],[77.14536985711857,9.082763572196564],[77.14421669184448,9.08304148583766],[77.14224551865959,9.084914989744414],[77.13551758863112,9.0858311491253],[77.13057597319052,9.087446232568295],[77.12838811344935,9.089596621833559],[77.12520595621662,9.091215042214836],[77.12054468507421,9.094143475162939],[77.11778102811726,9.09426806310298],[77.11392209445602,9.092921125612769],[77.11205244842795,9.09353301933866],[77.11078341289806,9.092668147139578],[77.10891733647773,9.093881043176227],[77.10710381769943,9.093999979707906],[77.10480474327234,9.095821029889114],[77.1031102612238,9.098402313646316],[77.09975707277219,9.098805757783943],[77.09783797113015,9.099526350889569],[77.0973552145928,9.101721009850275],[77.0952624413625,9.101511586418859],[77.08931861553963,9.105242544541243],[77.08404480043744,9.106913345389403],[77.08053509002477,9.108573886245031],[77.08021517398562,9.110654638471626],[77.07901589801558,9.112415044190723],[77.07637693552996,9.112922750507694],[77.07053822420468,9.112079182109794],[77.06671715602445,9.113913836467013],[77.06658178853213,9.11515228024113],[77.0645106964163,9.118725426367174],[77.05944030377563,9.117877381890965],[77.05783552546785,9.11635431687369],[77.05624896866956,9.118003885109319],[77.05518801781652,9.124906587919016],[77.05415187445787,9.126607172720885],[77.0509067727536,9.126901256964208],[77.0473063849748,9.123089032819518],[77.04624310661121,9.12243968179807],[77.04035926275557,9.123290816884182],[77.03568811627524,9.124686354408572],[77.03211755417868,9.126130055213748],[77.02872077869692,9.128557875815565],[77.02590798696092,9.127312662419895],[77.02118793797361,9.12974781615959],[77.01783390011744,9.13009644130265],[77.0173024208321,9.133439335081087],[77.01582872195328,9.135797655321886],[77.0136850952982,9.136302183704029],[77.0096127193223,9.139117890118861],[77.00801866947198,9.13951082053662],[77.00431539037348,9.136792478030364],[77.00239735510229,9.13778833633201],[77.00025044308519,9.137691686948227],[76.99967633067217,9.138974215738425],[76.99776431254604,9.14018923147115],[76.99398848608926,9.139887647236922],[76.99167800039096,9.141240018627682],[76.98839046305181,9.145522252873505],[76.98300468452959,9.146622482736428],[76.97907941482212,9.148951774085862],[76.97148725561057,9.15011571605632],[76.96705692440092,9.152210008880475],[76.964841344035,9.151740386761094],[76.9594055945737,9.153590623072251],[76.95081801951078,9.159641310972042],[76.949203047185,9.160134421460153],[76.94471815866692,9.16356204048448],[76.9393054534706,9.169006024594056],[76.93527034016975,9.170096226635088],[76.93360551752512,9.171823426265986],[76.9298025636033,9.174179375881366],[76.92782573209004,9.169366395762266],[76.92805757025216,9.165276438018175],[76.92751112746255,9.164276164395728],[76.92715713535185,9.15918546332073],[76.92594784476827,9.155495816213513],[76.92560800194065,9.151978886111497],[76.92719626713637,9.146318287847187],[76.92626053114313,9.139164507007123],[76.92802675434724,9.138525604813385],[76.93238917778693,9.138092507644053],[76.93583112663298,9.136056746078348],[76.93937687277871,9.138982092964232],[76.94098018096629,9.138489143747162],[76.94303788484393,9.136634351652711],[76.94528706068671,9.135733248025506],[76.94802732780893,9.131782965399049],[76.95027868991987,9.130776345350942],[76.95217266212,9.131555617780009],[76.95633861246365,9.130379035682187],[76.95770204404783,9.131146841281874],[76.9599958745035,9.129983107953068],[76.95950420705766,9.128003120332538],[76.95631054579462,9.126521060933573],[76.95552303158244,9.123980542437327],[76.95330286661722,9.122434978599113],[76.94810248604551,9.11726432766011],[76.94369051028897,9.118630433986873],[76.94067014453171,9.11832355015612],[76.93785877839233,9.11726617189975],[76.93078118507914,9.11883155200162],[76.92491335765047,9.118760014379925],[76.92370412607774,9.122601201971765],[76.91787700812121,9.123779003517136],[76.91099698058156,9.126022222448865],[76.90536621693556,9.126215941697007],[76.90251526821558,9.125520653154956],[76.90144485014858,9.12591928274139],[76.89998231748609,9.128672169892868],[76.89772968818927,9.130691321311215],[76.89672699002134,9.12803171155756],[76.8940429735539,9.124596768811747],[76.89194890860682,9.123284825839669],[76.88939532134992,9.123545333032135],[76.88443411472863,9.12227585198234],[76.88479519905371,9.125132404293224],[76.87552875431466,9.131258873841025],[76.8745055211793,9.128293991477115],[76.87171332760518,9.126215922614595],[76.87027554987678,9.12391694768148],[76.86762045750207,9.121733680313598],[76.86654240983232,9.12008798603484],[76.86581809415478,9.116224980823798],[76.86473642719264,9.115405977707919],[76.8624965104816,9.115883928449978],[76.85927092603703,9.117711533258477],[76.85770306123507,9.116621775217213],[76.85662311359233,9.11744184808521],[76.85553289461014,9.115459544699563],[76.8525941766061,9.112499423162694],[76.85183726983041,9.113115615189331],[76.85072388520938,9.110412807667347],[76.85153487646008,9.105190783604876],[76.84940597846436,9.102366718439907],[76.85185433565128,9.100462644839093],[76.85174800881333,9.099581111786833],[76.84613522758696,9.098834726790189],[76.8454669426826,9.094820299603029],[76.84195118885457,9.092102942419565],[76.83702969538277,9.09370737744365],[76.83632468661736,9.093124127120358],[76.83277682600539,9.094321691425643],[76.82827163377706,9.093860037837995],[76.82753724556127,9.09247206951462],[76.82581336655124,9.0924266968572],[76.8225292484238,9.093407290088333],[76.82205591898493,9.095608797853272],[76.81944944603674,9.096829076430726],[76.81843480496087,9.099193203624026],[76.81377159279339,9.104951874783607],[76.80910413280874,9.108459140081226],[76.80420508609465,9.109344293659095],[76.80212654117953,9.108738164723778],[76.7992153225956,9.109126297559998],[76.79658133033558,9.110536238582519],[76.79312929415741,9.109106947942387],[76.7917370109401,9.11082902165712],[76.78646430476535,9.114073692178025],[76.78317561180118,9.114136136543047],[76.78220689314405,9.113503012889371],[76.78194833842936,9.11069107391247],[76.78092063608676,9.109569656216959],[76.7771999366709,9.109374251212587],[76.7762813675337,9.10846533131437],[76.77626849472196,9.105626264534314],[76.7731302672348,9.104355041570418],[76.77349937614063,9.102212326090903],[76.77289935462228,9.10076552202981],[76.77160732651431,9.101524668910493],[76.769451477967,9.101157862338004],[76.76719673870221,9.096695221623264],[76.76545533520628,9.094556312102974],[76.76825036379499,9.08685379604643],[76.77028886025143,9.083739618915743],[76.77076236207982,9.082125776740076],[76.76998590012941,9.077894299904708],[76.77126938446683,9.074833960792345],[76.76980943038153,9.074517050240711],[76.76517930303548,9.07491352197607],[76.76096365658158,9.073271190901439],[76.75918112787502,9.072154048452074],[76.75757497000491,9.07398897581496],[76.75793784527207,9.077072196639653],[76.757271669073,9.083667767610313],[76.75760294626156,9.085919316909356],[76.75578288799628,9.088283026320912],[76.7529537358509,9.088273056820185],[76.75013084293732,9.083782990167368],[76.7477722281643,9.080924061598793],[76.74537912138369,9.0797467317802],[76.73847641503068,9.085488741155416],[76.73682787158674,9.085948602333909],[76.73481948843937,9.081550914524954],[76.73407981080221,9.080930584507838],[76.73180769574157,9.081280411313186],[76.72835424655946,9.083728714984717],[76.72601819351122,9.083061665490856],[76.72362343017697,9.080586820703841],[76.72203098798376,9.080422545598946],[76.71465785576271,9.083906259015913],[76.71269689052835,9.08420411388876],[76.71072284803996,9.086376235996154],[76.7039002145055,9.08721807066683],[76.70164569487831,9.086700130610586],[76.69983059783272,9.087275342687686],[76.69874018306992,9.088731856455954],[76.6966473894983,9.088112619030284],[76.6938710248921,9.089729811752347],[76.6923895253461,9.089324821639027],[76.69088198982331,9.090030546394852],[76.68742396025735,9.08914707559927],[76.68611349584921,9.086770095357958],[76.6835204188377,9.086091995063951],[76.68238538909524,9.081558049572166],[76.68158412541713,9.08129231527221],[76.67800866051752,9.082752181213396],[76.67636162809887,9.08147868209411],[76.67593232361429,9.07862838705033],[76.67415532977142,9.077598808497985],[76.67087895614983,9.081446286642363],[76.67108430961098,9.082331814185217],[76.67298118973567,9.081455198007525],[76.6729320680872,9.082630743532231],[76.6749948417804,9.084203422681226],[76.67515733450041,9.085888799807242],[76.6766534170779,9.087821115579837],[76.67626048947632,9.091348892235125],[76.67698263612196,9.092109468870326],[76.6768907772964,9.097242836129055],[76.67630977716274,9.103362036865201],[76.6775667208022,9.103677244050346],[76.67777332298846,9.105082276292285],[76.67611920686447,9.105415448141228],[76.67664940122366,9.10694088064173],[76.6759829627517,9.111324583144125],[76.67526052129321,9.112458014403636],[76.6761193627426,9.114221694386984],[76.67401560506669,9.114715124624155],[76.67277969926309,9.117939639774976],[76.67166681891305,9.118256590334228],[76.6702439537827,9.116486473365434],[76.66905140261464,9.117296633185548],[76.66499959196267,9.11622016143182],[76.66299070791561,9.115006823456456],[76.65760180814249,9.115054790742532],[76.65599295216788,9.114146640833239],[76.65379059439616,9.114974077532269],[76.65214709984649,9.113626630584939],[76.6490179508003,9.116401173632859],[76.64675359692852,9.116065327742263],[76.64648325442565,9.119446606378652],[76.6451854477959,9.120262826433372],[76.64432923572836,9.122406940875845],[76.64039630240083,9.122549054248497],[76.6387165088611,9.123497330465039],[76.6333585421006,9.121864526715436],[76.63343265586069,9.124689418880457],[76.63492421299185,9.12566588274663],[76.63614869831231,9.127906428963266],[76.63589050478905,9.13077056247222],[76.6363938219235,9.135440869288768],[76.63593729126214,9.13867683399891],[76.63399559505461,9.14104381734837],[76.63596605837208,9.14309226820333],[76.63719234868526,9.148401946767926],[76.63970463340364,9.149991692434703],[76.64160254916754,9.150227196304126],[76.64649884079516,9.149685150549205],[76.64818223879118,9.150771381094762],[76.65032056969146,9.149889242955213],[76.65266725186132,9.151790732886797],[76.66194817056945,9.149234917110665],[76.66272167670466,9.150266511789873],[76.66547065810462,9.149652715031726],[76.6702346687086,9.151981366632016],[76.67404734238082,9.153152643092577],[76.67274647903358,9.157064311243337],[76.6716702755724,9.162317435154984],[76.67317910471083,9.166885051667077],[76.67544420542411,9.169772124245155],[76.67863691201465,9.170629776838004],[76.67953289567404,9.173852208569034],[76.68638399225134,9.168983149499747],[76.68729350709421,9.169072974843203],[76.68713099950371,9.17094734347512],[76.68829660880074,9.17226531423924],[76.69049606263775,9.176518740576926],[76.68816392489016,9.179839333325317],[76.68705419517678,9.18013568790405],[76.6829348382572,9.17966579112788],[76.68119048234679,9.181223222269276],[76.6801005858126,9.180682061264335],[76.67843856440611,9.18238345283798],[76.67842845745356,9.186930495862505],[76.6764197191065,9.190538715096404],[76.6760679177865,9.19312599723055],[76.67299223557023,9.193967508607876],[76.6683656298993,9.198794010050552],[76.66144418796434,9.200272536446802],[76.65924962215585,9.202800509861671],[76.65693070270127,9.204036230822615],[76.65327602803606,9.202692332451852],[76.64700279113468,9.206662845922464],[76.64585440597719,9.214104186319279],[76.646652995126,9.219547632880683],[76.64534474881665,9.222907796924012],[76.64285707142935,9.22704176982597],[76.64103855448896,9.228320301842984],[76.6398669888081,9.230771238920479],[76.63970235304426,9.23279761733969],[76.64301478778141,9.233600226552438],[76.64706753340245,9.23632553156148],[76.6490215165201,9.234842949017837],[76.65355883041778,9.23609684467891],[76.6546832008605,9.237203674113006],[76.65425708502927,9.239474829132869],[76.65554143923366,9.240739162974675],[76.65685983104842,9.240534175733607],[76.65847793403738,9.243288368372513],[76.65771961947294,9.24415003019781],[76.65800553470146,9.246183921504905],[76.65719599554215,9.247227327515018],[76.65848210018515,9.248844272995576],[76.65752073795518,9.252442348053117],[76.65767469232017,9.257151891947652],[76.65447805075245,9.259877650136731],[76.65597258392384,9.2637525749857],[76.65899732340891,9.264801203587716],[76.66409044844667,9.265751833666211],[76.66196680309172,9.26876589818321],[76.66375983684011,9.26915921086117],[76.66614583832376,9.26872967345351],[76.67701078729932,9.270078743125895],[76.68099709050247,9.279009463699188],[76.67691272202882,9.282294161206481],[76.67389608994127,9.28699880068865],[76.67506077396796,9.2899611283136],[76.6734595828643,9.291033168079917],[76.66935582745485,9.289246491322901],[76.66356065161088,9.29158344626636],[76.66000293255524,9.290914380131516],[76.6590624855837,9.289859506522681],[76.65563763083873,9.290426899411976],[76.65309672861024,9.29198909357024],[76.65126950723167,9.296303219284331],[76.6505300461298,9.296896529959973],[76.65017182142151,9.30385510330192],[76.65130668436669,9.307732905000599],[76.647211945086,9.309251471777781],[76.64595854386164,9.30882442837762],[76.64430036114337,9.309910211037195],[76.64378517336957,9.314729067521586],[76.64172838163867,9.316055489180865],[76.64186750692872,9.317787777292327],[76.6409576254274,9.318536573412423],[76.6417795912052,9.3206054560548],[76.64085527976414,9.322935419734788],[76.63980776411069,9.322846318906382],[76.63899391217971,9.325325931722071],[76.63498700563267,9.326432195824223],[76.63577639772123,9.32737335345796],[76.6392923825134,9.329029754237729],[76.63950719470901,9.330102360920444],[76.64167378890822,9.332578337074263],[76.64019105102109,9.334741648207087],[76.64014008422939,9.33626914073482],[76.64181237869849,9.338919795750378],[76.64097787870529,9.340474427920924],[76.63528960770597,9.341560655525944],[76.6280494786864,9.34161785924296],[76.62841426375087,9.33711023273296],[76.62747654124432,9.336575875109743],[76.62551399233838,9.337659151253073],[76.62192505327752,9.338046252897556],[76.6197165909669,9.338770605247461],[76.61665411425612,9.340827714260232],[76.61523915634933,9.340277528985883],[76.61195936446315,9.342743125480855],[76.60916146315577,9.341481096150506],[76.60709719243377,9.3428917541541],[76.6069063282247,9.34394889264789],[76.60461307216549,9.34456198670044],[76.6026357607602,9.343608089441279],[76.6007317773506,9.346440145970687],[76.5977569027963,9.345591926794096],[76.5964019897041,9.347381358327912],[76.59678598897136,9.348657582350146],[76.5948247693855,9.349834062179577],[76.59573123888782,9.351495798020784],[76.59267439252336,9.351859841718573],[76.59056574271935,9.350549296635023],[76.58685943113878,9.351196474391752],[76.58479613393112,9.347831167641724],[76.5824467409744,9.348630447687478],[76.58119092356523,9.346678647827739],[76.57883082810862,9.350158645719349],[76.57964999865808,9.352168911255035],[76.57912302162957,9.35288778012848],[76.57384047525785,9.353234459509766],[76.5721467721014,9.355124746753313],[76.56641973630836,9.355321854280033],[76.56481413044497,9.352496833749505],[76.56275660815639,9.353446171137572],[76.56065681289073,9.352056295730327],[76.5593295265821,9.3503872882068],[76.55656342786551,9.349621890975406],[76.55454645021368,9.350089006190569],[76.5529039641217,9.351633716043752],[76.54997678357282,9.350446276600891],[76.54932896506166,9.349070326919643],[76.55125411135698,9.346496526724327],[76.55417507864384,9.34472745629785],[76.55824391999337,9.343724151923002],[76.55944937802643,9.342747943265913],[76.55586515734736,9.339955397876356],[76.55599981760122,9.338252797776622],[76.55445090654604,9.335608269960531],[76.55272481211804,9.334302597961562],[76.55319168757518,9.330792547890354],[76.55205380219866,9.327160673747079],[76.54969905381414,9.323640339448762],[76.54588155234157,9.324335033709197],[76.54084674933624,9.32144557816738],[76.53608422492951,9.320932721229026],[76.53421827856036,9.32198056106488],[76.5324125112123,9.324281409442966],[76.53146554687781,9.32838229655805],[76.52987864764685,9.327668050562695],[76.52768720808362,9.325023863840299],[76.52660241231662,9.324651058174938],[76.52195106899863,9.325672326681158],[76.51862077892832,9.325921598401793],[76.51414710387185,9.324887363593525],[76.5001769783827,9.322089442302701],[76.49258034775887,9.32484317004981],[76.49149011721931,9.326646615171278],[76.49014298000826,9.326652246975398],[76.4873740394191,9.327951362119757],[76.48538023767769,9.32828157324158],[76.48025033906055,9.328122118285416],[76.4785154030284,9.32759134819147],[76.47457737536627,9.327607728349035],[76.47359541545197,9.328954396858027],[76.47324755129313,9.33172706134664],[76.47514341363765,9.333418990127443],[76.47550974469006,9.33502688680758],[76.47448202291902,9.335516635735859],[76.4782214550174,9.338058095088043],[76.47786905027812,9.339759335712824],[76.47975669781825,9.339484765706763],[76.4823830809064,9.342778519160769],[76.4824756386329,9.3442111341964],[76.48851674635053,9.346690389329996],[76.49611586258743,9.34651740055462],[76.50039154823847,9.34991338698069],[76.50280048215373,9.350210635551914],[76.50567554799383,9.351450944571724],[76.50825581820884,9.354209775595615],[76.51171121370515,9.354193926593203],[76.51414053132399,9.352874787344133],[76.51641035739067,9.352908177436374],[76.51576812768872,9.35560743316182],[76.51569004839804,9.359635668454464],[76.51473608724561,9.362184857914567],[76.51553605964726,9.364587364737398],[76.51744577280542,9.365663234471405],[76.52086474780673,9.364789621762348],[76.52326921126011,9.365086610332968],[76.52336833385817,9.367083465971291],[76.51783177711356,9.368604486998938],[76.51378140188774,9.36927283674844],[76.51404315855721,9.37226021433826],[76.51246374117775,9.372433825715671],[76.50937086748976,9.375073566436136],[76.50889754170655,9.376664562632579],[76.51006661296093,9.381646399744989],[76.51205403053545,9.381887160354742],[76.51160265788974,9.384878409422909],[76.51238660381777,9.38720321160598],[76.51408242576349,9.389885697815435],[76.51353037172822,9.390645302814335],[76.51082656294419,9.391175213429884],[76.51208182448296,9.398119409399733],[76.51325513247065,9.400225301994293],[76.51607874794884,9.399903957408805],[76.51551396191691,9.404008905825089],[76.51560500219828,9.407139060601622],[76.51713457346294,9.408190288053614],[76.52220675806244,9.407913056449901],[76.52525093606467,9.408164401540068],[76.52580878792851,9.411853033080899],[76.52787943069445,9.412741408008241],[76.53039496903712,9.41231918217314],[76.53069149636059,9.416090273849546],[76.53552556058065,9.416505516835462],[76.53601354368797,9.414658967782772],[76.53722553834311,9.413880716135523],[76.53981849296287,9.417585324897278],[76.53994321661327,9.420043973626814],[76.54313072816642,9.42026057947278],[76.54314518015163,9.422484643387863],[76.54880861974672,9.421548931922063],[76.5501807589837,9.423000789541163],[76.55322953765472,9.42433562581938],[76.5532331007207,9.421468451374903],[76.55412335733592,9.4200088886468],[76.55489012136216,9.412817769139863],[76.55897579776521,9.410821994977452],[76.5643534108299,9.41015852555637],[76.56678799602724,9.41200114803871],[76.56968505982363,9.41494701064958],[76.57434589460233,9.417337882946814],[76.57873564889789,9.421667060377269],[76.5834214587553,9.420018643937668],[76.5864994202351,9.4201629852534],[76.58938065168336,9.418104492947313],[76.59296185459567,9.412250123827295],[76.59500400452326,9.417443979747432],[76.59607928395184,9.418646079369204],[76.59630564230208,9.420846512799674],[76.59256472187361,9.422554142439783],[76.59177678610016,9.423443687676446],[76.59123333074383,9.427051222632635],[76.59180044388201,9.430109043758499],[76.59167898566866,9.432903233321383],[76.59267858490414,9.434223205415371],[76.59205453525513,9.435869231386164],[76.59235424707823,9.438195920582437],[76.59102165130228,9.440462191740362],[76.59031574511172,9.44336752864218],[76.59038751023921,9.44611565111777],[76.59167776338907,9.448505709199322],[76.59375289996305,9.446349079052972],[76.59550949263222,9.44718643723095],[76.59687382020444,9.449851797476796],[76.60065089985628,9.449513657591178],[76.6039754229368,9.449765266274829],[76.60383993764427,9.451967346063665],[76.60243707672902,9.453800005483885],[76.60257985289364,9.457108346224631],[76.60467278593983,9.456832028687957],[76.60775151088436,9.455597439115376],[76.60934225296388,9.454046436125001],[76.60871387892536,9.459410575491805],[76.6161770856256,9.460689471737156],[76.61994870034376,9.459180336435884],[76.62114745389295,9.460454046503056],[76.6233779735232,9.461356920179002],[76.62562141241128,9.461143056668341],[76.62553458534862,9.4668889134231],[76.62667720534547,9.470960568336272],[76.6309115367038,9.471519994230054],[76.6335419785198,9.46735953313779],[76.63477260198974,9.461922192300785],[76.63905727466903,9.466663290101375],[76.64066356301066,9.467687558363997],[76.6408273493269,9.472227532187924],[76.6413992793013,9.476651363719272],[76.64217230908484,9.478531282965145],[76.64343027578684,9.478662447766018],[76.64787825325806,9.477681030753338],[76.65065851191876,9.48070337627974],[76.65435894852824,9.481436297553401],[76.65989785785509,9.48199317020394],[76.66476856063976,9.481031334702207],[76.66633493785356,9.481854119109828],[76.6721664296832,9.480307517011289],[76.6732459900832,9.482295792529857],[76.67566583342278,9.484182788448768],[76.6776337367417,9.483938286090748],[76.68183473485078,9.480873752584653],[76.68575749973743,9.47756339799425],[76.68853137888846,9.47658905139322],[76.69533830285661,9.477635872666214],[76.70002923653064,9.476136850917515],[76.70049089154348,9.47187655059743],[76.70230191064718,9.46892050688671],[76.70222916470196,9.467090211878826],[76.70426849088943,9.462419926646199],[76.70635063058018,9.459986991711439],[76.70773311458677,9.4569246201418],[76.70779635901727,9.453719514232771],[76.71345255627261,9.455879701623438],[76.71741179976685,9.460651763430798],[76.72045885126057,9.461875327817944],[76.72250442238703,9.46354457678421],[76.72455317742802,9.463582000419484],[76.72894024649513,9.464649728905131],[76.73141796518134,9.46579468117711],[76.73164532946089,9.466652431416223],[76.73002609757356,9.469666334783323],[76.73222183193897,9.47359252778082],[76.7355928368962,9.47490929122329],[76.74128453517412,9.474203071582389],[76.74475645831694,9.472978938239912],[76.74550996376988,9.473696541718624],[76.74715079443345,9.472620455291372],[76.74630142835555,9.471502155945327],[76.74832963137963,9.468368677313103],[76.74854336846946,9.4623374947114],[76.75033464938136,9.464240792486917],[76.7517725874983,9.462321607335134],[76.7500165258503,9.460748336820993],[76.75173975504057,9.457643465623157],[76.75090418874753,9.45445189503925],[76.74831094852925,9.454754115670516],[76.74836378859032,9.451698244692487],[76.75401638714686,9.453238542778728],[76.7612270489116,9.444275236445481],[76.76101222805563,9.441401563222255],[76.7648859094929,9.43602130260785],[76.76648066092977,9.43632520445453],[76.76802856735591,9.440823952452385],[76.77844869142973,9.445372851658739],[76.78253652753513,9.448037069486386],[76.78716225945305,9.448194352185507],[76.78894039334808,9.446078993956002],[76.79233390765437,9.446003739286779],[76.79286532977503,9.448938228388169],[76.79155255184496,9.450346143468337],[76.7937524753905,9.453223245924995],[76.79561755226864,9.452978673585472],[76.79740085727316,9.451007840477528],[76.79877909693833,9.450797387526391],[76.79953938955647,9.453008308992345],[76.79990637469675,9.45807336452972],[76.8006117778288,9.45657585379062],[76.80364545098261,9.454334238624396],[76.80636307296106,9.454315680430064],[76.81099097164694,9.454893030959969],[76.81268015461356,9.45408875773779],[76.81583277447977,9.455437572210151],[76.81831401312431,9.454629188409612],[76.82045305928177,9.451087993737096],[76.82297987978171,9.445104017431765],[76.82584751945893,9.445957011202418],[76.8285772644017,9.451714807631088],[76.83246919965107,9.451699016039633],[76.83427299542352,9.449343795607856],[76.83646505868089,9.448970730810778],[76.84071127458664,9.449685290968725],[76.84280526180322,9.448838114345078],[76.8447062207547,9.448927593319906],[76.84529028070064,9.447066850060109],[76.84842381685452,9.444844663217776],[76.85236434096926,9.44894450755107],[76.85159844361729,9.452010014882552],[76.85324382041422,9.452410400906782],[76.8528760411919,9.453714820717849],[76.85136949130609,9.453893765824338],[76.85272632092052,9.45649915496515],[76.85486061739098,9.45595675605598],[76.85634613690377,9.453279935362103],[76.85799730218399,9.45347989141204],[76.86066632732296,9.452493223182842],[76.86371957836779,9.450169646877688],[76.865983368239,9.449601665246018],[76.8688137826278,9.447756090908884],[76.8728377318839,9.446498490971615],[76.87591464332326,9.446059531332988],[76.87969035805673,9.444787300044025],[76.88484385672521,9.442418429305434],[76.88854224633779,9.43950819238075],[76.89478097511862,9.435867856661394],[76.89866156119069,9.433001701775824],[76.9013169188959,9.431672127690566],[76.90427421104033,9.430812109019884],[76.90436425730358,9.429185629800397],[76.9073541970038,9.427865500870226],[76.9095779178239,9.425846700658289],[76.91076968254974,9.422816489285793],[76.914098266507,9.424732868511517],[76.91655735336742,9.424556829461293],[76.91970973089904,9.425050325209808],[76.92351612085913,9.42283752988293],[76.92385814823773,9.421308019501852],[76.92215523037973,9.41788684707678],[76.92208740701741,9.415916586287102],[76.92409594877347,9.414933899556926],[76.92667293209125,9.4151005721096],[76.93186063463088,9.417417945605933],[76.93369342169468,9.419622556618277],[76.93582914422808,9.420632249829412],[76.93979533799687,9.42017505894395],[76.94169146565801,9.418978256107799],[76.94505930036294,9.418352440576118],[76.94988030245499,9.4205512449135],[76.95241012261884,9.421142806790762],[76.95886022990317,9.420582822091184],[76.96118587867498,9.42310380050285],[76.96482981670833,9.42325324091052],[76.96801535357335,9.424318540448024],[76.97116086608436,9.424660097182269],[76.97342678991677,9.422452160889113],[76.9763236706377,9.423588336875623],[76.98277263660256,9.42308095694493],[76.98394725582614,9.42331668762141],[76.98432185562643,9.425570930565048],[76.98376339391329,9.426659477108482],[76.98101749340732,9.426696674209712],[76.97930399677605,9.428379309525162],[76.977626392077,9.427485187063994],[76.97561624544903,9.428784256650527],[76.97466606022004,9.427689561110746],[76.97225991478945,9.428873849257426],[76.97315020030912,9.430235903778103],[76.9719163061923,9.432251044020738],[76.96953288786575,9.430871831079903],[76.96620355066739,9.433116772648058],[76.96266289986028,9.432321900299492],[76.96437781025404,9.430585739737028],[76.96331208509979,9.427339596689313],[76.96211170643443,9.425931981357778],[76.95951298799973,9.427697710072149],[76.95434260140907,9.429977423975409],[76.9532780280843,9.429726893989667],[76.95266789340486,9.431421371535983],[76.95379437036108,9.43405419412105],[76.95262348042297,9.435215084522714],[76.94818662338274,9.43538536199578],[76.94615700259052,9.433823821657755],[76.94716472052106,9.431496610414216],[76.94456006995163,9.43093055387251],[76.94254531499054,9.42941861558811],[76.9413705742582,9.432479531756979],[76.94382571203947,9.433211736582122],[76.94416547749441,9.434954403372972],[76.9413520965317,9.438929212138094],[76.94127670881971,9.4417227617294],[76.93965343825386,9.443036801760638],[76.94007440431884,9.444866071546114],[76.94618391096641,9.446460587850478],[76.95132760535544,9.44956750306714],[76.95326722728245,9.454107986258876],[76.95512299529183,9.457089685457484],[76.95817611376474,9.457698608611787],[76.9576004512835,9.459733391040272],[76.958533183656,9.461273876732555],[76.96027622093662,9.462018993132139],[76.96291932100614,9.464154390671268],[76.96859000188319,9.46398726424594]]]]}},{"type":"Feature","properties":{"id":"32-310","name":"Thiruvananthapuram","source_name":"Thiruvananthapuram","state_id":"32","source_agency":"Survey of India (SOI)","district_code":"565"},"geometry":{"type":"MultiPolygon","coordinates":[[[[77.19933142016664,8.769334844728958],[77.19677603688679,8.768214655286009],[77.19718472736938,8.766631846801408],[77.19910213067907,8.764985883864217],[77.19996964196068,8.762689121723692],[77.19816866153602,8.755374733659902],[77.19815919670974,8.753453375164582],[77.19677872466588,8.74950454334205],[77.1946046913085,8.747766750446061],[77.19294195831341,8.745392143221915],[77.19239459559734,8.743130850094559],[77.19096359196013,8.741543869775846],[77.18813492891834,8.742500133966718],[77.18312307228499,8.741399287713849],[77.18104892358753,8.742446167829874],[77.1768955186369,8.743694713288225],[77.17510743768501,8.7447399120543],[77.17285622851695,8.747382972937482],[77.17239423226658,8.749521915416246],[77.17030140978392,8.747022523447662],[77.16990583069897,8.741752139951153],[77.17438805510518,8.7373754777432],[77.17893232721346,8.730606245265855],[77.17805215973983,8.726971654641247],[77.1771587710218,8.725652621729633],[77.1776351082375,8.723933737077914],[77.18044876730323,8.72107941236316],[77.18063429368344,8.718285691113195],[77.18412379841537,8.71641674561843],[77.18471346729302,8.713398868799475],[77.1860506805636,8.712663507646003],[77.1898101267506,8.712384254461334],[77.19485707782361,8.707781420259856],[77.19557944335794,8.70285585744056],[77.19874518368216,8.697446274450671],[77.2018880752943,8.69357781592695],[77.20334740895397,8.690726861666795],[77.20397308628172,8.688224149472031],[77.20665765812811,8.6844351735998],[77.20708001612563,8.680760628408734],[77.20426318956662,8.676124994125596],[77.20081506956625,8.668957806346889],[77.20344562894259,8.666405749036878],[77.20817803893652,8.66366674835883],[77.20768486313949,8.660797797891739],[77.21060038470488,8.658889241462385],[77.21220490145917,8.656872698479098],[77.21152125950337,8.654816413624904],[77.21343616175761,8.651424793981203],[77.21434131268337,8.648987754016336],[77.2199426315595,8.644955957497766],[77.22283978343273,8.641807194460634],[77.22466466010691,8.639103029347917],[77.22867567587734,8.640295441446376],[77.23002108988116,8.637897630441296],[77.22971533238766,8.6371301239985],[77.23200674635287,8.635659491354463],[77.23219656650987,8.633572683813428],[77.23394551579237,8.630579702283537],[77.23343809593779,8.628899743187358],[77.23447773423435,8.626870703835385],[77.24390851924075,8.621841549934654],[77.24499226328714,8.624029552801463],[77.24888013179438,8.623841776538265],[77.25135753539693,8.620236597851434],[77.25189535908837,8.608249192988858],[77.25094719832288,8.606646673363578],[77.24636287241847,8.60356070555591],[77.24888020431042,8.601369039204975],[77.25010383535854,8.599145324743334],[77.25428783418853,8.597794861093202],[77.25672348819097,8.59473955280605],[77.25681419913683,8.590993379290731],[77.25846032148476,8.589242629418434],[77.26152219209895,8.587991312546954],[77.2634296708627,8.588642870796145],[77.26681496641883,8.583937588415463],[77.26631627604138,8.58079544489026],[77.26786564627405,8.578983001051244],[77.26890582197548,8.578814244775694],[77.27018387181067,8.572482542900506],[77.27152004206211,8.56975227330941],[77.27486388145374,8.565666353310384],[77.27387945955078,8.56147517563742],[77.27412071847188,8.559662385998122],[77.27766066774232,8.554516553419592],[77.28218025440324,8.550509558927736],[77.28367084020944,8.546748474512665],[77.28071504911249,8.543207944428149],[77.27820848625606,8.54146678485121],[77.27500734068589,8.538464091919261],[77.27410404332286,8.536714213192724],[77.27408662926112,8.533739533302857],[77.27163951425443,8.530881638035442],[77.26915247401465,8.524474832404925],[77.26673775318731,8.519894492251037],[77.26602170862535,8.514555115920048],[77.2651595802039,8.511977937348977],[77.26201402495029,8.50656096390123],[77.26012952098904,8.50602248737083],[77.25720010979596,8.507065925377379],[77.25638774613043,8.505361288718666],[77.25111984963854,8.505436506519489],[77.24411853191378,8.497692281973924],[77.24363355967856,8.496851628623414],[77.23863978381706,8.495926840163543],[77.23493064984953,8.501535290678888],[77.23091396280438,8.506839537427314],[77.22927347769547,8.50809617123524],[77.22041533305567,8.511662781317042],[77.21342318662293,8.511912915390468],[77.2101924891269,8.506049475262833],[77.20854190955443,8.505552755175998],[77.20619321284657,8.503636357169144],[77.20118881449284,8.500867393929118],[77.20101112209171,8.497560331551504],[77.20585297903601,8.494938971467981],[77.21033762376172,8.491763676517328],[77.21243610011238,8.485668978140898],[77.21041205879669,8.483357658346206],[77.21002765223683,8.478836196227745],[77.2122931242184,8.474177624962666],[77.21290174304436,8.470278697325796],[77.21514061856426,8.46811485822514],[77.22210686902545,8.463235380596824],[77.22508559680753,8.459521771316284],[77.22505965734727,8.454998347957627],[77.22738162729298,8.448650815692808],[77.22690875022745,8.446627443802845],[77.22042377349186,8.445132275913597],[77.21686727010022,8.445428085079119],[77.21417908041586,8.44438132135678],[77.21078161614066,8.44470324519274],[77.20639461372846,8.444217369049719],[77.20218898061746,8.435257904349145],[77.20029277909197,8.433293321251492],[77.20002471723137,8.43180565562794],[77.19594152722381,8.428788822158097],[77.19648628061373,8.425493376670348],[77.19677181039289,8.41951215696822],[77.19446497293136,8.417241453040027],[77.18808787216442,8.409919887322232],[77.18572466494355,8.406894392451573],[77.18248708247278,8.404807984411143],[77.18199717336988,8.400227819925034],[77.18237990931786,8.39850232267607],[77.1817094895727,8.396073829231485],[77.18015534549362,8.394395000455223],[77.17698976385867,8.393115423654324],[77.17500085104317,8.390450996325526],[77.17135621095579,8.387872534342668],[77.1675802936545,8.38361925145243],[77.16563097255994,8.386548218945705],[77.16049461116793,8.389244763139223],[77.153635354457,8.387047813158622],[77.15059564132744,8.3842603228389],[77.15157373630117,8.381009562750455],[77.15286924401423,8.381504685456148],[77.15468363478821,8.380816102243271],[77.15518760651544,8.382335121053938],[77.15928310915561,8.381086033341637],[77.15909821902093,8.378478774022275],[77.16071328103595,8.373540871385769],[77.15964261497992,8.367929914947675],[77.15728982286649,8.367526960740758],[77.15588510776578,8.366242115719128],[77.15536701847958,8.363226924778285],[77.15289761324736,8.360839135245998],[77.15215694845203,8.357620288466528],[77.15229665825483,8.354970667366672],[77.15586178866769,8.356403174853932],[77.15629062506093,8.359112939342525],[77.15902003748991,8.358862832353147],[77.1616387514758,8.360098710711005],[77.16276986793949,8.361452641628963],[77.1656302989273,8.36012232439541],[77.16692436182092,8.363133391617422],[77.16906110085601,8.363235328260494],[77.1701671638717,8.359944126180933],[77.1710216981611,8.360286628326463],[77.17179679930317,8.358675058992882],[77.17379215826202,8.35841910183543],[77.17386310921388,8.353421076825905],[77.17498868902757,8.349914533866635],[77.17286445080386,8.347235926051306],[77.17044875519359,8.346760022715047],[77.16925651798628,8.343830132034856],[77.16722299891781,8.343932737021516],[77.16647718945414,8.342860523112801],[77.16946954798095,8.337799662544658],[77.16919918021466,8.334612781134796],[77.17014738538926,8.334359052979984],[77.17533984076117,8.328796883552469],[77.17675514673404,8.32649214692975],[77.18051728047057,8.323961526247736],[77.1796617218306,8.322686151743781],[77.1779400729856,8.322794308851595],[77.17744770329705,8.321066839167822],[77.1756147694837,8.320712841704157],[77.17274298326288,8.318652163201582],[77.17119506097512,8.320170033522189],[77.17138825712392,8.323120070977843],[77.1688982983679,8.326581960176206],[77.16980630160288,8.326694416927385],[77.1683426554561,8.332404414849078],[77.15840031623577,8.327637845524018],[77.15323243648783,8.326829878560984],[77.14986976118813,8.328398227561733],[77.14932676407463,8.33116251812682],[77.1481358135078,8.331607314603287],[77.14523046668343,8.329675132165047],[77.14500802157721,8.328522997840897],[77.14119650746153,8.32878400587214],[77.13896043944634,8.328118166148913],[77.13847574863647,8.326588749958686],[77.13525554547167,8.325155290738646],[77.13237221330907,8.325283724407706],[77.12860031666212,8.324460566327142],[77.129007017662,8.321474172875865],[77.12504349895946,8.320383341757118],[77.12264564456532,8.321389759464994],[77.11893270120844,8.320764704765448],[77.11935929790842,8.317204943364533],[77.1186688220258,8.316430025894952],[77.12034558346556,8.314899574845816],[77.1204277768399,8.313819826057472],[77.12384189694016,8.311764474034403],[77.12202589096684,8.308513399660024],[77.11712148803618,8.309416246452274],[77.11420382414236,8.307682771158142],[77.11329053812474,8.304040378800238],[77.10549091033575,8.306217154869616],[77.1024876447158,8.30576975692492],[77.10142041007246,8.300464989291585],[77.10140569513408,8.298544301341474],[77.09940762389272,8.298215880462834],[77.09764328879079,8.2934801198176],[77.09644607637821,8.294012071575471],[77.09570232334437,8.292707436852217],[77.09280052996888,8.295062431835158],[77.07846823193184,8.30532874929577],[77.07361049383036,8.309859797784792],[77.06232104820315,8.318211199717028],[77.05395578991413,8.32498487819281],[77.04644841219027,8.331380790595121],[77.03785363493861,8.338205652421804],[77.02880684147328,8.344907742382244],[77.0178122122735,8.352472318779785],[77.01245680996942,8.35467719305911],[77.01115267838591,8.354739528772653],[77.00924955765073,8.357015111445968],[77.00896523609838,8.359785424654051],[77.00642607324961,8.363413712072742],[77.0047625719763,8.364193359375102],[77.00344528585791,8.367141844475432],[77.00058896885656,8.37026500756284],[76.99999959139835,8.371889103355706],[76.99757671264399,8.374063664175829],[76.99331272251425,8.375963654718229],[76.99200094142657,8.377523096164737],[76.99067042210535,8.377470595297893],[76.98638474741571,8.375489341268317],[76.9850314023623,8.377129071373629],[76.98400130304921,8.379806609978658],[76.9787328118057,8.382287653053371],[76.9792638170119,8.383739464125359],[76.9783631870104,8.384734424831445],[76.97534336729214,8.386238662386765],[76.97549913995914,8.387513273632932],[76.97395352089009,8.389691116885878],[76.97311305031093,8.389453588745093],[76.97121707397956,8.3919714643407],[76.97116547005528,8.394986635831055],[76.97244826074574,8.395245003843174],[76.97200818564707,8.397967586635492],[76.97068235860094,8.400282191993094],[76.96704763211399,8.408743950377865],[76.9649062010276,8.412677125341254],[76.95921905016104,8.420735078307363],[76.95521621510375,8.425141011042362],[76.95492183077872,8.426596699485282],[76.95341664468876,8.427453621090681],[76.94919433047338,8.433255354022686],[76.93820789910967,8.447044203408504],[76.90615249231824,8.483601508110388],[76.8946735025277,8.496985603849],[76.88774385777592,8.505709813324337],[76.88477397982085,8.510052465098774],[76.87703112532516,8.519860099174895],[76.8646164890099,8.534945107403656],[76.86117017464451,8.539400841969178],[76.84229543136878,8.562613535668772],[76.84028068702037,8.565583276336781],[76.83619413143909,8.570343098481255],[76.82089549493313,8.589126315802005],[76.80946644633065,8.603954780214428],[76.8037028285259,8.610842317430038],[76.79648098328734,8.619983951665606],[76.7889101186377,8.627437072096818],[76.78453037871164,8.63016276993909],[76.78263015384438,8.634789206764408],[76.77619797455814,8.644912153481027],[76.77122851443168,8.650461967611005],[76.76114215852371,8.662868378148541],[76.75135224261629,8.674320019526409],[76.73619691270198,8.694008774382581],[76.73493381226402,8.695877222743592],[76.72714046114871,8.70532724393742],[76.70657119696294,8.72947591605369],[76.70216307956595,8.734869478094513],[76.69990604358186,8.736877986845618],[76.69770284704249,8.742460377368971],[76.69596865633716,8.745717799250865],[76.6879623393989,8.757211120072913],[76.67834157131665,8.772652153573897],[76.6732814423116,8.781074803692261],[76.67439442817728,8.78134216143117],[76.67563437890631,8.783248871835518],[76.67566950824747,8.786010634674312],[76.67696016994167,8.788075276565412],[76.67749383899304,8.78549629305737],[76.67892279680412,8.783952957523814],[76.67960222381704,8.780446617641601],[76.68150794757898,8.7778343489529],[76.68120335085598,8.775765319010416],[76.68392691157783,8.776178093324626],[76.68398765387617,8.778564637748648],[76.68905566375193,8.77790456021311],[76.68974945478864,8.778594950005289],[76.69175942354074,8.785965983965045],[76.69150947017295,8.789972165877126],[76.69274234305944,8.791295615398402],[76.69343302703462,8.79028443033138],[76.69593567991744,8.790060779769227],[76.6987694542759,8.790685349970147],[76.7020355243261,8.790458165098528],[76.70252444684623,8.792047151953794],[76.70380631408581,8.792149820965795],[76.70422609237131,8.790552210032804],[76.70769167332293,8.790220156510141],[76.70929294862945,8.790615196127774],[76.70888403770527,8.794599512211477],[76.71171159742461,8.794853372600542],[76.71369257120301,8.795798126308986],[76.71738954610706,8.799338855968772],[76.72028587378858,8.802675214328808],[76.72281776962708,8.802871553590196],[76.72783055246606,8.799096725523702],[76.73405450531692,8.798810413066503],[76.73631410548674,8.79712750947686],[76.73835104430196,8.797389275664058],[76.74033142128492,8.795278226464836],[76.74329996045907,8.794604549672348],[76.74745322527754,8.795597771831833],[76.75170615551437,8.79556450423449],[76.75811382823625,8.794752632035616],[76.76022600823104,8.790751368697313],[76.76134382177176,8.792676337476452],[76.76080871744587,8.796756067551394],[76.76094962361032,8.799643912634723],[76.76851697287388,8.798098623055399],[76.77059473840117,8.799313838302933],[76.76798641284623,8.803105010647023],[76.7701102026804,8.805386825238237],[76.77143260630272,8.805421252101834],[76.7708388964736,8.810522926308385],[76.77465311594453,8.809935394631733],[76.77691160559006,8.80901157651209],[76.77966513024667,8.809929789131132],[76.78233253068272,8.809939679393091],[76.7834047687117,8.810847703073826],[76.78673428424402,8.811532535033287],[76.78801434123298,8.811250694801123],[76.78940704230914,8.812663413516074],[76.79224905723622,8.8130830872491],[76.79201785268764,8.814133582245333],[76.7895007938723,8.814208860529384],[76.7892796565634,8.817351505837879],[76.78866625011115,8.818312682872756],[76.78644719911335,8.81800229385804],[76.78269777020884,8.818829233257533],[76.7869808654025,8.822185440358673],[76.79103102763749,8.821528785573602],[76.79404589628507,8.827607660454024],[76.79136498637294,8.829527972940232],[76.78829875692784,8.834478636749344],[76.78482158387132,8.835259095049176],[76.78432067543181,8.836938497075666],[76.78247159045236,8.838922635872535],[76.78099259062446,8.839435872068483],[76.78135547742708,8.842132752759383],[76.77508945483353,8.84324282504378],[76.77721728630686,8.846292904433797],[76.77777942060439,8.847901673569275],[76.78095089429915,8.850609993075292],[76.78198304429182,8.852621169869792],[76.78166136671605,8.856591420748058],[76.78048311889921,8.860122725089013],[76.78170817958241,8.861599594197875],[76.78332844333852,8.861148803146596],[76.78403701276882,8.85823446756611],[76.7891556131385,8.852885213711996],[76.79013668037548,8.852772088087645],[76.79334281398839,8.854180528171145],[76.79405563423266,8.855917443587911],[76.79596660680347,8.854507043979982],[76.79855046206808,8.850354152655536],[76.8007801702292,8.848155654088416],[76.80188982713001,8.848322036495864],[76.80523963618803,8.852170629277163],[76.80680634809586,8.854730566611037],[76.80637054815489,8.856685315939616],[76.80801007615345,8.856465012407538],[76.80953652600235,8.854504869890423],[76.81164875432013,8.85430480240822],[76.81435484232514,8.855670394713211],[76.81525149078979,8.85873515497657],[76.81653272448527,8.85867023511056],[76.82042236646767,8.853030494499635],[76.82143777908595,8.8538979687596],[76.82397404310807,8.849828859395371],[76.82424992092871,8.845867888058311],[76.82334894819502,8.844701566126961],[76.8257224499997,8.842208425855048],[76.82801281464677,8.843151006433308],[76.83220121643178,8.841928231858663],[76.83886710275779,8.839066022886243],[76.83886898109478,8.837619595767576],[76.84347575426054,8.833745843494842],[76.84650593872183,8.832686801271134],[76.8471336210752,8.831892723236551],[76.84536511048933,8.82805484729373],[76.84478457676089,8.825544626883612],[76.84599657102913,8.82436791906176],[76.84926922073964,8.823637629932373],[76.84849704098946,8.821883169753843],[76.85141822403797,8.819929666791678],[76.85074740939713,8.818450398088684],[76.85078577380449,8.816108837843782],[76.85443446421165,8.813369842338872],[76.85706234603835,8.815499356949758],[76.85839671120817,8.814276811040662],[76.86262784469756,8.811706565016825],[76.86634248982608,8.810359260188484],[76.86865334430102,8.809073198710578],[76.87283136351749,8.807718955980695],[76.87571169897546,8.807641395238182],[76.88031514221763,8.804160604106253],[76.88372867350253,8.80349715555759],[76.88542961223806,8.804713543742663],[76.88770180304746,8.807472883562394],[76.89003400587602,8.808618324951807],[76.89340096567912,8.807733495953642],[76.89428315238571,8.808759603890582],[76.8960810319736,8.80847486304733],[76.89765779868222,8.809388954916582],[76.89963070085703,8.808687485425736],[76.89973863745693,8.807584042256398],[76.90252821172427,8.80619818883379],[76.90262761300565,8.80475803780167],[76.9061592936026,8.80232652964008],[76.90686023015749,8.799028009774972],[76.91178354590646,8.796887737576427],[76.91408629264694,8.792297376020445],[76.91666839761412,8.79080627700098],[76.91825115153894,8.78758911132702],[76.92079197282763,8.784267566821551],[76.92034916779012,8.782977188106738],[76.91767333198457,8.783017927972777],[76.9169939146178,8.780765943542605],[76.91492342099258,8.780130053306362],[76.91508931249324,8.776142734441995],[76.91446909648039,8.774798958541455],[76.91584637862395,8.773169343131983],[76.9182427885262,8.77181023299541],[76.9212182266185,8.770854977819234],[76.92502833722237,8.76789767043239],[76.92985294222191,8.763443590345627],[76.9315369469633,8.761405568075835],[76.93503290565342,8.76010857192411],[76.93860534014378,8.76217388133465],[76.93620956327469,8.762742068728858],[76.93858309650138,8.764449716304744],[76.9415635750118,8.765374539101305],[76.94221536813914,8.767100079603457],[76.94428603250395,8.769516501794948],[76.94607743223231,8.770668863886172],[76.9488487980996,8.770677250364406],[76.94974895411933,8.771671405619095],[76.9537830203169,8.77162799802217],[76.95668985094228,8.770614107547287],[76.96318151311802,8.770539700206811],[76.96502847501996,8.770995630639588],[76.96723183234059,8.772728794682614],[76.97079862375641,8.774531658578674],[76.97244867010905,8.774699302971818],[76.9740518595167,8.783201537115547],[76.97624943333177,8.786367434662527],[76.97833567718168,8.788259288036132],[76.98090374487678,8.789330517098787],[76.98381532454853,8.789206777300398],[76.99169506971488,8.78697309621598],[76.99489120044507,8.784859083804896],[76.99731856608733,8.782545727544798],[76.99890840467455,8.777215358187355],[77.00015062932147,8.776085678063138],[77.0011737417633,8.772871316032704],[77.00302436152836,8.771473921733191],[77.00720434439712,8.771555708122468],[77.00848426740947,8.772168086758223],[77.01196629137505,8.772565319065604],[77.01635152297236,8.771963413122855],[77.0176415156511,8.772765595438669],[77.0245395992739,8.77478506828295],[77.0243507224107,8.775983793820448],[77.0207144713752,8.779835914178742],[77.01960317253999,8.783520811861498],[77.01520692423014,8.788827737596025],[77.01529600059038,8.791028348576402],[77.01242735943393,8.79403567388783],[77.01094946834081,8.796325942258093],[77.01056340274191,8.799708726031756],[77.00958605004624,8.8021364569194],[77.01064989821998,8.804783806738177],[77.0104620755973,8.807026604060251],[77.00926248666978,8.807842031826286],[77.00821733882339,8.812014652988466],[77.01002516604503,8.8136185533505],[77.0105051582942,8.81499446128461],[77.01504169933452,8.817071767115701],[77.01815996135042,8.815658520542845],[77.0200184280961,8.815689156359415],[77.02073492362427,8.81710897652259],[77.0190376100347,8.820815139458132],[77.01997219521716,8.825569288057098],[77.01960761902657,8.82788525888614],[77.02203068604933,8.829784053296175],[77.02265257872611,8.831353524643312],[77.02443468365871,8.83318783428546],[77.0278169639198,8.833522117639639],[77.02861128160362,8.834209333634544],[77.03181889896052,8.842049334026598],[77.03441411460861,8.842593399267997],[77.03944011408929,8.84435584566085],[77.0430797404416,8.84518117074949],[77.05015876128743,8.8459694537423],[77.052385756295,8.844425165254215],[77.0550471948223,8.843384640798035],[77.06385639724041,8.84156904958999],[77.067782899757,8.840074032662221],[77.07217131513721,8.840754852832323],[77.07436143343052,8.839956381647145],[77.07624407929536,8.840239724768217],[77.08238673849277,8.83938303022686],[77.08618742298908,8.834932921314152],[77.08951636270606,8.833047843122332],[77.09185003199835,8.832759114407718],[77.09775293964833,8.829707215197534],[77.10181754901032,8.828581760388204],[77.10389433340934,8.82866952313784],[77.10710280628692,8.82961414301188],[77.10743770898473,8.826173040435004],[77.10990930919554,8.826177213240468],[77.11167075505632,8.82434600827817],[77.11248703168934,8.822470395035701],[77.11833408729717,8.821651134950105],[77.12210749646714,8.818109216337364],[77.12290621541057,8.816351184076643],[77.12565968380002,8.813230895082048],[77.12698719313495,8.810213530587358],[77.13258614801788,8.808148148380177],[77.1369218406975,8.805262759015433],[77.14060121417322,8.805964923035175],[77.14335926834391,8.803676068803421],[77.14525956774536,8.803127454985873],[77.14730283283767,8.799785100844431],[77.15077152197561,8.798626443256646],[77.15132459805925,8.796074392677287],[77.15467871197743,8.793967311681785],[77.15470044681835,8.796154543591081],[77.15595940954947,8.796264776484412],[77.15825559388729,8.792695065868454],[77.16003697876594,8.791225140643709],[77.16428070337606,8.789004414538972],[77.16881465155681,8.787496066442126],[77.17252323720702,8.783890938131915],[77.17545879859148,8.78172744855602],[77.1808383719805,8.778795045037565],[77.1832961439982,8.778062329201958],[77.18527545615635,8.776301897639314],[77.18879816976539,8.774351850098215],[77.19099390773003,8.772319002723423],[77.19560778763442,8.772111480785311],[77.19944171565646,8.771352536604425],[77.19933142016664,8.769334844728958]]]]}},{"type":"Feature","properties":{"id":"32-311","name":"Thrissur","source_name":"Thrissur","state_id":"32","source_agency":"Survey of India (SOI)","district_code":"566"},"geometry":{"type":"MultiPolygon","coordinates":[[[[76.83724380927362,10.337056775296238],[76.83531629081594,10.331608786771131],[76.83582383353787,10.329404851576081],[76.83473971002262,10.32741782256662],[76.83402091514233,10.323087481437316],[76.83259980829443,10.317278619897289],[76.8304319451805,10.314127098101435],[76.82988092877007,10.308796925699875],[76.82831005102595,10.307056710989613],[76.82945113088145,10.30629090631528],[76.82984793433747,10.303084230783167],[76.83372783866764,10.302411427563387],[76.83811757939787,10.3007367869534],[76.84022055794411,10.299007310873632],[76.8443553624028,10.294305831948483],[76.84421326024439,10.293411823962716],[76.84173763884034,10.291468888073855],[76.84286644215003,10.288610518292794],[76.84742957441748,10.286966451781856],[76.84838514842484,10.284522620358768],[76.85199101618616,10.284260240455142],[76.8508998387764,10.288090131248886],[76.85153460264577,10.289736142836976],[76.85271792034796,10.289968909850751],[76.85486130946747,10.292049258963653],[76.85760889311139,10.292896764752431],[76.85946962943706,10.291132470996626],[76.86196558800333,10.291081962222842],[76.86350533696267,10.293721633933833],[76.86525085640076,10.294877641647034],[76.86754168748429,10.294864407689381],[76.87005652450252,10.298009111064548],[76.87306985447664,10.297476493926803],[76.87428892609547,10.292927172629343],[76.87300262313168,10.28065480160773],[76.8729443641984,10.276189660860062],[76.87408178995507,10.27484075753742],[76.87719676456186,10.27299682003239],[76.88386878374493,10.270002313826271],[76.8912009072578,10.262185956654085],[76.89657518548931,10.26201897055456],[76.89730136646956,10.261363909096396],[76.89907848278078,10.257114144146652],[76.90066793396382,10.25173088287149],[76.89603834282582,10.253082372735806],[76.89678007626596,10.25657619745516],[76.89556396832413,10.257713224592592],[76.89065947972144,10.257059355109728],[76.88899562860139,10.25503068364989],[76.88851788822645,10.256796107668738],[76.88289290841142,10.258546259432618],[76.88189821303723,10.2593248708371],[76.87806183527235,10.259509717124796],[76.8774353347549,10.261615038837652],[76.87951335398459,10.265015345438217],[76.87864493443058,10.268636009840236],[76.87520363120156,10.27006151876825],[76.87105540209166,10.270799582960121],[76.86848647562468,10.268500398981278],[76.86665245197027,10.268565140920293],[76.86527183017134,10.269680408497532],[76.86536864124679,10.27218829500292],[76.86030780212799,10.272158589520185],[76.85805667693835,10.274246013134773],[76.85436798141569,10.276332589957601],[76.85225896469255,10.276204587484477],[76.84725191192771,10.279952836519572],[76.84494550582761,10.280408960065426],[76.84313606754532,10.279235104927851],[76.84213819308991,10.279489323532298],[76.83990128883545,10.282503095226923],[76.83566402266003,10.28288424042214],[76.8341100302158,10.278513384786022],[76.83198279367981,10.275221536403155],[76.82864312609406,10.274548839956843],[76.82739568395806,10.275853048020757],[76.82727144781944,10.278054808169243],[76.82589624683256,10.280159792178651],[76.82312272995561,10.28114262412648],[76.81768102546205,10.282384457918331],[76.81331638818592,10.284460944383115],[76.80920492856382,10.285311022740263],[76.80708577557633,10.284219976086174],[76.80331194381664,10.284263684171078],[76.80017050122329,10.280733018256498],[76.79836904964924,10.277714806699203],[76.7965827806737,10.27656761414114],[76.79480340798928,10.276631679082469],[76.79392790967064,10.279172158963894],[76.79265196812433,10.27950919871406],[76.78807886337988,10.27699884186281],[76.7860955984134,10.276512551449986],[76.78293112863652,10.276972944081589],[76.78009042418236,10.275777212562318],[76.7755319077236,10.275856414988125],[76.77402749997754,10.275313265274143],[76.77400474421455,10.27040930790641],[76.76832427667516,10.268126128545884],[76.76448930830777,10.268644234711132],[76.75992963017971,10.268501710544307],[76.75776625462449,10.26928633686164],[76.75239757133146,10.273889620413664],[76.75169355053532,10.276975983603489],[76.74698242399599,10.277525749599729],[76.74551839224158,10.27602396700171],[76.74194984390384,10.275238591786607],[76.74055099247148,10.273962421118993],[76.73860734720716,10.274040675144061],[76.7364613049016,10.272158285153763],[76.72864128063773,10.269985313009826],[76.72436007524145,10.269877023125735],[76.71690290188582,10.268985388653835],[76.70580657562313,10.269396542155729],[76.70429794573718,10.26677378237983],[76.69873845689916,10.265293236994166],[76.6952891062746,10.26370660852368],[76.68788668029983,10.266217728254166],[76.68368411186898,10.26803396575473],[76.68101611175311,10.26836874738884],[76.66911164615867,10.27136828103185],[76.6659580087939,10.273097637980309],[76.66161885266759,10.276763126045246],[76.66157560081945,10.279850544476673],[76.64901330717485,10.280235681977455],[76.64548482582052,10.280108930901234],[76.64160183631861,10.274984688110218],[76.63934145522053,10.273847992136307],[76.63444790364645,10.272724611354112],[76.62886970125025,10.272490455814731],[76.62632438300578,10.272738328496708],[76.62362943245746,10.274071658447973],[76.62104733057207,10.273379488701009],[76.61982841137728,10.277788242651493],[76.61852166907158,10.28019275016958],[76.60635751657706,10.27994360096017],[76.60300842994728,10.280109366696474],[76.60147842215959,10.282612159870773],[76.5981692928644,10.28530450070104],[76.59408920402379,10.288059344982601],[76.58984769664578,10.292338226846281],[76.5896153233337,10.298792871955502],[76.58684506123427,10.297935556571021],[76.58510186729659,10.298002812903846],[76.58085825383459,10.300979846691732],[76.57820869578723,10.301444814372651],[76.57637858564462,10.30239398332138],[76.56949778380317,10.296383767659043],[76.56650577138488,10.294043202012848],[76.56614050642962,10.292178048566939],[76.56772006919485,10.290393927416323],[76.57278447502011,10.286337298717354],[76.57338625276627,10.284354497522713],[76.5693812014532,10.283872151844072],[76.56609547798435,10.284887018525787],[76.55951009818834,10.284096114642361],[76.55328165099468,10.282539399058331],[76.5520076045803,10.283341079160405],[76.54764431589946,10.288031492736106],[76.54453833372789,10.28942952943622],[76.54183964121633,10.289175658487945],[76.53649777373593,10.287881128728849],[76.53234646619407,10.287371923616613],[76.5284246802632,10.286183468764905],[76.52432462933446,10.284001366505732],[76.51976590539418,10.28513934568607],[76.51583371196028,10.28750833100004],[76.51204171591587,10.28770238526737],[76.50825355535805,10.288687385288014],[76.50540593073916,10.28879104869529],[76.50062674195064,10.287755504203695],[76.49896074570997,10.286932623757494],[76.49639247057752,10.287069892960425],[76.49465937878882,10.290278309552995],[76.49308805166356,10.291967200056966],[76.49057443219594,10.293226457262042],[76.48657942795673,10.292973553493152],[76.48558871486108,10.291947475755327],[76.4821939415622,10.291203580287752],[76.4786446988784,10.292575975511154],[76.47279481327183,10.290975252314357],[76.47137100502344,10.291035934661988],[76.46739687009605,10.293332376867138],[76.46504376245208,10.29377693292878],[76.45799794277472,10.296141401368752],[76.45154933242448,10.295356673299745],[76.44701170651105,10.296244960416042],[76.44541884948036,10.295275582293131],[76.4431106068048,10.29257357568643],[76.43814664796633,10.294060313595754],[76.43633717128886,10.293634355912099],[76.43435651970778,10.291690312922317],[76.43002128355056,10.288888596375834],[76.42750517226996,10.2886284324209],[76.42406422028694,10.290813516547226],[76.41501098159237,10.29345684644794],[76.41679497641518,10.288182705245994],[76.41104675409429,10.287828065091304],[76.41303668293224,10.280609050306488],[76.40081394571989,10.275558308030742],[76.3966176222185,10.26684700536172],[76.39228780627751,10.266160387333484],[76.38954081535027,10.26318850076177],[76.39125605748731,10.254609960906988],[76.39026765166685,10.25402203118897],[76.37779074014182,10.254292108030953],[76.37726338910156,10.249488864365718],[76.37923174717211,10.24450323075612],[76.3756501120179,10.243571047509343],[76.3732792052986,10.241029417797682],[76.35110676929177,10.234304983954098],[76.33906448534454,10.230335812607244],[76.34067393506612,10.229953936922735],[76.34026636973181,10.227451121722874],[76.34076536505236,10.225645256510772],[76.33777897505047,10.225219057875556],[76.33649679453869,10.220906968539001],[76.3366157877081,10.218795231671418],[76.33603088348407,10.215343792704656],[76.33496150233277,10.212793963826455],[76.33290710370916,10.21259885971876],[76.33127775930214,10.209260178093768],[76.32945562472423,10.207843537381853],[76.32760745859989,10.207851073140288],[76.32487481168792,10.20696707089017],[76.31345819001069,10.206136200123268],[76.31043774377902,10.204745165472982],[76.31043182238454,10.198141915736176],[76.31139481517401,10.193707655124168],[76.31172088328469,10.18163110806962],[76.30170184582101,10.184564574066414],[76.2993264517626,10.182806421306049],[76.29930201189637,10.18015729196961],[76.29737337112746,10.176032848994328],[76.29506591689861,10.175255382237172],[76.29250793583567,10.175722080359906],[76.28856285237593,10.177351626634756],[76.28565465676543,10.176983277234227],[76.28374842468128,10.174987964619433],[76.27921291213165,10.173884602078372],[76.27318603277077,10.175255314448464],[76.27405773291294,10.176449982630317],[76.273439476734,10.179350282811889],[76.27112773157607,10.180941550454815],[76.27160840048015,10.182472240418054],[76.2704617010981,10.184447823563504],[76.26830186806,10.185251864642032],[76.266311356391,10.185010942807278],[76.26108647912761,10.18907053571767],[76.26082988836394,10.191723111193243],[76.26139270780516,10.194415331287011],[76.2594449421083,10.196959151360272],[76.26303407746724,10.197537504472757],[76.26384150346013,10.198605818320827],[76.26335868175265,10.20000012372554],[76.2614149303409,10.20007091493264],[76.25922584330934,10.201593884577672],[76.25818016708737,10.200255243512698],[76.25595376499925,10.20040389928868],[76.25600343115337,10.201434472252602],[76.25404769909602,10.201957381353946],[76.24956779789412,10.199987626662445],[76.24585860513587,10.201396535491599],[76.244534552375,10.202400714384186],[76.24475511261862,10.203977672215363],[76.24285049984456,10.204717290659975],[76.2418891437817,10.202777001348787],[76.23998126412509,10.20268020539602],[76.23675451722669,10.203795611572602],[76.23536951142522,10.202015091664494],[76.23335307055709,10.202180883108866],[76.23293766292294,10.20333986934261],[76.22323336538342,10.205162138890252],[76.21958231375348,10.206328662239015],[76.21378475856672,10.201047127462276],[76.2116098013989,10.200318301707263],[76.21202343728412,10.19747307702614],[76.21375589790496,10.193424894615278],[76.20348979692297,10.193761731006955],[76.19889715392613,10.192164110403585],[76.19465445939623,10.191289006942782],[76.1915293452836,10.191508374666805],[76.18717847825975,10.190999805517299],[76.18256284683626,10.189230656334558],[76.1761397928949,10.186102688077998],[76.16898310421087,10.184500804559686],[76.16770054256935,10.181928328287125],[76.16225721674101,10.177259870541661],[76.16009203025885,10.184943806633436],[76.14817455328547,10.223333472896755],[76.14358190467728,10.238348631841246],[76.13756891721137,10.257483653347961],[76.12300148065452,10.309370037637128],[76.11435228792193,10.33403439990234],[76.10800282498582,10.351292546026919],[76.0887626165361,10.399607818140304],[76.08397086983824,10.410961702350885],[76.07822350243828,10.426441386821907],[76.0738218417716,10.438775720949305],[76.06867189504732,10.450197144345823],[76.06764014481475,10.45189703633401],[76.06285576161434,10.461910614601125],[76.04855522829337,10.48911204703732],[76.04038222592226,10.503597919109254],[76.03423234205822,10.513255857862],[76.03070029535466,10.519387350751805],[76.02903256810718,10.523909557424663],[76.02557670902013,10.532258538807001],[76.02199641979863,10.54005041554995],[76.01565381477494,10.556349862268169],[76.00172834061026,10.583238550693654],[75.98649910793534,10.616324426973797],[75.95673259058579,10.685125820481836],[75.96338192295609,10.689121172028257],[75.96254149880548,10.690796650695194],[75.9659320847029,10.691875764718052],[75.9654291681907,10.693301502263072],[75.96746521947853,10.693882944788792],[75.97122238389973,10.690937046770543],[75.97406933628956,10.693527910215908],[75.97533286170716,10.6912633373142],[75.97711817642268,10.693518351494903],[75.9767003039574,10.695784741642226],[75.97940745519017,10.694686633707285],[75.98033027317088,10.6916636044304],[75.98176422133935,10.689814447510944],[75.98150228153439,10.68797514491144],[75.98268217715014,10.686714588081728],[75.98395474684754,10.687293834499293],[75.98320140728298,10.688973578050678],[75.98506202757143,10.68905361972349],[75.98625669280611,10.690975819080085],[75.98998291583315,10.691217264099185],[75.99049247533128,10.69188478423196],[75.99354072161302,10.691707812335743],[75.99540304149984,10.692289625620472],[76.00088848328713,10.6949033403245],[76.00177368699404,10.692779049019911],[76.0053963066791,10.69148996214818],[76.00720235910063,10.689662007254254],[76.01190499674918,10.690547603141294],[76.01383783091482,10.691865994787259],[76.01593914115715,10.694832045677446],[76.0197592654511,10.697391897471402],[76.02424741113532,10.697691742695897],[76.0240688558908,10.69866353233799],[76.02728867486279,10.6990826582384],[76.02971766861423,10.700012361277828],[76.03415086773282,10.700669083995036],[76.03399922445738,10.70352593205326],[76.03647735003469,10.707201198377204],[76.03966571427864,10.707435353568078],[76.04142599377488,10.705435567373566],[76.0425225509677,10.706995394231644],[76.0436423610449,10.706982108910474],[76.04388266832947,10.705495010514326],[76.04569924020619,10.70656223495541],[76.04811707555064,10.706892897639225],[76.04912784218916,10.704293925517279],[76.05142682862453,10.704488868705154],[76.05227629689104,10.70744531298084],[76.05250404603667,10.710519172252118],[76.05625076513182,10.716532142549495],[76.06094884055305,10.719792238184505],[76.06096165537552,10.72414080185708],[76.0586391370906,10.726346267617481],[76.05916680868665,10.727600739082332],[76.06248334781999,10.726432985315688],[76.0633017074873,10.72551548913544],[76.06475058163129,10.72593161903253],[76.06485608492768,10.724335962182055],[76.06676913246542,10.723511375673628],[76.0676258145785,10.725701601107373],[76.06589335698413,10.726017733240758],[76.06555215435215,10.72938081574786],[76.06899164783313,10.730407531920894],[76.06981687874936,10.729553354022096],[76.07332055860863,10.729816139940198],[76.07572980855687,10.727651260721107],[76.08104134935584,10.727588803600527],[76.08251796872193,10.726264497978164],[76.08478338683818,10.728047335463245],[76.08985423643868,10.727056484285615],[76.09627531968754,10.728294133691314],[76.09676108990084,10.726184824038924],[76.0995723168171,10.725398463877852],[76.1224135829652,10.710511805179896],[76.12318144554631,10.712174148512094],[76.1268151263854,10.713434108125723],[76.12675125380495,10.7149304108399],[76.1299920079844,10.716363384282038],[76.13278493733456,10.722402474190389],[76.13410591572591,10.722298405363084],[76.13595702486725,10.719599743639018],[76.14000456098054,10.71954308868122],[76.14460972761248,10.719886392017516],[76.15187693175363,10.714025179380112],[76.15217388039275,10.71250185771562],[76.1536547128126,10.711665425135092],[76.15450500660502,10.71331524267879],[76.15425839136131,10.715593523767541],[76.15685032323385,10.718052356614647],[76.15645019468985,10.715914313724037],[76.1573208666218,10.71583738030534],[76.15889733210479,10.711515733318588],[76.16113197038717,10.706945445851249],[76.16403417916871,10.706303133921448],[76.16379671370753,10.707935062478631],[76.16518666248183,10.711406520615677],[76.17163632732257,10.713530176610444],[76.1722221420677,10.71812721597988],[76.17386783935453,10.719302270858517],[76.17471404018609,10.723153497892604],[76.17682146864048,10.72406621950346],[76.17896153655958,10.728988462580947],[76.18119229756046,10.729666115686985],[76.18083656692619,10.734272388643758],[76.18228106573231,10.734299333977672],[76.1824276343339,10.735809019988787],[76.18595701706555,10.738186067051748],[76.18735867500966,10.741250533009046],[76.18945484011601,10.742325970789661],[76.19070561834646,10.74475086750202],[76.19046165895433,10.74761003243383],[76.19165526977244,10.750043956220628],[76.19413799738892,10.751989441696281],[76.19536434876997,10.751046505548684],[76.20044784519949,10.752252046797851],[76.20306806666035,10.751341411319036],[76.20336967425072,10.757001219911947],[76.20401282580566,10.762369318022653],[76.20506789495147,10.764435937069557],[76.2053647141647,10.76778475459263],[76.20071490845298,10.77119791906112],[76.19838791962893,10.77356229903179],[76.19468247215532,10.775317121747564],[76.19397677532679,10.777250267003625],[76.19168526324262,10.775848520105283],[76.18883932460436,10.778784513790121],[76.18793995926362,10.780293343885011],[76.18847177378615,10.781846469935653],[76.19437448319047,10.78186898767828],[76.19670438643965,10.781389821239848],[76.20317019698334,10.77816409458407],[76.2060698957608,10.777257650319804],[76.21135425351889,10.777047175689388],[76.22010411426803,10.781348331455316],[76.22271909767848,10.78015804107021],[76.23016138179436,10.772027338545216],[76.23311305476949,10.7715906563804],[76.23773554102544,10.772797381634414],[76.24154374300804,10.772732415886818],[76.24349222446243,10.77182944189816],[76.24627628052738,10.76621252271198],[76.24691510856678,10.759238939377449],[76.24480387419644,10.755002380240597],[76.2446110346218,10.751887484486645],[76.24566068177354,10.749121316835048],[76.25141761309649,10.745785047050783],[76.255514026767,10.748092208143042],[76.25713825700606,10.748420142718699],[76.26485024821987,10.75279211145699],[76.26746232549993,10.753201817022761],[76.27037366465356,10.753009155396532],[76.27782849838175,10.75159968543362],[76.28183381516163,10.751764035033483],[76.28365979457872,10.753316158642155],[76.28827778763082,10.755638724765355],[76.29269932368163,10.753699051215197],[76.30440906051822,10.751404936578657],[76.31079655456888,10.749125139258021],[76.31643512994908,10.746443140724015],[76.3245991917444,10.745300890322246],[76.32655596560622,10.745346771873857],[76.33323009240611,10.748473649865243],[76.33681354443212,10.749398488264523],[76.3422393528042,10.748272051448293],[76.3479668670218,10.74406116579585],[76.35332085164882,10.742229632492569],[76.3577461923579,10.743331482615481],[76.35842179791351,10.744155779344602],[76.35911460991841,10.748804494460718],[76.36179870112402,10.758145750627785],[76.36424447777515,10.762217139467118],[76.36625357260912,10.763709099269978],[76.370119940001,10.76526684468338],[76.37566630818202,10.766727909383748],[76.38088623022816,10.767545544126525],[76.38301191124637,10.76753606575792],[76.3878537387163,10.765652037680413],[76.38960416462744,10.763542076351644],[76.3913982565475,10.758014493373173],[76.39223015395996,10.751396142470075],[76.39296063900925,10.748821773190645],[76.3945183710842,10.74659971054943],[76.39613194032805,10.745593465832991],[76.40089029989807,10.745517742669582],[76.40497765578655,10.746661083502834],[76.40795330172274,10.748586915400809],[76.41315780146527,10.749114808288406],[76.41762958304997,10.748375616598837],[76.42610000874402,10.749335879686324],[76.4321880034313,10.751098037556241],[76.43604908859854,10.750745675601626],[76.44133369627876,10.748876812409252],[76.44586491622567,10.749131550279083],[76.45441340281269,10.751121265512701],[76.4611900979159,10.75157319212955],[76.46574710907807,10.75242413760794],[76.46895968923992,10.751292430991773],[76.47243169420898,10.748503285527157],[76.47034185130342,10.743135599592671],[76.46817752673866,10.740781643385171],[76.47598563993972,10.736251380606461],[76.47603932024408,10.735066854005186],[76.478782078776,10.734167819577921],[76.47732517326705,10.729708554908608],[76.47589485148016,10.729774097956371],[76.47468960894618,10.72818418123598],[76.47145126316428,10.725835275432319],[76.46942095287312,10.725668604593311],[76.46551541733025,10.721428836504696],[76.46347784847293,10.719725124510912],[76.46531921360796,10.717704875523074],[76.46303787764764,10.714732181814213],[76.46114397995085,10.706758030406474],[76.46132012127671,10.705454783588396],[76.45771247959694,10.701213938693648],[76.45608704955706,10.69868109105937],[76.4541279624136,10.700936878288767],[76.45239215366568,10.700176455392075],[76.45156195201739,10.701482188526715],[76.44835076935244,10.700904917165529],[76.4470334753931,10.699726713889447],[76.44122568176378,10.697095530154403],[76.44026352991581,10.695621825035113],[76.44489968561778,10.691179395081717],[76.4474003921168,10.686511776136827],[76.4486137318893,10.683120277853423],[76.44893857580772,10.680293543114129],[76.45143071642018,10.674825779467474],[76.45012073430686,10.670338532881837],[76.45071412370123,10.665367829348023],[76.45031527371562,10.664149086970614],[76.44829003211034,10.662051955934006],[76.44862196346266,10.660721365394563],[76.44599504077327,10.661841084702235],[76.44437545072121,10.663399096725215],[76.44208141882815,10.663409642003765],[76.44061744106693,10.662087365732095],[76.44016047474332,10.660150236833417],[76.43717398871834,10.656723869049316],[76.43487066586482,10.654740834504425],[76.43518983104863,10.651665443668847],[76.43478441862389,10.64983772372785],[76.43316166082194,10.64890369093094],[76.4315374749701,10.649467151734559],[76.42968881044189,10.648919541253317],[76.42379901364596,10.64905714351904],[76.42429450430404,10.647502092397897],[76.42199571091678,10.646459230501023],[76.42343267378216,10.642985507538599],[76.42212994386885,10.638945529456064],[76.4201657429859,10.638122719733364],[76.41975354824324,10.633965664063032],[76.4171610304991,10.630645754305789],[76.41832454342585,10.627313449852332],[76.41720062977463,10.626346569854823],[76.41954981749934,10.625477098704705],[76.4183569383056,10.622431077482142],[76.42026075049229,10.622092509743458],[76.42000916711936,10.627970321854695],[76.42369825365708,10.626344326046647],[76.42538080480516,10.626557822023326],[76.42507493328644,10.621681935901966],[76.42618686979873,10.620067557912186],[76.42394571665993,10.619580495838488],[76.42377306131203,10.618803755373344],[76.42618121006322,10.618847050282843],[76.42700900507424,10.616049665870435],[76.42845655537153,10.613882242436777],[76.42546911148087,10.610125726592601],[76.42328153509875,10.609358064845408],[76.42180401277535,10.605020586458503],[76.42063714186662,10.60663066840896],[76.41788276408636,10.604816734697437],[76.41508171860987,10.604770593162042],[76.41329394810667,10.605501896684299],[76.41282611500925,10.601123609414715],[76.41489531534815,10.600002324198636],[76.41257246284158,10.594615208588662],[76.40397141526977,10.600141586493244],[76.40312346905618,10.598540620263012],[76.40328258697714,10.596374546992548],[76.40188729114266,10.596991017945347],[76.40127690667781,10.595388966870427],[76.40210164355665,10.590324470981367],[76.40374846075645,10.589306808097094],[76.40483173199317,10.586399825160848],[76.40811618137579,10.58126339503392],[76.40881370715472,10.57833344819849],[76.41006575325747,10.577981805183157],[76.41683975648175,10.577684685596676],[76.41952747031684,10.577980053303902],[76.42116481288082,10.576385938854182],[76.42083479961228,10.57217428557544],[76.42512972042047,10.571277935483623],[76.42528645095481,10.568610081169142],[76.42620371516047,10.56740355271139],[76.42654268934649,10.56462185432499],[76.42982074798824,10.563192113817328],[76.4302693681329,10.561413539261753],[76.42976083853577,10.559123973562153],[76.43021117302973,10.557706932314057],[76.43336973127883,10.557123066416349],[76.43541504800406,10.554880623828616],[76.43837850922576,10.55654429548025],[76.43817847203763,10.553805784873127],[76.43466241347939,10.547239892731666],[76.43126879118495,10.536478319515416],[76.43385742323485,10.532212792119584],[76.43723456089766,10.529557537580454],[76.43921212080039,10.52848620649295],[76.43979965874752,10.525174524216679],[76.44082882004085,10.523492775334356],[76.44303236168335,10.521927738089085],[76.4500717774576,10.521059259263515],[76.45115120649355,10.519399817957893],[76.4594096079178,10.510628391070329],[76.45898451316579,10.50764678884111],[76.46684017062063,10.502213180513529],[76.46668733228977,10.498367029149305],[76.47155393124403,10.495971232366204],[76.47146796519175,10.492273901223053],[76.47363744602214,10.490347202828616],[76.47378312278197,10.486373074617804],[76.47547449815208,10.485732286593137],[76.48049179026478,10.485288577724132],[76.48661864763221,10.485761776669722],[76.4884042469217,10.479989921287883],[76.48994776370245,10.478056972532006],[76.49147549023839,10.47853803406168],[76.49283050665099,10.47728854010789],[76.49765473605437,10.47853614355757],[76.50210969890932,10.478022373317188],[76.5035212973251,10.475253764435015],[76.50519810617183,10.473514553960824],[76.50701197198698,10.472732982483084],[76.51089555158362,10.47213598969779],[76.51387868189387,10.472316176491894],[76.52138355455803,10.468876579332017],[76.52299835074484,10.46848459050403],[76.52519439590189,10.466485157572972],[76.52608555052664,10.462882637256968],[76.53183402882364,10.458940508559138],[76.53379075289843,10.454718141501223],[76.5363507709415,10.44783490451737],[76.54735981280331,10.446755562848224],[76.5520913900893,10.445959611931633],[76.55493632378077,10.445046226922665],[76.55713418455649,10.44349409991196],[76.55606620792136,10.440850375332564],[76.55636807487002,10.436355761418675],[76.55862594068672,10.434030324746196],[76.56077059073993,10.435561295835813],[76.56303870875637,10.435292591077996],[76.5673264921179,10.437133891175037],[76.5699162557212,10.436352766582207],[76.57257732659028,10.437044826226314],[76.57633237004406,10.436447734179962],[76.58132254116352,10.436296515085376],[76.58448369244708,10.436543039702805],[76.58816951777783,10.434906457767973],[76.59013571139144,10.43274957049807],[76.59125851845538,10.429055508439145],[76.59402289564021,10.42674091506971],[76.59518123542466,10.42376534421988],[76.59513262786581,10.42139243699623],[76.60108904533773,10.418270853833182],[76.60134486584985,10.416497632719066],[76.60309293235032,10.412791366657636],[76.60483444728762,10.410486411849542],[76.60341190507684,10.408192677721699],[76.60689569508948,10.404635958595739],[76.60667594919745,10.399176651640262],[76.6096398975716,10.39844757117157],[76.61530252275558,10.390680514241781],[76.61803446748783,10.390137907809413],[76.61850455903702,10.38478363745162],[76.62095294208119,10.38060367085846],[76.62413892940462,10.37870261836092],[76.62600954714358,10.38023905840032],[76.6276999267725,10.383132464147442],[76.62925337558363,10.382482672343288],[76.63076942824841,10.380779971727435],[76.62851611538997,10.379399196607169],[76.62869654417932,10.377210460907463],[76.62967832384804,10.376378340444589],[76.63260918932428,10.37636345946268],[76.63582667355456,10.38056435037408],[76.63658673035198,10.38097635814611],[76.64026192509635,10.380130429864122],[76.64198531275515,10.38230481909857],[76.64453488790649,10.382707672322185],[76.646856229678,10.382243695815927],[76.64863469721516,10.380991557852237],[76.65156024331462,10.379959514184925],[76.65333058726868,10.377161505999418],[76.65416859283128,10.376777484729853],[76.65668577062348,10.378839218765657],[76.65757101272769,10.380493509756931],[76.65677963608329,10.381930475459203],[76.65723596828465,10.383623171129148],[76.66097088557629,10.385448117286833],[76.6650527234536,10.380341849716379],[76.66755237346474,10.378217990776585],[76.6684567467157,10.374863907091747],[76.67008187244454,10.373124281503149],[76.67910535160723,10.367648591804599],[76.68357315424143,10.367376624148749],[76.68490756708405,10.364228224437529],[76.68681381947597,10.363020413650647],[76.69465846254661,10.361695538131226],[76.6981866608169,10.36245437588764],[76.70110821800462,10.362443438394951],[76.70402834942186,10.363869812789694],[76.7044318934538,10.368428409133873],[76.70777791195277,10.370932789089238],[76.71401095245885,10.372929056114767],[76.72257945842067,10.372083218641126],[76.72686593884593,10.369574213580615],[76.73080685704478,10.368156390796965],[76.73440521052724,10.368371993774888],[76.74622447437558,10.36600289632794],[76.74893191186217,10.365867905395183],[76.75192759332661,10.362188703481891],[76.75325482613368,10.361164482708492],[76.75579836472528,10.360508782083768],[76.76340660505925,10.361108963595717],[76.76465184218948,10.359294239940398],[76.76490601472638,10.357407999749602],[76.76221667372229,10.352378625555888],[76.75766813536242,10.347888094195431],[76.75598850558329,10.347106263003571],[76.75214819353178,10.346824318210952],[76.75350162906402,10.34395136825486],[76.75127737494901,10.341251524984912],[76.75096527903278,10.339291589190244],[76.75144479116632,10.336875298018946],[76.75360580342056,10.335584454636042],[76.75893050068333,10.336043546862212],[76.76136218347186,10.335845004441731],[76.76625956021786,10.334159375900109],[76.7713220571442,10.33345366829961],[76.77305388268668,10.337060056682661],[76.7758516251007,10.341076343592858],[76.77753667723086,10.341220745350531],[76.78227136540157,10.338215976255709],[76.78333305315383,10.337080157945028],[76.78753583600319,10.335285140513664],[76.79179310939514,10.33507165630158],[76.79472746288286,10.33577399015133],[76.79713048660409,10.336962883720936],[76.79918155080611,10.33725424072437],[76.80248019760084,10.336218831516685],[76.80461336160835,10.336509802201098],[76.80543362428784,10.341065598263683],[76.80521829815847,10.343324458776864],[76.8079298446474,10.345761270103408],[76.8119244473166,10.345887966532022],[76.81547119169952,10.348295092056365],[76.8179337076866,10.347115125260796],[76.82004986974248,10.34442748429095],[76.82783652387329,10.336505532893073],[76.83222441013392,10.335992471851265],[76.83724380927362,10.337056775296238]]]]}},{"type":"Feature","properties":{"id":"32-312","name":"Wayanad","source_name":"Wayanad","state_id":"32","source_agency":"Survey of India (SOI)","district_code":"567"},"geometry":{"type":"MultiPolygon","coordinates":[[[[76.41413469388766,11.758893986000286],[76.41469092768163,11.755045643761816],[76.41326875145202,11.753970119073868],[76.4122042126666,11.751854868312723],[76.41226335296908,11.7482665191217],[76.41280437848681,11.74655789655698],[76.41231779312317,11.743719367098855],[76.4103750196476,11.74224158029005],[76.4131979950586,11.74019817288653],[76.41622578913744,11.74239899683455],[76.41806972902734,11.742638318355544],[76.42024809764312,11.739347331678944],[76.42200471170979,11.73832101758019],[76.4229812632549,11.735568195781772],[76.42514095299774,11.731771028650709],[76.4262868022788,11.727069962510145],[76.42734615626148,11.726012041798056],[76.424841178717,11.722857516866851],[76.42459775095095,11.720941069339563],[76.42159339057075,11.719911040730267],[76.4205658049231,11.718767665649743],[76.41846508581193,11.718645966044418],[76.41647206047027,11.717649558550715],[76.41595999051815,11.712991744494106],[76.4135288600991,11.71105754632304],[76.4125154066601,11.71273001775108],[76.41282758550747,11.714691722536958],[76.41174530536505,11.715835412215236],[76.40794290647031,11.714809788855336],[76.40550704085264,11.711230268561087],[76.40356240821647,11.711655302798587],[76.40414695439614,11.708920647604634],[76.40336479302047,11.707795217777727],[76.40521983877244,11.705876282442619],[76.40764392570588,11.70742409492512],[76.4087858499895,11.706425097065928],[76.4094731903543,11.701633787087271],[76.41073882946564,11.700160055258138],[76.4099589796494,11.698523948499652],[76.41167870372736,11.69786377570007],[76.41202913526935,11.694771992381533],[76.40999513200586,11.694641158367524],[76.41067838449656,11.69345914549993],[76.41010482005642,11.691350603931403],[76.40837101744155,11.6896535121522],[76.40952419543908,11.68774817183768],[76.41112936947727,11.687847415359414],[76.41116702984381,11.686763772399896],[76.41306668260734,11.685745400320176],[76.4127773559016,11.682310208132138],[76.4138916352072,11.681738202016229],[76.41341905750386,11.6798466489133],[76.41549136673484,11.676126382011539],[76.41488121402014,11.674517328099844],[76.41662801272135,11.671777959537533],[76.41903081687802,11.670932355448391],[76.4205902353084,11.672536694447423],[76.42183053078857,11.671399694936321],[76.4249053625451,11.67144439637026],[76.42658814640562,11.670081310910513],[76.42808304117337,11.67001776838768],[76.42947071200385,11.666229698951712],[76.43113197927056,11.666455353488217],[76.43393201714818,11.6592822868283],[76.43396872107837,11.65782601413344],[76.43563750985338,11.65642444638187],[76.43571972186959,11.65469323416516],[76.43699872496151,11.653054448799194],[76.43892215241543,11.652901499285349],[76.44314248139884,11.649577945162205],[76.44393948015309,11.647338001365673],[76.44332902902877,11.64365827932831],[76.44012751503132,11.63987107130499],[76.43454726459218,11.635872858032053],[76.43276189847138,11.631944453183849],[76.43181711519998,11.630950262882468],[76.42996012068384,11.630824003456562],[76.42700734560205,11.633482205301924],[76.41746596361318,11.633483956636582],[76.40651741902366,11.634294539589847],[76.40134425296156,11.632853063643953],[76.38799665122546,11.62970350963621],[76.38529584798306,11.626060455124883],[76.38319131245655,11.624080779306098],[76.38308563554737,11.616094116848322],[76.38382804528247,11.612081722668897],[76.37817505646782,11.608545425476702],[76.37757902377182,11.603822251700525],[76.3778814894323,11.601946269624232],[76.37421370858928,11.600083854006087],[76.3670021297451,11.59836609600015],[76.36166468822366,11.594637631873809],[76.35891504954957,11.593384690362207],[76.35447751524289,11.589347975703989],[76.34834805374943,11.589315786866916],[76.34613373499816,11.589003697752522],[76.34343825408475,11.587692650095642],[76.34029798663421,11.587235699748659],[76.33985499565131,11.593167565831168],[76.33577788654779,11.595772881480263],[76.33055514849612,11.59272631739637],[76.32221686328683,11.587187785124739],[76.32031927397517,11.585370360063909],[76.31769770911694,11.581613723638375],[76.3158238236275,11.576632452321665],[76.31043706115706,11.577431147479379],[76.30873649138472,11.57640921489719],[76.30228314669345,11.571263822333103],[76.30038438578775,11.573143155123415],[76.29959558236595,11.576049907938595],[76.29877751245247,11.583598144686489],[76.29589162802812,11.590188306920579],[76.29493459255609,11.590517279967251],[76.28599412676346,11.590234500226355],[76.28238424748315,11.595978411180782],[76.27886627972671,11.60090156308936],[76.27551593358008,11.59748130185458],[76.2743157156282,11.595325141100192],[76.27420150761678,11.593715642957372],[76.26804431411847,11.59406595884083],[76.264826350674,11.593929145443067],[76.26527530849181,11.593028828466355],[76.26440670805877,11.590930740352556],[76.26122097138544,11.590393384676707],[76.26121065051551,11.589398686627458],[76.25673667864888,11.587502805891893],[76.25308000819635,11.584079795647709],[76.25030346597592,11.582194132432681],[76.2490406647105,11.580046150791652],[76.24624479466998,11.578247569878522],[76.24467807850344,11.577994415191219],[76.23909613589313,11.57480648397838],[76.23373215394504,11.570613903820025],[76.23332276560271,11.56786703313944],[76.23519208693963,11.565847615630108],[76.23603111286502,11.562892416671808],[76.24057973984978,11.554983502767163],[76.24128638970544,11.555566675972889],[76.24386181798143,11.553546300805143],[76.24239541687848,11.552099154825411],[76.24279761277388,11.548017406850311],[76.24605500033343,11.545162535543797],[76.24436934857424,11.542887821572174],[76.2459861204259,11.54011110786262],[76.24700885959982,11.540067151660896],[76.25002596703126,11.535743279112362],[76.25139760360521,11.536882803813993],[76.25003604414367,11.532711678244677],[76.25004922280266,11.526919389665903],[76.24735200738905,11.526941434844295],[76.24436486758461,11.525177643446058],[76.2421285785648,11.52635797436688],[76.24058196077583,11.525912585818961],[76.24042937607562,11.527017015878124],[76.23995920468032,11.527104151855317],[76.23957441448715,11.52662027785643],[76.23920820442206,11.52518610679577],[76.23697753730298,11.526592467758444],[76.2338240547786,11.527659098491005],[76.22865263667235,11.522156836577247],[76.22726341739086,11.518916998918126],[76.22622062027857,11.515196394310266],[76.22588958125353,11.511789264749615],[76.22448158146425,11.510524880379691],[76.2239086321974,11.508411663186934],[76.22202825860916,11.510254976596627],[76.21954295364301,11.510012215413504],[76.21675901053848,11.508527568837621],[76.21487272069736,11.509014578832161],[76.2077467486874,11.50717724799685],[76.20416522255971,11.50566857500829],[76.20119223255453,11.506047026967764],[76.19915962768766,11.50554458055881],[76.19488818402097,11.500182579312996],[76.19106906628312,11.497725485118616],[76.18923994474815,11.494360515392566],[76.18906358839114,11.491635283297628],[76.18780007189237,11.48979827675714],[76.18551894946849,11.489014198550757],[76.18431471852988,11.487088773478003],[76.18421763010389,11.483603670323962],[76.18145792099574,11.483434032219613],[76.18278491119574,11.480725284961611],[76.18660559395563,11.478155610543885],[76.18647353964569,11.476162562104998],[76.18543906936884,11.474277092539433],[76.18536758580365,11.472527919772867],[76.18332730666783,11.472314629183959],[76.17993212027886,11.470294129106039],[76.17817400307302,11.468492916742893],[76.17483206039732,11.467123106532869],[76.17211433047416,11.467093279464255],[76.17148993213794,11.465712486068009],[76.16918222675869,11.465093344282922],[76.16763248396026,11.463806578994399],[76.16430767467251,11.457640056974219],[76.16074250878229,11.456573856454943],[76.15943121746143,11.458654058871971],[76.15856361749545,11.458291274661146],[76.158532576313,11.45629780624909],[76.15229601068151,11.451883108152991],[76.14725774084553,11.452549350801007],[76.14607927620818,11.451233940176326],[76.14272116295284,11.45080216920222],[76.13720867115669,11.457308258561522],[76.13506797938321,11.459463950838156],[76.13212472063611,11.460334240278916],[76.13080926741678,11.463747970427741],[76.12825246033576,11.4638528732272],[76.12578919973247,11.465602782613841],[76.12393833915424,11.468064666011607],[76.12385436213044,11.47116624272143],[76.123013160494,11.472860272743437],[76.11392204619008,11.47561205596283],[76.11136320679698,11.475219519343332],[76.10722533752707,11.478919633087276],[76.10556324881883,11.481665513786304],[76.10187177703587,11.482348594122293],[76.0920881905651,11.481548996095635],[76.08891746677105,11.48536742695146],[76.0867496969051,11.486587054527815],[76.08733877710148,11.489613838932202],[76.09266751379316,11.492744873799062],[76.09077631197043,11.49675285095937],[76.09117041532654,11.499133810169578],[76.08898407609495,11.502699932785875],[76.08874668190371,11.50652991333662],[76.09026498137649,11.509205028487745],[76.088859526132,11.51202675693872],[76.08586615498528,11.513181721663535],[76.08546946721819,11.51251866422619],[76.08268682150037,11.513627513971318],[76.08119336451965,11.517462213288923],[76.07897622904225,11.520219103683802],[76.07550098750185,11.522456237447258],[76.07424482658078,11.522411178657661],[76.072368815203,11.520885474097161],[76.07159443838668,11.518551091741562],[76.06880445140345,11.517756611687668],[76.0674531309347,11.516780596855735],[76.06688445995907,11.514260085643677],[76.06520811395929,11.513393723366564],[76.06110478655333,11.508263974056318],[76.06076006015758,11.50925076362188],[76.05718085218543,11.508187804277284],[76.05598231518928,11.505145120993749],[76.0547034665158,11.505122604465468],[76.05193604123563,11.502958135152136],[76.05063596650669,11.503419433416203],[76.04826466909394,11.502993968088798],[76.04697020571548,11.504947107386572],[76.0449806037837,11.506120581913695],[76.04334474567167,11.503766626304675],[76.0374070783161,11.502002073216481],[76.03625044277835,11.502828963313446],[76.03630580246806,11.505423729378553],[76.03542987967131,11.507809319542025],[76.03209752069235,11.510321265836666],[76.02696243928881,11.512491393035939],[76.02288149008957,11.513378290123487],[76.02115969364377,11.512602165908723],[76.01777169621646,11.513703628087592],[76.01551953239581,11.517129236023225],[76.00891849430754,11.520909055937969],[76.00583053525358,11.521358329098788],[76.00435168388496,11.523149150375106],[75.99931966833934,11.526100611119025],[75.99754369869223,11.530731605428798],[75.9946232919174,11.533241685695652],[75.98764512409664,11.536882204673146],[75.98139449583178,11.538847350142811],[75.9765449720672,11.543022962025864],[75.9741562181674,11.545589913595318],[75.97282613139184,11.54540450056024],[75.97192900706041,11.54849070234958],[75.96840345527583,11.551124715448493],[75.96372345548438,11.556705584808457],[75.95750827067994,11.55986369434578],[75.95819589250978,11.561172456521152],[75.95776388588293,11.567629784288384],[75.95647075899448,11.568913488462387],[75.95721801925555,11.570253720229461],[75.95627006322287,11.572594238991268],[75.95736515504923,11.574412526431093],[75.95493771971557,11.576500245417432],[75.95314502980852,11.579209638293904],[75.95136729185259,11.580942538315762],[75.94993820892412,11.581363090539153],[75.94633969722724,11.580222093599154],[75.94489301376301,11.581553702283454],[75.9436524402976,11.581446947656866],[75.94170996946379,11.583279740329358],[75.93921689403471,11.583635976967733],[75.93637319980483,11.590250393349967],[75.93403781912262,11.589778694582877],[75.93215598459075,11.590584974841466],[75.92891165642631,11.589795196165502],[75.92561495301398,11.592590730804343],[75.92523023498238,11.59412455528578],[75.92420900542973,11.593119628878991],[75.92122848819979,11.594471907082374],[75.91750303255117,11.595204768182372],[75.91592524409968,11.597879426277373],[75.91320739360178,11.599678341846063],[75.90899375652673,11.599754947873272],[75.90717563174061,11.60330514758164],[75.90621473618093,11.6082043620514],[75.90518917191112,11.611535078192192],[75.90396201656121,11.612085986824553],[75.90383453882525,11.61378169578219],[75.90208425803763,11.614234732932426],[75.90101986683757,11.615485927812003],[75.90112458508843,11.618107718580534],[75.89847278529814,11.620579925379484],[75.89773057468722,11.622223413207179],[75.89754689890356,11.625004361010653],[75.89947130003478,11.628773376576742],[75.89955947429148,11.636255400360506],[75.89878570337245,11.636642136565426],[75.8968214536582,11.64191515674892],[75.8988881326968,11.643536293709992],[75.90056643397014,11.647048375109259],[75.90317431763718,11.650815214070796],[75.90250831149808,11.656170162874734],[75.90410507182165,11.657931835549254],[75.90508838069793,11.661216499427429],[75.9047695909724,11.663324343269931],[75.90249212667734,11.67103976318803],[75.90000817816774,11.674497038945361],[75.90124901047803,11.677654884133183],[75.90511290483565,11.67868104619262],[75.90713455368392,11.682598816324358],[75.91137597350642,11.683584576943897],[75.91512591799683,11.687184832881185],[75.91517252607638,11.689719777601427],[75.90904742665658,11.692498198628442],[75.9086182388077,11.693109952729493],[75.90428762586566,11.694344312609733],[75.90038975828367,11.69748281034732],[75.90006503999177,11.698422429656679],[75.89662392946809,11.697519469002536],[75.89337509583432,11.698551335080301],[75.88856039481279,11.69762598438131],[75.88746578814674,11.698144768718317],[75.88226848050464,11.698065854097015],[75.88035397106057,11.69898496526963],[75.87892808048377,11.700630502531839],[75.87520785662697,11.70352173084123],[75.87258819826084,11.700464443959625],[75.87082855321925,11.701034977172506],[75.86725577488598,11.701185984449683],[75.86387418613201,11.702371655754629],[75.86273516496094,11.70340580180815],[75.85653787620637,11.701873713702518],[75.8544410400644,11.701694579259701],[75.85024530482065,11.702177323562381],[75.84891717698169,11.704387445288551],[75.84534824730358,11.705858323247531],[75.84521991173928,11.710415858781076],[75.84565995319727,11.713321606505524],[75.84439067193442,11.713795556880694],[75.8405415129186,11.716673205088782],[75.83635416217092,11.718516511135757],[75.83330345447764,11.718480208149236],[75.8308777195597,11.720327351931974],[75.8295065612988,11.723572895990321],[75.82731727193868,11.72475471347559],[75.82789531208542,11.72630374051929],[75.82464284874939,11.726335746472866],[75.82359960113052,11.727233925422118],[75.82131711710349,11.732620586422737],[75.81912593451062,11.733191933270414],[75.81623083087712,11.736197724964182],[75.81409245690986,11.739165120390439],[75.8114219969372,11.73903250758605],[75.8101644056526,11.741997447960955],[75.80454022433608,11.742153469812525],[75.80201876711601,11.742770907518107],[75.79663062528648,11.742080706243216],[75.79225412896088,11.742499951476312],[75.79303099476958,11.743435864258627],[75.79683715508999,11.745285541175612],[75.79909919287103,11.746974653892856],[75.79989447986853,11.749101844491586],[75.79918900632265,11.752643786323954],[75.79526153534466,11.752605010639146],[75.7925854146667,11.753756335710344],[75.7873471209658,11.757401266941196],[75.78442704862893,11.7583135130731],[75.78313287589603,11.759808989685208],[75.78419595860547,11.762554959912942],[75.78714738529354,11.762998853882715],[75.78801828526636,11.764330222456755],[75.7896080625568,11.771532373853555],[75.78731146338409,11.773907830223202],[75.7882378822952,11.77540169206205],[75.79089357987408,11.776646681677894],[75.79206376406921,11.7782981575489],[75.79293642824312,11.78177238683106],[75.793834883728,11.783076552855134],[75.79354172920964,11.78486318634922],[75.79393391541164,11.78878636924218],[75.79269161690667,11.790815264008137],[75.78910621861519,11.793429302017293],[75.78632361166022,11.794395489536813],[75.77906355761628,11.799004368827863],[75.77682093077975,11.801090189322057],[75.77236379225796,11.801825715349418],[75.77574278680352,11.802829268073925],[75.78065352208034,11.806310599064538],[75.78136437457339,11.809373886312791],[75.78613716647632,11.81109682434643],[75.79107364626584,11.81385903416395],[75.79391741594607,11.814972354078856],[75.79842124890821,11.818825260469199],[75.79886101536023,11.820135066156984],[75.79821481032873,11.822004111659435],[75.79768893980683,11.827421764151588],[75.79563837129194,11.829294729993121],[75.79237569264589,11.83097212022006],[75.78951531600379,11.835356536041804],[75.79002238668936,11.84092956198279],[75.79320146093893,11.845188581330113],[75.80031351725587,11.844621525153865],[75.8044095653226,11.846933739379478],[75.80492740483032,11.848238863116817],[75.80485373333808,11.851281663109425],[75.80635018847215,11.854505450309214],[75.80874079537637,11.855832377862244],[75.81366604472188,11.856030687831675],[75.81718942244933,11.855514241518927],[75.8190103490269,11.85820347001326],[75.82263595086123,11.852749635744226],[75.82432662922751,11.852532290026177],[75.82691875031658,11.850684672307077],[75.82927253577941,11.850460764968714],[75.83306687672412,11.85157081344063],[75.83477413307804,11.851538694526978],[75.83782093618642,11.852813651155476],[75.84099593099951,11.855471573003289],[75.84370351562414,11.855382156827478],[75.84632643349445,11.854601215776322],[75.84791049549726,11.850355853843856],[75.85437195724401,11.847212448528659],[75.85886286893223,11.847971904614806],[75.86108892982635,11.849461630053318],[75.86330786353196,11.848708863905241],[75.87159114747399,11.84846650293503],[75.87662097464114,11.846931939277093],[75.87901128296174,11.846684899597761],[75.88268963159024,11.844512442370789],[75.88761959692778,11.846233137355345],[75.88880603883021,11.84412258966008],[75.891314787408,11.84219334293309],[75.90001649544298,11.842274324153607],[75.90172656275926,11.843118890161671],[75.90874225116828,11.844059367847056],[75.90919363446103,11.843176378846943],[75.91155653297646,11.845754785099636],[75.91191924927503,11.845102564372155],[75.91734308021573,11.84416275451799],[75.9195400577678,11.845145721053148],[75.92111127837734,11.8466942364722],[75.92360429953872,11.845932737639242],[75.92620242483147,11.846082449500939],[75.92548924751564,11.842802613618039],[75.92694695606085,11.842318674563385],[75.92646952236387,11.846361890841965],[75.92519909990088,11.847966453415163],[75.92653829326449,11.8504169298802],[75.92733418790121,11.853696524370417],[75.92888795124017,11.857158901525281],[75.93100063025753,11.85757692857398],[75.92781200475643,11.861999845434779],[75.92610593010667,11.862376134422668],[75.91971595676914,11.870267814685604],[75.91701600613068,11.8699104557945],[75.91382957343572,11.872348488612454],[75.91174293131851,11.872866093042497],[75.91104473146991,11.874093466058905],[75.91218723975639,11.875342055929428],[75.91464582862254,11.876247382680736],[75.91730452691596,11.877970271345857],[75.91863639209124,11.879566279648772],[75.92453872159054,11.879443064168646],[75.92589694048202,11.880690940284184],[75.93015061062889,11.881667075517289],[75.93291524158519,11.884790897491174],[75.93607707879137,11.889979429984114],[75.93590984741559,11.897453032708334],[75.93659973612131,11.900520419969721],[75.93900635417903,11.902525908372564],[75.93637421169237,11.905720096123957],[75.93617061228241,11.909269697736821],[75.93526844435965,11.911234776386724],[75.93205090113521,11.912687587931714],[75.9295485278529,11.91658828454924],[75.92754745714032,11.918064172879584],[75.92519528647001,11.918872110930756],[75.92452523197598,11.920289366093117],[75.92580818269948,11.923648643276826],[75.92570697454346,11.926280125725414],[75.9248961321941,11.928154436351269],[75.9259381594993,11.932179138515169],[75.92932936241205,11.93446005783442],[75.93214890300202,11.934681253359486],[75.93596142467209,11.933945240061478],[75.93708209312643,11.93677159334721],[75.93930269033018,11.94037182322306],[75.93726370436345,11.941513358905707],[75.93785573893604,11.942169945134957],[75.94042577322746,11.941369387774014],[75.9473242036324,11.941824173779008],[75.9516473676914,11.94068409211943],[75.95365344280188,11.941976137390952],[75.95627874233699,11.941943753085477],[75.96248763853434,11.939013195020097],[75.96768707844632,11.937194653101292],[75.9706242040948,11.936547366504564],[75.97630966471264,11.933752269932521],[75.97930034924694,11.934770728772008],[75.98338177901311,11.932764361803393],[75.99033121316306,11.9347547322562],[75.99382279840808,11.932317221056278],[75.99899025278067,11.931524062498696],[76.00310754757453,11.93143655762932],[76.00601498317171,11.937688893728712],[76.00743730197905,11.939226273780985],[76.00980099237186,11.939954962381817],[76.01069564702676,11.941040116362826],[76.01317410471552,11.941804982995098],[76.01503346898438,11.94110964218723],[76.02043111462972,11.942598761645428],[76.02213358334694,11.944054812466085],[76.02685284103535,11.943053067856615],[76.02802870778645,11.940978817641794],[76.03007628914544,11.940116203263221],[76.03343635669694,11.940216752269684],[76.03757587971785,11.943124399027653],[76.03878713547591,11.945018633855181],[76.04213784091542,11.945923629999367],[76.04450377256224,11.950475011198524],[76.04801643517823,11.951982033171097],[76.05179455363503,11.951476806439617],[76.05515382135196,11.955283459756902],[76.05806816146631,11.957987099419128],[76.06155652650621,11.960112282860074],[76.06340642903345,11.960664125887337],[76.0675649567788,11.963512574342557],[76.07000647928749,11.967119983167704],[76.0738441337181,11.968291372725526],[76.07954579131265,11.968812145028025],[76.08503654960823,11.967588072268773],[76.08657900135941,11.967918244341455],[76.08959060988074,11.96742596254011],[76.09456223881844,11.968918127654671],[76.0980234196917,11.971680167972323],[76.10295376135376,11.974351885772583],[76.1045237434551,11.975653748652004],[76.11243426323956,11.978775487278906],[76.11217254576499,11.967911524664345],[76.11217039241627,11.960252194551428],[76.1125453781701,11.946193163046596],[76.11252309282068,11.931449051661781],[76.11320301331874,11.917916306758272],[76.11328659880277,11.895013623528156],[76.11165766662889,11.887632432045729],[76.1123555774658,11.880649098050617],[76.11320935339228,11.876743873220624],[76.11483889910187,11.866696017183745],[76.11266865725958,11.858452041263762],[76.11720251780956,11.857800760184539],[76.11694566919837,11.854893768877234],[76.1186940212046,11.853172330250857],[76.11991470426496,11.850351882052918],[76.12332278945874,11.851450636772903],[76.12625914191115,11.853072549549681],[76.130836105376,11.853312453396805],[76.1335802900129,11.855016417889022],[76.13525829736989,11.857624334037142],[76.13912849090403,11.859820936142745],[76.14594107090024,11.86700764759283],[76.14935022632335,11.866483645984584],[76.1559491807906,11.870182787006117],[76.15740756665186,11.870518223601284],[76.16161103212787,11.869161715452512],[76.16471763457227,11.867606419707485],[76.16721396165076,11.868228865880726],[76.17081700759292,11.870466643360945],[76.17351590600805,11.871241929369045],[76.17988967736405,11.870229985182888],[76.1851675050022,11.871729541462345],[76.18783468093274,11.871991131759462],[76.19027408894836,11.871258085966037],[76.19828652306828,11.866591742711334],[76.20191990457319,11.862454994213323],[76.20677613980628,11.862003910962542],[76.20762817111256,11.860970827726732],[76.20799844092853,11.856220220319097],[76.20957134338096,11.852689646833447],[76.20987807726075,11.85037080403842],[76.20918942260712,11.848691147526324],[76.20983254853354,11.847797892847593],[76.21114723015685,11.842046691931694],[76.21283447726918,11.842055304614183],[76.21167832283241,11.840390130514594],[76.21137429600287,11.836647675443922],[76.21026325396898,11.834686334591506],[76.21090495009125,11.832037476189067],[76.20957640396786,11.828161814263511],[76.21236771844912,11.825338151655911],[76.21379294773885,11.82284580441075],[76.21526148160766,11.822884675431101],[76.21559956147044,11.821191958746791],[76.21698233618199,11.820834044558964],[76.21805127582903,11.818700304888791],[76.21845590250194,11.813891792444782],[76.22362476921097,11.808244567985605],[76.22694579236162,11.806195837431229],[76.2292532679737,11.805349761031723],[76.23251060413116,11.804896545777341],[76.23809827109002,11.803520297001537],[76.24151205121944,11.80421499567766],[76.24548473662696,11.802965820043914],[76.24894182148425,11.80357554701815],[76.25832620413381,11.808764935623733],[76.26760828136776,11.80955917014981],[76.27383344273855,11.810935923983608],[76.27598896631173,11.812163796476225],[76.2801121195194,11.81239069116368],[76.28160455732633,11.8093662419391],[76.28459005410025,11.801112129607231],[76.28826295898698,11.795119856596978],[76.29032834818152,11.793537312184013],[76.29308180919419,11.792633449802832],[76.29686836440133,11.789355095530421],[76.30168727672901,11.78596387102147],[76.30512858800738,11.786303984376843],[76.30765263933587,11.784834506881854],[76.30971997245527,11.774205139239385],[76.31075276745133,11.77239603771174],[76.31098319927713,11.767985829152886],[76.31327801888249,11.764819992041668],[76.31442558175554,11.762445481948008],[76.31488561904172,11.756791396004472],[76.31649183999585,11.754869306432655],[76.31718046518667,11.75283393927919],[76.31879150682991,11.75083533453944],[76.32904877434464,11.748319514096716],[76.33116829255017,11.74655251810072],[76.33519608382203,11.744162015146047],[76.3366894709963,11.741933847029399],[76.338434928569,11.741124990713944],[76.33964156863516,11.739041411724],[76.34337525972164,11.73978312992694],[76.35015933376286,11.740251620800754],[76.35242090868458,11.73832751329429],[76.35449402234292,11.74020450159685],[76.35777397773786,11.744264556276786],[76.35928370865479,11.74478087472464],[76.3623603122978,11.748173753532653],[76.36491075745124,11.747663090421065],[76.3683648243604,11.748173952278474],[76.37142901809415,11.747147961106391],[76.37689680104354,11.744580600338193],[76.38086040404768,11.746973575520574],[76.38386317794833,11.747251175851337],[76.38625724451806,11.749062437118985],[76.39013548893298,11.75433207703595],[76.39330534048031,11.755061374721246],[76.39439239778677,11.753479296384237],[76.39749312926637,11.750943336127685],[76.39902079715486,11.750994265917855],[76.40165821786564,11.753326860073102],[76.41104060424979,11.75812389302761],[76.41413469388766,11.758893986000286]]]]}}]}
