{"type":"FeatureCollection","features":[{"type":"Feature","properties":{"id":"35-1","name":"South Andamans","source_name":"South Andamans","state_id":"35","source_agency":"Survey of India (SOI)","district_code":"602"},"geometry":{"type":"MultiPolygon","coordinates":[[[[92.69727539569855,12.240104007884314],[92.69951168951427,12.23939227181497],[92.70049404831131,12.237912390015387],[92.70153135436757,12.234135745888546],[92.70457225969987,12.232857528025505],[92.70490237830887,12.231055264551609],[92.7061611807107,12.229427721104688],[92.70606665058614,12.226537924713867],[92.70689907782838,12.224662559112392],[92.70665425412416,12.2218479925305],[92.70823738402433,12.220960568267317],[92.70718600146667,12.219402551219012],[92.70781883772976,12.216884650986431],[92.70949887380108,12.217974645758284],[92.70975706943598,12.214468100024089],[92.71049234889306,12.210937792982522],[92.7102718834553,12.2082206293887],[92.70917327742094,12.205205370949683],[92.70942760258035,12.203600529572906],[92.7085674006058,12.201760814461684],[92.70858169248687,12.19979544179233],[92.70657493756872,12.198927078320525],[92.71032712894086,12.193328097896481],[92.71279202803535,12.19108542979799],[92.712762138711,12.189408337765746],[92.71058712211793,12.18890773790072],[92.70878248437783,12.187447043871972],[92.70548399353842,12.1798830911393],[92.70459283079465,12.173706931558623],[92.70510034763964,12.171040592641537],[92.70384909545993,12.169111707312853],[92.70348117300942,12.164887688721615],[92.70418562314029,12.164123454262263],[92.70531940362585,12.167013764113905],[92.7067116050017,12.168771585854957],[92.70730937779929,12.17109433583782],[92.708989730802,12.171887957374574],[92.71279712700736,12.176069287619827],[92.71345028382342,12.175848279953822],[92.71285284577804,12.17332795880089],[92.71316108634876,12.169846190878415],[92.71170701262167,12.168880153219051],[92.71248686162107,12.168066650681453],[92.71236665600269,12.165423766993198],[92.71141516982297,12.164211731781478],[92.71099374002183,12.16156825992867],[92.71298168160098,12.164852233237829],[92.71475173489343,12.166804135252377],[92.71611991641096,12.171556063853888],[92.71734025963276,12.173399304738403],[92.71779662686478,12.176711552250152],[92.72058974292091,12.17896528046527],[92.72032017699196,12.180395237360948],[92.7189651192042,12.179934052885589],[92.72001510385024,12.182158857936049],[92.72122043060764,12.182012985639743],[92.720520514177,12.18036161672019],[92.7231352186015,12.178558975301774],[92.72456617645524,12.178561702579383],[92.72634550043388,12.180145733773584],[92.73066033936162,12.181783932334579],[92.73573019204561,12.182484962920821],[92.73796637851952,12.181525909276143],[92.7429635612004,12.180843598280568],[92.74514978191633,12.179736207936024],[92.74515174188392,12.178698905116825],[92.74675843801485,12.1787018399057],[92.74840388801726,12.177294515316714],[92.75198856714785,12.180958821901319],[92.75790749806735,12.177314164456831],[92.75730922375809,12.175016203511998],[92.75779498284365,12.17025039492363],[92.7570450077938,12.168544908559593],[92.75788156500823,12.164125493674208],[92.75640662121894,12.160788657134947],[92.75417483442378,12.159500378851053],[92.75491890971274,12.157587630592525],[92.75581415731128,12.160109738103596],[92.75559259199946,12.153007391566074],[92.7539186634101,12.150050309994603],[92.75066715352321,12.142427879164412],[92.75052165452931,12.139686157219401],[92.74599434490062,12.131181902291893],[92.74445255783301,12.125902579985427],[92.7443564868129,12.121225692642602],[92.74378233573015,12.119694430252448],[92.74112555975638,12.115699816934834],[92.73763059507928,12.11191541018293],[92.73567930125333,12.104365816387354],[92.73656262294642,12.101798876121856],[92.73591381990806,12.099846546498046],[92.73510915653655,12.091477943654178],[92.7357152339703,12.085915268144356],[92.73765714269757,12.08056072941153],[92.73760906487387,12.079449235335073],[92.7409795352015,12.075380267939977],[92.74111139759702,12.071996894651623],[92.74182565353945,12.07451872908679],[92.74549612751275,12.072675838476414],[92.75286113362039,12.070581529956742],[92.75683767183051,12.067295540061286],[92.75786875433191,12.065567935586195],[92.75812804338885,12.063308120776009],[92.7567715904438,12.060878024957045],[92.75421988861522,12.057541273263498],[92.7503165983154,12.055867076500528],[92.75179080901704,12.055029295720667],[92.75718707759015,12.054805274117012],[92.75907138900665,12.05584690728236],[92.76057380757719,12.05564369907158],[92.7617934961992,12.054073877676842],[92.76094197292097,12.051826728573898],[92.76210318308345,12.051042783837325],[92.76495296900835,12.052245440858245],[92.76687749927531,12.049890841655282],[92.76518918515134,12.047754534987591],[92.76577975278951,12.047100577097286],[92.76920206165592,12.047087783808033],[92.77047451372337,12.04787595602452],[92.77222882753914,12.046698490373618],[92.77560627081506,12.048839138708093],[92.77583222329415,12.050093351324977],[92.77953849650406,12.050810753995652],[92.78349877937242,12.047579911995738],[92.78279983856989,12.044958800898069],[92.78135826135427,12.043010139730816],[92.77887050825932,12.041359130455835],[92.77778530571862,12.042218132539373],[92.77589559787339,12.041064026392203],[92.77668897898731,12.03856707157468],[92.77545593740632,12.037002372238367],[92.77605355425305,12.032296848896205],[92.77519888563091,12.0318088360516],[92.77559246290954,12.02961998353138],[92.7772565187569,12.029304668903757],[92.77696025990774,12.028096585118975],[92.77933283157772,12.026968939139122],[92.77895607464556,12.024975277184666],[92.77690380668226,12.024438464207444],[92.77376483988724,12.025649530710517],[92.76982920049579,12.025829932319308],[92.7684780769164,12.026576162835948],[92.76585633935251,12.025561083202199],[92.76450611281153,12.025802019943589],[92.76547049721106,12.023389607379176],[92.76230897974462,12.021269441480916],[92.75867604776853,12.022292339758874],[92.75717221333772,12.023375093095257],[92.75749025790996,12.026201444078177],[92.75652838781411,12.027191578311236],[92.75524605406733,12.026684036666929],[92.7537612269226,12.027748089580177],[92.75311147748684,12.02958088895637],[92.75363792556355,12.032781888316688],[92.75296932141521,12.034521081773635],[92.75074968265504,12.031953330756814],[92.74869349077439,12.033540320112547],[92.749144329082,12.036479194920982],[92.74739447454206,12.036887752855563],[92.74616309563321,12.034527594468988],[92.74470910393377,12.03448658710357],[92.74226201050216,12.03648547497247],[92.74239098322326,12.038675219675097],[92.74029631411335,12.04044921081329],[92.74173768008804,12.042341929805447],[92.73845565248207,12.041201063130897],[92.73991727332162,12.03981224999411],[92.74111386820094,12.034789718490291],[92.74080327915212,12.033731892929863],[92.73838406008151,12.036235114790477],[92.73757378505408,12.032416019282374],[92.73522824851835,12.031157882709284],[92.73752153571027,12.029889565205078],[92.74107616572034,12.030158058551768],[92.74174307537771,12.029354580185986],[92.74068502661709,12.025853175323423],[92.73903360751639,12.024502767031848],[92.734965047258,12.024607578200577],[92.7339208707447,12.02385710171181],[92.73343653703834,12.0205760278456],[92.73531599482207,12.020004635471079],[92.73677814820383,12.020886873722299],[92.74058296725026,12.019471585523247],[92.73963768938074,12.016681506855104],[92.73669107436287,12.016676111336892],[92.74000617929623,12.01280842164966],[92.74110778441374,12.013334416486703],[92.7415034867577,12.015206515450371],[92.7444645933376,12.017625966609078],[92.74691813093597,12.016994124547315],[92.7486914712148,12.01409666654432],[92.75040287938464,12.013837735214576],[92.75086357193724,12.01142447505463],[92.74761702746483,12.009163645776132],[92.75018531608485,12.008110915929615],[92.7497086829448,12.005364452809287],[92.7529709090421,12.002576579771576],[92.75424297035559,12.003439674814482],[92.75613716692013,12.002729545306801],[92.7583307347556,12.003053895193029],[92.7580610370951,12.00501837546765],[92.75939008826877,12.005918974717922],[92.75904486363186,12.007602615841027],[92.76111467591633,12.008860069669437],[92.76105573527212,12.009919171445869],[92.76344765811837,12.011783501411413],[92.76677456906006,12.011714414044178],[92.76721333599755,12.010854333725007],[92.7657909557057,12.008961773193011],[92.7655869948449,12.006079482777466],[92.76623953657146,12.002599830935758],[92.76892588581283,11.999217246886126],[92.76543065102727,11.997826391316488],[92.76347025641826,11.99918910243173],[92.75853137418646,11.997234233812312],[92.75357009938523,11.997169340854231],[92.74908664838601,11.995701673784472],[92.74665119128575,11.996941776670837],[92.74597049724122,11.994984956963346],[92.74430838186873,11.994072232224552],[92.74328108450071,11.99479296572766],[92.74365741358461,11.991762004848852],[92.74330211511763,11.988617436829083],[92.75025150245958,11.992821821857781],[92.75302647733898,11.992995184967855],[92.7539420118324,11.991293846015418],[92.75755790577186,11.98896099203483],[92.7570485138144,11.986845425868731],[92.7555981112473,11.986266318802766],[92.7555719234048,11.983511755947141],[92.75494693987358,11.98225682189979],[92.7530096929179,11.98139255567324],[92.7517395198399,11.979556339761587],[92.74879596026496,11.978110127046318],[92.74713773650335,11.978276526469992],[92.74567608504032,11.97950807232542],[92.74637673931086,11.980931584865226],[92.7462201301714,11.983382820412544],[92.74525075158795,11.983362362089114],[92.74274563025894,11.981243173557337],[92.73932729406738,11.979590148521407],[92.7369558736023,11.977171734376817],[92.7350465026278,11.977092260341076],[92.73343661410203,11.978662380428378],[92.73379250042377,11.981432683006217],[92.73308614538122,11.983040768396855],[92.73375871837597,11.984167574843408],[92.73644728068092,11.98478733437999],[92.73824716967943,11.987915837355894],[92.73826381522254,11.989169694599708],[92.73666381142034,11.990907151773511],[92.7374214353131,11.992349502426729],[92.73724508948582,11.995137540717744],[92.73888506036224,11.997423624256598],[92.73362727350366,11.998349667524362],[92.73199484681012,11.99711154051895],[92.7290884064958,11.996095604199096],[92.72863636128051,11.993923961991838],[92.73011825905705,11.994338420056353],[92.73135533464699,11.993554734570646],[92.72977882577884,11.992915540447612],[92.72808181744189,11.985744998322467],[92.72667733596937,11.984638265315779],[92.72751758145206,11.982618742065535],[92.72341469231174,11.98114670967992],[92.7252249138328,11.978834270332037],[92.72534152523411,11.977505809032925],[92.72391877720001,11.976043465671234],[92.72551844311265,11.974474502179115],[92.72866929846501,11.976763461452432],[92.73032442555284,11.975999265675705],[92.73314704165395,11.971007889267852],[92.73286702164917,11.968331292921102],[92.72889179463843,11.96934732599468],[92.72501035073516,11.966903812270196],[92.72578400644957,11.964893521800047],[92.72405768334593,11.963187335634139],[92.72255695707172,11.962772816047364],[92.72185160630958,11.963856891692043],[92.71928793192141,11.962710513824625],[92.71940912140677,11.959042834618266],[92.71806943262033,11.95404371172648],[92.71583129551651,11.951862881378975],[92.71668980035508,11.950055052915392],[92.71857216727227,11.949646914025118],[92.71836650038985,11.94790613803138],[92.71669822419042,11.945750888907362],[92.71812936138569,11.942815528583514],[92.71792337227022,11.941243176391238],[92.71874471076664,11.93913006464191],[92.71766522820596,11.937181784188853],[92.71591579713191,11.937683742855656],[92.71448987822586,11.933124214008439],[92.71586899200572,11.931508796409174],[92.71636099903836,11.933548829489412],[92.71825879085364,11.934918532963703],[92.71987378607825,11.935127432048102],[92.72246070046263,11.933953322690959],[92.7244987322928,11.931599189250072],[92.72566681050249,11.927016468565549],[92.72563577537784,11.923385918149778],[92.72469285230558,11.919603955857573],[92.72397230090667,11.918779201986263],[92.72534759943844,11.915113843629921],[92.72455363507304,11.912941553536013],[92.72566270852077,11.909350551893017],[92.7248657484791,11.907918316198147],[92.7247779471559,11.904988565066027],[92.72237965439707,11.902729614593811],[92.72524251175163,11.903278191498098],[92.72712449324344,11.900164737451119],[92.72678971527584,11.896365189266495],[92.72535080046333,11.893630286549339],[92.72327145499293,11.891774920317214],[92.72619128344282,11.891330035407268],[92.7262167270078,11.887961576614684],[92.72503294062221,11.881016509465969],[92.72321011724434,11.877808511871738],[92.72549730502021,11.876657023889583],[92.72535036728736,11.874008729409658],[92.72658372010304,11.865783559830543],[92.72721182678833,11.864346417888466],[92.72715981778018,11.861726369013347],[92.72519837978588,11.854124868033828],[92.72468579338594,11.850906487502993],[92.72100079795312,11.843618275304696],[92.7196814880093,11.838132861753609],[92.71670292997976,11.833251464500043],[92.71554052867623,11.828038255441786],[92.71179140382846,11.8217245600695],[92.70957513043774,11.81848283292478],[92.70572632993179,11.815571957625739],[92.70246249877854,11.814465695337642],[92.69880461442428,11.814595922021795],[92.69628247172831,11.816719402429863],[92.69706286272827,11.814462688481132],[92.6955835028086,11.813556510900296],[92.69000498513394,11.816741834993065],[92.68728862477577,11.817153370886537],[92.68255820739581,11.81943692813755],[92.67871227015857,11.820332506310091],[92.67896122489937,11.819325489334233],[92.68252608867184,11.817908215458113],[92.68778681887503,11.814965610963435],[92.69191316811018,11.81486952317229],[92.69304322858935,11.814107415303484],[92.6933309682354,11.811328616042317],[92.69034156299553,11.807292667986246],[92.68819314822923,11.805933491667423],[92.68350383701458,11.80547253855072],[92.68199066577806,11.803906129070347],[92.68058946889066,11.799352124832732],[92.68140061395351,11.799319004092613],[92.68347285160458,11.803387956896804],[92.68533874846523,11.80492031752157],[92.68819477580577,11.805134427651138],[92.69030883586085,11.806041889059507],[92.69259544496612,11.8088257473438],[92.69876772063178,11.81311605746479],[92.70107038563897,11.81264802762608],[92.70503313806117,11.813205650911252],[92.70902274347524,11.814313266106055],[92.7105840219312,11.81530622821021],[92.71236272844439,11.819324563749479],[92.71601160995485,11.823456414404658],[92.71776864052174,11.824312206889614],[92.71925217083135,11.826689944409553],[92.71951360322882,11.831437914247005],[92.72242440878482,11.83685621683343],[92.72279461338884,11.83829147313845],[92.72527346117413,11.841321045698688],[92.72707535934236,11.845720033328933],[92.7269627674289,11.84850160595311],[92.72818474113774,11.851886330628767],[92.73089548312299,11.854224999851795],[92.73187070884717,11.85646309146499],[92.73186689733947,11.85816913978167],[92.73023556563267,11.859892531080934],[92.73111941830238,11.864954107019155],[92.73094779132228,11.867126272730783],[92.73152335334314,11.87281977250303],[92.73266332568703,11.87535183459655],[92.731423416396,11.881372002574848],[92.7314135796775,11.886569429132622],[92.7323858612736,11.889211184924992],[92.73260252354649,11.893895026645488],[92.73161842449365,11.895546277867792],[92.7318648888668,11.89891761946732],[92.73305389822643,11.905107229292826],[92.73502805485619,11.909593288960815],[92.73755587038069,11.9166928100825],[92.74162515791059,11.920880133505277],[92.74239879223458,11.925336476305274],[92.74493242797759,11.929465982849964],[92.74576646099669,11.93150245497399],[92.74718859269228,11.932659985389408],[92.75308299706805,11.931652967495978],[92.75648388728922,11.935068917163552],[92.75905377188121,11.934743416545018],[92.75932913464285,11.936916374432847],[92.76147987863052,11.936727619721818],[92.76273188858865,11.939369764721251],[92.76476883652343,11.940363276454416],[92.76682173002688,11.938498647519506],[92.76795579626724,11.938553773570979],[92.77071747464709,11.940345977102895],[92.7727296618717,11.939551903998492],[92.77585827008001,11.939144699794003],[92.7784011997189,11.938268981780396],[92.78005110088938,11.93700675408136],[92.78513505286453,11.936327704995739],[92.7856122983208,11.934871003823837],[92.78338019605421,11.93365731973641],[92.78269718594267,11.930175469595234],[92.78413203665453,11.928195820746502],[92.78744266551891,11.925964073188801],[92.78778249805661,11.918631656616125],[92.78648489251545,11.914385063467778],[92.78518012208886,11.911789427067246],[92.78557093415104,11.909928580925998],[92.78402922382946,11.907512604406302],[92.78345729765798,11.904865117404285],[92.78420365144014,11.903735771028204],[92.7860006282222,11.903549318324359],[92.78549986502377,11.902448498612467],[92.78726050928891,11.90159889566846],[92.78840436274143,11.902205768895534],[92.7877938019159,11.899977277782757],[92.78625688530123,11.900634753568736],[92.78491944695901,11.898927558431966],[92.78345017197677,11.899320157110067],[92.77989728436725,11.896554247924412],[92.77911628660075,11.893282577005944],[92.77951783323594,11.89116807237199],[92.78198774324876,11.889599667304518],[92.78258732552045,11.886921777910446],[92.78399068945585,11.886798574521277],[92.7884349142914,11.884083380292344],[92.78616430510472,11.882825632833903],[92.7860169629573,11.878882557147271],[92.7868557219318,11.876765815782912],[92.7858369230457,11.875374446141898],[92.78697311749065,11.87338351549485],[92.78583524809756,11.869311658401992],[92.78619431994402,11.865078059081423],[92.78506582090483,11.862022909569612],[92.7836734775375,11.85987562154929],[92.78391255528656,11.857372504533325],[92.7855844159058,11.856653593454556],[92.78619431399282,11.855094768960932],[92.78536125468982,11.852425907255423],[92.783800183778,11.851020841578395],[92.78142951969824,11.851779965141567],[92.78060691222406,11.851002868122395],[92.78002274970325,11.84578349350925],[92.78141137371236,11.843866909304005],[92.78102197738849,11.84301376584317],[92.77811464576267,11.841167998538964],[92.77871408409567,11.83759244248178],[92.77622659661661,11.834152377558647],[92.77639185031222,11.832078011407505],[92.77835092376573,11.829486098822628],[92.77792945386892,11.827476229554053],[92.77569039148752,11.825093974525167],[92.77615663400458,11.820608610698786],[92.77412404695178,11.81658687208967],[92.774903731018,11.813111094940169],[92.77259437744718,11.808735822517422],[92.7727938236393,11.806397554454149],[92.77064926854854,11.803616446499836],[92.77111445070261,11.800963478317081],[92.76981750266921,11.800370039706479],[92.7693457042514,11.798801741546473],[92.77041190136393,11.795641039049942],[92.76963454387894,11.793602770015172],[92.77128744976727,11.789730005560164],[92.77090382932225,11.785604354241892],[92.76887257782877,11.781970921904065],[92.7670501151189,11.779823855256506],[92.76707542901931,11.778523460161452],[92.76885500133828,11.77603088116615],[92.76888693025218,11.773720929828258],[92.76810983582085,11.771189609717439],[92.76477728179411,11.767681235437372],[92.76493821402102,11.765381719305338],[92.76580255807407,11.764418068500405],[92.7655523552454,11.7617387460038],[92.7640759350752,11.761356278459564],[92.76422250946452,11.759707378715952],[92.76542403759005,11.758892527163356],[92.76582406646811,11.752111905699056],[92.76474267980147,11.749541339858185],[92.76197614043724,11.747034116105075],[92.76090973457129,11.744569118916885],[92.76216056321707,11.741946913775676],[92.76157823363627,11.739828411778621],[92.75937720549504,11.737762133755123],[92.75879509968472,11.735533627304836],[92.75898091004282,11.730334140658808],[92.7579431453433,11.728107132848429],[92.75609908365229,11.726645686425295],[92.7568675067779,11.724470402163906],[92.75670473904033,11.72045176567543],[92.75475159179449,11.718201586590274],[92.75634784433834,11.715014328918407],[92.7576109590114,11.71083648279888],[92.75778305541394,11.70819676421075],[92.75446730079395,11.701736055013203],[92.75156665498201,11.70472099995228],[92.75173191090094,11.705931293633075],[92.74738127443494,11.710796713939592],[92.7462475268068,11.714336734062432],[92.74415542901073,11.713920546266086],[92.74265088833653,11.71265287927388],[92.74237289097552,11.706973233915255],[92.74356993377305,11.702681102559445],[92.744238676236,11.69882313792262],[92.74400575676945,11.696570624306485],[92.7452830483451,11.692224948066608],[92.74414119593024,11.691040433170105],[92.73934265677539,11.690674429798076],[92.7353757658336,11.693252349885617],[92.73554109872818,11.694380150179446],[92.73252317388454,11.696767226437132],[92.7319435037415,11.69865488017277],[92.72913758233848,11.69829927807147],[92.72900947732879,11.695660862491243],[92.72713994511037,11.695684959399447],[92.72657765354248,11.697938937099906],[92.72496021795719,11.697440978671864],[92.72205727817672,11.697985649784334],[92.7207247546544,11.700212078841716],[92.72063583267868,11.702304799276819],[92.71935578062545,11.705399904414683],[92.71808001893596,11.706234693642081],[92.71604330770087,11.705717894980326],[92.71438372409698,11.704304414868474],[92.71454823109272,11.699621724491905],[92.71338086091015,11.697254543020117],[92.71376688250542,11.696348241115905],[92.71167947125986,11.69524079464561],[92.70814620687176,11.700473871117065],[92.70854245138429,11.703020440745528],[92.70548717686815,11.706445706634511],[92.70176641609967,11.707820047063374],[92.70223039999453,11.706005938675611],[92.70494055213288,11.704223610858731],[92.7055157462425,11.702602207427493],[92.69975507925606,11.701903706428944],[92.69845695524681,11.702217460472122],[92.6962127426525,11.701209388517592],[92.69657690434333,11.700495093664054],[92.6999242915742,11.700996535265139],[92.705644537319,11.700952454403401],[92.70732124352666,11.699663134950075],[92.70768885631064,11.697161333622992],[92.70696402756616,11.696829963358223],[92.70598286685872,11.699165598214188],[92.70275160194879,11.69688716991242],[92.70154303693215,11.692420065975755],[92.70265061698682,11.69096427152888],[92.70420100846884,11.682909733298358],[92.70114084905629,11.678338904598196],[92.70115332772212,11.674642115477136],[92.70258299285042,11.672551472720185],[92.70870429967815,11.672362840185407],[92.70933933382679,11.671007368531745],[92.70759455819099,11.66913407823119],[92.70551157745315,11.669020140240294],[92.70458451585233,11.667515047443684],[92.70160962115159,11.666959387026797],[92.70057614647433,11.667397413805435],[92.69809492582965,11.666042007145938],[92.69636477051013,11.666802666998201],[92.69368187468842,11.669070816591013],[92.69238229734634,11.667858300135263],[92.69220230398031,11.664851288976491],[92.68817808122927,11.66286173550594],[92.68646003745064,11.663871852943014],[92.68405203745162,11.65883408987519],[92.68604188425543,11.657579285043509],[92.68693811368186,11.655857710952628],[92.68571501927906,11.653655317446532],[92.68437738465391,11.652919359515204],[92.6837857871455,11.651158198875226],[92.67976675125574,11.651993595559052],[92.67518784599632,11.65374447982624],[92.66841680572502,11.654244205036251],[92.6661466748331,11.65475293863387],[92.66529644606912,11.653478361901508],[92.66689414790117,11.653067796269578],[92.66584859913227,11.649166339025193],[92.66539861529809,11.645348795099007],[92.66810628240519,11.642583623976504],[92.66896628545513,11.64042203463714],[92.66796405523127,11.639430016394256],[92.66824813357594,11.635128525220463],[92.6708861948307,11.630692304240691],[92.67270356172334,11.631849572231367],[92.6729292977313,11.630603360132547],[92.67452926732244,11.630313224134884],[92.67312272551959,11.628815831812428],[92.6732237763068,11.626702343250653],[92.67455870894058,11.624639754310449],[92.67618249995519,11.625736813389775],[92.67675266319752,11.628551117722155],[92.67962746204773,11.629076690909823],[92.6809636319912,11.630472662990131],[92.68107141795572,11.632342873807785],[92.6798006717297,11.635347027468146],[92.68165522530505,11.637917352999112],[92.68265943197461,11.637956000579543],[92.68337045299971,11.63583073439891],[92.68486181847662,11.634073663366882],[92.68468435245684,11.629856648472312],[92.68606092075179,11.629676012200987],[92.68531222573493,11.632057880301673],[92.68631250219212,11.634039838143172],[92.68593663687861,11.635982434919157],[92.68678829578164,11.637890766679842],[92.68681951614019,11.640860827192043],[92.68853257786938,11.640545602770977],[92.69024683123376,11.638227507583322],[92.69096731013084,11.631335569450274],[92.6896673253939,11.630416377525478],[92.69145559350213,11.628953179647098],[92.69518919667176,11.621810375764118],[92.69502604763356,11.629070074702609],[92.69297021459634,11.634162781715824],[92.69296299431264,11.637792771961486],[92.69489404248972,11.639373166018295],[92.69775856115356,11.639158670867724],[92.70076997929414,11.641575805707207],[92.7000733780416,11.642763203260012],[92.69964221168887,11.645945618089215],[92.70034628563378,11.647303631446082],[92.69889105204575,11.649610852292284],[92.69595246789704,11.64960520955491],[92.69449616721111,11.652425737906572],[92.69471724116642,11.653489496362642],[92.69765586581545,11.653495151084867],[92.69899252904231,11.654744381117283],[92.70200762533597,11.654803192341118],[92.70318036691548,11.6527723691342],[92.70498754984926,11.651602462520867],[92.70603407501726,11.649037770896612],[92.70745759629379,11.643870446175743],[92.71158634585346,11.643914861079892],[92.71255148555653,11.644943334432517],[92.71187192540299,11.648280870321653],[92.70989841159809,11.651208387573934],[92.71145724931517,11.653007978216264],[92.71465520810804,11.65356394729021],[92.71600056115265,11.65307147358461],[92.72061249634287,11.653559914096736],[92.72328008403564,11.656256540635829],[92.72551157040076,11.656480620480524],[92.72925727786226,11.65785859720412],[92.73011605092363,11.660852331304167],[92.7292954870783,11.662024185917764],[92.72698907304715,11.662056665773273],[92.71976973801574,11.663473450795776],[92.71809249054242,11.66519369104735],[92.71638138513357,11.665153852578587],[92.71699127858388,11.669048855403943],[92.71852876468401,11.67051117751491],[92.7174096111809,11.67215910854079],[92.71699480564563,11.675091679026622],[92.71572780264503,11.676225992415167],[92.71571862049129,11.678550497516314],[92.71716813396037,11.681728676104402],[92.72047309561016,11.684888130232531],[92.72158554515565,11.686796850286239],[92.72285527863801,11.68423251311896],[92.72381337350832,11.686949494171923],[92.72206723173885,11.687824405555103],[92.72236158931469,11.689548281994824],[92.7264176532639,11.68904237804254],[92.72655028531724,11.688210232730286],[92.72457805821321,11.686825322907174],[92.72413995356938,11.682676785052951],[92.72709870121061,11.680383179426574],[92.73093576850184,11.68014055911558],[92.73153780725866,11.676474965228168],[92.73140826405005,11.6738291501636],[92.73441671309739,11.673113144122045],[92.73500971035266,11.673951365124449],[92.73466471521327,11.676797082002372],[92.7358506988683,11.677802723842685],[92.73901253759821,11.677955035741526],[92.74470838861892,11.675728434506304],[92.74808440782716,11.676904563904086],[92.7495305700466,11.675651348130785],[92.74902591566791,11.672887840530437],[92.74749995635902,11.671294574229707],[92.74835350935935,11.668952017988621],[92.7512194518718,11.666904277819402],[92.75275785857369,11.66785909152652],[92.75384427726084,11.66650100485993],[92.75558687899209,11.666837297826108],[92.75685402761341,11.664906500406815],[92.75566882721866,11.66272784642774],[92.7544870755055,11.657705329751376],[92.757874351603,11.656464467607845],[92.75683770913685,11.653676000994208],[92.75743746492812,11.651073671174299],[92.75612025520888,11.647576000289073],[92.75493142538882,11.647490240586702],[92.75339338513551,11.645163334854047],[92.752129991214,11.644427813836325],[92.74931909994288,11.645174224817751],[92.74777570856654,11.644593958920822],[92.74611093363607,11.640861366205977],[92.74871464196399,11.640645189209907],[92.74934862017747,11.639729616678403],[92.74857025646838,11.63818824831189],[92.75154913971625,11.636396733553136],[92.75248587543908,11.632548316922115],[92.75092830975078,11.629942264152339],[92.75230719460382,11.62844130023027],[92.75298924826699,11.621365736927187],[92.7518358480052,11.621219462047057],[92.75267305404435,11.6195943631718],[92.75436924488717,11.619204752883899],[92.75444667682251,11.617481534082941],[92.75273528744974,11.616483750494238],[92.7539328428013,11.613593941660897],[92.7527014343552,11.611972781565742],[92.75260176464167,11.609154932394324],[92.75133976966255,11.607722742104851],[92.74899183925685,11.606623839032906],[92.74818083352288,11.604155316715275],[92.74908145662332,11.601888767669951],[92.74856287420003,11.60071452222681],[92.74506869222029,11.599718427116214],[92.74246036011323,11.596171645877257],[92.74277020207532,11.595644358044613],[92.74099004421892,11.592891199857128],[92.74198115516509,11.589989400838235],[92.74463947774957,11.590220902712446],[92.7438325902805,11.583949418332104],[92.74242958958521,11.582086110020072],[92.74149963208843,11.57844526288774],[92.73793373100592,11.580025934699233],[92.73776339859062,11.576318197060631],[92.73923967407865,11.573747895642658],[92.73961739648846,11.570521856508998],[92.73791065932605,11.56839214992786],[92.73416023663393,11.56541546365673],[92.73316064344063,11.562993654752589],[92.73015479862721,11.559614906569866],[92.73135309907848,11.555070331677923],[92.73269148831581,11.555219391488746],[92.73477639312857,11.553829751412644],[92.73403886640652,11.550455062134231],[92.73278665098016,11.549462821630812],[92.73381857671599,11.548914651541702],[92.73304073259926,11.547263245835458],[92.7308835922761,11.547516064063469],[92.73197221884129,11.543390611200625],[92.73163540415197,11.541883113174759],[92.72875238096128,11.540036188576805],[92.72824672845967,11.538026085660743],[92.72672097055167,11.536767594204631],[92.72646954921115,11.535009095017347],[92.72451497325333,11.532984428017468],[92.72462944533116,11.531410739648415],[92.72350782086848,11.529897041293248],[92.72368430396607,11.526297552471767],[92.72512445449897,11.525138761594107],[92.72543005205463,11.522771161820893],[92.72654418504271,11.521437938416723],[92.7274332292193,11.518853538466388],[92.72744545580551,11.51659948964497],[92.7233985823589,11.513512152796967],[92.72429279488826,11.512487086833467],[92.72236616665235,11.508890217654585],[92.71991579607888,11.50705241033596],[92.71932650290675,11.50408129601881],[92.7177012002068,11.502846044939929],[92.7168615051339,11.49798894810298],[92.7170395196426,11.494470320648984],[92.71510296562616,11.493556586603837],[92.71415684974924,11.491872679731415],[92.71390711548493,11.489277007123512],[92.7119561749899,11.488603680926177],[92.71272911568671,11.48383326186772],[92.71162936558491,11.48190575363184],[92.71197569295283,11.47830657620623],[92.71095814071491,11.477802400553708],[92.71061466472544,11.47989468194408],[92.70795402294225,11.482500077870434],[92.70791281842644,11.48461003112867],[92.70686850263579,11.486384778976253],[92.70903151041766,11.4881655336797],[92.70971113379872,11.490771168275428],[92.70815075424763,11.49245442979567],[92.7048487505634,11.492761090407225],[92.70464300409978,11.495675190615797],[92.70370785922918,11.497002598100055],[92.70360392819956,11.499539904565381],[92.70206722351274,11.500426471093633],[92.70189564261351,11.501741357934964],[92.7001832758849,11.503386771303072],[92.70042227031625,11.506054686324445],[92.69778898715566,11.507976207365074],[92.69585794574826,11.506157182441564],[92.69412847643197,11.505990445964796],[92.6930561011936,11.507819000542973],[92.69077424708787,11.508450455399606],[92.68903636888811,11.507959475593749],[92.68779874492151,11.508562746831299],[92.68521537233883,11.512045896147212],[92.68348224493963,11.512038923095595],[92.68164937747906,11.51068670334043],[92.67858538696484,11.51188476443966],[92.67710358097692,11.510881557065682],[92.6744253147828,11.507115907663323],[92.67461742779373,11.505004553563337],[92.67306886056043,11.505448595385378],[92.67229104375268,11.503721793722812],[92.66982888295703,11.504550479828838],[92.66669295312802,11.504210784950018],[92.66396403012392,11.506872755780636],[92.66133085312082,11.510948689656457],[92.65853957148921,11.514123167484339],[92.6555268712385,11.515008289909291],[92.65233098538447,11.51854060350818],[92.6509602531875,11.51877568461196],[92.64926510159354,11.520976533035792],[92.64762974427333,11.521547389642516],[92.6458205436159,11.524359266488627],[92.64681029392882,11.527065806417431],[92.64523508912032,11.53462026760141],[92.64592704958704,11.536048042659075],[92.644833204092,11.537461655998914],[92.64407718285996,11.540249101393043],[92.6446921852146,11.542528817326591],[92.6463817675096,11.543013955130489],[92.64866883521324,11.545204514945935],[92.65089855672875,11.551512825097717],[92.64853768859282,11.553854878007527],[92.64524113102324,11.555945087972312],[92.64288157322945,11.558532350442498],[92.64230493315307,11.560714224347452],[92.64326738613227,11.564276461490799],[92.64499736099827,11.566647475046675],[92.64566754425576,11.569501540717358],[92.64705139117046,11.5724682331351],[92.64409998619567,11.573351217577528],[92.64077118718718,11.574992851653452],[92.63306827180836,11.580328216156143],[92.63253166894341,11.579737786852702],[92.63215251818207,11.572955500954585],[92.63106611484515,11.571489804830248],[92.62875378684525,11.572207281737711],[92.62313395820745,11.564952391804468],[92.6209624744048,11.561502273387298],[92.61998594574,11.561351962525793],[92.61742688709117,11.563217286514472],[92.61790738358567,11.566756365576861],[92.6197568872056,11.571372801688899],[92.62025782378893,11.574189498004838],[92.62015593387781,11.577745830023776],[92.6191491903335,11.583497849792915],[92.61788287056352,11.586039494412706],[92.61531523785635,11.586806597197336],[92.61442218473071,11.587717569644822],[92.61373984144866,11.590364955370761],[92.61251688069197,11.591140256101154],[92.6109521116392,11.593507833518325],[92.6093154573757,11.594430393965792],[92.60807748554483,11.593538513526685],[92.60726660128607,11.59485189010047],[92.60829435359346,11.597299295352961],[92.60896154467825,11.601324112166724],[92.60737972862003,11.602891405596012],[92.60567784213961,11.607648187852135],[92.60593434276534,11.610500170276996],[92.60896082607188,11.615519762860448],[92.6086232258486,11.620981190579588],[92.61156372772902,11.621980033311068],[92.6180091627973,11.62175341785371],[92.62355988723671,11.618301598222535],[92.62478186947573,11.618007869416338],[92.6249836829382,11.620194099217283],[92.6274154007163,11.625126657273617],[92.62760034005316,11.626460761876897],[92.62933079474574,11.625667973253206],[92.6300297968889,11.623965296670894],[92.6300246461943,11.617796895237637],[92.63384043131222,11.617119690988234],[92.63621038317383,11.61599479330468],[92.64057907004779,11.620264510627694],[92.6413831294473,11.62206300912056],[92.6437277378879,11.62397588971868],[92.64470041817016,11.626015543972015],[92.64526820088776,11.632833468998909],[92.64454570750064,11.636740457404349],[92.64349181537045,11.639198568013715],[92.64105770555811,11.638807761959924],[92.64086108650443,11.637473640753154],[92.63761690441244,11.634428875736448],[92.63521153371461,11.634497848579013],[92.63409990935723,11.635847705401352],[92.63502945777786,11.641022349750353],[92.63680863309803,11.642761224840921],[92.63791013982247,11.64641432875433],[92.63585731265985,11.648484610056375],[92.63540293971346,11.651099315639543],[92.63354304383982,11.649794844264758],[92.63164028921956,11.65195802987099],[92.63091171365801,11.65001147960477],[92.63128849316726,11.645422794306024],[92.63302010013676,11.639809463569259],[92.63246617510637,11.635362593114344],[92.63184980108363,11.633675617289285],[92.63139152921103,11.6284694786314],[92.62586183416333,11.628527158439908],[92.62291281324475,11.630377622305005],[92.62102791335128,11.632985352999118],[92.61716555499449,11.63289473567115],[92.61474759284187,11.634860988738197],[92.61170563066294,11.6358092493077],[92.6102025458175,11.63385065824938],[92.60794706881667,11.634087736793298],[92.60823996647623,11.637495444802747],[92.60615947315847,11.643362782588593],[92.60219925982454,11.649429631406562],[92.59939621401757,11.650757006590423],[92.59985325582349,11.656241010143876],[92.59770028695556,11.660811451581413],[92.59598394249882,11.663474940534481],[92.59492017074625,11.666382971147437],[92.59200956419012,11.667355809951161],[92.59134322453424,11.670560486185344],[92.59263652365722,11.672451208084096],[92.59567666451619,11.673013182722928],[92.59668411713211,11.674758375410002],[92.59839966810671,11.679411010844825],[92.59879485077731,11.683005115877915],[92.59861358835866,11.688191285498716],[92.59968582036937,11.69092273670664],[92.59927627137179,11.69267456680311],[92.59617327756528,11.694946808909105],[92.59680712602598,11.697152549297305],[92.59510845320821,11.700186524240525],[92.59482278048844,11.701778892244928],[92.59288330373823,11.703293377212859],[92.5927863540125,11.704552748869407],[92.59419036691025,11.706945494205296],[92.59439349363468,11.708483406684731],[92.59594960320904,11.710154074710571],[92.59278475960521,11.713184677718298],[92.59039421887763,11.714642532828906],[92.58813337411732,11.716878652168479],[92.5889322670467,11.720807465059186],[92.58889490626585,11.724660251589183],[92.58848322699941,11.719935825868667],[92.58741669601473,11.7178957832649],[92.58635526454262,11.713725551110198],[92.58452732486302,11.71570331730879],[92.58238169414572,11.71690234216576],[92.57894224328989,11.716801684265214],[92.57633152673223,11.71599904784667],[92.57521623505669,11.716639763321847],[92.57445296670195,11.715568583202375],[92.57489359191904,11.71214279490399],[92.57403439130367,11.709917960638188],[92.57355741510791,11.705100752624443],[92.57287194878411,11.702419612013102],[92.57282025047007,11.699078907824418],[92.57141158829383,11.698686585272075],[92.56848406804829,11.696558864331884],[92.5680925805927,11.69554825905285],[92.56599027543045,11.694450371509854],[92.5655442135381,11.69241173648267],[92.56215725847994,11.69401516836163],[92.5607970490294,11.696845977406255],[92.55888624254993,11.703687615540513],[92.55757091178329,11.70614290433385],[92.5571399506938,11.708653254788253],[92.55432063379854,11.716298352705465],[92.55359822369431,11.719556698244647],[92.55201869937903,11.719812176209308],[92.55216064983358,11.723165238956549],[92.55286405344211,11.726892300193905],[92.55223448474533,11.731186005325934],[92.55234930528587,11.737854667771565],[92.5539993364833,11.739507263211612],[92.55418099379035,11.742026871165951],[92.55310431655595,11.744098853071112],[92.55279004648395,11.749469834925636],[92.55346305629153,11.75095333787834],[92.55336003231601,11.754546598590725],[92.55171835704014,11.75700618073421],[92.55310596218752,11.758398817110919],[92.55394417803866,11.761475723140638],[92.55269883042762,11.763306484422959],[92.55447519244053,11.765436848595732],[92.55442020077246,11.766552256141042],[92.55864412265565,11.768933506459039],[92.55912065268194,11.773843325374239],[92.55609500003959,11.773391416631966],[92.55535641331988,11.775538313116613],[92.55460938384651,11.78103789112578],[92.55330520861123,11.783794665522217],[92.55234392012596,11.784429893294202],[92.55327599459619,11.787925272509812],[92.55264706017687,11.791294957176069],[92.5541650863824,11.793225087303675],[92.55327919063149,11.794112031792404],[92.55334808653807,11.796612833809672],[92.55213092705073,11.79830559246001],[92.55147198942437,11.802443041897144],[92.55072257997561,11.804530113912167],[92.55136294796321,11.806956384909917],[92.54974504746941,11.808736675397629],[92.55020659392747,11.812090506881592],[92.5490280823376,11.817107379123911],[92.5458060502732,11.819748219669759],[92.54095700700144,11.818921132978161],[92.5404953403717,11.822958023307638],[92.54171239718113,11.824961561356487],[92.54591456444938,11.82878778422935],[92.546492597043,11.830697101367353],[92.54640462120324,11.835688867310289],[92.54388217191145,11.82941251957613],[92.54184360901178,11.828777652274365],[92.54197372451286,11.833019772368887],[92.54166011956627,11.836025714099572],[92.53932756227404,11.838292237062218],[92.53611028008382,11.838969509852268],[92.53244574136743,11.833282934639684],[92.53049461858437,11.833980775901646],[92.52999265939219,11.831770174763983],[92.52479047299565,11.826940926243585],[92.52150649422018,11.826809026993027],[92.51918973486221,11.830655863502674],[92.51759762038294,11.835393650689483],[92.51946777459175,11.839251266409887],[92.51717080997946,11.845024517074801],[92.51367784027083,11.847954444004733],[92.51362352664373,11.84951023541904],[92.51493554654947,11.851109491727577],[92.51669024142825,11.855988891873073],[92.51890576184364,11.856767292685502],[92.51868646694868,11.859624562406623],[92.5198325801118,11.8623689241571],[92.52050078903278,11.865680091727885],[92.52227053773693,11.869660920638276],[92.5251594568529,11.871923858711027],[92.52451722332911,11.873470082528039],[92.52503779790301,11.87574357357929],[92.52467824601754,11.87895330270802],[92.52687168117733,11.881328058230428],[92.5268329304046,11.883620232447214],[92.52573602116746,11.886706859545619],[92.52559531312299,11.889340880328305],[92.5262792706923,11.896224951406426],[92.53035688199171,11.896861044944872],[92.5355974076661,11.900331989293242],[92.53779345468499,11.904486697030714],[92.53778667944091,11.907088132401912],[92.53564398640445,11.908103535663493],[92.53446822615852,11.910175129929097],[92.53439488415012,11.912644674699207],[92.53900007241144,11.916245676179079],[92.54126607240434,11.917218180267154],[92.54192666346054,11.922443847388289],[92.54312649217658,11.923994562010515],[92.54646841069044,11.924374779119416],[92.5503993694389,11.926286348323549],[92.55546135778711,11.925803468316731],[92.55561566832075,11.929357279156624],[92.56031951726611,11.935365077119322],[92.55984200289177,11.939052050384767],[92.55820342914255,11.939015093755389],[92.55779900300092,11.940397751348332],[92.56046588569819,11.942675091845134],[92.5611295998574,11.945641179517946],[92.56293280433654,11.946719929140976],[92.56406815508566,11.944080079908375],[92.56537303858359,11.943836286162986],[92.56575633375304,11.941021712839207],[92.56666212315434,11.939887835084976],[92.5678493599138,11.93653186483031],[92.56923363947223,11.934608816476302],[92.56976705456808,11.93191808505402],[92.57180560514136,11.929107494978744],[92.57369001950563,11.92775366676085],[92.57720306005946,11.927045857876626],[92.57820421312817,11.927887964063963],[92.579259841922,11.926976672892199],[92.57896857430329,11.92565040600092],[92.58041869359256,11.924880142143145],[92.58118078083452,11.920930350374569],[92.58018503182181,11.917890187318614],[92.58184530214314,11.91584423344245],[92.58231364291262,11.912551320344388],[92.58369512895197,11.908044187505196],[92.5823206200814,11.906065131600329],[92.58322232442636,11.903548113733317],[92.58496480052145,11.901576421443925],[92.58520088470047,11.89730429597817],[92.58618365105988,11.895355499943532],[92.58495390607506,11.892543868320974],[92.58539357647871,11.890241237432043],[92.58750788323255,11.88701082011772],[92.58913871395818,11.886668872317928],[92.59221382889234,11.887302815330907],[92.59283438402355,11.893222369243611],[92.5938565220825,11.895743906790269],[92.59320005677388,11.897594700540727],[92.59449866319846,11.89986990232627],[92.59676135074075,11.897504177873321],[92.59884463655257,11.896743365586032],[92.59971836944186,11.898424820355036],[92.60144962765206,11.898058339445248],[92.60240749894282,11.895985935621237],[92.6020885609572,11.892996786542483],[92.60121424271478,11.891562312744846],[92.6022490157066,11.888773852705135],[92.60233300583987,11.885069392166454],[92.60145870935865,11.883634920095773],[92.60171379909447,11.881807877287104],[92.60099219626625,11.879435242958978],[92.60172302827112,11.877905662356659],[92.60171132252806,11.872249861851557],[92.60038822090078,11.869745581225596],[92.60039634987412,11.866311992507796],[92.6019074444376,11.863532019944932],[92.60254016373715,11.86105311098822],[92.60425032121472,11.858894202518119],[92.60555198664952,11.859835683573246],[92.60426813546653,11.861981460209922],[92.60328126253317,11.865782656531646],[92.60490358945233,11.868997065461041],[92.6080583988131,11.87100475877194],[92.61070634182173,11.871109877501878],[92.61119950254675,11.878915150332288],[92.61033382577871,11.884519576887001],[92.61032269519193,11.889286210828024],[92.6099578745413,11.895163438800203],[92.6106978030481,11.900475120900051],[92.61092553994945,11.905793584211985],[92.61028066789764,11.907266040027546],[92.61111362601335,11.909807533896588],[92.61203106126978,11.914839846053638],[92.61041218773612,11.915367176511689],[92.6093005782826,11.918822324501278],[92.60601645261544,11.918246789652228],[92.6058123782033,11.91970348435031],[92.60686253814829,11.9210642537921],[92.60575260527257,11.923778457161177],[92.60845128749862,11.928074581499741],[92.60979302958187,11.93341975425576],[92.61038380316757,11.938187740559298],[92.61123183640697,11.940214873802338],[92.6108383473949,11.944221506287178],[92.60964077298308,11.944854407582572],[92.60828109574919,11.947074092092366],[92.6081771013916,11.94862980434277],[92.60914980568052,11.950978296310986],[92.60879212612222,11.952154102558392],[92.60961708943829,11.954930977165315],[92.60925953116234,11.957646896303018],[92.6129941955596,11.95884087747575],[92.61221475269197,11.959629432014488],[92.61352784272628,11.965462249216799],[92.61201473106937,11.970051361811102],[92.6127390594151,11.971386677322345],[92.61195932184621,11.973774549338081],[92.61194908745387,11.976645464165804],[92.61257251158858,11.978227525972816],[92.6119835446324,11.98333858367355],[92.61370741350898,11.989767577895563],[92.61455556394613,11.990690339248328],[92.61685726459667,11.991079976432854],[92.61710975720526,11.992694668646411],[92.61533325534515,11.993336527065187],[92.61288507377505,11.996409916506286],[92.61209241809591,12.009099373952193],[92.61315775073679,12.010228244336687],[92.61498708946088,12.010542361956546],[92.6142930347688,12.014060733362088],[92.61550639426594,12.017142434628655],[92.61557740369774,12.01939548050398],[92.61663998015958,12.021725873584304],[92.6159493451612,12.02345151851159],[92.61739285650148,12.026008062008701],[92.6208534292284,12.025855351692243],[92.62196479913327,12.028346360800624],[92.62171093921974,12.029701632745482],[92.61966805943469,12.031795611625547],[92.62004286753326,12.034650112630379],[92.62163964962863,12.036793032727802],[92.62162229306153,12.038189788592293],[92.6199335739348,12.038259212068484],[92.62005154761138,12.041470151249976],[92.62200975702252,12.041005314471592],[92.62469320640454,12.041579384990877],[92.62680652807748,12.043066544303496],[92.62680425409782,12.047056163453206],[92.62489340119194,12.04855380980036],[92.6219156080661,12.04952337002694],[92.62144909456804,12.053277122455006],[92.62311646625083,12.058087028598601],[92.62493944832437,12.061620639259216],[92.62425066615522,12.062520246072369],[92.62295549525413,12.061691277152558],[92.61928576167774,12.06483702515598],[92.61926995652637,12.071595627303282],[92.62042906696702,12.073256644795752],[92.62122482313164,12.076370321822298],[92.6223307721029,12.086375277351168],[92.62234700092412,12.09017871783259],[92.6234729785251,12.09161370977772],[92.623315847224,12.094428858882248],[92.62258414117711,12.096106632552432],[92.62368803601787,12.096257307541636],[92.62544458617604,12.107152820068748],[92.62792008362297,12.111109964252595],[92.63017541044118,12.112621553219096],[92.62844365296742,12.112617680388759],[92.62843839600421,12.114889828233842],[92.63046775780595,12.116450305946405],[92.63047624373603,12.112770409407801],[92.63205582469686,12.113465460779576],[92.63247170377993,12.116355068775013],[92.63037967515618,12.117954798894875],[92.63136692901175,12.120059687595381],[92.63342780366774,12.119914086331862],[92.63468106095102,12.118738367752924],[92.63571470263227,12.121045599227852],[92.63140504996807,12.123589946614251],[92.63282643392108,12.127618791768015],[92.63349361767355,12.132189294611461],[92.63468918742065,12.135610847201246],[92.63528907238346,12.14026919438148],[92.63786629379373,12.143505307435293],[92.63692632547503,12.1457804779597],[92.63820963569567,12.147402029472756],[92.63930605134034,12.152593798886233],[92.64052281053277,12.154548973801395],[92.64067084706737,12.156576884381018],[92.64188268496494,12.160709821242863],[92.64248085739159,12.166193128537335],[92.64384627212031,12.169950915657932],[92.64428910921109,12.17663540706875],[92.64869930509741,12.184229717756693],[92.65583779589643,12.200841350013329],[92.65683196137248,12.202183359903492],[92.65692766243599,12.204307539463215],[92.65802804306533,12.205898229411204],[92.6587509726031,12.208584101071807],[92.66132450646175,12.214245313231832],[92.66157225449322,12.215752380267489],[92.66316164526528,12.218003235362591],[92.6658566832425,12.217382935253578],[92.66431882973305,12.211288013978784],[92.66346784330231,12.210076031528462],[92.66287446422794,12.205900908156867],[92.66152011275588,12.205255887277762],[92.66070239633966,12.200364057237051],[92.65957051564155,12.199458554539856],[92.6576298967329,12.193343415733503],[92.65575527797205,12.189610077566668],[92.65381283818375,12.182542434769992],[92.65479395348586,12.181630749670767],[92.65587103105288,12.182719754014895],[92.6571994685609,12.182425334785849],[92.65942846194322,12.186086239125434],[92.65734014485963,12.188156341146177],[92.65947140641565,12.189371084729162],[92.6618479716286,12.193204259761483],[92.66289110368851,12.198343542889075],[92.66504152569745,12.202983853084415],[92.66762911655385,12.204356118940721],[92.66945041674343,12.206853346348767],[92.67025553720828,12.209719212005584],[92.67314844285646,12.215085355629494],[92.67409575553047,12.218223910052243],[92.67582757236542,12.218523897779555],[92.67786514822274,12.216749926767433],[92.6775855545933,12.20445687501035],[92.67887045550576,12.204576176073902],[92.67868442015583,12.207923825764528],[92.67922870331905,12.21314693231892],[92.68090806289351,12.214484070306868],[92.68382266073418,12.213502181941488],[92.68428041892635,12.21076170347433],[92.68387721151203,12.2071524800717],[92.68496252906078,12.208777455153337],[92.68535846716493,12.211504841864485],[92.68704176515284,12.214841112638188],[92.68682795546003,12.21711417425891],[92.68519145726282,12.219222454034686],[92.68475929527817,12.221728355920549],[92.6861033765462,12.227288038171771],[92.68780833420273,12.22845231020771],[92.68878989944292,12.231981967478859],[92.68822475684878,12.233392649871298],[92.6892999367327,12.235543521351516],[92.69108267768031,12.235571849222817],[92.69158238335481,12.23675834271028],[92.69463949485844,12.239777626595307],[92.69727539569855,12.240104007884314]]],[[[92.52996531751548,10.885798228227813],[92.52822396204726,10.883176552378476],[92.53047990044026,10.87698467398229],[92.5314938328388,10.877363203142998],[92.53186497155968,10.881301174038574],[92.53001701225072,10.883494329385535],[92.5312497718851,10.884708388909772],[92.53463558893374,10.884267205635812],[92.53836989561772,10.881898201359553],[92.53928575323324,10.880613895840971],[92.54422541313549,10.875754345486014],[92.54735453239904,10.872125326770238],[92.54979156209018,10.871503958659556],[92.55500376764482,10.866650809672091],[92.55823425555702,10.862971739306639],[92.55948313642247,10.860466819284733],[92.5592376233249,10.856905296899683],[92.55731579779287,10.854192630790234],[92.55623296932289,10.850704454512302],[92.55606296433608,10.847418948797417],[92.55640130629439,10.843708273744513],[92.55790390762881,10.841153771324006],[92.56122364341402,10.831581675139253],[92.56264872175258,10.82960374618837],[92.56308453135308,10.827598530839355],[92.56108455182917,10.823764934732871],[92.56076998145018,10.819192463388653],[92.56148623928773,10.816560940878523],[92.56038499724114,10.81498361614216],[92.56126782713183,10.810645010354591],[92.56495819022368,10.806788488036831],[92.56529060716862,10.805610587459594],[92.5637187756725,10.805256018294752],[92.56334143528666,10.803875925951909],[92.56803738404739,10.802356598127307],[92.57115651450235,10.80268946768397],[92.57322776977429,10.801478342660475],[92.57370124084788,10.799008664192245],[92.57576437546956,10.79515124096268],[92.57825518880486,10.792849532137518],[92.5832073038518,10.79007664085023],[92.58569493710387,10.789179198750066],[92.58709334726356,10.787627391535878],[92.5875918256347,10.78005504738697],[92.5870490270039,10.777851205856475],[92.5864927706138,10.772328816227411],[92.58526139978234,10.767135128526906],[92.58425264986687,10.764524902332651],[92.58312366803932,10.758930186919764],[92.58291059709533,10.755808988751083],[92.58310110225194,10.749960732866358],[92.58222087425153,10.74659845138417],[92.58222726669945,10.743689469089631],[92.58307091121041,10.740606739541322],[92.58495251721342,10.73832871059296],[92.58767728495754,10.733143462702786],[92.5883434906926,10.729985099987887],[92.58848265600793,10.724292778633723],[92.58933074154572,10.719103509373237],[92.59202918342224,10.714244157323634],[92.59310279081507,10.710259073700605],[92.59686569681087,10.705577453789388],[92.59783922604915,10.70091503729273],[92.5976949657254,10.697228314275112],[92.59699137805103,10.694242596118432],[92.596056540645,10.69268582162364],[92.59664320915508,10.691056998497332],[92.59667998705449,10.685715521641503],[92.5971146671814,10.684011144425813],[92.59704647540764,10.68032457617253],[92.59558266497417,10.677161720639239],[92.59271826178446,10.676854778530938],[92.58756529315652,10.679627528298404],[92.58505578920554,10.679346346326728],[92.57940997371492,10.67557263618904],[92.5756521611757,10.670910574978976],[92.57544508024442,10.667952091605125],[92.57751454265578,10.662915700180829],[92.57817880430359,10.658918425757694],[92.57962676884372,10.657617488906347],[92.58179478703197,10.65862168975708],[92.58180705015027,10.6576472267114],[92.57920235956568,10.65460725925757],[92.57558026630308,10.653094821548374],[92.57053632156051,10.652557294207476],[92.56696550844802,10.650819172566308],[92.56338309713838,10.648063738239323],[92.55738190159818,10.642822642970097],[92.55140630830812,10.636590970604813],[92.54589028138278,10.62857581906073],[92.5421652507169,10.620947904303929],[92.53992792169417,10.6146541250092],[92.5396060396191,10.607453581694163],[92.5402171770596,10.601158454437751],[92.54214533485643,10.595944560236271],[92.54489249507486,10.591737684750296],[92.55068526822419,10.590041355059954],[92.55716997719163,10.587551873600752],[92.5613529348597,10.587235030027465],[92.56358641360698,10.58591078336705],[92.56887110065942,10.580229597832748],[92.5682463037128,10.576215297431766],[92.56480720704288,10.572622240162808],[92.56325046692447,10.570100087541366],[92.56000592494523,10.566166803272747],[92.55836634789738,10.562652334186383],[92.55439516809766,10.559107656061693],[92.55333561234652,10.556923561906522],[92.54829761464492,10.554479880232114],[92.54549013151367,10.551965866663476],[92.5436476389159,10.548626426161437],[92.54441080291124,10.547374244101972],[92.5439113649185,10.544113032166523],[92.54154305337877,10.53772000818454],[92.54061605022858,10.536127268104964],[92.53742088256433,10.534217880799169],[92.53585670137738,10.53115488338471],[92.53394804607642,10.529331012648072],[92.53300871790954,10.527040763101931],[92.53384253064213,10.525432629998921],[92.53367190964737,10.522498157558335],[92.53277314891669,10.52166037590666],[92.53089481222592,10.517977892499399],[92.5284137843921,10.516944074843924],[92.52448588816463,10.516960191589934],[92.52114654224398,10.514545085366507],[92.51323135068176,10.511843500840964],[92.50757014082114,10.511930617172968],[92.50445586348934,10.51084498219393],[92.49923565048178,10.510882829507688],[92.4930414585734,10.515457293651085],[92.48939155810017,10.51579964701986],[92.48201224760577,10.517888368448723],[92.47980120158999,10.520465978454274],[92.4777632754153,10.521269581112694],[92.4743187107842,10.523497806486883],[92.47092762229204,10.526335901873004],[92.46596002119472,10.53126046937223],[92.46296224441072,10.535395762539695],[92.46026882838206,10.536807101727156],[92.45727563239029,10.539293625416045],[92.45458658233605,10.540365199410118],[92.45278295176995,10.542040834007926],[92.44994122530991,10.543337674841336],[92.44214266867401,10.54513691969968],[92.43429200148879,10.548187752849728],[92.42782817220674,10.548697634197872],[92.4224810946649,10.548583381096805],[92.41911231422176,10.547897470302598],[92.41719455717403,10.544807956070642],[92.41507126239178,10.542771125547429],[92.40979327888395,10.535911148146875],[92.40570402128598,10.53287782148354],[92.40189894477402,10.531401334443057],[92.39782071922312,10.530763467027015],[92.39270234919431,10.530549041364186],[92.38623714255878,10.531685013259708],[92.38362780910622,10.533542467321695],[92.38346471999148,10.535338653658075],[92.38186711142497,10.536527117094218],[92.38178262963939,10.5387444884422],[92.38311739695845,10.541732283135717],[92.3849103798493,10.543994099983047],[92.3870136922641,10.544907505772683],[92.38893226759443,10.546713368454675],[92.39234009725881,10.551562453534816],[92.39428748007839,10.553022186923414],[92.39308962366592,10.555451393791179],[92.39305927978033,10.557256841260617],[92.39550144606895,10.563106355934071],[92.39877271323853,10.566285397754385],[92.40085002974563,10.571972911203865],[92.40287258068216,10.573808955284244],[92.40436675568029,10.574239271089873],[92.40679970535061,10.57758693155112],[92.41018514416118,10.583082932342919],[92.4097577933276,10.586290578754246],[92.41028420576856,10.588684853673922],[92.4107494505884,10.59444320419513],[92.41202845576194,10.59665966500348],[92.41240585288234,10.599815450457834],[92.4136680084167,10.602425416178267],[92.41328518076888,10.604581373517167],[92.41466920469874,10.607690817977447],[92.41745556784569,10.609958551422325],[92.42041288381391,10.610919261733107],[92.42085644466343,10.615634888549357],[92.41937120793824,10.621198036693334],[92.41800716040335,10.625028981814378],[92.41791505489778,10.627791379205656],[92.41663476470514,10.631806372269336],[92.41227576958812,10.640142410773526],[92.41038332471784,10.64499711450659],[92.40614796415514,10.652250939452275],[92.4018360808118,10.658388437140276],[92.39716559164648,10.663984716522005],[92.39436606767735,10.66632111671249],[92.39216505987075,10.666482524221765],[92.3899686516825,10.665655093476722],[92.38464241201355,10.666442863776835],[92.38271244058816,10.667565967139442],[92.3835361437214,10.670760522902958],[92.38360240699323,10.675592938728908],[92.38192270081805,10.677845170425194],[92.38285593559614,10.67955296683115],[92.38162504517192,10.682359392014279],[92.38126625579471,10.689474203613425],[92.38057696439736,10.693741768029122],[92.38133888666437,10.695923737995317],[92.38147888507145,10.700187137646292],[92.38055809983094,10.70299314418215],[92.38058208943656,10.708349489421595],[92.38094557268398,10.712913600500439],[92.38229042538477,10.71696873801143],[92.3828956941559,10.721709164954396],[92.38237202034861,10.724908575165827],[92.38073279320318,10.72814917511315],[92.3803853295544,10.731245664950087],[92.37824979118959,10.737936895598011],[92.3781596139055,10.739862089277034],[92.37900463039726,10.74082921274993],[92.37924542657014,10.745293493658894],[92.37881707320088,10.746768268017096],[92.37879653526679,10.753928001978878],[92.3791288519051,10.75601971412156],[92.38037904605525,10.75678167751811],[92.38157331482824,10.75987954673137],[92.38181963492593,10.762559117770541],[92.38109027882257,10.765234425728169],[92.37915632904837,10.76751095441889],[92.37892340044422,10.769140267048305],[92.3773935756559,10.770750761738464],[92.37653631188711,10.774431801336348],[92.37643643759165,10.779705552591508],[92.37701969668174,10.782972075423638],[92.37811532076948,10.784733172490485],[92.38318082144418,10.789854000964846],[92.38492196579107,10.791098929007884],[92.3858929096574,10.78859400051954],[92.38572814855728,10.784154771103097],[92.38766462480321,10.782640950129668],[92.39103804935309,10.780884772703768],[92.39373609425711,10.78032457911287],[92.39535806147018,10.777887541459574],[92.39859547224461,10.78105609358356],[92.40315957108689,10.781444754222015],[92.40852308206321,10.784215354124905],[92.41349590818825,10.788849111044359],[92.41773886121604,10.794379788561558],[92.41942738320698,10.796058314222536],[92.42249968715747,10.803146830927023],[92.4222472804491,10.804143576142295],[92.42378288556093,10.807906143583647],[92.42322267363359,10.808707097603765],[92.42585533970357,10.810653736851023],[92.42771356958377,10.817520975959573],[92.42720949654966,10.823220206342317],[92.43064090142369,10.821415634634612],[92.43345807932018,10.821426010772782],[92.43734615371982,10.8241151775302],[92.44416197759423,10.83215898313398],[92.44691891894543,10.83638776871368],[92.44975359606558,10.837590116102643],[92.4527651680108,10.836804171403807],[92.45546223601784,10.83720365592289],[92.45751261051656,10.838864000836336],[92.45967831358803,10.843865759270653],[92.46060900017946,10.85010947308877],[92.46028242302387,10.854254657971733],[92.45937504109641,10.856303049978644],[92.45679741308152,10.858926686527584],[92.45710949200596,10.861522739520796],[92.45954818137199,10.863445607202806],[92.46123928939687,10.863379975299143],[92.46779614857815,10.866431025615478],[92.46895737017518,10.866603081958063],[92.4703737061434,10.868286820844174],[92.47059643681423,10.870443988674266],[92.4735131338217,10.87077736878509],[92.4771685397922,10.869959048829376],[92.47884147206702,10.870540017262671],[92.48381160366235,10.87632909908305],[92.48425139448716,10.878101674746688],[92.48584933945713,10.879301870904328],[92.48926162113439,10.883305038101732],[92.4899327548751,10.885456204484091],[92.49297572696487,10.889432976367583],[92.49573953436365,10.890116859463706],[92.50271476315719,10.890936389054774],[92.50577531846147,10.889461395982977],[92.50675909758951,10.889673071600468],[92.50897745593149,10.892631734978863],[92.51013837671161,10.895142233532919],[92.51335571816203,10.897156135638879],[92.5171857281522,10.897666851682347],[92.52068817140562,10.897248895419292],[92.52288827207914,10.894687253970698],[92.52449992656837,10.893688987028971],[92.52769303597981,10.890334324204748],[92.52996531751548,10.885798228227813]]],[[[92.61381983288814,10.928387392578053],[92.60974701317951,10.930992459519953],[92.60691708084525,10.934498814041602],[92.60638773084442,10.937596783356527],[92.61024556440823,10.938385176351845],[92.61195892162424,10.936672821487921],[92.6143125975831,10.935331373918777],[92.61719906836619,10.934677386748186],[92.61873176188772,10.933387112167154],[92.62044148732323,10.929905845711886],[92.61812040300586,10.928501906020491],[92.61381983288814,10.928387392578053]]],[[[92.22716100054421,10.981941386928868],[92.22867719797794,10.982380385632045],[92.22806232906187,10.978149377914127],[92.22722959484378,10.976267052950588],[92.22312517485022,10.974042031050331],[92.21996729655234,10.973146885770406],[92.21792403385741,10.973499290498053],[92.21508941334857,10.97788478110057],[92.21508561627267,10.978975451409953],[92.21817060667364,10.980643766419668],[92.22037119207786,10.982701710320638],[92.22284218512449,10.983079391733042],[92.22716100054421,10.981941386928868]]],[[[92.66362776761005,10.982737155655997],[92.66112243511061,10.982989712244361],[92.65937447172702,10.985302852924312],[92.65912971414035,10.987460513518402],[92.65970081774934,10.990285922119039],[92.66204500394974,10.992713000132893],[92.66680622942405,10.992468998752207],[92.66916483118972,10.989717172110678],[92.66945002331232,10.987341784207558],[92.66841125569132,10.985676648437812],[92.66362776761005,10.982737155655997]]],[[[92.72441931327423,11.141445091067686],[92.7230464741468,11.142928813767336],[92.72491568074335,11.144185098085849],[92.72572033654271,11.142734429494423],[92.72441931327423,11.141445091067686]]],[[[92.73156833950152,11.142909594649437],[92.72866019400816,11.143300577963902],[92.7277531143357,11.145972136462362],[92.72895326831035,11.14762430550001],[92.73151893031194,11.149241118135386],[92.73396750428391,11.147797979643578],[92.73463805385963,11.145654020360945],[92.73350197582924,11.145553063815855],[92.73156833950152,11.142909594649437]]],[[[92.67625485311787,11.184667353972596],[92.67768627487027,11.183140166874928],[92.68092779266176,11.181831715409512],[92.68095681053893,11.180867211210492],[92.67724501335437,11.177912859385495],[92.67645650815429,11.1787151508708],[92.67475116027319,11.18521280588487],[92.67363925277834,11.186233696594304],[92.67519061179762,11.189805165776482],[92.67648344844069,11.189477602508427],[92.67719384860682,11.186390062685176],[92.67625485311787,11.184667353972596]]],[[[92.69293636093879,11.24360537905007],[92.68823434829494,11.242428262484275],[92.68875752366019,11.247277612932436],[92.69114844139918,11.250202812765362],[92.69220835808716,11.252921055321647],[92.69270511240767,11.256163963935306],[92.69524671024959,11.257716686707752],[92.69719272423049,11.26128356973403],[92.69718898889747,11.263240432504077],[92.69558230743415,11.267881351749413],[92.69408871965545,11.269906640024123],[92.69377462885433,11.273444744002031],[92.69448989391029,11.27435603296058],[92.69329509820437,11.278962868332203],[92.69324807320635,11.280925562118204],[92.69552935649058,11.284762756596656],[92.69803368081585,11.285760595079287],[92.70243764560462,11.288455801177133],[92.7061048205861,11.289601622073011],[92.70726519579607,11.286244943997113],[92.70655660308309,11.285396642750722],[92.70721133436594,11.28341176340723],[92.70635799146844,11.281758714973913],[92.70697696100615,11.279434418064133],[92.7057738118136,11.276808343544007],[92.70630844493338,11.273099669003892],[92.70514967134898,11.270672487357631],[92.70585743281758,11.263811365698857],[92.70154460988921,11.26003572888244],[92.699121585974,11.258337241263744],[92.69844533198635,11.256091178054138],[92.69534904637678,11.253630993593283],[92.69439951939304,11.252048945398885],[92.69473359721246,11.247551686885323],[92.69293636093879,11.24360537905007]]],[[[92.72428431318085,11.331236222115335],[92.7224625688766,11.32550903360295],[92.72380889724438,11.317581627396757],[92.72232066817716,11.315537109463842],[92.72055735194309,11.314916980765922],[92.7193126728794,11.316765753331254],[92.71738979291682,11.316335136560657],[92.7165281841932,11.314150310912153],[92.71638994598729,11.310889391787923],[92.71526327299607,11.30902208360879],[92.71240127401933,11.309349139081565],[92.71129705523587,11.308350421267019],[92.71125375352432,11.305787371656413],[92.71212322011282,11.303724336390651],[92.71029923711723,11.301893713663857],[92.70925301891009,11.301844343657915],[92.70655977865015,11.304292955876821],[92.706620582496,11.305519005471737],[92.7035811591892,11.308379786153528],[92.70033038787967,11.309428488411424],[92.69845016498792,11.309087480716087],[92.69840312906194,11.310549584316414],[92.70011319278792,11.311242199628367],[92.70165305764051,11.310738792496982],[92.70241336133601,11.30925215703242],[92.70507737957035,11.30834035637327],[92.70948086235413,11.308053106294533],[92.7114283710733,11.30926869413953],[92.7137798675983,11.311800603055623],[92.71541203860696,11.315544460007798],[92.7156107421996,11.318881302353786],[92.7143756377439,11.32086235434829],[92.71809815349972,11.32338457974376],[92.71898612795658,11.32655987152984],[92.71804037030856,11.32862907378565],[92.7204068752918,11.332115540372966],[92.72378062578527,11.333050736056883],[92.72428431318085,11.331236222115335]]],[[[92.5461877646947,11.394949986432968],[92.547273510236,11.397020824878584],[92.55079347134684,11.397473510666389],[92.55130360037721,11.395922074828281],[92.54853786583324,11.393933122140952],[92.5461877646947,11.394949986432968]]],[[[92.55598904825686,11.391238092522057],[92.55663542234544,11.39505828722517],[92.55943658742606,11.397455628026307],[92.56223493341591,11.397751657114078],[92.56329673258341,11.395407800297225],[92.56124036349199,11.393145009703327],[92.55598904825686,11.391238092522057]]],[[[92.61039269239302,11.504214963383463],[92.60935750888238,11.504847497647724],[92.60932400627782,11.506586243098184],[92.61330494723916,11.510203932178026],[92.61574011207748,11.511536575806494],[92.61556741004762,11.51026658330102],[92.61164098209927,11.506441976111613],[92.61039269239302,11.504214963383463]]],[[[92.6403379631297,11.510619082474369],[92.6424152650037,11.510200120735906],[92.6453319723174,11.51199421114903],[92.64539169445823,11.5080265551746],[92.64445793746191,11.501302133688675],[92.64540825105861,11.50026793613038],[92.64695078326776,11.500505177624502],[92.65266840745296,11.496264578219971],[92.65567023036009,11.494451090339682],[92.65516363687776,11.491644803250011],[92.65692949810304,11.492684575053527],[92.66016134323408,11.491124232889831],[92.66308035559753,11.490566522322466],[92.66500258347229,11.491917435006943],[92.66702695728794,11.491870944178485],[92.66910656313416,11.48987855979459],[92.66938358005225,11.487391871023757],[92.6705751538651,11.485938950894408],[92.6709403743695,11.482755325311205],[92.6703314113456,11.479822490833648],[92.67152128067666,11.476903944830838],[92.67297716332911,11.476567560998165],[92.67469989826441,11.473588787065552],[92.67626345542845,11.47328858932414],[92.67708738682597,11.471293667397513],[92.67661214510855,11.46555583558042],[92.67582079283294,11.464113738373817],[92.6758763205864,11.461990941019806],[92.67738756839765,11.46109780715485],[92.67734236638003,11.45918854656843],[92.68010449669785,11.455251400491878],[92.67935290048523,11.453152300332732],[92.68117708796152,11.450578034130235],[92.68159134681929,11.448405383615329],[92.68118511503428,11.446559685194835],[92.6829544308178,11.445779663533456],[92.68431598358485,11.443912114499607],[92.68360436750639,11.441029643282475],[92.68466348993282,11.440235443932318],[92.68571469682725,11.43620661847442],[92.68536107870219,11.434347059699872],[92.68392191710355,11.432586236201049],[92.68177732108443,11.432231183984584],[92.68116741992998,11.429753270572597],[92.68418729526216,11.427145173441987],[92.6817206801117,11.426312536668465],[92.68042671494531,11.428639828878365],[92.6785306769341,11.428787775068066],[92.67822508428637,11.427877360742176],[92.67558732667703,11.427085569645874],[92.67422848129193,11.427970626911627],[92.67203539818483,11.427087579881178],[92.6720574460587,11.42461001702477],[92.6743555582238,11.421182165034622],[92.67427458436325,11.419256527660462],[92.67131136602777,11.415902041155269],[92.66249252208512,11.412870728532189],[92.6579808357379,11.41243231489469],[92.65401083275336,11.409934668762563],[92.65212842003098,11.409975769992997],[92.64881550076248,11.40767941291741],[92.64937208517331,11.406914958421693],[92.65232111287806,11.407492352728415],[92.65558743914447,11.407481125011811],[92.65706946884823,11.406346523267002],[92.6601656867362,11.406577404783398],[92.66008286022824,11.402578531603956],[92.6637016204909,11.402576030932092],[92.66395943716557,11.400985932713558],[92.66268683376921,11.400899675742902],[92.6618304194092,11.398732995321431],[92.66273721411649,11.396203888215169],[92.66489361800463,11.394831277464345],[92.66743054300056,11.394775489090433],[92.66872168370426,11.395804974164918],[92.67126634527028,11.396228576991424],[92.67211315797081,11.397067409510399],[92.67190086196977,11.399096979441534],[92.67502576527706,11.399552962497694],[92.67653059720581,11.394480848220317],[92.67772134398335,11.393059985191908],[92.68349658587069,11.390308520305254],[92.68605877470235,11.390093733442525],[92.68909529970541,11.39098898858469],[92.68884436302301,11.389146739537406],[92.68957790389452,11.387439986569856],[92.69359946505443,11.38731400159854],[92.69183690976489,11.386138627240946],[92.69056811877778,11.384127012389348],[92.69023363832324,11.381614870636053],[92.69202356395792,11.377432422682707],[92.69084863273488,11.370816556839179],[92.68788074344228,11.369699689517441],[92.68613298518,11.367698329064345],[92.6810559298563,11.367035741779667],[92.67978546098657,11.364786805900287],[92.67742088428382,11.363209688718957],[92.67559203606838,11.362938955744083],[92.67282054407794,11.363964515701918],[92.6691794659926,11.363193559775038],[92.66645161935385,11.361166346080374],[92.66491194952026,11.358376109252744],[92.6640719287862,11.35427232457301],[92.66177237990397,11.355990159085191],[92.6565992801888,11.357606046534432],[92.65218714388129,11.357848282251172],[92.64873438657835,11.357077471755247],[92.64091745004774,11.351295340061212],[92.63821141399751,11.347187639098767],[92.6361994141916,11.348614565797165],[92.62918448700263,11.350127483951244],[92.62617968651966,11.350031285756303],[92.62241904832725,11.347844583558484],[92.62003311248534,11.350018226081247],[92.61597904688112,11.349652189372467],[92.61320588367656,11.348970198126185],[92.61056964790139,11.346942688513373],[92.60360382879222,11.346837654360007],[92.59822921056673,11.347769342141955],[92.596951623998,11.34897959860483],[92.59357964983512,11.350185196200702],[92.58864947909721,11.355033705476583],[92.58703440253629,11.357705970258872],[92.58660081886354,11.360470610196552],[92.58541017368206,11.361723661100966],[92.58310485828419,11.365595126388554],[92.58165946866707,11.367221546753019],[92.58165281309427,11.370077316021696],[92.58382580868029,11.371826038068892],[92.58922427627068,11.374340175283487],[92.59075199313713,11.377603133726407],[92.59279684550505,11.380110293627292],[92.59201300405962,11.386831015304804],[92.58910016700183,11.39815521477598],[92.58723983620047,11.400933576566484],[92.58847019435237,11.40140525583552],[92.592901557948,11.40144047299592],[92.5940816538256,11.400659665310812],[92.59684900888202,11.400261471003214],[92.60068903558532,11.401255609994438],[92.60460471395626,11.400835719625396],[92.60863359654387,11.402126090164016],[92.6133189182513,11.400575623740579],[92.61864420303775,11.401800199498497],[92.6220098098078,11.404338284449464],[92.62327127303917,11.40605589777943],[92.62464716811971,11.40942008240541],[92.62412914458953,11.412022052830979],[92.62427697402342,11.414701257783891],[92.62531906939672,11.418443815399732],[92.62476278945364,11.426807841490973],[92.62360275597035,11.43092478697344],[92.62216400854132,11.43198315295895],[92.62037465050516,11.430210238309442],[92.62090370573283,11.434254974734817],[92.62028607645055,11.435517272339117],[92.62179655759135,11.435975421071467],[92.62213538505023,11.433347805981166],[92.62371279954202,11.435497444522781],[92.62276694312224,11.437392759850049],[92.62324824846341,11.439870496112025],[92.62429490008746,11.441565991949737],[92.62273008716282,11.442497726434041],[92.6205280259763,11.441962277607114],[92.62062508522423,11.444413917984729],[92.6189460706164,11.4470328344326],[92.61577661097573,11.450881839490053],[92.61434690734856,11.453231342495453],[92.61365744263016,11.455518728924801],[92.61154955964079,11.458647914300986],[92.61196833944634,11.462443963401855],[92.6133289934755,11.465341505938733],[92.61378760804124,11.470364174082192],[92.61364426326963,11.472855578549431],[92.61486172996287,11.478392886734595],[92.61561050399831,11.479903176482965],[92.61531558493294,11.48167928549759],[92.61633636758467,11.483526389110372],[92.61679199366965,11.486029345307141],[92.61801364437261,11.48579508027017],[92.61877834571148,11.491532510217699],[92.6205650622379,11.494655400220383],[92.6207629287005,11.497865422404393],[92.62280647344724,11.500750881442587],[92.6257224237812,11.5028727444501],[92.62716522534943,11.50295954594876],[92.62769105159332,11.505158755318531],[92.62925028001345,11.506931151390106],[92.62983229202545,11.510293622981386],[92.63214380277424,11.51261858897393],[92.63212657123427,11.514755011634897],[92.63678728434819,11.517258274700964],[92.63699650544453,11.515312739479365],[92.63843387665509,11.512526984852443],[92.6403379631297,11.510619082474369]]],[[[92.56036992540332,11.537663650663239],[92.56056206518107,11.533534696010976],[92.56163241945684,11.531895725193548],[92.56358617391275,11.530617921418918],[92.56561594818666,11.530161033622505],[92.56637329252644,11.52888038622542],[92.56892494697792,11.527706543245767],[92.56730791437795,11.518802693371427],[92.56671209884215,11.517826648573957],[92.56178804730605,11.517546140735506],[92.56095581559832,11.52137822264586],[92.55749040738375,11.523986140994266],[92.557435439812,11.525191490410304],[92.55428668461946,11.530336551506506],[92.55271315002324,11.53120760224216],[92.55223850166453,11.538094282134118],[92.55399486891866,11.53880262729776],[92.55459302905138,11.537836608186664],[92.55586815591953,11.53855062435566],[92.55765335388676,11.54089187128675],[92.5591378384161,11.541610593517907],[92.56036992540332,11.537663650663239]]],[[[92.60675512414556,11.527359957284315],[92.60622693335655,11.521779680921055],[92.60378524078023,11.523533141250889],[92.60192377099057,11.524168064710492],[92.60226224690345,11.528454309961209],[92.6006780818382,11.530259011548145],[92.60120312232357,11.530971934486775],[92.60095954568953,11.53510724766593],[92.60270832368427,11.538092815118548],[92.60443188406425,11.535057276314834],[92.6065034580356,11.533369052887874],[92.60675512414556,11.527359957284315]]],[[[92.62716921226739,11.542336049027348],[92.62683754237133,11.543817443013593],[92.62736006861269,11.54867011430064],[92.6286928722577,11.549424747262908],[92.6297145641346,11.548357020961062],[92.62909809423333,11.543407812531708],[92.62716921226739,11.542336049027348]]],[[[92.23093526475542,11.587561626364142],[92.23407553519002,11.589342048819239],[92.23545409976045,11.59159048748312],[92.24128272129968,11.592312002973847],[92.2455505531625,11.592011352081084],[92.24914581514068,11.590866958168155],[92.2576804425365,11.590545804013571],[92.26327396855068,11.589596805444513],[92.26513660949192,11.587688560089196],[92.26696017848244,11.58711869109262],[92.27030193100937,11.584842677356878],[92.2708116587877,11.581574339067032],[92.27035671195009,11.578980467307403],[92.27070793751291,11.576812908474066],[92.26847611086905,11.571281822250848],[92.26878493361347,11.566487901530731],[92.26973266244524,11.565728658765362],[92.26837182037019,11.561759308283946],[92.26896989607697,11.557779643392779],[92.26877013014926,11.555932142316452],[92.26986793946993,11.55153057750629],[92.2701254869155,11.548286791636928],[92.27203049658976,11.547276615219976],[92.27178232993708,11.546168810863682],[92.27372436815612,11.5410697386195],[92.27461300599447,11.535831563105955],[92.27402378464078,11.533977105574502],[92.2718135628954,11.530535810293438],[92.27058913061468,11.526894502564378],[92.27014318818263,11.523368772517124],[92.26680184410002,11.522453848161161],[92.26602857444128,11.520847257405354],[92.26376249397781,11.520342577371188],[92.2615708262191,11.518211570195634],[92.2606092081422,11.518072753003397],[92.25567748007525,11.523548515171948],[92.25299623956539,11.525673889189477],[92.24840891663395,11.526725399374149],[92.24547792370545,11.526762471811299],[92.24326498888057,11.525490885148786],[92.23714215405522,11.526372460485927],[92.23554710046953,11.525825515292595],[92.23236673891942,11.52660690734084],[92.22345116317756,11.53048791755131],[92.22072922082145,11.530314203211296],[92.21830719375882,11.528611299206151],[92.21920908856546,11.526449909121263],[92.21730509883304,11.527864337178645],[92.21770557648796,11.53025829652021],[92.21520292379036,11.529188995919995],[92.21465646331737,11.530902585283094],[92.21547642594413,11.532193182515451],[92.21303858575868,11.534805029035109],[92.21226585890193,11.539365615040682],[92.2107813721528,11.541235341726438],[92.21155498388683,11.542672626185407],[92.20886423157468,11.547052806826237],[92.20766915202042,11.54962795368008],[92.20827757885584,11.550754728970126],[92.20857318929171,11.556908240137789],[92.20940223420003,11.558015348900515],[92.20932449856817,11.560454872033992],[92.21192000284823,11.564391075331638],[92.21225818147468,11.566361579669383],[92.21374038522562,11.568264509141503],[92.21533157469646,11.571622992441013],[92.21504679029417,11.574368690090337],[92.21322066394274,11.578744765199303],[92.2110564708652,11.581583438249812],[92.20780425395228,11.584048094416286],[92.20805123409811,11.586130462687317],[92.20973147486663,11.586205647697655],[92.21324699975605,11.587410172439847],[92.21533971003892,11.588784849237161],[92.21734199606817,11.59236308494569],[92.21648904751588,11.594779580000328],[92.21791607675256,11.594407217889422],[92.21816651408557,11.59277750341246],[92.2216316739444,11.592026781415104],[92.22412346197552,11.590107882950889],[92.22824748686313,11.587978065024096],[92.23093526475542,11.587561626364142]]],[[[92.61027482091431,11.55846026927819],[92.61149632056586,11.560544529816482],[92.61246814864313,11.560853877837234],[92.61462363962697,11.559162346784056],[92.61488145330024,11.557296965703783],[92.61636568808088,11.556588457280135],[92.61725715629593,11.559225813436777],[92.61900183385369,11.559825950426847],[92.62036536690505,11.556385566695472],[92.62016172803918,11.55147979720056],[92.61910399236447,11.547478617143332],[92.6191867283792,11.542571137908238],[92.61742121086202,11.53825830059742],[92.61777505053709,11.537047167484145],[92.61592715525242,11.534696274450063],[92.61140553622215,11.532935842943482],[92.61002339460276,11.531682425924053],[92.6086695827926,11.535142024139322],[92.6068501518892,11.537465625072143],[92.60682662954058,11.539228923612175],[92.60576504193627,11.542823414363832],[92.60556424472148,11.545330523550396],[92.60616248310302,11.548178859134394],[92.60432118903964,11.55148345107081],[92.60291631086874,11.55161497874396],[92.60191099389706,11.55322503939783],[92.6019132307358,11.555171494729848],[92.60321046404003,11.555396529062898],[92.60564381702254,11.553198443671574],[92.60534807529405,11.554563580825073],[92.60673240687845,11.554893675415855],[92.60934977841417,11.553456726082388],[92.61012451511205,11.555920713948579],[92.60780180785987,11.55645420277858],[92.60615472309284,11.56012472832909],[92.60630648638944,11.562010244547388],[92.60763995847566,11.563273195504499],[92.61027482091431,11.55846026927819]]],[[[92.5675744457986,11.570007350962632],[92.56624733067966,11.567707470244217],[92.56472645584377,11.56884654052912],[92.5661932924715,11.570872519832172],[92.5675744457986,11.570007350962632]]],[[[92.57430243846642,11.562441536993559],[92.57303825470954,11.562878513044955],[92.57275439611179,11.565266022024398],[92.57419683792718,11.567817532074766],[92.57669261552185,11.570897113425223],[92.57673360875457,11.568291931295837],[92.57576345113701,11.566918476765824],[92.57568722606817,11.564872927501852],[92.57430243846642,11.562441536993559]]],[[[92.59642549685447,11.537652178131697],[92.59580594114709,11.536444908616389],[92.59570745495242,11.53323898604146],[92.59486598636029,11.534671295240587],[92.59216309136104,11.53666330794441],[92.58818087765164,11.533803311089459],[92.58830612280393,11.539373447273501],[92.58612920285016,11.541054975062224],[92.58424137943533,11.535094720899867],[92.58364694918657,11.535177072481138],[92.58355060288427,11.540032288154073],[92.58405600638213,11.541707736967174],[92.58668712753472,11.542281057614092],[92.58616827877096,11.545982011999369],[92.58446925809625,11.548944624208367],[92.58488046880152,11.552090215136742],[92.58688562578418,11.553737899179389],[92.58837016624,11.556613935044073],[92.58842703612063,11.560218622235176],[92.58935758079512,11.561643890264037],[92.58841583565732,11.564990316591942],[92.58815268167294,11.568589432882105],[92.58865500908882,11.57160429785262],[92.58988666905191,11.574731696391988],[92.59258640962737,11.577860581421541],[92.59352550687704,11.576734173046084],[92.59356585230658,11.574306197948653],[92.59475145686625,11.571573028662392],[92.59347734664044,11.567637353206386],[92.5966398921447,11.56487445008441],[92.59740987285169,11.56186674272773],[92.59766467387894,11.55666918672191],[92.59701514835264,11.554452598248979],[92.5975349618211,11.549942368593877],[92.59745140555923,11.5439127648129],[92.59642549685447,11.537652178131697]]],[[[92.57866505215009,11.585027150997302],[92.57961953789945,11.58328108654366],[92.57830096221207,11.582192496705439],[92.57727915167479,11.583012841215837],[92.57714029495207,11.584847320574813],[92.57866505215009,11.585027150997302]]],[[[92.59466779878377,11.58931801522443],[92.59325423747691,11.58933995429667],[92.5934147750562,11.59041198700471],[92.59466779878377,11.58931801522443]]],[[[92.61215414357889,11.587233008837652],[92.61743077163675,11.58312373432915],[92.61809640848601,11.579907528062432],[92.61921903075178,11.577143915206108],[92.6192544606767,11.573118504192713],[92.61852141497903,11.57047282555191],[92.61660886812298,11.566723156823567],[92.61661286561159,11.564944982472232],[92.61521610389971,11.56234521875934],[92.6141189502891,11.563818686324328],[92.61229270806537,11.563975857503452],[92.61068563380121,11.565778722312702],[92.61022244529097,11.56806434127201],[92.60911900097368,11.569485009539008],[92.60781711140642,11.568425536293773],[92.60629863141668,11.569014893716107],[92.60546391929898,11.57101701532457],[92.60506730173347,11.569209730839095],[92.60240925803423,11.56742562480561],[92.60086371006652,11.56733749144272],[92.60034104186663,11.570553971800807],[92.6005845423507,11.576679345167431],[92.60026574970122,11.578372131176895],[92.60129049445226,11.580886454876508],[92.60122928413458,11.5858896147158],[92.60556820358875,11.587980490039913],[92.61086201789091,11.588951884968552],[92.61215414357889,11.587233008837652]]],[[[92.54727587685932,11.60163715714174],[92.54819988883112,11.599826348168067],[92.54628580409712,11.5989405828261],[92.54615582566902,11.595941102813438],[92.54517795316433,11.59524399844546],[92.54509928836897,11.592346309058948],[92.54730121564512,11.591504444707915],[92.55021684098493,11.593917626255193],[92.55606677661682,11.591237555111707],[92.55972606058725,11.59178853687274],[92.56280068685322,11.59277961206356],[92.56584990065446,11.592015485672873],[92.56706215323112,11.592771791028833],[92.56765260834236,11.590248451884086],[92.5695260425956,11.590185088647196],[92.56953034855228,11.588405922985093],[92.56374339174745,11.586477525043385],[92.56216669851702,11.584677664170284],[92.56195269210498,11.580830754111544],[92.56299970361202,11.577739418153515],[92.56481730278506,11.575974474154345],[92.56563940145766,11.573587239865194],[92.56393309289989,11.573714715594997],[92.55998215837327,11.571455753985843],[92.55597039753356,11.567599769028812],[92.55664326342732,11.56651693277123],[92.55487806998345,11.564564087327948],[92.55412731421954,11.562393390544127],[92.54811931512047,11.560962052613228],[92.54221989805926,11.56318178530845],[92.53850046790161,11.562779240523724],[92.5364344317447,11.559656211026908],[92.53363749178143,11.558056539610075],[92.53006272374617,11.55488755065034],[92.53028905947603,11.557099360102155],[92.53317881922949,11.562732066602655],[92.53476038331075,11.562949934578437],[92.53584825202877,11.565049561260299],[92.53472623224269,11.569174773824574],[92.53272837977951,11.57091510929699],[92.53266633683276,11.575032446776241],[92.5346047871342,11.576392795544015],[92.53456395690485,11.578934356121014],[92.5354318793841,11.582291494136342],[92.53502938162693,11.585137159125527],[92.5325249877088,11.590027891028765],[92.53245911381798,11.595636322100212],[92.53313916812631,11.598535497730118],[92.53408066015658,11.600011992203454],[92.53392174934102,11.601672149852634],[92.53492353303147,11.602678055727553],[92.53624895518071,11.605676782343254],[92.537897941118,11.606053628659616],[92.53941599920621,11.60383765120311],[92.54202974328662,11.603301847438233],[92.54328726912952,11.60215270595074],[92.54727587685932,11.60163715714174]]],[[[92.69791187371689,11.664506348731027],[92.70148014359012,11.663927170353757],[92.70054935787479,11.662167367567442],[92.70123242135989,11.660326934428767],[92.69656209326949,11.659899407873596],[92.69324832461932,11.660646448793123],[92.69290635180137,11.661775463212138],[92.69494417556417,11.663222645047416],[92.69791187371689,11.664506348731027]]],[[[92.76439342056871,11.676179156150006],[92.76397340715641,11.673499528579622],[92.7614310721348,11.670230288751545],[92.76142257317558,11.675085807789666],[92.75989211800038,11.67600407898916],[92.76022877447053,11.67776268891638],[92.76175792046496,11.67759786102964],[92.7649814227419,11.679947373698182],[92.7659979068449,11.681539695344716],[92.76642723783486,11.678861502871152],[92.76439342056871,11.676179156150006]]],[[[93.08262259656799,11.780037687181368],[93.07836087622904,11.779826802105463],[93.07775787447316,11.781653499057748],[93.08048812785678,11.787922564700976],[93.08253540801907,11.789701828772229],[93.08466621512743,11.790023610266422],[93.08622886380778,11.788341694536609],[93.08590504399093,11.785777211264534],[93.0830156720956,11.782111509863464],[93.08262259656799,11.780037687181368]]],[[[93.03188436517867,11.836649441559594],[93.03647052491799,11.836266407489182],[93.04056060295943,11.838023599702721],[93.04374051604155,11.840390768068167],[93.04755712555003,11.842359468348288],[93.05067674019593,11.842821116148313],[93.05470015658575,11.84435892142519],[93.05834478029558,11.84427593213781],[93.0602533647914,11.844961026765414],[93.06132404770504,11.844306423719846],[93.06337740146483,11.844792149293879],[93.06572203969573,11.842257892103738],[93.06954031447182,11.84197542713096],[93.07150907359384,11.839098976827032],[93.07156956543999,11.835024650457216],[93.07116547902935,11.833713761234575],[93.06841064233934,11.830700591797218],[93.06853609782601,11.829609232412789],[93.06680206797726,11.827528197303126],[93.06525388145658,11.826961172175606],[93.06220634308538,11.822994953667681],[93.06151332453653,11.821341952905236],[93.06313446478201,11.819177627108695],[93.06041749639056,11.816640032311186],[93.05801806506048,11.815042861776487],[93.05104917298488,11.81321457322725],[93.0488510516069,11.813298503070616],[93.04795366048033,11.814409056244644],[93.04595800432898,11.814464615065827],[93.04187781538141,11.817367844121534],[93.03736442774988,11.819330452212624],[93.0354413341694,11.821645958872393],[93.0333998137933,11.822176658473259],[93.03085318501093,11.823969701911132],[93.0306492050469,11.825878508907717],[93.02957829632659,11.82681791634939],[93.02732242382628,11.826645202553854],[93.02034144137136,11.830782374994543],[93.0171955522215,11.831081826273037],[93.01555331784786,11.828581620826263],[93.01543030600949,11.830068723696215],[93.01404170366592,11.832446836175144],[93.01476414066171,11.8332167197281],[93.01458850171883,11.83566688349445],[93.01276372750911,11.838628524883884],[93.01317042108433,11.850028496073975],[93.01446116530742,11.849257439265719],[93.01767510355656,11.845470665316855],[93.02317358666205,11.84219854198925],[93.02736925439719,11.840264415583565],[93.03188436517867,11.836649441559594]]],[[[92.60145738726229,11.91482782746254],[92.59893075114239,11.910792917815229],[92.59959667027199,11.90966477555756],[92.59868650230906,11.90627187569606],[92.59562795598464,11.905595096199324],[92.59510770922596,11.909863225553677],[92.59501049650348,11.914956807402174],[92.59706026336353,11.917872583097314],[92.59830018130462,11.917552401196568],[92.60021816153314,11.919061500565732],[92.60203476943742,11.918172265826877],[92.60145738726229,11.91482782746254]]],[[[92.569434961454,11.947728060116694],[92.56969294389691,11.945532498459263],[92.56730880073745,11.944705160002933],[92.56696622198075,11.945708868465744],[92.5636273649786,11.947755375592099],[92.5635381885078,11.949744155213882],[92.56496725766479,11.950452076973448],[92.56626180618626,11.949754689053874],[92.56778717668567,11.950334626081291],[92.569434961454,11.947728060116694]]],[[[92.73013532601043,11.952892635852596],[92.72901364497478,11.94966997379096],[92.72961950597158,11.946509584508243],[92.73152566254784,11.946061460491206],[92.73195176970947,11.94463782814399],[92.72666498019555,11.941674975708258],[92.72548795399129,11.942072822024343],[92.72422183344581,11.946152121695363],[92.72559572188884,11.951349885039912],[92.72525943346078,11.952255120116813],[92.72325423495175,11.951180803546348],[92.72300956760986,11.952797390392286],[92.7245020997988,11.954641885456677],[92.7259662538604,11.954475457395795],[92.72630376293745,11.955815512017326],[92.73097468299964,11.958586744893367],[92.7336090034145,11.959682194919031],[92.733531769607,11.956305654664272],[92.73013532601043,11.952892635852596]]],[[[92.59923302801353,11.927954781401079],[92.59665583461754,11.929948639923884],[92.59668819634017,11.9352815859761],[92.59568955552379,11.937679057525186],[92.59726636115822,11.938289965513988],[92.59739615178451,11.941193827264405],[92.59626646416251,11.941768931362347],[92.59662368748383,11.943369621840555],[92.59629336960758,11.94936832669051],[92.59730320912111,11.951533117671348],[92.59596313778061,11.955322589349336],[92.59639270198,11.960235055201265],[92.59526303374207,11.964920105987868],[92.5935203603749,11.968960410722268],[92.5920931952981,11.969178975761922],[92.59104955972407,11.97144298960351],[92.58883481855052,11.972682109795493],[92.58865691646935,11.975980798447438],[92.59307542296406,11.977163153125918],[92.59622340607262,11.97633338918337],[92.59721153322666,11.97413053919217],[92.60093628663398,11.970754989309501],[92.60100264262806,11.968894104585567],[92.60287854116933,11.96663820457555],[92.60306189690301,11.961040357841032],[92.60439622612405,11.958319617172194],[92.60465591345614,11.955785153388815],[92.60567378137056,11.952500832751452],[92.60716744907779,11.950658995346084],[92.60722731428646,11.944460637913066],[92.60912686058036,11.942776229393383],[92.60931302916975,11.940376857183244],[92.60736768191653,11.93785144490775],[92.60507606058263,11.936178466328531],[92.60318466048027,11.936318731301663],[92.60193612807615,11.933904498946207],[92.60139366848925,11.930315122482144],[92.59923302801353,11.927954781401079]]],[[[92.74201558298525,11.965052927988452],[92.74175816335257,11.966308174116381],[92.74303151046342,11.967398760847239],[92.74464777107357,11.96698310514326],[92.74422544542915,11.965475487330172],[92.74201558298525,11.965052927988452]]],[[[92.58493250052047,11.977765952005297],[92.5829572082544,11.97660101004161],[92.58163180769427,11.977241045415925],[92.5819803261953,11.980203745161115],[92.58328018763588,11.982195839981383],[92.58437469843302,11.98211556548745],[92.58493250052047,11.977765952005297]]],[[[92.75693078461313,11.967135739543377],[92.76278566935852,11.9671459647978],[92.7637096536796,11.965677350218039],[92.76556610885619,11.965847990311126],[92.76540425740646,11.961243416693874],[92.76702698497132,11.957144201698766],[92.76720133475568,11.954716781158432],[92.76499509279095,11.952285260225121],[92.76338029297973,11.951947607934025],[92.76134399874685,11.949600070455958],[92.75964465184236,11.949011108037913],[92.75700752322126,11.949843639085104],[92.75089267312427,11.946233127808151],[92.74564681406956,11.945435557943995],[92.74434575754114,11.94647257074174],[92.74187084467474,11.951490963481234],[92.74054391573779,11.952241990375951],[92.73649610942812,11.952234655909715],[92.73727107775959,11.956086887578174],[92.73929256762825,11.961751367912889],[92.74464303798446,11.963078670669734],[92.74573464888508,11.961776155772734],[92.74831219284744,11.962469109745488],[92.75060384383649,11.964649767143197],[92.74958062434453,11.966238516566028],[92.7499026590003,11.968358571917992],[92.75316452611774,11.968446718176454],[92.75693078461313,11.967135739543377]]],[[[92.77606916233854,12.018049891208488],[92.77658160712643,12.016795045506935],[92.77454678747542,12.013275594572061],[92.77241989836253,12.013774255591905],[92.77098462030847,12.016749518190323],[92.77606916233854,12.018049891208488]]],[[[92.98365172653806,12.041813390214802],[92.98536910395964,12.039225691972668],[92.98902885430623,12.036550228706043],[92.9931966790506,12.036135512191683],[92.99847200093224,12.033712550011623],[93.00077024382897,12.031621710134473],[93.0042260958821,12.027563633856731],[93.00605061963422,12.023422194380489],[93.00979848718772,12.016811862062475],[93.00954718292219,12.01250026101348],[93.00708516343566,12.007810023247618],[93.00657875323317,12.003540053726462],[93.0067510844694,12.001028715898816],[93.0092205438833,11.997263616758604],[93.01143725246666,11.99073563873827],[93.01373604626009,11.987472645622645],[93.01705913189397,11.979606081653648],[93.01876169089421,11.9773471468113],[93.0218282220535,11.970903486579951],[93.02506272278617,11.966803984099498],[93.02600154376046,11.962535188996009],[93.02523824055213,11.960190512087546],[93.02753831522271,11.954834478359746],[93.02762580014958,11.951820747125534],[93.03051915242122,11.948641786184833],[93.03536509060285,11.949064113937316],[93.03715245730811,11.946637686338729],[93.03723924298635,11.944377398414526],[93.03911155072497,11.941992880893425],[93.04047431811786,11.93881265998538],[93.04166906332689,11.932953367926716],[93.04260444555554,11.93270290732497],[93.04413684202181,11.929941374631085],[93.04422463456152,11.92625789453202],[93.0464365312714,11.924250295670248],[93.04524839746324,11.921486775975291],[93.04720427516538,11.920734736957955],[93.0467813860866,11.917804338507745],[93.04737722039008,11.916800163476076],[93.04678431252059,11.913869640139037],[93.04865579857783,11.912196643263028],[93.0496792437136,11.907676652396438],[93.05104110229797,11.9053335379052],[93.05333724494966,11.904079391579781],[93.05334296014064,11.896126268560119],[93.05173027077878,11.8927764525578],[93.0486733543789,11.888337281004768],[93.04502108167326,11.884483663210563],[93.04145168405745,11.88356016320309],[93.03805270379831,11.882134441334017],[93.03507731942746,11.882550779320447],[93.03263120336283,11.883541154713235],[93.02827318789579,11.887484829785148],[93.02572151596006,11.889408308693488],[93.02580514893054,11.891082716063632],[93.0244436320531,11.892839687734723],[93.02418599292966,11.896020727891669],[93.0235050459075,11.897108503203988],[93.02265171618151,11.901042516952057],[93.01967307519415,11.905058513775643],[93.01967194723085,11.90639798397618],[93.01490453133889,11.9144308685588],[93.01243708766161,11.916856587065412],[93.00971113805286,11.923174894481365],[93.00851975479941,11.924513343223062],[93.00594165986111,11.929385963312662],[93.00145546547668,11.93338116440514],[93.00085919679444,11.93463638578241],[92.99847839340057,11.934969134594837],[92.99805253153694,11.935805921867212],[92.99869711809345,11.93842937690037],[92.99490185246374,11.941160944626894],[92.99473087283944,11.942165386682603],[92.9971942799655,11.94451167711973],[93.00212243806196,11.947864728586513],[93.00220677480492,11.948618251091803],[92.99974075086001,11.949034650615129],[92.99906126791475,11.948280595299446],[92.99581732530176,11.94834647493602],[92.99259715107118,11.950869961044258],[92.9908110370501,11.95153805147808],[92.98842698779227,11.950578077924684],[92.98482318590148,11.946017714126363],[92.98129342911642,11.94650612348874],[92.97831609960625,11.94809387459392],[92.97380859091014,11.949428942351297],[92.96946573930838,11.955954517847205],[92.9669091838481,11.961560944289763],[92.96545621527507,11.96875907195794],[92.9640937422721,11.970683161781803],[92.96451580956759,11.973613655975075],[92.96136500383078,11.978047390276474],[92.96000048904857,11.981813207480814],[92.9562567217906,11.983985926862218],[92.9479212772918,11.985986250201574],[92.94358467215862,11.985897827654886],[92.93948603726147,11.986740174276228],[92.93822757581235,11.98589191766872],[92.93457173031437,11.98538552995856],[92.9324417934146,11.988899193749754],[92.93167324685248,11.991660944213937],[92.93005491862704,11.993919428482146],[92.9270773746153,11.995004315435693],[92.92554242273458,11.998602319594099],[92.9280078041409,11.999191176723501],[92.92902706323162,12.000196937140432],[92.92995862605201,12.003462919368614],[92.93216668746054,12.005976907456688],[92.93650292843557,12.006651527077873],[92.93990480570855,12.006404171286405],[92.94619455430838,12.009257408200595],[92.94967853167786,12.011688932727894],[92.95129228791829,12.013532410994719],[92.95239323654526,12.0177193777211],[92.96063054356053,12.028862234953955],[92.96190268186719,12.03221218408336],[92.9620699259427,12.034891260602938],[92.96487247682755,12.038745065703516],[92.96317032172902,12.039831627195376],[92.96308207296701,12.042845304309612],[92.96546606514404,12.0404199873477],[92.96614857948727,12.038411504598866],[92.96887261387984,12.036070218291554],[92.96981153839845,12.032806241841373],[92.97159513831687,12.03515206992277],[92.97457099904044,12.035992182010297],[92.97499403196065,12.038169212319648],[92.97439629255042,12.040512666120621],[92.97456392002259,12.042940590919683],[92.97745579559609,12.042817858136184],[92.97898781306273,12.041731045138924],[92.98238902756104,12.04257148552522],[92.98365172653806,12.041813390214802]]],[[[92.96944758659184,12.064600514988213],[92.97105250608615,12.065228767687262],[92.97144121112868,12.064112101528075],[92.96944758659184,12.064600514988213]]],[[[92.73891884480746,12.10699455820591],[92.73835849309009,12.108323623266346],[92.74002523298753,12.11187361907623],[92.74261531172041,12.115045268019843],[92.74341102890246,12.11405442715708],[92.74243858232859,12.111824453859988],[92.73891884480746,12.10699455820591]]],[[[92.99295903226962,12.107000707634812],[92.9946255070029,12.107427066958605],[92.99857535572097,12.105530287414076],[93.00035813801043,12.105824812598359],[93.00359835811751,12.104846877863865],[93.00537165151154,12.1033499561083],[93.00568016019103,12.098990985709822],[93.00443452235147,12.098744678647085],[93.0033855595932,12.095365337016457],[93.00391282848963,12.094003540695233],[93.00207506448712,12.092526186022717],[93.00153528910485,12.09032331251223],[93.00214500944833,12.089615478750167],[93.00164891882636,12.08719020658625],[93.00037658988771,12.08593578361094],[93.00023860959237,12.082408695402117],[93.00098134439928,12.079381837995616],[92.99971927617281,12.078279266593347],[93.00038522305147,12.076617899890728],[93.0023240446058,12.07555706626008],[93.0013846434424,12.073567321169774],[92.99972302039757,12.074246962117153],[92.99861563861782,12.071814744066456],[93.00075143076015,12.069779655163236],[93.00003433024058,12.06691825403974],[92.99837913087437,12.067808228170525],[92.99776367067932,12.063640366718579],[92.99973272870156,12.063784770008684],[93.00139456346591,12.062805425091845],[93.00048924613996,12.059624458879997],[92.99929482568797,12.058389799913956],[93.0000991058067,12.056755802278408],[92.99918711071726,12.055147507069277],[92.99960473059883,12.052559573097364],[93.00071234922048,12.052151887855548],[92.99961421450975,12.04969985164281],[92.99963672992102,12.047900648089175],[92.99690901417904,12.04494968824032],[92.99448857415713,12.044346902611549],[92.991557204848,12.044665169056831],[92.98968787556083,12.045606407045781],[92.98889728737429,12.047264156842195],[92.9866540010568,12.048460841400383],[92.98474211529836,12.050420692396004],[92.98258228728012,12.05115425307596],[92.9804691404852,12.050925964589046],[92.97978554121354,12.052132389764012],[92.98028126697744,12.054666683402937],[92.97892264604211,12.056899480966573],[92.9774823584775,12.057742678032575],[92.97637172941825,12.061065517049895],[92.97482104542212,12.061554404359251],[92.97385471657421,12.05907412656535],[92.97318559595244,12.060017247111212],[92.97351865720985,12.062860887653908],[92.9751503976604,12.064333748363813],[92.97517591535332,12.06645890561753],[92.97301819883728,12.064985522927412],[92.9715470876123,12.065841750606884],[92.97182553092232,12.067245690819492],[92.9684198760637,12.067923397919085],[92.96631500144103,12.068874846283018],[92.96506997424838,12.06821968945377],[92.96268112924142,12.071513908279593],[92.96054631048166,12.078840662495109],[92.96059842894334,12.081864934929323],[92.96156573345588,12.083391674355997],[92.96488583652128,12.085275017311089],[92.97145660979123,12.08697196041468],[92.97033531660992,12.089449070623015],[92.97060993026116,12.091601719541103],[92.96551774006035,12.089852860482615],[92.96518310070998,12.092141114209767],[92.96603851936155,12.094812019978484],[92.96119493950683,12.093553748418671],[92.96077837426927,12.094752103440936],[92.9635184912375,12.095436071601897],[92.96186570734181,12.096407745928094],[92.96260155748385,12.098541077548104],[92.9614377945901,12.099438959803344],[92.96233558198266,12.10166379836268],[92.96052044033975,12.102898143361308],[92.95987851555661,12.107665377452799],[92.96123410500573,12.108647616222624],[92.96462730367023,12.107166265071493],[92.96667208117523,12.108919893065611],[92.9702900700196,12.106341049629282],[92.96976675313388,12.103724984926972],[92.97187042584801,12.104190268229148],[92.97347807929378,12.102393690760737],[92.97724156370921,12.104195596822],[92.97480581188466,12.10356655298837],[92.97361373705971,12.105091098732139],[92.9762153125671,12.106020014790474],[92.97743504966587,12.104509106659096],[92.97784892415572,12.10591264033602],[92.98062405229614,12.106570434742624],[92.98169709746846,12.10616159242104],[92.98526565082624,12.109216483194288],[92.99047035214089,12.109657321644802],[92.99295903226962,12.107000707634812]]],[[[92.95135797541508,12.084580023885401],[92.9511892402428,12.086950173166484],[92.95024529953442,12.089346731083442],[92.94922538228214,12.097027894191486],[92.94950851943706,12.10454873708826],[92.95005489780355,12.108839575041598],[92.9495668044181,12.112063769897315],[92.94794618058138,12.115829195439852],[92.94860948193957,12.116208677466764],[92.94999613631526,12.114166796715303],[92.95254601676035,12.111771969065376],[92.95620772993234,12.105346013816996],[92.95751154895694,12.101782167247958],[92.95791897304962,12.098259652918896],[92.95580384845287,12.094910688892284],[92.95336901585287,12.093573086820442],[92.9508803828326,12.090845902581037],[92.95135428898553,12.087903931206457],[92.9526023202584,12.085889124478943],[92.95135797541508,12.084580023885401]]],[[[93.00262847962802,12.11332997255435],[93.00356344670743,12.112763764665734],[93.00280155773805,12.111414447441769],[92.99931277138894,12.11164119973357],[92.99998035648203,12.113894640150399],[92.9981269212459,12.114015569808268],[92.9997908836625,12.116668374209155],[93.00253085651735,12.11786621850487],[93.00329620961853,12.115460804724485],[93.00262847962802,12.11332997255435]]],[[[93.09939267002306,12.136371835184317],[93.0979441000849,12.133702386433765],[93.09599661891212,12.134797838834459],[93.09622382592252,12.136621107088162],[93.09783467775944,12.13724291950318],[93.09939267002306,12.136371835184317]]],[[[92.96803967003981,12.149326726154582],[92.96918373344654,12.149800137341941],[92.97236062068274,12.148204962696104],[92.97734511550907,12.148064612405829],[92.98015086173073,12.148321650354788],[92.9819979352535,12.147306293844816],[92.98195941532428,12.148904637561344],[92.98303005774828,12.148978327358737],[92.98611353514421,12.14742882709439],[92.98872000087127,12.144806168051389],[92.98890548974948,12.143898172567646],[92.99215432206351,12.144082852477448],[92.99333953759626,12.140160650868868],[92.99242018994315,12.136617528303425],[92.99371332129174,12.135365846937182],[92.9950079176225,12.132824157164363],[92.99452976891406,12.130934718071085],[92.99686028713134,12.126023348239029],[92.99889165735344,12.125090068807063],[92.99899035172055,12.12378101803525],[93.0008143262036,12.12193135834906],[93.00103842479334,12.119134384731893],[92.99783103226773,12.114445308787834],[92.99624468565821,12.1133177243211],[92.99362279338311,12.11418716295445],[92.99048626236895,12.11276749498536],[92.98645535713942,12.113677999443787],[92.98444590368418,12.11302021032712],[92.9832966808177,12.11163573492666],[92.98078916469392,12.111593524764833],[92.97968152956443,12.113266757419934],[92.97660487068391,12.1136260110355],[92.9764552450312,12.115551191277298],[92.97787509854871,12.11696933676452],[92.97264983507065,12.118453563530597],[92.96940163440442,12.117978047108105],[92.96648840395027,12.11961595664778],[92.96222995966322,12.123964764071976],[92.96093780843142,12.127123720280439],[92.96015809327663,12.131227836331169],[92.95779137835059,12.134821705205333],[92.95642143072607,12.138416607871367],[92.95556757066066,12.142702263026955],[92.95600634904218,12.146589693533427],[92.95663241167836,12.148043429674187],[92.96118000204709,12.150919963611779],[92.96648809468581,12.150160657074403],[92.96803967003981,12.149326726154582]]],[[[93.1207013967606,12.145557967228633],[93.1226114898431,12.144611359759132],[93.12157161387996,12.141581014138886],[93.12367442514082,12.14031120244515],[93.12244470447884,12.138389960726387],[93.11894300079715,12.135239944184686],[93.11620999957499,12.131789909663116],[93.11569799130946,12.13023001583888],[93.11413088776605,12.131454868193218],[93.11379007804342,12.134085194111005],[93.1119602987384,12.135548840801494],[93.11153886353749,12.138301216424173],[93.10974586051397,12.139984672540312],[93.11005122936211,12.14289338915205],[93.1148878662832,12.14502523638021],[93.11637153375918,12.148245732305158],[93.12036044415983,12.148576930204404],[93.1207013967606,12.145557967228633]]],[[[92.72913956925956,12.189372673541783],[92.73022544778604,12.187956714165592],[92.72939777454822,12.184715032402053],[92.72582991594433,12.184631678223308],[92.72513645659771,12.186071548530974],[92.72913956925956,12.189372673541783]]],[[[93.02803014095268,12.142524029354668],[93.02512320397598,12.141867798807022],[93.02698171527697,12.137945987853932],[93.02852035683253,12.136208838171136],[93.03022317260624,12.135823450342873],[93.03136186838879,12.13162858413478],[93.03333165384215,12.126862210492442],[93.0351038415596,12.126727364545202],[93.03560419719004,12.124275676717954],[93.03380585077916,12.122530583752638],[93.03261801217324,12.119123994831275],[93.03164942194925,12.118523838948656],[93.03206597793174,12.116998429706298],[93.03129300641623,12.114191558552557],[93.03184801613138,12.112639013257315],[93.03148255002621,12.110029766920976],[93.03338862358075,12.107053683954316],[93.03346725470894,12.104843940166056],[93.0346784691989,12.104712840864709],[93.03531660578912,12.103024125311977],[93.0340476919625,12.101546439853799],[93.03454455514962,12.099072956447882],[93.03662300578277,12.0965407454099],[93.03919947546513,12.094363085505558],[93.03889561929147,12.093491004777393],[93.04080719719296,12.09183048293386],[93.04280371520693,12.08769068596962],[93.04549027034037,12.086194179554125],[93.04543572885133,12.085104323428752],[93.04922937340326,12.083935539930335],[93.04921232031218,12.081763657286709],[93.05155798879046,12.07968693127451],[93.05138358884824,12.077891766708724],[93.05383033044255,12.07658256838256],[93.05344379336378,12.07516553509061],[93.0507170649125,12.075040990646544],[93.05117610216013,12.071976211075878],[93.05294935463621,12.069879577125757],[93.05292485703802,12.065520293070987],[93.05168122963263,12.062685887088652],[93.05334283438896,12.061760721081258],[93.05218226379955,12.058926373661835],[93.05104704972841,12.059279756753893],[93.04998222889584,12.058025706621107],[93.05176903798844,12.056201538642464],[93.05022147470801,12.052685772484207],[93.04800961224495,12.0491695171416],[93.04662994533267,12.04878467315472],[93.04662678348066,12.047561030844566],[93.04503005646887,12.046791245252026],[93.0452994975353,12.045734615169389],[93.04109152751339,12.046439877979994],[93.03917787490425,12.051179141423207],[93.03687749605332,12.054801033331552],[93.03662235124678,12.057630145143014],[93.03474105889107,12.06103858860143],[93.03170179816726,12.063794604289583],[93.02853529482533,12.067606413967077],[93.02523678532071,12.070490383298953],[93.02185845624734,12.071686431382165],[93.02019635932307,12.072992839855823],[93.01792984401456,12.072698154402413],[93.01333246960608,12.072927440287453],[93.01131230045641,12.072135601369201],[93.00777809010377,12.075626788753256],[93.00639005324258,12.079903091996425],[93.00623553152738,12.084037402960996],[93.00742178376473,12.088670141998454],[93.00686421251035,12.092960787496175],[93.00727753673573,12.095127149484076],[93.00878212047033,12.098241259817229],[93.00899984635087,12.102437222006746],[93.00863843429386,12.104098867501913],[93.00646274349883,12.108285897989479],[93.0039705115478,12.108746869990556],[93.0037246804085,12.107329651897555],[93.00031681440711,12.107708289714004],[93.00044750519044,12.110494369163197],[93.00243039858233,12.11093196053438],[93.00429921604722,12.112615986904563],[93.0055807958658,12.117446365552603],[93.00396094486824,12.121293126408098],[93.0037202970803,12.123356933935018],[93.00245935313619,12.126182474066042],[93.0029409361294,12.127797209794934],[93.00260575708361,12.130957355169029],[93.00180083216819,12.13305451399729],[93.00298773351659,12.137115111233252],[93.00428647954833,12.14003150045128],[93.00550352422992,12.141476574281317],[93.0072429458487,12.147063368003424],[93.01081135749796,12.151207742883512],[93.01734720109292,12.154476488365535],[93.02088571473053,12.15734643634343],[93.0226929585681,12.16057250129225],[93.02287488102284,12.16282435956236],[93.02716387183541,12.16683289159119],[93.02913109946141,12.165581193183797],[93.02949267666294,12.163674317721979],[93.02849813924414,12.162604002526075],[93.02854296575583,12.158599114044927],[93.02716002119467,12.156609103459767],[93.02703506487738,12.152512449108078],[93.02755264139633,12.150669966132899],[93.02700067775623,12.148435415118914],[93.02750090217553,12.146283444995172],[93.0287486270501,12.144295543787521],[93.02803014095268,12.142524029354668]]],[[[92.68304128578279,12.215110095381359],[92.68041592634434,12.217239954809884],[92.67975036924611,12.218983256729302],[92.6806474453184,12.220391273667467],[92.68180431698785,12.224117381622332],[92.68323505331601,12.223573493567656],[92.68299152258221,12.22107544790452],[92.68359305823016,12.217064231096815],[92.68304128578279,12.215110095381359]]],[[[93.07634789949246,12.210035684540236],[93.07733958520343,12.207214542876002],[93.07880935458857,12.200962312864213],[93.08018381007354,12.200327089020895],[93.08027367546083,12.198886523839818],[93.0825682408397,12.197817084170119],[93.08359086306531,12.195557385947001],[93.08559194202243,12.19557033570997],[93.08571975658951,12.193313627816499],[93.08756711098432,12.19309760318567],[93.08597607795159,12.192094574156519],[93.08575590697319,12.187772942729314],[93.08817713890294,12.184517586407262],[93.0884328938672,12.182701453818936],[93.08725553867421,12.18201182603537],[93.08948431965088,12.18107367313793],[93.08951786315355,12.178224004955302],[93.09050573319749,12.176376976595904],[93.08977459606479,12.174748158926867],[93.08952192430685,12.171459909591007],[93.08794860719561,12.166510668666868],[93.08777286432182,12.16442860606863],[93.08607844865314,12.163495803178826],[93.08466948596562,12.15871041227189],[93.08466137563025,12.15608123631877],[93.08536272172789,12.154265366998313],[93.08736929623134,12.151980535999563],[93.08886459449721,12.153014817310234],[93.09128431767542,12.151700971633622],[93.09153682454283,12.150270333393385],[93.09425592607067,12.148347978451042],[93.09504538975618,12.142433763558916],[93.0936183119615,12.139827879661823],[93.09250291228872,12.136169258722738],[93.09046685934048,12.13478194257132],[93.0877329598841,12.129590279689653],[93.08980280876685,12.127587298861814],[93.08996296248229,12.12586504672636],[93.08821364452427,12.124110368869031],[93.09095070568817,12.123892745794414],[93.0931475289012,12.122328228178118],[93.0930211089348,12.120825016396635],[93.09184390194915,12.120323301559935],[93.09308731972794,12.116440898243003],[93.09019207358821,12.115217944632866],[93.09089304931085,12.113777839004152],[93.09328032729552,12.112902365684434],[93.09334541666234,12.110428485219716],[93.09207238918121,12.110599998663172],[93.09242421524766,12.1075782593781],[93.09169474257233,12.103412892675692],[93.09093197018947,12.101784055524673],[93.0904248407477,12.098370380741434],[93.08695803750003,12.095456032288602],[93.08651381311113,12.093357635098897],[93.0855259766147,12.09309040094364],[93.0864197574163,12.091040236286968],[93.08460729676487,12.088878398002809],[93.08190902319144,12.088534094994802],[93.08047780769874,12.089198150556712],[93.07837311489928,12.08470966388607],[93.07604980249913,12.085397160386401],[93.07480977357808,12.083924555981973],[93.07283542960542,12.086209332747783],[93.06907983960468,12.087396900921568],[93.06969240487237,12.090383314821134],[93.0686008456109,12.089901823603562],[93.068313212614,12.091749245295697],[93.0663065715264,12.094566313299172],[93.0659543534226,12.097760253265378],[93.06369482305541,12.098040586204101],[93.0627864788873,12.101349994461838],[93.06062019796457,12.103487384783147],[93.05894950553409,12.103517555917787],[93.05735659002846,12.10568542270753],[93.05519193556894,12.107022267479211],[93.05417182999165,12.10946414676969],[93.0526118829025,12.110308557800556],[93.05108166216961,12.113971358886246],[93.05009473768608,12.1145030127423],[93.05028372326613,12.117133637057913],[93.05279668392461,12.118669885549298],[93.05335896848953,12.120839859843455],[93.05494062289132,12.123359877854465],[93.05282588660391,12.122239855926786],[93.05056811533775,12.11985827512112],[93.04886961540478,12.120545281429226],[93.04648712454834,12.1250675945544],[93.04620229198436,12.12763695712864],[93.04475709385467,12.128202201668786],[93.04130199108788,12.126646879023303],[93.03994049872922,12.12698155104676],[93.03913525925095,12.129995975859687],[93.03677754291452,12.133313590549674],[93.03820688335853,12.136884628369954],[93.03779143243189,12.139045063759323],[93.0389034344464,12.14148850515216],[93.03877427708494,12.143837050385542],[93.03988793202082,12.146386579503611],[93.04105978993184,12.151573652811916],[93.04375990728919,12.15840240055764],[93.04457256097162,12.161819758269468],[93.04625512969794,12.164976193257269],[93.04642403796203,12.166650629594315],[93.04871884784723,12.170168361910834],[93.05024569031127,12.176615562431968],[93.05101066497745,12.177788131699545],[93.0525902633797,12.182848193071889],[93.05466281536953,12.18725058366201],[93.05678612865059,12.192830449196714],[93.06171629175813,12.200901099269975],[93.06401176788623,12.204167556839362],[93.0651154945937,12.207935490895567],[93.0664497666087,12.210652168992691],[93.0684865271218,12.21165560261457],[93.07634789949246,12.210035684540236]]],[[[93.1057921325087,12.260010272574302],[93.10603345110076,12.25756410255931],[93.1051203091294,12.255663275165366],[93.10579526408202,12.254247136547104],[93.10624801119747,12.245017836820839],[93.10604902213556,12.242877896514715],[93.10512812233054,12.241339155882057],[93.10521249288257,12.239009740965388],[93.10126789617902,12.234144375824505],[93.10083989712473,12.230681745099664],[93.10172365684814,12.229609554139147],[93.10229662123874,12.225049863560686],[93.10356005972385,12.221578774453265],[93.10258456506921,12.219984412369577],[93.10258957988178,12.210922472387761],[93.10216287047942,12.206404943472265],[93.10064926975215,12.204399842204849],[93.09909681460533,12.204612931390775],[93.09865728708758,12.20687514065218],[93.0969805704186,12.209726914992935],[93.09583423380481,12.210449923235618],[93.09411479600928,12.2097832364194],[93.09488895312639,12.21139727843602],[93.094175252149,12.212970956645806],[93.09228479994624,12.212355436934134],[93.09251180392887,12.215646849365005],[93.09130684256755,12.21580962828615],[93.09256676138517,12.217328893304774],[93.09219797622725,12.219620207337117],[93.09361595641398,12.220183998008718],[93.09385769762245,12.223126415515853],[93.09263081760847,12.22516910219746],[93.09101031464975,12.225352075863912],[93.0909487121194,12.224146441529726],[93.0870782625356,12.225136858551362],[93.08435653558516,12.222659514690848],[93.0801058002329,12.22395566088973],[93.0790734554938,12.225213170555733],[93.07738196638942,12.224846846061642],[93.07412148845977,12.226078695989038],[93.07298560628885,12.22589670979449],[93.06813749355499,12.227600704092877],[93.06711345996587,12.22842415954358],[93.06491880581808,12.227963826784796],[93.06288654840566,12.231039396389235],[93.06305500662701,12.233550966929315],[93.06643810534138,12.238679411011638],[93.06645418712274,12.241255052269334],[93.06730171433529,12.242941460822633],[93.06696885967945,12.246918612685048],[93.06762762184411,12.249070078982497],[93.07162773931934,12.252968909497088],[93.07121155446737,12.258204159164146],[93.07253108560212,12.259706675721363],[93.0757900303889,12.261453937547978],[93.07810081169934,12.261739493036814],[93.07954573999042,12.260847514781865],[93.07979428087287,12.259386593572856],[93.08106421596106,12.260481358519506],[93.08359142412735,12.258455458273176],[93.08450119083486,12.255412099887534],[93.08467825192575,12.252177972513943],[93.0858647911624,12.248480164686358],[93.08620079843084,12.2426567231109],[93.0845618366756,12.238941590128627],[93.08630016760127,12.237677492724432],[93.08848937041948,12.237304411540912],[93.09312907450978,12.238733189616454],[93.09476041618339,12.242559523761939],[93.09595334307907,12.243023984581836],[93.09662893690471,12.244787863300735],[93.0965445115798,12.247076406319266],[93.09955568599382,12.24944839676073],[93.09895050357697,12.254147846299949],[93.10007082033694,12.257009195699702],[93.100256474243,12.259379620841612],[93.10225017300029,12.260974539442453],[93.1057921325087,12.260010272574302]]]]}},{"type":"Feature","properties":{"id":"35-2","name":"Nicobars","source_name":"Nicobars","state_id":"35","source_agency":"Survey of India (SOI)","district_code":"603"},"geometry":{"type":"MultiPolygon","coordinates":[[[[93.848436910985,7.233478388538062],[93.84524859695465,7.231975323552755],[93.84298112958217,7.22929873925815],[93.84272761367008,7.227791826783117],[93.84456487331903,7.222095411409159],[93.84682341662368,7.217989415867498],[93.84975490463464,7.21555724242481],[93.85210153323558,7.21471680046209],[93.85587467062818,7.21471181210335],[93.85956709427587,7.217051491561059],[93.86493323979413,7.216960562252834],[93.86761693358689,7.2173756182960656],[93.86954452049352,7.216703124175262],[93.87113351469826,7.213686496637241],[93.87373070880068,7.2121757225327086],[93.87590623873163,7.2089070753413855],[93.87833638955426,7.207898918659669],[93.87749320861859,7.204466933334468],[93.87942083973653,7.203878139205481],[93.88168569981511,7.2046286329992215],[93.88260671933912,7.203706274987002],[93.88234613704202,7.197175292030014],[93.88041380022037,7.194330960634081],[93.88057998488661,7.1932421740090495],[93.88258966945166,7.191397228022966],[93.88367637460284,7.189051142848401],[93.88350182468295,7.184094139487232],[93.88250332939265,7.1797121215507715],[93.88080833576485,7.178578155084255],[93.87997013767615,7.176579698008201],[93.88071847327394,7.17205696609693],[93.88172188996894,7.170129675074225],[93.88582569663204,7.167025814299397],[93.88406023347261,7.163511372237764],[93.88447467583076,7.160077653167834],[93.88757141145229,7.156305289643171],[93.88823582081697,7.151782666748151],[93.88697446082601,7.149021148195426],[93.88713262102574,7.142154637026049],[93.88670951512695,7.139308221520772],[93.8851979769617,7.13746812669736],[93.88460664909536,7.134203261747433],[93.88476843249535,7.12993253580504],[93.88560293777694,7.12716811961924],[93.88845064071103,7.12532202053652],[93.89104531674943,7.122387695059193],[93.89053501882641,7.117113076181679],[93.88877113456323,7.114603454084447],[93.88868163620731,7.110500543607633],[93.8856575020837,7.1058992540937895],[93.88556666003535,7.100791514704548],[93.88598360608604,7.099199970048135],[93.8878238540819,7.096350439777482],[93.88781924449884,7.0930010283473095],[93.88714737985605,7.09208085981608],[93.88722430124736,7.087056627163517],[93.88814405713526,7.085380655560247],[93.89065563661528,7.083116345792005],[93.89467576175748,7.080682464864745],[93.90003875176815,7.079502707025193],[93.90188142648724,7.078495307318907],[93.90338762975564,7.076651019504362],[93.90606128914831,7.070534587397083],[93.9067272407484,7.067267975053264],[93.90596814118845,7.06391963415426],[93.90630200076505,7.062914339725228],[93.90889683377353,7.0603986253917075],[93.91073692064519,7.05763276221631],[93.9140031949184,7.055785953736165],[93.91475564190061,7.0544451198297775],[93.91583402778893,7.04657248011976],[93.91264117718104,7.041050492769395],[93.91397816921791,7.038201598361926],[93.9140559144103,7.0339309924312525],[93.91606433984474,7.0317510240221575],[93.91605933137109,7.02823415292053],[93.9166424401866,7.025721265763218],[93.92108244129211,7.024291434959899],[93.92737280803523,7.02738058658094],[93.92929975986978,7.026875389309774],[93.9318928109643,7.023354754997198],[93.93473921554644,7.021173499556257],[93.93557511969786,7.019665050688243],[93.93666453625708,7.019579722272012],[93.93875709466448,7.0177344879545895],[93.94101836751277,7.016642611262329],[93.94110057227871,7.015553937398393],[93.93891979192227,7.014384854057879],[93.94042713309494,7.013545291705725],[93.9438587389469,7.010442047226344],[93.94570191422977,7.010020647460905],[93.94653764038497,7.008428447343966],[93.94695232952567,7.005497116565176],[93.94787060796553,7.0030674468464245],[93.94779559532617,6.999797734129645],[93.9459452691756,6.995362528369244],[93.94359609944763,6.993607562470098],[93.94250847300223,6.994865186823023],[93.94167435499405,6.997545930384123],[93.93840761010124,6.998723008584074],[93.93346714090569,7.001577199079374],[93.9327148214773,7.002918053947016],[93.93255146603441,7.00584901660774],[93.93079768858038,7.010122047339283],[93.92811797528964,7.011633151823957],[93.92350845471852,7.0116397840304785],[93.92224939120324,7.010301825896181],[93.9165444082681,7.006123188692875],[93.91503288592243,7.004031946939286],[93.91374218603525,7.000189449556158],[93.91483988829037,6.995746587174227],[93.91601152187563,6.99457263519044],[93.91885987294734,6.9938149809494865],[93.92396606112926,6.989620941587689],[93.92765109281228,6.987940950848574],[93.92852020545759,6.985155752202797],[93.92965721821123,6.984337453088604],[93.92847599272542,6.978812632313807],[93.92847129115057,6.9755469657056945],[93.92905477608751,6.973369012820798],[93.9329069051877,6.971437548507519],[93.93466298309093,6.968839219435721],[93.93532756072905,6.964818971513018],[93.9370845773069,6.962890514011709],[93.94227714344,6.96078956574546],[93.94428613086461,6.959279393229491],[93.94562236741184,6.956179235985279],[93.94528532314844,6.954923707605947],[93.94251566226009,6.9519970395296005],[93.93874472548099,6.952002536379748],[93.93732075672114,6.952423281001762],[93.93154322703316,6.955613567007492],[93.92953240258707,6.955867662603531],[93.92668166086345,6.954783188157672],[93.92290544753058,6.951104212519759],[93.92231409660899,6.947755637603674],[93.91753358446041,6.944915388088065],[93.917781198979,6.942235501780427],[93.91526351737613,6.939559502742449],[93.91501060016235,6.938471295786317],[93.91659814353353,6.935203381084299],[93.9151717314799,6.933865612593847],[93.91232232126288,6.933618390146573],[93.91022474376635,6.931695390386856],[93.90955620941209,6.9299601273632385],[93.90963142420259,6.926839544570367],[93.91188664464364,6.921644798995812],[93.91347556891756,6.919381724749651],[93.91581920013698,6.917536267770725],[93.91648449687445,6.913934705592532],[93.91379963698238,6.9114263844737165],[93.91228637214566,6.907827856839382],[93.90868137593088,6.90640934164245],[93.90558294895858,6.907753387300877],[93.90105844105156,6.9079270583554075],[93.89694628551037,6.903243444799596],[93.89819813387889,6.899557362588425],[93.90037507611189,6.898382097415842],[93.90028945903038,6.897042439343399],[93.89710193074961,6.8944509547522905],[93.8965976066899,6.893279333455929],[93.89734784513132,6.890431291788031],[93.89977394942026,6.88766471290401],[93.89960067855739,6.883478149068418],[93.90119080987053,6.882136211765716],[93.90202616563002,6.88029288243501],[93.9015998152084,6.874850624256504],[93.90050741349759,6.872507501485981],[93.89807639276269,6.871589699640117],[93.89582529521745,6.869704508590825],[93.89438495477332,6.869274771184697],[93.89312654082588,6.86673967158822],[93.89303635047821,6.861966831064908],[93.89395448179272,6.859369778366386],[93.89470301392231,6.85526570057666],[93.893947624131,6.854261881445209],[93.8935222017795,6.849405751000934],[93.8937701781126,6.8468933313584],[93.89527530959512,6.844714173710348],[93.89619340481988,6.842117118978684],[93.89719797672586,6.841529614737009],[93.9004649398781,6.841190267155938],[93.9025584119939,6.84043380775132],[93.90582661617766,6.841015518377811],[93.90833782857513,6.83942110450316],[93.91042782822898,6.8361525387905075],[93.9103399121697,6.833138164190985],[93.90902524440031,6.830676192037637],[93.90595713340578,6.826912061798395],[93.90421147134506,6.823851814601593],[93.90144219907457,6.820422379407642],[93.9014406151872,6.819250074913622],[93.90277740492132,6.816568713233179],[93.90277491242198,6.814726519560869],[93.90000762494755,6.812720581405018],[93.89740308182195,6.807113747827983],[93.89471963384837,6.805107659958392],[93.89287627963637,6.804858905140416],[93.88952621966037,6.805533235616978],[93.88860337999617,6.804529619083227],[93.88733871821287,6.798418522696987],[93.88499033717584,6.796328194867138],[93.88213989210564,6.794657192838401],[93.88130228011971,6.794742019875796],[93.87996596018688,6.797842015151439],[93.88003421869595,6.80037167900489],[93.87940511927752,6.803462020837323],[93.87771431686235,6.80571618082115],[93.87328012610763,6.810243697331281],[93.87267034662604,6.811648477978125],[93.8699339681553,6.814016151620611],[93.86926655699875,6.816194163162],[93.86574903374392,6.817036027951896],[93.86172777505293,6.81704113834344],[93.85804024725518,6.815957215508798],[93.85410266333541,6.815878420673936],[93.8518461838991,6.815177268678987],[93.85175431977746,6.813787926892466],[93.84848281464784,6.810365748623045],[93.84847917498544,6.807427980661112],[93.84721799923194,6.803745108210458],[93.84579105257147,6.801485964797886],[93.84712667800117,6.797632412525093],[93.84729112372413,6.795120096082284],[93.84887772897982,6.791015019821152],[93.84686276554022,6.787416807445296],[93.84677157232026,6.781387845133187],[93.84576221558045,6.778039597042519],[93.84014261653034,6.772268586142608],[93.83896599462678,6.769087993960031],[93.83736731409124,6.7632283117835135],[93.83644052381351,6.758791349038712],[93.8350981445854,6.757034476422459],[93.83375728126384,6.756533661354545],[93.83099369569156,6.757123128086814],[93.82923320627162,6.755952899354266],[93.82697161829282,6.756039321367023],[93.82412465195928,6.75696379860011],[93.822114060419,6.756798688711129],[93.81951808420934,6.757471631183796],[93.811731942998,6.761081395515332],[93.80989166435464,6.7633444349933525],[93.8070441358559,6.763850129973488],[93.80512024660399,6.76628072382606],[93.80445220171336,6.768123719112324],[93.8048744877022,6.7711377986468895],[93.80697236539463,6.774317434439194],[93.80956999724116,6.774984353120078],[93.81091282909354,6.777159983818435],[93.81351184122117,6.778999204956994],[93.81350517494698,6.78140295603875],[93.81108637322752,6.782351520290362],[93.80966381276684,6.783692966017835],[93.80790789287568,6.786542070188509],[93.80908533587812,6.790560124107042],[93.81235537802422,6.793068470831739],[93.81194049952434,6.796502194461553],[93.80917742691096,6.797761457389593],[93.80867633192547,6.799101838810775],[93.80985508057367,6.804208472467932],[93.80860116839852,6.806554574735145],[93.80868649316584,6.807894279242714],[93.8111990754979,6.807305206413319],[93.8130429126637,6.807972963515861],[93.81639874025771,6.812072182884848],[93.81598584988998,6.817180653365038],[93.81523323031857,6.818353860229597],[93.81322336016066,6.81902610771855],[93.81112873200573,6.818861073342124],[93.80911613511964,6.817188656885938],[93.80852765988675,6.815430847094006],[93.80617969024071,6.813507591421036],[93.80291279072628,6.813846290137918],[93.79998385475339,6.816696717801884],[93.7970557398027,6.820300765927971],[93.79705801951395,6.8223104690655525],[93.7957191813654,6.8237355260710855],[93.79438175392099,6.826416646692186],[93.79245606492721,6.82750740736356],[93.79053130719889,6.829435538497992],[93.78743296203723,6.830778808083686],[93.78668277241775,6.834212896883492],[93.7866868824048,6.837897356580585],[93.78819709552744,6.8398216398015865],[93.78853625422911,6.843421985258383],[93.79071486670982,6.8436707558887],[93.7928969814957,6.847017805070273],[93.79440639433697,6.848188427637945],[93.79524802517173,6.85153697918243],[93.79365718661055,6.85245989737661],[93.79156203415873,6.851959837453551],[93.78736836546977,6.847945131357109],[93.78552719942644,6.8497894172813965],[93.78695282287185,6.850960155955371],[93.78720614131959,6.852718366908208],[93.78946810842986,6.852548356545219],[93.79131266715459,6.8537186101000005],[93.79064522851785,6.856231492997229],[93.7894738525787,6.857656352069883],[93.78746340220674,6.857993556924615],[93.7855340206664,6.855902268028051],[93.78151321649048,6.856660376166391],[93.77866814956319,6.859929293475662],[93.77716379649992,6.86336420159894],[93.77356431133296,6.866382708120635],[93.77348134915543,6.867136438469623],[93.7754943328288,6.869060208731118],[93.77591611772822,6.871655619232159],[93.77482973279255,6.874252684230806],[93.7720674876151,6.876767839255571],[93.77206821910242,6.877437741637816],[93.77768553009454,6.880613620597856],[93.77961331627091,6.881197655088871],[93.7795315692262,6.88303997694423],[93.77727120770497,6.884800966086943],[93.77584715750633,6.885137484808893],[93.77534663268167,6.88714774388897],[93.7767726286246,6.8885697170129205],[93.77886784161296,6.888986089768474],[93.78104796527083,6.890407215749455],[93.7812175030727,6.892165519715912],[93.77686020857008,6.892002868503456],[93.77535409857987,6.893930495345727],[93.7711661057477,6.8953586267915],[93.7683177491517,6.89586415409551],[93.76647606180468,6.897457169050614],[93.76882760635269,6.902395152799378],[93.76757253833435,6.904071273660229],[93.76564648170448,6.905161952861966],[93.76397405562102,6.90834579772291],[93.76657859316681,6.910732768739924],[93.76708953529963,6.913104129657292],[93.76632809213983,6.915544705862154],[93.76498891634543,6.916969701032854],[93.76289403759627,6.916971961574338],[93.76037757554953,6.914546265715408],[93.75836596471038,6.914045991394222],[93.75702328502547,6.9122051862875065],[93.75685391242743,6.91053060964498],[93.75551107170831,6.908522322313684],[93.75324846296577,6.908357241236851],[93.75090355879786,6.909615782115593],[93.74822670958562,6.9139729680426365],[93.74689133141541,6.919082384846124],[93.74463102491312,6.921178190875671],[93.74279037651864,6.923943457186969],[93.74220579601732,6.925870040957301],[93.74265244483504,6.928883953313632],[93.74547798575057,6.929802328802099],[93.74849355688023,6.928710582142887],[93.75055788099625,6.928783423259329],[93.75228025894431,6.930754008563477],[93.75228664455048,6.936783133565726],[93.75296010081482,6.93967137877203],[93.75111997068213,6.942939102946333],[93.75229450080874,6.944193928981526],[93.75238034439919,6.946119810198596],[93.7509916248483,6.949497062100365],[93.74801365390502,6.950482958334141],[93.74709527248861,6.953749702394524],[93.74843769082293,6.9552555736860615],[93.74860688496264,6.956762676996737],[93.74743470922985,6.957768765881979],[93.74676860293508,6.961872623436596],[93.74593153710023,6.96279461877811],[93.7433345911367,6.9637184507397345],[93.73704516768339,6.959705544457063],[93.73578924092122,6.960795430215414],[93.73579372027756,6.965149804578749],[93.73512483705213,6.966657775634066],[93.73403520980935,6.966491415677732],[93.73227754403068,6.9686704013395016],[93.73177796566226,6.971852958941943],[93.73345862157372,6.976289357267783],[93.73346111275599,6.978717756684587],[93.73187195926718,6.981817688036514],[93.728440635285,6.9865105129736556],[93.7240872629812,6.991120505436512],[93.71872608596395,6.99372175143106],[93.71604427027818,6.993808149854606],[93.71252353533683,6.993057978713156],[93.70933673730586,6.990967639787937],[93.70673857790034,6.99088642902405],[93.70497948090825,6.9918092525106985],[93.70355674461516,6.993904080752394],[93.70406130072068,6.995662100215199],[93.70668856905257,6.997602888781001],[93.70658129185236,7.001521340194459],[93.70490783326031,7.004370062945472],[93.7033192995222,7.00839103389515],[93.70147760878596,7.010653740928302],[93.69854641136831,7.013001219247886],[93.69067192276873,7.0171955934742405],[93.68371630062488,7.018206931540477],[93.68187223643542,7.018041155500328],[93.67784740035994,7.016118856801473],[93.67725757430763,7.012686114558251],[93.67490625394022,7.007663933455206],[93.67465178537424,7.004314618717584],[93.67222011574697,7.003060730290348],[93.6692029012582,7.003063428429847],[93.66559959696045,7.003736535661453],[93.6635058529806,7.005496894503799],[93.66334022014922,7.007757985027817],[93.66527027855048,7.010435921834966],[93.66964332292092,7.011683947399113],[93.67074580548163,7.012563533066535],[93.67022319586957,7.019307809986024],[93.67131413909436,7.020814124619482],[93.67374544720666,7.02156558249376],[93.6742493225045,7.022653727548074],[93.67383229413544,7.024915045061194],[93.67131911350832,7.026340865746045],[93.6697280422854,7.027933323285842],[93.66931061418045,7.029775947358596],[93.67015013145459,7.031282488753019],[93.67288489990524,7.033342088734116],[93.67283756379186,7.0371417665340585],[93.66957115855976,7.039908076452548],[93.66596817148233,7.041251109008088],[93.6647124574078,7.043010734221472],[93.66480051852764,7.047783753445424],[93.66547301455378,7.049960357424712],[93.66790814747702,7.054815018210993],[93.66799662613735,7.060006724291477],[93.66850046028621,7.061011134877564],[93.66867262346508,7.06603528509913],[93.66716486342551,7.067208976583071],[93.66276541782888,7.06729184557712],[93.6627256574356,7.071064897864646],[93.663985549385,7.073910885968432],[93.66750978250738,7.0779271841404645],[93.6697745706681,7.079599914180893],[93.66969468154066,7.083954381637106],[93.66726583381242,7.086301241651045],[93.66164834120389,7.08505017400025],[93.6603077850407,7.08580500420819],[93.66064590808686,7.0889867665719235],[93.65997692034149,7.090829602142983],[93.65838537964261,7.09217081864179],[93.65771630514341,7.093929913380769],[93.65780440827895,7.098786667009878],[93.65963189125155,7.10370876865405],[93.66130937866481,7.104712145671417],[93.66550042203116,7.104205978955612],[93.66625406176621,7.103284181909066],[93.66870973012182,7.107150785610846],[93.671980561242,7.108738847200245],[93.67458138346967,7.110997403794268],[93.6747514308428,7.1135931325636665],[93.67137934109718,7.116091505181299],[93.66702098920578,7.1171003110893185],[93.66601274175973,7.1145890682623785],[93.66450354662803,7.1143392078311845],[93.66332773271026,7.111911847205878],[93.6615669794425,7.111578462127758],[93.65888504817272,7.112334480617636],[93.65679154996839,7.1149322143394595],[93.65637423216643,7.117026039251753],[93.65621511558432,7.1267398290702335],[93.65831318881877,7.129250130932799],[93.66384655772305,7.129580162770484],[93.66655333455412,7.1328603742593115],[93.66714174974233,7.134335645132879],[93.66748113381618,7.139056163881001],[93.6692423776635,7.1398082109350325],[93.67192337088456,7.137879790868312],[93.67410187858579,7.1380635479424654],[93.67544571305905,7.139216366649577],[93.67754526861705,7.143150115237063],[93.67880773642082,7.148424439127378],[93.67881398564047,7.155123476783145],[93.67789425384883,7.157803946888166],[93.6758835064424,7.159313096681827],[93.67513119766106,7.16174219336535],[93.67513336999568,7.164086856954227],[93.67614521362613,7.1702825331788915],[93.67587559587705,7.173531709691432],[93.67403300225948,7.175626863074928],[93.674452836983,7.176296380759353],[93.67982270368007,7.180478280323238],[93.68183676493564,7.182402360013507],[93.68418574261597,7.183823688443724],[93.68427125601075,7.185582100632318],[93.68645488632797,7.189431966536076],[93.68880367284662,7.190602054327439],[93.69123542830242,7.190850933657132],[93.69274585950762,7.192105541199243],[93.69375029851672,7.190346077774687],[93.6960350019333,7.190109500117217],[93.69813006192501,7.189018868261821],[93.70246332774325,7.188380805321694],[93.70391206036834,7.190498387334894],[93.70674762575901,7.191673112424399],[93.71171545481852,7.191517511488187],[93.71423115017961,7.191849919317582],[93.71624249491722,7.190926764843718],[93.7165759943726,7.189084201499925],[93.7195080640452,7.186652823490485],[93.72529078797247,7.184218480960581],[93.72897935866965,7.184545197978796],[93.72918506378575,7.186478201643644],[93.7330206644971,7.186676490129206],[93.73545329638605,7.187762506878621],[93.73864250663246,7.190689920045247],[93.74015512420794,7.193870317127031],[93.74141334313596,7.194371392278621],[93.74460390701543,7.198471075170069],[93.74541381464476,7.200245448725412],[93.75030956466274,7.202233041960119],[93.75114922695232,7.203320703399834],[93.75282505688799,7.2023140214148285],[93.75290724286991,7.200806664677801],[93.7503921273275,7.201060634109402],[93.74787444981975,7.198969954077172],[93.74795656183326,7.197378861092632],[93.74946560229606,7.197209743126019],[93.75114490615987,7.199385070396812],[93.7537432120776,7.198544848561654],[93.75466394394137,7.1971203051037556],[93.75659545951842,7.199881491726322],[93.7559282173248,7.203064232916939],[93.75500738541649,7.204405042364204],[93.75509299357914,7.205995949262195],[93.75324789175481,7.205579298721727],[93.75157241951769,7.2069209310119],[93.7541743769003,7.209346441021143],[93.75518296376896,7.2115224870993995],[93.75694396490834,7.211688009358287],[93.7599517995983,7.214326542385341],[93.7635565395683,7.213652610753815],[93.76674316490737,7.213983963286841],[93.7671614577993,7.213146123687502],[93.76531575027857,7.212227103312143],[93.76422411646202,7.210804808763019],[93.7648743080441,7.208747147441698],[93.77075957509363,7.2066943080503165],[93.77372258761491,7.207036683071353],[93.77713418559073,7.208612947508244],[93.77697007245526,7.211711393332682],[93.78074440338659,7.2127118648425945],[93.78133309813133,7.214218439035201],[93.78544324577992,7.215553423897289],[93.78695163284932,7.214798025586576],[93.78694670002442,7.210611206949235],[93.79030110336798,7.2110259356233435],[93.79225121641295,7.213152264371008],[93.79399240133229,7.212696283990292],[93.79524791776494,7.21085258887709],[93.79725835086194,7.209259194014816],[93.79708884826603,7.20775214362265],[93.7994332357252,7.204986032800291],[93.80043919186278,7.204817351023426],[93.80186630381648,7.2062391479881285],[93.80169486406513,7.203141110854338],[93.8036240352338,7.203724935374009],[93.80471322185272,7.20305372370634],[93.80505441335815,7.207826279001122],[93.80312877746508,7.210173227342281],[93.80380179476411,7.212014612594111],[93.80537145987238,7.212096442797308],[93.80775337198106,7.209619157012612],[93.80901118390193,7.209701356411941],[93.80842763874792,7.212465364997213],[93.81002012800502,7.211960999079455],[93.810524552899,7.213048951434035],[93.81245253564444,7.212627901303079],[93.81295407061121,7.211371240013636],[93.81354338455792,7.213296445119461],[93.81178485090771,7.215140806893757],[93.80943823217511,7.216064783592254],[93.80809593992709,7.215480274178771],[93.8069242130298,7.217240163107144],[93.80717913948449,7.2200031458587475],[93.80893812150254,7.218493746161479],[93.81036540795971,7.219999247714843],[93.81221050174365,7.220331924297551],[93.81195998705523,7.221169592690974],[93.80969708579852,7.222009734290133],[93.80945089051708,7.226364317319675],[93.80985942436023,7.22875446274975],[93.80865658847642,7.229333695154546],[93.80566555633534,7.227671021413848],[93.80567067372019,7.231857824416252],[93.80667801833259,7.232777692552422],[93.80910950557589,7.232607242744968],[93.81078539757283,7.23168408848095],[93.81313354332931,7.231932400952507],[93.81808453481482,7.234940752445379],[93.82119020762227,7.237448948185655],[93.82454429330969,7.237444728465583],[93.82848651520041,7.238360831447902],[93.8288198964024,7.236769428080203],[93.83460869453081,7.239106634682457],[93.83779540529689,7.23935373876154],[93.83670759890896,7.241113591374862],[93.83796896507556,7.242532801257096],[93.84056656072167,7.242448371403027],[93.84240946410198,7.2410224719162795],[93.84542771413655,7.240683590901395],[93.84694201336892,7.24444970605441],[93.8494573839695,7.244278928277727],[93.84861465664606,7.241098089359453],[93.848436910985,7.233478388538062]]],[[[93.71975948086552,7.2070676363456],[93.71908835286993,7.206733375851404],[93.71347139343055,7.207576476839924],[93.71237678767635,7.209546235231574],[93.7120530205698,7.214528120049963],[93.71088158634383,7.2169576893918155],[93.71079943045325,7.2186325202610355],[93.70920847290161,7.220811295627766],[93.7087096749437,7.225082406374002],[93.7073702416023,7.227260925868104],[93.70921810997545,7.230357352630225],[93.71055966195308,7.230272260204737],[93.71080909776975,7.228178575080144],[93.71365613587744,7.2243237699339025],[93.71372009317588,7.221797854722879],[93.7144917418791,7.221475848506073],[93.71666842462119,7.21812413457106],[93.72119138634527,7.213346462497473],[93.72026749141482,7.211840142416446],[93.71975948086552,7.2070676363456]]],[[[93.840305757243,7.285952926725084],[93.83988951927618,7.288298064642374],[93.84307834001503,7.289884865376108],[93.8430771289262,7.288963779240173],[93.840305757243,7.285952926725084]]],[[[93.68927236309722,7.395982755814543],[93.68790651567619,7.396088989354286],[93.68664831832496,7.398817356834534],[93.68444458871959,7.401703975796867],[93.68413444422907,7.406896318469652],[93.68865513942627,7.409356792424724],[93.69143934805821,7.409039372038113],[93.6916970260793,7.404004416387494],[93.6956346521526,7.401325809946907],[93.69626314767596,7.399384723997267],[93.69305719103298,7.398181692042304],[93.68927236309722,7.395982755814543]]],[[[93.77183651700096,7.395536981700866],[93.76940236197498,7.394200047916866],[93.76437127181077,7.395796864807167],[93.76286447999966,7.398478157178598],[93.76412514916075,7.40057010622302],[93.76647515162335,7.401655958629813],[93.76765147461461,7.403329314916887],[93.77033301027167,7.400981581253271],[93.77041552036528,7.399809180707243],[93.77200841526506,7.399053693675466],[93.77125189564535,7.39771480187161],[93.77183651700096,7.395536981700866]]],[[[93.71332350389757,7.441955181129183],[93.71321438973673,7.440452554012472],[93.71460904551466,7.437284605774036],[93.71579036385467,7.435780625617937],[93.71611076566906,7.433687185049612],[93.71815360233632,7.433363018589444],[93.72003267930315,7.430731234994017],[93.72061943940695,7.426329732348543],[93.72056287652994,7.423699996597481],[93.72190463849255,7.421444462315018],[93.72131018141151,7.418600619279018],[93.72162912082037,7.4151654444274255],[93.72134991096883,7.405397922206627],[93.72301071613022,7.399868218562291],[93.72478239291748,7.397504883958],[93.7279542021295,7.397286816895747],[93.73198057273837,7.391861884342258],[93.73461248575802,7.389604923556375],[93.73724584122515,7.388689676970615],[93.73880323574012,7.387131565823858],[93.74455129673957,7.383100043636328],[93.74759248807628,7.382757752300769],[93.75024663605663,7.380088227544658],[93.7544901126755,7.376863305699558],[93.75647657298337,7.374499618173474],[93.75668716079866,7.370581531474867],[93.75738249700956,7.367467932271619],[93.75544259460656,7.363444939130933],[93.75538725541435,7.362049601542102],[93.75737462559965,7.360544618673831],[93.75704908799628,7.357915197750804],[93.75494984200945,7.355556122410462],[93.75360510352881,7.354859936730451],[93.75134389501605,7.351856994321914],[93.74725568290192,7.3495000965103205],[93.74558718031511,7.347677186779382],[93.74440066613305,7.344189990577525],[93.7410669183509,7.343442278229736],[93.73923795661996,7.342317219360988],[93.7378358403717,7.338239871183005],[93.73713088252954,7.3326053500540604],[93.73616142178378,7.330888979275921],[93.73621127803628,7.327293073962197],[93.73384334270662,7.324773161907793],[93.73141960934619,7.320321196104994],[93.72921380194404,7.31855245599298],[93.72657599006094,7.314905726192956],[93.72571229902346,7.311471787763543],[93.72420376071305,7.308199535772745],[93.71957890141837,7.30616492822195],[93.71812741738766,7.30600542830072],[93.7153334557008,7.3071353784037285],[93.71043954942085,7.304778936015361],[93.70726788699302,7.304513812516594],[93.70554699668658,7.303710505878241],[93.70259094505151,7.304035498249921],[93.69972386335282,7.302803460645299],[93.69898423843884,7.29872579319588],[93.6974246385956,7.297922294727449],[93.69559511795055,7.295938322040811],[93.69279803983642,7.293901617627375],[93.69155934286363,7.2914340178018495],[93.68849272200904,7.2885388297790055],[93.68623473059996,7.288057985486206],[93.68359837304342,7.285377023742924],[93.67864973036637,7.281571174878174],[93.6783790966398,7.279585642196651],[93.67972038443743,7.277008213176547],[93.67923409097985,7.27432517634849],[93.67358717847102,7.270841939648767],[93.6717038757893,7.2685895545213635],[93.67046362262734,7.264243432251278],[93.6700298551176,7.260164911557423],[93.66879182936555,7.258180262149025],[93.66072474684748,7.252659605894262],[93.65798048596649,7.24911984837907],[93.65410736984336,7.245312723341416],[93.65050555485638,7.24434984311512],[93.6498062944088,7.243706415985605],[93.64717290491028,7.243869731825828],[93.64529386770998,7.246232859038545],[93.64411173852571,7.2465559075225],[93.64341485770953,7.248649651897545],[93.6422328603179,7.249133705472983],[93.63927962928298,7.252410130173407],[93.63885108345319,7.254074273808485],[93.63922998584411,7.257186825475423],[93.634451771897,7.263416646911762],[93.63294751016201,7.2642229741895745],[93.63031560401234,7.263977044597904],[93.62940202732774,7.266480104076347],[93.62945780227773,7.268895222154868],[93.63236395076581,7.273293741119829],[93.6343544958303,7.2754388682702125],[93.63355035079859,7.27790838189564],[93.63140099792071,7.2786615803187305],[93.63134838154402,7.280003381582076],[93.63436079991504,7.282845355363128],[93.63500772625481,7.285098955264166],[93.63447273724863,7.288051273934211],[93.63055843986427,7.299325329746068],[93.62991603982827,7.302438743418426],[93.62792949077101,7.3051775921135205],[93.62641515676373,7.305971376163972],[93.62271651757838,7.3064700141405305],[93.62169591701716,7.3073295790934605],[93.62121430824784,7.309959818076248],[93.62229049133678,7.311300687883835],[93.62535467830764,7.311566499325692],[93.62707601450386,7.313014158843459],[93.62965697278744,7.313924384950237],[93.6321324417753,7.317196174541853],[93.63412227159647,7.318267885940674],[93.63622049713311,7.320359226560943],[93.63649208991848,7.323632871417702],[93.63724623675816,7.325457007026799],[93.63703668134318,7.331790259584009],[93.63553368039936,7.334314043755225],[93.63386828836774,7.335549881823825],[93.63333187088718,7.336892093769069],[93.63312423864332,7.345533155413678],[93.63387873647065,7.347732984438941],[93.63221563217431,7.35170599197702],[93.63221811028427,7.354604173163263],[93.63163043093189,7.358898280668242],[93.63211945688788,7.364962578764436],[93.63289704756448,7.367791119791173],[93.6328773045639,7.371026647040749],[93.63524482263227,7.373386094359039],[93.64132006174013,7.373649167782587],[93.64379131877767,7.371661211407623],[93.64610222410055,7.370746782000041],[93.64857325075778,7.368544120614869],[93.64970202725002,7.368328432368817],[93.65325215568664,7.370472044219581],[93.65723358079124,7.3739033084656125],[93.65857991949485,7.376424564679067],[93.66207822905805,7.380553930627487],[93.66353054542247,7.381357636989299],[93.6666480815915,7.380657032217904],[93.66798925514794,7.377596602117376],[93.67164152512746,7.373889957767007],[93.6742190951135,7.373148465227715],[93.67965407445529,7.376136458085454],[93.68153789823603,7.378388771383932],[93.68218850512885,7.384023458951026],[93.68439594664648,7.387295166767211],[93.68724604288093,7.387990088596818],[93.6905621701176,7.38961556827685],[93.69278502395726,7.389433706561147],[93.6948830027169,7.390666020371543],[93.69558439301828,7.393134122112105],[93.69830235898777,7.393880900587762],[93.70182189115421,7.39409389922333],[93.70359569155653,7.393716411673189],[93.70461812404585,7.394627751748671],[93.70875766803523,7.394408833330602],[93.70779291726855,7.397307977096693],[93.70930040343079,7.399345864597044],[93.70865634817874,7.400419918631154],[93.70381734454537,7.401672805487767],[93.70425056453918,7.403215244838427],[93.70629559155483,7.405145254894761],[93.70683472769694,7.406593776972223],[93.70689501761076,7.412926709852861],[93.70910440320428,7.417754682407772],[93.7090551984644,7.422155622906251],[93.70975672707908,7.424623690264379],[93.7076616536084,7.426396944913278],[93.70723467901227,7.429456540110603],[93.70782850954194,7.431763712001317],[93.70713363726519,7.4357359627375645],[93.70740503405183,7.438204474391593],[93.70509674996632,7.441856367421975],[93.706610680292,7.444305758003746],[93.70961507045189,7.443515453617575],[93.71079939145397,7.444855956649685],[93.71246618186946,7.444800550493781],[93.71332350389757,7.441955181129183]]],[[[93.65170265689775,7.475375014840518],[93.65363849916243,7.475373249098963],[93.6538526724529,7.474371220448478],[93.65212800185738,7.470079221504437],[93.65141083525081,7.4698651933083156],[93.64732527056938,7.471156962967381],[93.64445699587108,7.4707301778601325],[93.64388598309205,7.473593072250147],[93.6463981746452,7.476667886146253],[93.64955269618177,7.476450360783778],[93.65170265689775,7.475375014840518]]],[[[93.63399370201316,7.475891699521246],[93.63213004844121,7.476465796134762],[93.63062692756962,7.47940104439021],[93.63285002341391,7.479900036960432],[93.63636225613345,7.478752019455662],[93.63442526742678,7.477465637855354],[93.63399370201316,7.475891699521246]]],[[[93.54521201758297,7.511241250944764],[93.54253188247758,7.5112037096493],[93.54261152532268,7.512423012833221],[93.54139080789376,7.514075853844436],[93.54218084113563,7.516710708652655],[93.54202431673511,7.518402177277961],[93.54068512937418,7.519740423114131],[93.54072579975414,7.521628430135016],[93.54246192578576,7.524459325196018],[93.54364438953557,7.524497868360488],[93.54632284495196,7.521939355735528],[93.5497885525066,7.517924933028388],[93.5497872029586,7.515958234146808],[93.54745956906208,7.512695091988163],[93.54521201758297,7.511241250944764]]],[[[93.3927588396365,8.019443616774105],[93.39292665184963,8.01885740287766],[93.39687477594049,8.018102383046926],[93.40031816009012,8.01550530444736],[93.4016612607797,8.012741500282337],[93.40737264912107,8.00989231256538],[93.40863190481663,8.007714676661692],[93.40896721482352,8.00587233816248],[93.40653076251836,8.005119641271454],[93.40468166186056,8.002524497738168],[93.40333620436641,7.998840581980761],[93.40249420244928,7.993565477344972],[93.4044172437109,7.98229479937941],[93.40216685287051,7.978755613034774],[93.40252065609656,7.975215465160598],[93.40192846883322,7.974311010581088],[93.39818000198696,7.9741156997434075],[93.39675934682995,7.973526202111229],[93.39612741140962,7.971756414596289],[93.39628442691723,7.969475013265053],[93.39754645297934,7.967861887694753],[93.4008207403784,7.966287367309443],[93.40366142821468,7.965892989029813],[93.40606785689073,7.964869417896582],[93.40804089268583,7.9654980080425055],[93.40926378372079,7.964868203660643],[93.40969718874074,7.963294693477042],[93.41277400579708,7.961444820835419],[93.41533778106289,7.959359128183297],[93.41955942146448,7.959160757436946],[93.42275578006826,7.960300112976483],[93.42444808522099,7.961607579573209],[93.42500594098587,7.963131184629735],[93.42816360241765,7.965922521339544],[93.43116247878768,7.966432555444242],[93.43285887672356,7.965959810879178],[93.43435639104156,7.961907794075608],[93.43494674278928,7.9586035171748],[93.43607852881857,7.956399298723353],[93.44113904508323,7.953920023821483],[93.44480720623505,7.9515189752648165],[93.4475670288452,7.94734831998652],[93.45042708162548,7.943975481910411],[93.4553365191673,7.941365862209642],[93.45983242552957,7.937823604408277],[93.46286858039792,7.93443938183836],[93.46574521544966,7.927869205813629],[93.46641419793445,7.924604177658176],[93.46653076564203,7.921182102250293],[93.46609341548267,7.914692296913056],[93.46786701578652,7.91146602609431],[93.4696017416498,7.909380440434019],[93.47141220651007,7.901394775772055],[93.47350100957868,7.897617645631108],[93.47480009445057,7.892542920948237],[93.4736161425904,7.89163888410447],[93.47176050019512,7.888729186874915],[93.47092928517264,7.883458929259271],[93.46800828079361,7.879920435781766],[93.46658767387002,7.8789771650850655],[93.46599514554627,7.877404128551022],[93.46374563338162,7.875438599775736],[93.46216668229991,7.873354720500084],[93.45431729370581,7.874538626637917],[93.45281910424075,7.876191366661821],[93.45262351168212,7.879574152668354],[93.45144118402317,7.881856073296812],[93.4521921076443,7.884766399485916],[93.45140342900194,7.885356783413004],[93.44828915543138,7.889842303151978],[93.44671305022138,7.893737076194831],[93.44422935973408,7.897160261036624],[93.44237609448157,7.899009797228551],[93.4390632459684,7.901017321906638],[93.43575010039274,7.902434819327337],[93.42758570565823,7.906489732031485],[93.42312826673067,7.907553609977712],[93.41527760592825,7.907478124152831],[93.41310764836834,7.907006972811177],[93.41129248853218,7.905867000865081],[93.40955583139123,7.903664982652689],[93.408135344274,7.902918182365991],[93.40576855193305,7.903469742926522],[93.40127120463019,7.903353394808298],[93.39858844673071,7.902921686344511],[93.39594475835585,7.901388602715511],[93.39393152125214,7.897652597864111],[93.39274664547263,7.89360163045795],[93.38958976483684,7.8907706686290755],[93.38653207425222,7.887313949786099],[93.38311288215418,7.886318594782585],[93.3810086017103,7.8851654696144085],[93.38011402960686,7.883854622524211],[93.37827301546862,7.883540520707279],[93.37380260912437,7.8848529908200495],[93.37190968829604,7.8868989010664405],[93.36465128887278,7.887372956310859],[93.35781407776999,7.889472573964441],[93.35176603316113,7.892620792460778],[93.35024131281106,7.8952958571042355],[93.34924315622847,7.90043570817304],[93.34624519907368,7.9014328656832085],[93.34493066828792,7.903478521131252],[93.34414240307952,7.906730290530377],[93.34565902779609,7.906640355227602],[93.34677266440539,7.907726146101259],[93.34666818322297,7.910820425143786],[93.34490589987843,7.916323150708003],[93.3428825244752,7.918058695250371],[93.34398796356218,7.921572261131268],[93.34882885349154,7.927707202261375],[93.35153563284912,7.930296750075641],[93.35172321519411,7.932524326837949],[93.35078794807191,7.932161642532802],[93.34657851238515,7.9273143934204535],[93.34470828250639,7.927780999873467],[93.34489606400109,7.931044199069831],[93.34639275900369,7.9328153305406115],[93.35060152401931,7.934679043876421],[93.3538754186297,7.937661774699879],[93.35733671406699,7.941856489887139],[93.3561209057043,7.941670329058552],[93.35200544971752,7.939340474272084],[93.34807771973652,7.939714360324966],[93.34788975350106,7.935798514925936],[93.34439840721623,7.933745957972342],[93.34384566395548,7.93197606461295],[93.34285930737788,7.931818949415222],[93.34112392842351,7.934297357854012],[93.33970368613748,7.93461233674185],[93.33832314601065,7.9361073116274845],[93.33418057979918,7.93622617311675],[93.33283897947805,7.935282431564755],[93.33232547082721,7.9321751702885095],[93.33043112864492,7.929068175544809],[93.33192988314285,7.926825859819287],[93.33232407889199,7.925173764316362],[93.32999170622593,7.924534814277458],[93.3232900225812,7.928007480948172],[93.31954276314637,7.932334835682588],[93.31989886928413,7.938431504287349],[93.31962307294091,7.940673572592687],[93.3184793908078,7.943545126162254],[93.31619135035379,7.945354845952011],[93.31469250548085,7.947990442016117],[93.3122468071824,7.951137512753772],[93.31189268173328,7.957588293061759],[93.31102532814833,7.962072462861593],[93.31347201417195,7.964864787774876],[93.31465579344108,7.965493942760128],[93.31623449847615,7.968365053414485],[93.31615590379917,7.970345854079671],[93.32276755238182,7.9731036647507585],[93.32438131315956,7.975410951459101],[93.32480321809581,7.981074920133381],[93.32438315909887,7.985620216499632],[93.32375198192345,7.986459448691681],[93.32319161029643,7.991004767287589],[93.32508630863532,7.994780454930843],[93.32627975347812,7.999675086507701],[93.33034972341156,8.006177469747561],[93.33189325565066,8.00722606017498],[93.33631369573806,8.011560595044962],[93.3409234656119,8.010163521956416],[93.34377998316384,8.011418935119039],[93.3447885718963,8.01359586392306],[93.3474774680493,8.016358554963977],[93.349997095035,8.013845843229742],[93.34974151062616,8.010041317864406],[93.35117185658648,8.008402660002226],[93.35411197408939,8.007983244935044],[93.35814447420361,8.008735838546482],[93.36125312140382,8.010242275863083],[93.36461418702332,8.013088409400025],[93.36864779913284,8.017441582748074],[93.37041270964168,8.019953173798289],[93.37083092569478,8.022117423293738],[93.37621013610644,8.022631016642217],[93.37940317504486,8.024807180453926],[93.38259491791449,8.022880219961795],[93.38889473198145,8.020282305892234],[93.3927588396365,8.019443616774105]]],[[[93.5477256702417,8.026173923735753],[93.54967067593977,8.027312074391988],[93.55435093160521,8.026573577354098],[93.5560077314857,8.025243732949974],[93.5609162344225,8.02470693838545],[93.5612704767015,8.02351192924703],[93.56254616062706,8.02502246177387],[93.5634841882628,8.02481943012887],[93.56539846072506,8.02269017045798],[93.56659173321796,8.015764185554989],[93.56821098903916,8.014369074887558],[93.57031730727064,8.011380592194193],[93.57149321842807,8.01076018184381],[93.57246729043135,8.007507072368522],[93.57519409623032,8.003345466872641],[93.5760574614296,8.000490682573476],[93.57920680242842,7.997457084452278],[93.5798706381142,7.994934324206019],[93.58242085615564,7.9921666783613645],[93.58190824172449,7.989534237476083],[93.57948753405674,7.987721936109308],[93.58044057995663,7.986061814267757],[93.58243774008834,7.984862650793398],[93.58208001062499,7.98236565440425],[93.58032596229064,7.981526314738215],[93.57982945037779,7.979526109740129],[93.5802777729051,7.976791637325503],[93.58185285412817,7.975905384208275],[93.58169651389893,7.974688644343505],[93.5826925438105,7.971335931314114],[93.58233543132462,7.9688471738066795],[93.58024876496923,7.9682957186206504],[93.57958004822751,7.964667774715825],[93.58078987430022,7.96290245025006],[93.581762746798,7.963187171944739],[93.58141710641232,7.958427103240305],[93.57968380118865,7.955640749570078],[93.58041330574589,7.952055942772382],[93.57965698026797,7.949844055278053],[93.5802316413899,7.946900991408755],[93.58111807202954,7.945307294736643],[93.58007032856749,7.942153741233166],[93.58102434076136,7.9391124050292365],[93.5791361323241,7.936768663856805],[93.5793782376391,7.934246236209205],[93.57694694136869,7.932318802701786],[93.57693332495653,7.929447059979286],[93.57325049472898,7.930733178336634],[93.57260786206909,7.93192842179311],[93.56349147951917,7.937864863657862],[93.56202859542027,7.9402554545603765],[93.55752696711012,7.944860791428288],[93.5545985188628,7.9461904428737125],[93.55335753029262,7.948647216321666],[93.55005224425419,7.9506408587638555],[93.54858747769785,7.950597665308548],[93.54322030241785,7.955557475081103],[93.54175532994996,7.955248757467262],[93.53969215331917,7.956378573065503],[93.53797406795786,7.9584060579961555],[93.5373657267974,7.961933551941143],[93.53516989350685,7.963859937017842],[93.53046632018253,7.966053513321217],[93.52831449079875,7.967493086090476],[93.52449823003273,7.969132876215667],[93.52505433596875,7.971013130632348],[93.52214664602387,7.970616799506548],[93.52055745024268,7.973157386959327],[93.51722424643201,7.975128053338648],[93.51684717892262,7.9782091110733],[93.5155174220839,7.979777122478533],[93.51112353827345,7.982217379783339],[93.50785677335858,7.986104817583247],[93.50869919748095,7.987153178480523],[93.50817682290136,7.990471841535356],[93.50862158975245,7.9918433110453995],[93.50711357274054,7.993857624196083],[93.50607044644264,7.993946771730974],[93.50700465953231,7.9971543107267005],[93.51099995466389,7.997306680965475],[93.51355722709505,7.998925641602624],[93.51472917533634,7.997879555597019],[93.51506045173166,7.995312850973693],[93.5191876548508,7.993562311230661],[93.52022662207162,7.995904009660824],[93.52369703606423,7.999156957490024],[93.52482877511181,7.998802208181975],[93.52662742341036,7.999995752096791],[93.52733892612471,8.001831645062515],[93.52747419543661,8.004929041384525],[93.53216487074987,8.006314627741098],[93.53091715512036,8.008710072808057],[93.53014591905544,8.016941060189517],[93.52859342366463,8.018800605305898],[93.52910534978069,8.020857874407936],[93.53003802387298,8.021454613372141],[93.53037966977746,8.024179141991073],[93.53179400930364,8.024993397150793],[93.53491293233473,8.024363224264812],[93.53686872587079,8.020049898402524],[93.53627574050955,8.01851631916061],[93.5367478914512,8.016549334314085],[93.53769588282918,8.017886001413864],[93.5416409927429,8.016545901375803],[93.54298096135545,8.014184964636438],[93.54155941255614,8.012809313396845],[93.54289861043539,8.009386382789856],[93.54266036383244,8.007301896266261],[93.54423708202545,8.004980119809328],[93.54514442037599,8.004664806289547],[93.54873281315353,8.001358244140283],[93.54869069148192,7.997700293543341],[93.55145193023802,7.99651829519777],[93.55188999565218,8.00198527818047],[93.55106401174423,8.005604525628549],[93.55220994733529,8.00779159310295],[93.55076099685338,8.009415141902446],[93.55011239518261,8.012808092656657],[93.55088256044871,8.013751526562537],[93.54907790253958,8.014637833912778],[93.54828447828442,8.016849554551598],[93.54887517183825,8.020714941847027],[93.54718884145842,8.02157165725734],[93.54396555728425,8.025261448300029],[93.54556576610157,8.028062784919502],[93.5477256702417,8.026173923735753]]],[[[93.5816236600766,8.120012369660019],[93.58540013301827,8.114231548498175],[93.58699587659115,8.11330914438627],[93.58833673359304,8.10903753707025],[93.58841865876342,8.106525414939073],[93.59042543924605,8.101372103486538],[93.59021086625121,8.09651922258152],[93.59067750367775,8.088208522141192],[93.59035697364071,8.082492420640188],[93.59198548123787,8.07918710512201],[93.59235135930295,8.07624994881763],[93.59166639919462,8.075201647074792],[93.59043387750417,8.070375258148703],[93.59129034937827,8.06602429910155],[93.59266768938899,8.063565678558225],[93.59493513727811,8.06239148150287],[93.59717811961646,8.059358996331456],[93.59743924782099,8.057051249035611],[93.59896402773487,8.055686415622494],[93.59974957440954,8.051332913675203],[93.60069552827783,8.04996856811976],[93.59985617658883,8.046257177438946],[93.6003807781075,8.044467503079684],[93.59819409904996,8.041706096561649],[93.59508438866054,8.040201482586212],[93.59390688640224,8.0386114947374],[93.59247862626663,8.0385289513376],[93.59172420792886,8.04053923204233],[93.59021780935942,8.04190103335492],[93.58764366566295,8.046845437208633],[93.58594131297772,8.049082319103073],[93.58443634317356,8.049719917409618],[93.58290994869567,8.049144275458485],[93.58122877252842,8.052344711886237],[93.58081114513979,8.056435670185701],[93.57839202771146,8.058115818892992],[93.57733964438768,8.058116660607471],[93.5745183385005,8.061319592865006],[93.57329263148193,8.063993585418437],[93.57387228459785,8.065042004666282],[93.5720321174075,8.066983880114488],[93.57308606476471,8.068923473123997],[93.57445495342088,8.0698663814009],[93.57424672784845,8.072698514171229],[93.57629974940133,8.07369331687723],[93.5789308501591,8.073743653690233],[93.58129799076562,8.072745312807278],[93.58324548406733,8.073373057481332],[93.58193051343788,8.074055895148064],[93.58172298140651,8.077674684851265],[93.58040846328278,8.078934402401307],[93.58197300004518,8.080241708072773],[93.5817260222823,8.081398194875662],[93.57993729499108,8.081924078538869],[93.57804424969132,8.083603803832956],[93.57646768496419,8.086227256769545],[93.57510020594253,8.0871198917393],[93.57277120158808,8.090704306290258],[93.57136634502257,8.090112142444656],[93.57094751572869,8.09283955022969],[93.56968648976593,8.095305400478772],[93.57121358386038,8.096562852138078],[93.57158461555696,8.099918963579896],[93.57380126329997,8.107941110413549],[93.57085352041437,8.107051896640545],[93.56901274244798,8.108469322959682],[93.56495346516256,8.114962624992836],[93.56296662342297,8.116025917209381],[93.56223126628348,8.117862016701652],[93.56281207014491,8.120326429402326],[93.56433899593475,8.121269240215323],[93.56684075874543,8.121381757309988],[93.57212977386877,8.123675560455773],[93.57918290753085,8.124928565432342],[93.58070222774883,8.123529998231058],[93.5816236600766,8.120012369660019]]],[[[93.5259896108346,8.23171503720627],[93.52988144711912,8.231963550976468],[93.5334817101046,8.229831111162605],[93.53775518653175,8.22936220086033],[93.54262746225872,8.225674338868071],[93.54405484134908,8.223663655682227],[93.54497679327541,8.22014610740717],[93.5452243620204,8.213949527952167],[93.54572765837838,8.21260939818358],[93.54597434658208,8.205240526376265],[93.54521453200329,8.200635649731776],[93.54389010727473,8.195786575983806],[93.5414563361596,8.192905073281535],[93.53992975126899,8.192748840303182],[93.53774115913939,8.190847134785528],[93.53709342491784,8.187649363737643],[93.53776647984816,8.18556559818239],[93.5343413129181,8.18016631762797],[93.52517741742406,8.172358532325495],[93.5239680095082,8.17408999830136],[93.52697020211765,8.17702480677476],[93.52986537638392,8.177389919949485],[93.53265679999726,8.17990527811323],[93.534712216635,8.183627343552033],[93.53339669435262,8.184152705834695],[93.53160604676438,8.182685533131888],[93.52848534264655,8.18156949309527],[93.52523370946861,8.177694767685786],[93.52439037590294,8.17597769045245],[93.52180917828515,8.172885247232738],[93.52016798199702,8.17336324934053],[93.51802408687871,8.17278751791748],[93.51622843974573,8.170633873004482],[93.51301751874082,8.170268864837263],[93.5107005310879,8.168592159795406],[93.50948795459111,8.16549874957656],[93.5106442589123,8.162980698336268],[93.51217061852232,8.162979714073787],[93.51259062193698,8.161353680974635],[93.51143014176765,8.157421136354168],[93.50816619393812,8.1562694623871],[93.50710932798827,8.149662197267498],[93.50595097111061,8.14892871362001],[93.50347720104654,8.148772935651127],[93.50415929042826,8.14541609441869],[93.50689341961001,8.141218853997792],[93.50902216189564,8.141435046946667],[93.51089291342277,8.140586975996658],[93.51252339003598,8.138960163125414],[93.51346918830524,8.136599572134653],[93.51641360878908,8.132297246934476],[93.51738743018194,8.128962441575009],[93.51998940466696,8.127837150664483],[93.52040892221788,8.125581781652825],[93.52193425763393,8.12426966590972],[93.5241944504579,8.120125075915299],[93.52492973694763,8.117921932040288],[93.52766318076326,8.113305008902882],[93.52819789579158,8.11037789073879],[93.52966016254757,8.109213014235246],[93.53144696822054,8.105645594335618],[93.53170652149609,8.100505904003855],[93.5345977592625,8.09604615964175],[93.53738584248852,8.09462821931518],[93.53906828009443,8.092476829061837],[93.54085654926939,8.091164459891338],[93.54543434471383,8.09053184762576],[93.54780120956069,8.088904366684755],[93.54832509085672,8.085704904291745],[93.54963903730928,8.083501297073475],[93.55089937610661,8.07998662808542],[93.54999073731479,8.078594097205665],[93.55058465750152,8.076117184589187],[93.55205273595998,8.074164497577083],[93.55210360379078,8.071804482572656],[93.55120671621896,8.068658505131323],[93.55246672737884,8.064776721302472],[93.55230824305816,8.063937735363794],[93.54941201946656,8.061055442362562],[93.54956856731945,8.05927223139027],[93.54813349765516,8.056189884303425],[93.54810326389685,8.053544707956108],[93.54877385365187,8.051878201912563],[93.54787815141587,8.05025308955775],[93.54587861812787,8.05020209086762],[93.54477280017663,8.04904911726461],[93.5472970184847,8.047054423380947],[93.54793569371309,8.044799987844913],[93.54955203668743,8.04295860423813],[93.54938158632,8.039651163704393],[93.54971474499554,8.035715339533118],[93.54484319642253,8.03722610700269],[93.54349979711792,8.038315634240261],[93.54165160310576,8.03840068384986],[93.54005621481086,8.039574114768609],[93.54039375158179,8.04166727385549],[93.53809714623218,8.044851027206867],[93.53682450640785,8.044859220542863],[93.5374572849391,8.046799208632887],[93.53194883530422,8.049258557654177],[93.53051352352033,8.04942621745705],[93.5286701291259,8.046857710461031],[93.5274531816693,8.037740624963341],[93.52645129716548,8.033748170450858],[93.52455630089929,8.032543222751725],[93.5231361213812,8.033225942998037],[93.52157075674576,8.035316208905808],[93.52113948969401,8.037422800002728],[93.52013984092098,8.037528346445898],[93.51834935382114,8.035221973478249],[93.5126660640402,8.034124313172946],[93.50829893693705,8.034179524108815],[93.50771800721566,8.030771010598256],[93.50650652393554,8.028673997924397],[93.5063979388237,8.023324748774623],[93.50981671491776,8.02143461063102],[93.51164565908525,8.016900702425223],[93.50988038826294,8.015143360483691],[93.50887325631854,8.016651242511099],[93.50702572520058,8.01765723440819],[93.50534526042105,8.017155862553698],[93.50517635820782,8.015732452067796],[93.50635177775152,8.014643151962774],[93.50668591586212,8.011628441389062],[93.5081978194776,8.011292552842093],[93.50886897023723,8.009868616522882],[93.50676813882193,8.008781358746553],[93.50743881873335,8.006603798835288],[93.50634439405019,8.002836350622028],[93.50659570027653,8.00170575707774],[93.50491415727195,7.99936218348912],[93.50247917944306,8.00120587557771],[93.50147082174804,8.000704074523945],[93.50146912808015,7.9979407773051125],[93.49769028172457,8.000120205017245],[93.49567458503935,8.000791300055859],[93.49349017828207,8.000290175179064],[93.49197889452849,8.001630845377251],[93.49164445585043,8.004310604040693],[93.4902185785157,8.00807956937626],[93.48854016991984,8.011011314571281],[93.48854075504386,8.012016148762761],[93.4866107814011,8.015785395703588],[93.48678073226229,8.019134748529495],[93.4860289114366,8.026503971129355],[93.48628534438333,8.034123821618325],[93.48586644937619,8.03613373231152],[93.48763239599923,8.039063481971024],[93.4861119853059,8.040316826808786],[93.48670603176902,8.042214637999281],[93.48578724899022,8.044465527886768],[93.4869645530703,8.046390784417323],[93.49007300611314,8.046305241889707],[93.49040836899282,8.045132740253072],[93.49234042745461,8.04471292499005],[93.49217160485512,8.0433732444766],[93.49688592901882,8.04205317603854],[93.4988071463392,8.040940932279911],[93.49993610352703,8.039376673254298],[93.50216779757785,8.041190092466216],[93.50214880805333,8.04388552811348],[93.50320226773243,8.045667985876007],[93.50326406476042,8.047804568762219],[93.50509739683109,8.047082807019034],[93.5039910792085,8.044933278969589],[93.50540939622792,8.041156412702192],[93.5081958917753,8.037640909611598],[93.50851387968713,8.038538159238229],[93.5065672080131,8.041522803036237],[93.50641120135141,8.044459777736316],[93.50783240961098,8.045297995400517],[93.50825620789914,8.049807930164386],[93.5097304821822,8.051312458512669],[93.50847589025696,8.052490537085756],[93.50738517944663,8.05483583260314],[93.50326084631352,8.05526524296846],[93.50393573423875,8.056568415026332],[93.5060418308739,8.056260185365915],[93.50705102094685,8.05785053761111],[93.50905041766549,8.057569173086536],[93.50956978344506,8.058824711599312],[93.50898519472247,8.0606963443052],[93.50973737928949,8.062131382345651],[93.50915583905164,8.06479929864863],[93.51016442094155,8.065384812735646],[93.51050209938849,8.067896675694671],[93.51201452860504,8.068063181868123],[93.51384286022505,8.063859417682849],[93.51405089208005,8.060083304331064],[93.51552335545888,8.05871880445085],[93.51573270406675,8.056988011665451],[93.51494211904556,8.054995643457136],[93.51388576615608,8.04886035665112],[93.51588502083928,8.048491956348574],[93.51756770251035,8.046812649328537],[93.51904152526338,8.047598350151569],[93.52104320811566,8.050901015237066],[93.52378003906506,8.051895638157937],[93.52599101466953,8.053362593332281],[93.52609799286228,8.055932281942123],[93.52457327484727,8.05776884998493],[93.5246280869066,8.061020349648626],[93.52405068082864,8.063118499651463],[93.52689202160967,8.0629068145743],[93.53031383910053,8.065107138724793],[93.53005153203189,8.066261087076517],[93.53163177853195,8.068619988924311],[93.52836957935543,8.06904177165876],[93.52563212402235,8.067312967595981],[93.52463385532788,8.06956873328004],[93.52458399597822,8.073659406850748],[93.52495333926267,8.075127594059424],[93.52763808023569,8.076646657117385],[93.53084974889201,8.079161780468814],[93.52869238608382,8.079373032386455],[93.52690276852738,8.078692476140292],[93.52400855487723,8.078694424604938],[93.52427499337139,8.08362398864513],[93.5225389361293,8.084359365144444],[93.52085364222025,8.082315166162193],[93.51943269374175,8.08210633003274],[93.51601370463588,8.084363663592402],[93.51432977347093,8.084364757009663],[93.51316877504829,8.079278426439854],[93.5143737534299,8.078403048148473],[93.5119356075005,8.075976276409705],[93.51269075463166,8.074384809673958],[93.50857312062647,8.07329886451671],[93.50714500956046,8.073634709604386],[93.50584949979613,8.071678666452058],[93.50512550468098,8.068779286316143],[93.5033619589889,8.070120157287624],[93.50176507718658,8.069260700184936],[93.50167998458487,8.06752537888541],[93.50038701414356,8.067103508885426],[93.49932620154271,8.065433417962225],[93.49747771540297,8.065267067868252],[93.49678857701137,8.067190325131781],[93.49563737552444,8.06655319000971],[93.49542621775497,8.064605078945561],[93.49379423223552,8.063347391566836],[93.49137379463787,8.063506156197999],[93.491510688168,8.062256128703039],[93.49453383641448,8.059825990868328],[93.4936091063618,8.058905444240715],[93.49419611490353,8.057062900398043],[93.49385819731728,8.053964866790363],[93.49242854669747,8.051621102474233],[93.49024337592085,8.050282610859457],[93.48789234046666,8.052628592135838],[93.48553958557648,8.052043795148645],[93.48470189693607,8.056314817432263],[93.4854611840563,8.061757230325842],[93.48428759999547,8.066363390876946],[93.484793542766,8.069545071997025],[93.4831199934074,8.081436550401948],[93.48102161564438,8.085205864138484],[93.48093854694505,8.086880630674134],[93.48213471095106,8.085914448052115],[93.4834415663611,8.08690088373805],[93.48555985317252,8.087045466835718],[93.48875387109128,8.08905327580352],[93.48991658885821,8.090882891931974],[93.48918065927359,8.092246872374869],[93.4862351515712,8.094713462830695],[93.48255235125026,8.09628890111463],[93.4814472065002,8.096237085591643],[93.4786550608208,8.090836907011532],[93.47523652000768,8.094457455567467],[93.47408090128359,8.098286520615869],[93.47155528251052,8.098969674888785],[93.47045178528751,8.101959593225754],[93.46955749576156,8.102589407042675],[93.46882198712129,8.104897347470562],[93.46741911306349,8.106390375140313],[93.46598285691111,8.109881062298049],[93.46614241680918,8.113027627749705],[93.46451196001166,8.114864037583315],[93.46507447271921,8.117201744223312],[93.46825023247573,8.11811359178736],[93.46825077027667,8.119110031480124],[93.46558011516346,8.11996476368271],[93.46398796595383,8.119164738650786],[93.46171438895122,8.11921316925957],[93.45919647182409,8.12490851886824],[93.4602048319569,8.12490800073106],[93.46030864838303,8.128029724843325],[93.45909954615108,8.130652558072281],[93.45911716949301,8.134035783920702],[93.46112577107739,8.13675570751913],[93.46298202896007,8.1370196987077],[93.46552505494103,8.139564707564219],[93.46268526411478,8.143814180117188],[93.45994791613124,8.142766722783854],[93.45819739991812,8.142912266040033],[93.45658044055796,8.144499105855774],[93.45601427806548,8.146346553372062],[93.45553132793094,8.15136982418563],[93.45605842371313,8.152890435502774],[93.45579647095083,8.155250554928642],[93.45664036492416,8.158711438520026],[93.45474911037098,8.165635020699336],[93.45380250214436,8.167208822276336],[93.45401396982285,8.169044259151683],[93.45548740293562,8.168414183141088],[93.45485788074356,8.172505143207504],[93.45517505521937,8.175179629305825],[93.45854502524678,8.177747666070244],[93.45949344476765,8.179635161321563],[93.46597152805086,8.180378079742642],[93.47017928003713,8.181150357864162],[93.47286483423163,8.183194201484415],[93.47602343192747,8.183979106165525],[93.47781377045372,8.185236756394762],[93.4788150547428,8.187333949078834],[93.48118563065779,8.190689012619824],[93.48150226967215,8.192104817654355],[93.48403013453462,8.19430600528629],[93.48876767789616,8.196705459851088],[93.49092877802568,8.199546334089007],[93.49029935893125,8.203270226263266],[93.49177876780189,8.205538936661442],[93.4930405113717,8.209771623661407],[93.49204277786325,8.213757955292705],[93.49194121548285,8.21989394731942],[93.49425913711038,8.222724513391961],[93.49710256438544,8.224033872218897],[93.50228280278459,8.225199271158464],[93.50648614778532,8.226452642712928],[93.50940842721235,8.228701174437493],[93.51142367479424,8.228167869023405],[93.51421403103674,8.228690482687425],[93.51579457628739,8.230629858727037],[93.51869037984886,8.231362144419032],[93.52120007234464,8.233811681577357],[93.52355331049918,8.233475143817861],[93.5259896108346,8.23171503720627]]],[[[93.23675630958778,8.264282468200273],[93.23952555886832,8.26019788999585],[93.24214712520322,8.253446865805046],[93.2461716411819,8.246911268033175],[93.24692773188875,8.244363311568812],[93.24932398916732,8.240968278055748],[93.24895124922755,8.238395467206269],[93.25060197101591,8.235451325491747],[93.25022130119703,8.232707683741],[93.25121495971874,8.230582749688105],[93.25061477804282,8.227534948958468],[93.24809045025579,8.22508296386967],[93.24543991976941,8.22413987344554],[93.23944775226248,8.224134931660371],[93.23960389685134,8.221924251802548],[93.23641897773676,8.22415289355454],[93.2339842402724,8.228489030867777],[93.23381605774117,8.23041495421909],[93.23130334175147,8.23256421599312],[93.22814778824812,8.23419870977655],[93.22600190423952,8.23683917834802],[93.22410851163286,8.238285100798485],[93.22208875633754,8.241554268012061],[93.22023275997344,8.245668474074682],[93.2201980726042,8.249840938410854],[93.22088792940811,8.251629786243786],[93.22179285243308,8.25648370304531],[93.22420999547094,8.259410681794906],[93.22877118631892,8.262485618761687],[93.2338274085368,8.264335408890371],[93.23675630958778,8.264282468200273]]],[[[93.13266433511336,8.348308503512259],[93.13516562277702,8.34854284869939],[93.14171938366,8.34766125361155],[93.14286489634603,8.34641495514985],[93.14286622545067,8.341534609073065],[93.14115404074884,8.337524654225966],[93.1414039452682,8.332644373974656],[93.14094307749907,8.329991885233813],[93.13899144238191,8.325429277669626],[93.1338095654661,8.318036540414793],[93.1323284017416,8.313893994181768],[93.13230242904736,8.311692521727386],[93.13137092307733,8.309941684758662],[93.13228614778262,8.30675469703074],[93.1322872326183,8.303112113038997],[93.13282027303194,8.301556216322277],[93.1313654667602,8.298549768516326],[93.13108222553558,8.295897318480499],[93.13016001735252,8.292891025435281],[93.12810810131946,8.289374638897566],[93.12655851277178,8.28589651653346],[93.12568105869083,8.281877905562862],[93.12570895038472,8.277846311948835],[93.1289252207078,8.2704741028476],[93.13135737673211,8.266283694128362],[93.13657768629288,8.260260578836583],[93.14179074644558,8.255070397215619],[93.14498569173877,8.252224228685998],[93.14935789105064,8.247368668407352],[93.1522562852217,8.244883577896934],[93.15322323350186,8.243505680163272],[93.15649863558167,8.241225412833561],[93.16104328435853,8.240253875514831],[93.16524653337193,8.237826440996518],[93.16986991479668,8.2358177265901],[93.17593638986268,8.232290953288325],[93.17758738334929,8.230673303623465],[93.18168784779078,8.228605165847029],[93.18488291282782,8.227438648298897],[93.19390938900683,8.225033891616233],[93.19610117926837,8.221963142121194],[93.19645635441692,8.22051322120202],[93.19823141868807,8.219204945592027],[93.2009956941247,8.218511827085631],[93.20324148422506,8.21681490756466],[93.20465704199485,8.214572890435123],[93.20451531870812,8.212238778489546],[93.20345513515218,8.209714472480181],[93.20306122563713,8.20124005879019],[93.2019258277063,8.197243666112916],[93.19968471836867,8.195694674346813],[93.19631780070053,8.194908858799517],[93.19138390740096,8.194921433724268],[93.18879284909366,8.194129755599173],[93.18189616834151,8.197301339404254],[93.18055142375248,8.19738484405226],[93.1787467050768,8.199220684518002],[93.17537424975347,8.201023694090434],[93.17154046566664,8.20204855362021],[93.16740575011887,8.20123433180158],[93.16214438181072,8.202154215563212],[93.1597907351544,8.203660946272274],[93.15919556659493,8.206824670737108],[93.15361356717818,8.207455525403759],[93.15254814956549,8.20957717310204],[93.14503593356136,8.213111792408936],[93.13900974027051,8.216905410219614],[93.13714035845787,8.217176637625451],[93.13305727133023,8.220146134370918],[93.13020123391046,8.220316702224522],[93.12599803961255,8.222492562925808],[93.12389668986137,8.222743116201544],[93.12077849801574,8.224059661665642],[93.11935296019588,8.2267551747377],[93.116441608192,8.228204182809804],[93.1166178350426,8.231988297000392],[93.11544599137028,8.233119583578791],[93.11221532004592,8.233896518033372],[93.10983576868122,8.237078544752816],[93.10756323283177,8.238704532846604],[93.1067817244767,8.24015421817636],[93.10443800485518,8.242204542410814],[93.10321535022207,8.245994431441197],[93.10155801704391,8.24640654035513],[93.10059003546866,8.249845498171922],[93.10045069586384,8.253147190587292],[93.09768704502147,8.257410900886688],[93.08856793860447,8.268137984274668],[93.08718569359759,8.271026445629987],[93.08635580381416,8.274052701326681],[93.08511186083773,8.276390921020838],[93.08442725131538,8.282954206520522],[93.08500213728833,8.284387335358621],[93.08517759398403,8.289338486644782],[93.08435955346843,8.292803902269899],[93.08439397732576,8.295385550548767],[93.08551509729979,8.303080115564514],[93.08565172615604,8.306657049257959],[93.08951649527636,8.31298694861972],[93.09282839977747,8.320554739496908],[93.09476094741184,8.323582086717025],[93.0954578687235,8.32987069300901],[93.09448621135267,8.333247418113427],[93.09551817672966,8.33946689148083],[93.09985638223468,8.341472028984532],[93.10276627544985,8.3463180947508],[93.10489655849895,8.347026176925976],[93.1057125803565,8.348900808271956],[93.10755902591956,8.349007569277113],[93.10897979136735,8.347911770567414],[93.11349196895334,8.347093524396865],[93.11608111756622,8.349434920158124],[93.11913488795726,8.34954203495155],[93.1241402837317,8.35399962112629],[93.1263502849905,8.355534265695592],[93.12786837219362,8.355415379735222],[93.12868601765413,8.352444989325246],[93.1308793383755,8.350469645696052],[93.13088859160472,8.34922745961944],[93.13266433511336,8.348308503512259]]],[[[93.64166467881975,8.39350965445934],[93.64169211058807,8.394305318034009],[93.64310320716925,8.39377345328187],[93.64166467881975,8.39350965445934]]],[[[93.65410140144843,8.391985291117441],[93.65615034295465,8.390153101814926],[93.65375219821561,8.389121169628826],[93.65138325712874,8.390582350787241],[93.64786761886933,8.390665483346602],[93.64677833297833,8.393345403122497],[93.64550084584523,8.394301512590193],[93.65133341968196,8.393924295062767],[93.65266557966955,8.394347304926656],[93.65410140144843,8.391985291117441]]],[[[93.63426467543503,8.397972807513733],[93.63570086022668,8.395849562066752],[93.63458223056945,8.395877178038473],[93.63426467543503,8.397972807513733]]],[[[93.05637012579322,8.446885494525034],[93.05891222531527,8.445433041414587],[93.05927358579054,8.443519280883809],[93.05879414509945,8.441246245569797],[93.05747297310594,8.44052787299083],[93.05204026787956,8.440305531081046],[93.04678303058665,8.441540599907922],[93.04448645659635,8.441610130594025],[93.04137285886833,8.443390538851045],[93.03932239806753,8.445108473684773],[93.0365494737556,8.449704353156225],[93.03555333849238,8.45263905959242],[93.03565825360658,8.455609730526076],[93.03667834841693,8.459895692767763],[93.04129817739815,8.469687831136946],[93.04264714810631,8.471173855798888],[93.04586268636689,8.470596080630866],[93.05010864201121,8.466863279110546],[93.05626143718057,8.460862848905537],[93.05730980734154,8.458314942018397],[93.05615334387888,8.45424120290122],[93.05572890676616,8.450669178971731],[93.05637012579322,8.446885494525034]]],[[[93.61781213778552,8.571375620580794],[93.61743625259842,8.567884278596814],[93.61929836372977,8.56732630451518],[93.62028920424876,8.564667955778315],[93.6200996269932,8.561238237656754],[93.62065406570045,8.560199736375607],[93.62028158833017,8.556788461482476],[93.61924765163518,8.555985083678252],[93.6183218578329,8.552618830250772],[93.6199322439849,8.548631191012367],[93.6187819253449,8.548002999368961],[93.61853292408063,8.546129623224488],[93.61986661464803,8.54495414928617],[93.61924348074677,8.542575441497977],[93.62101216195559,8.541832150854956],[93.62100935574104,8.538927551546195],[93.62215712334294,8.538123050740545],[93.62203053258949,8.535620268287653],[93.623022420954,8.534136112708774],[93.62199665025595,8.53268479810408],[93.62410387809352,8.529005665875358],[93.62670941157916,8.527056444518617],[93.62924448532395,8.52691969635881],[93.63294516459051,8.52358953963119],[93.6343115939696,8.52423709000182],[93.63576879606431,8.52253614548909],[93.63343845734303,8.520220951600125],[93.63352837641126,8.517007259829215],[93.63454619403215,8.516501933580171],[93.63534009913488,8.514432134998007],[93.63706348553207,8.513219829444594],[93.63739341251747,8.511502660537674],[93.63637500087933,8.510161018572857],[93.63281388377878,8.508755849312426],[93.63178417464881,8.505648998864448],[93.63336157813315,8.503670818679705],[93.63466552209354,8.503141273060452],[93.6352373624834,8.500125230009887],[93.6369594969302,8.497725869295742],[93.6353877334079,8.495722925020852],[93.63534096730102,8.493169719175771],[93.63697538420426,8.491517289252485],[93.63805111979623,8.491907435153879],[93.63754622146695,8.487532767709904],[93.6389141295651,8.484714025502873],[93.63932021130573,8.479462421017871],[93.64065610434932,8.480156051458984],[93.64007846723031,8.478132922153405],[93.6407537620087,8.475824727562662],[93.6406932987782,8.473200600657925],[93.642390613005,8.468268479840923],[93.64214562372264,8.46648585154314],[93.63935934396339,8.465762279016896],[93.63721874454961,8.469594287098266],[93.6360481327385,8.470695987492125],[93.63304190810324,8.471139161937113],[93.62901690485148,8.469734394427148],[93.62693682632316,8.467733420268436],[93.62560706059566,8.464323019272896],[93.62521394718135,8.458121265713489],[93.62424801231796,8.453450958186343],[93.62258583675593,8.449116400994065],[93.62465977397837,8.444530577880608],[93.6271101437672,8.441342234466585],[93.62667801892924,8.440253113018116],[93.62819146015906,8.439404236063183],[93.62709610202977,8.43826072630565],[93.62707924321863,8.432273783548467],[93.62492992958416,8.427015240815054],[93.62464065436771,8.425034535668821],[93.62293682308821,8.423231264110342],[93.62209741769544,8.423848365415038],[93.62243173162949,8.42670946421599],[93.62095417871265,8.430386685176947],[93.6206954159499,8.432141783625118],[93.61854890806964,8.43485716267005],[93.61916053507092,8.43635095630592],[93.6209911660954,8.437843121596618],[93.62103894161244,8.439635612204468],[93.61916421751178,8.442958455864272],[93.61767836700928,8.443071852503875],[93.61806813689444,8.444460527751867],[93.61999617694626,8.445773202239485],[93.62072881998823,8.44905213045363],[93.61993398859012,8.45010940457231],[93.62106391183315,8.452705618540888],[93.61843575103798,8.455393428162047],[93.62011720368135,8.456778526729703],[93.62317267625669,8.461662037958126],[93.62325014846269,8.46533968423956],[93.62190613870314,8.467015635227135],[93.62123547826644,8.47027012596043],[93.62313770384786,8.471258802511812],[93.6225648692387,8.47330635903076],[93.61947099213168,8.474607938084272],[93.62037855952077,8.475795663853729],[93.620318821506,8.47811181810813],[93.6193574249107,8.480544136889204],[93.62135355534463,8.48213003531216],[93.62381122984326,8.48191140590585],[93.62584664151954,8.4833841750895],[93.62664441436765,8.485298347578082],[93.62831598061148,8.485556410216995],[93.6289090678767,8.489991450827517],[93.62656329441634,8.492804115945635],[93.62493168953657,8.497405950858765],[93.62429107275145,8.497978846561029],[93.625801585733,8.500193174373056],[93.62563914392163,8.502316172049305],[93.62655127756429,8.503149207947475],[93.62529312493156,8.505307481365389],[93.62637888962358,8.507749633130716],[93.62633752765885,8.510677108208245],[93.6248374448458,8.514178275169277],[93.62408990645855,8.51851512095022],[93.62124036044901,8.521335235855132],[93.62252553066558,8.524173397831857],[93.62142366338907,8.527982319353773],[93.61859493817968,8.529547783210234],[93.61846416929758,8.531528879140803],[93.6174050983954,8.533907049439426],[93.61795948668275,8.535579344103285],[93.61633408618268,8.537891057810159],[93.61440274031482,8.538972363537875],[93.61387458173608,8.541636165949818],[93.61117959913835,8.544478079728083],[93.61275226124883,8.547338012115178],[93.61074546963013,8.553106713818895],[93.61176468369894,8.55526281872465],[93.61139092668425,8.557552289555977],[93.61249827487244,8.559356135843124],[93.6119032631045,8.56151375017946],[93.61369532028885,8.562458530936444],[93.61382998561804,8.564549428989439],[93.61480338701703,8.564988726021872],[93.613346293352,8.567499325221332],[93.6122891994148,8.572095064844293],[93.61412551884187,8.573023293052305],[93.61445934293576,8.575246063058128],[93.61781213778552,8.571375620580794]]],[[[93.60888163716938,8.581689435712766],[93.60835971380317,8.579301754046908],[93.60732269619312,8.581811943621604],[93.60888163716938,8.581689435712766]]],[[[92.78947261964919,9.242759356111003],[92.79249738005998,9.24208484842258],[92.79298710237144,9.240534904375119],[92.79845648484667,9.235114827378423],[92.80343848151476,9.22930640864909],[92.80822330591401,9.225048244865162],[92.81212801476012,9.222533335766737],[92.8151556510399,9.219338947189945],[92.81828218353697,9.214981717360017],[92.82014043264658,9.210816765183647],[92.82503599241514,9.19512296689257],[92.82631001630692,9.189988170331842],[92.82631312555559,9.187371569831006],[92.82498358953306,9.179418820731431],[92.82847240953402,9.175841653363467],[92.82974424987967,9.17245123554976],[92.83180261583772,9.163634682777634],[92.82976566556816,9.154231914177874],[92.82879364950216,9.151517264705902],[92.82860568001163,9.145508535136209],[92.82968724901572,9.137950691180086],[92.82695587251362,9.138722810939148],[92.82139927712022,9.137165708200483],[92.81711149095214,9.134737835065044],[92.8126310973951,9.130371456118763],[92.81263711944169,9.125428982774018],[92.80854396262006,9.123485807375609],[92.80776529555749,9.12232192287979],[92.8045489637977,9.121058152025007],[92.80250291124314,9.119698880417943],[92.79889584925853,9.119016046353428],[92.79275340115232,9.11842690916151],[92.7869028848712,9.118322597745001],[92.78241613700092,9.119285968252424],[92.77822037329182,9.121412592314657],[92.77382632530245,9.12596167743026],[92.77128854620251,9.12779965137354],[92.76918358679009,9.128661040297118],[92.76797492724396,9.126438519939754],[92.76592598849614,9.127307994405239],[92.76505059914474,9.125659344071302],[92.76183374846367,9.124879751548738],[92.759688087008,9.125167597159704],[92.75790786787856,9.12665337208145],[92.75568795704879,9.126712749953583],[92.75237401375601,9.125642211593096],[92.74457318579694,9.125534537383812],[92.74174739755496,9.124076940439867],[92.73882288066417,9.123491376296645],[92.73326515676898,9.123192789249554],[92.73014283650036,9.124545082703078],[92.72945688434008,9.126869947245508],[92.72623375372753,9.130450996921969],[92.72622243207095,9.138203794366172],[92.72163250859504,9.14275191699222],[92.71967773604055,9.145753275191906],[92.7196699864387,9.150986405952604],[92.71908243214531,9.15263301432768],[92.71848594552478,9.160288026635405],[92.71954717271129,9.16804237862267],[92.72071458025918,9.16998228681351],[92.72129541846812,9.172890432403069],[92.72157134906666,9.184132383082183],[92.7201333317111,9.187181262129846],[92.72021218195907,9.19339585207302],[92.72054399812541,9.197890744221976],[92.72152498083683,9.199259840332386],[92.7211853068258,9.201017640752893],[92.72151714976332,9.204534722599925],[92.72100868562605,9.206459729219704],[92.72116925380412,9.211818582228588],[92.7220918584922,9.21475042926756],[92.72461363146712,9.219024265805658],[92.72705624415298,9.219865107767323],[92.73236627807348,9.219202953843476],[92.73591000725335,9.216193806735259],[92.73869103908378,9.216114039392634],[92.7413020905953,9.2170387519893],[92.74399993179367,9.21620526707528],[92.74661692983423,9.21294351632572],[92.74779764659127,9.212275336478635],[92.75007173768077,9.213115787153592],[92.75167062826017,9.214708848846],[92.75453463700158,9.215550087570506],[92.75782105428345,9.215638324248552],[92.76506897634061,9.215145786559644],[92.7663326856449,9.21539867244661],[92.7698684152859,9.218082730196235],[92.77171831721476,9.221099436054848],[92.77104053205139,9.223777861285493],[92.77170884421226,9.2281326533118],[92.7749931501514,9.229895315250221],[92.7757492644527,9.231654622962674],[92.77633404080063,9.235506924067892],[92.7742248042168,9.237262444899965],[92.77396928045441,9.239271601664333],[92.77523375667867,9.239022087924422],[92.77784486046303,9.240114006766365],[92.77876833688072,9.242794544397771],[92.77893154636533,9.246813748250917],[92.77774931320506,9.248570501615216],[92.77664966675921,9.251583291227602],[92.77563708659659,9.252502970071605],[92.77462078880042,9.25618569527766],[92.7757998108706,9.256857086427438],[92.77824460656407,9.256357938748131],[92.77850045787784,9.254097596653192],[92.78312430222931,9.248759600623528],[92.78702957294915,9.246148079499898],[92.78947261964919,9.242759356111003]]]]}},{"type":"Feature","properties":{"id":"35-3","name":"North And Middle Andaman","source_name":"North And Middle Andaman","state_id":"35","source_agency":"Survey of India (SOI)","district_code":"632"},"geometry":{"type":"MultiPolygon","coordinates":[[[[92.89887729729301,12.916469956619755],[92.89904776200919,12.914593223595686],[92.90200351760998,12.916135449106191],[92.90649997500793,12.914636055563294],[92.90798184681965,12.912627523596468],[92.90868864674017,12.909699545298723],[92.91218096835492,12.90878206516017],[92.91775129891296,12.91027101879347],[92.9193265373022,12.912149979983926],[92.92170839372224,12.91330550434525],[92.92204588316572,12.911922900520224],[92.91926243092713,12.909844854333395],[92.91822398977209,12.908197077395279],[92.9160439976177,12.906745417631095],[92.91020659325886,12.904235278679506],[92.9091174484557,12.901210425980354],[92.90994432664871,12.89959192182918],[92.91001523906489,12.896793030371777],[92.90927985251338,12.894519959006029],[92.90669943880592,12.891454169355875],[92.90649975050216,12.890202597269784],[92.90445767384283,12.886248404577865],[92.90699796403703,12.883160285854661],[92.90947273523278,12.882912384062115],[92.91244768129457,12.885106301978269],[92.91442822615078,12.884944200388535],[92.91578291511387,12.885850371512232],[92.91724714934368,12.885342948194415],[92.91908975905568,12.887979624738996],[92.9206343196842,12.887553490573477],[92.92265062625388,12.885711979931836],[92.92580573234095,12.885715905440195],[92.92815750852873,12.883973553724397],[92.92824909750564,12.879169156017179],[92.92731507551369,12.87561784704814],[92.92731952856474,12.872136340986174],[92.92854656928496,12.86839846261663],[92.92902021570126,12.865435402127058],[92.92883950913641,12.862258921069484],[92.92929840963944,12.859163650027645],[92.93029235299059,12.857816870099493],[92.93258845279229,12.856976894902932],[92.93621657599417,12.854149330493563],[92.9407107815278,12.856558512894006],[92.94155202131358,12.85474838618914],[92.93883946727017,12.849970419257081],[92.93849810734658,12.847833718165855],[92.93921591177192,12.842349748933541],[92.94105228222163,12.838007298874974],[92.9408783913796,12.83613011493866],[92.94330923275254,12.835978513269557],[92.94412304995184,12.837887405159677],[92.94795006519504,12.836780461538009],[92.94802680906962,12.835743272429095],[92.94563904082213,12.833023836041994],[92.94392668449565,12.826952498616754],[92.94427023458103,12.82502754904436],[92.94635513192637,12.823540970730699],[92.94588086124602,12.820280402921965],[92.94668881503826,12.818107986866337],[92.9499912427355,12.815161320217168],[92.95379789640423,12.807866762177477],[92.95332499775222,12.803371343582384],[92.94931909658402,12.799484122540303],[92.94968425827919,12.79637791700119],[92.94918467665472,12.793240804486333],[92.94840577667547,12.792227329879916],[92.9431238943056,12.790023186852087],[92.94061690847454,12.78748091575432],[92.9381999477819,12.7832997778911],[92.93622480940682,12.7838738196338],[92.93502406639278,12.78299377336016],[92.93362374560226,12.780429456293334],[92.9339089545858,12.773662771058707],[92.9354968247153,12.771540707759812],[92.93763699289285,12.770431872977156],[92.93756350788459,12.76880177154265],[92.93950313190092,12.76705055529506],[92.94070904464077,12.768583196583894],[92.94498512456005,12.769823032352209],[92.94923678652219,12.770470035538644],[92.94944216955373,12.767012656372719],[92.94836398073913,12.763825485164277],[92.94907056479056,12.76186897157344],[92.95098528996837,12.760000390351163],[92.95192824981324,12.757293998208759],[92.95548688157781,12.755732818143205],[92.95793479402485,12.755661442189842],[92.96038794463861,12.754728416924095],[92.9620099198763,12.75330709525669],[92.96247063734562,12.749566182115377],[92.96202048662346,12.747145357132752],[92.96695695789337,12.74255698593409],[92.96854479302553,12.740039551413856],[92.96842057747787,12.738606974890756],[92.96696345308541,12.736703727087585],[92.96643843496274,12.733714786381576],[92.96420306940732,12.730353546230077],[92.9646873722686,12.72472307528779],[92.9668556283783,12.720502151593676],[92.96891976087697,12.719392968991961],[92.97357287867234,12.720311664366989],[92.97745012695297,12.717500177781181],[92.97843353920953,12.715352513922898],[92.97886401061614,12.71271033356029],[92.98009940177361,12.710143065265902],[92.9801263571568,12.708438971614825],[92.97876849435711,12.707894242993325],[92.97569861488721,12.708656705398006],[92.97438729266503,12.711619035032367],[92.97234985012756,12.712374358706526],[92.96792448104857,12.709414172733542],[92.96468468679413,12.704594719030734],[92.9650145467709,12.702051241450011],[92.96282875284452,12.699603844456638],[92.96232986618246,12.695849300522438],[92.96352337366729,12.694181950348721],[92.96579121475305,12.693568517965174],[92.96503040929663,12.69291760754639],[92.96432664624034,12.687306153407306],[92.9632234292678,12.684118997835416],[92.96487046178292,12.681318181827287],[92.96487679403994,12.675625780244292],[92.96328523042475,12.673844933289566],[92.96155915269183,12.66909267498762],[92.96164779349614,12.666079139051423],[92.9625158441563,12.664607258011943],[92.96292183970938,12.66142172539864],[92.96207131032776,12.657296329087503],[92.9603401952087,12.653466345458925],[92.95961990345859,12.650004235608709],[92.9572347452897,12.641830438372748],[92.95792836497482,12.638198986794386],[92.95751680173794,12.62530686834185],[92.95554362329952,12.624121346962196],[92.95212251335617,12.626018381444784],[92.9501081592811,12.628164808687874],[92.9488026018443,12.628508807545208],[92.95124241472344,12.625943304580519],[92.95557133846897,12.62293501993436],[92.95823983506364,12.620443498207884],[92.95871920442552,12.619060960603973],[92.95761565875253,12.616466513110607],[92.95642509171051,12.610915540743605],[92.95610469248433,12.601880762671133],[92.95763585289401,12.598659600661149],[92.95778885241563,12.596782753907902],[92.95708868020012,12.593349025383835],[92.95920489108913,12.58977018497395],[92.95963339521575,12.587060894508213],[92.96197696897936,12.584240921477509],[92.96152564406964,12.58310434477102],[92.96155845254748,12.57623844599363],[92.96286829061918,12.574091158104142],[92.96415088838515,12.573820857419555],[92.96446571823627,12.569536153569864],[92.96678381889089,12.564994248270205],[92.9691331785097,12.562461093750256],[92.97091437668402,12.558309007652332],[92.9710021558038,12.55593189900723],[92.97313999615832,12.548985957605405],[92.97348353396103,12.54647492833795],[92.97442177237055,12.54563876684688],[92.97555816218706,12.541557037370882],[92.97408947396124,12.537601997163508],[92.97384052665532,12.531323276006308],[92.97193698685092,12.524405347103839],[92.97018721546245,12.52144138070318],[92.96955055717984,12.517511721550687],[92.96633639490608,12.51434704143248],[92.96561554948029,12.510135342051582],[92.96519531984636,12.50486098144853],[92.96639222450305,12.501095160786585],[92.9674160619681,12.499756829519741],[92.96821800330144,12.497003475745093],[92.96733550350403,12.495487380399306],[92.96375991457671,12.493055928361171],[92.96358383743653,12.487736408481696],[92.96118027904824,12.486914788502228],[92.95919452184616,12.486941382143359],[92.95660790104482,12.489113727872153],[92.95714545908228,12.49118718077052],[92.95363377145215,12.492789852571141],[92.95382471073057,12.493752119472145],[92.95127611940862,12.495099450815745],[92.94949573792803,12.49868687483198],[92.94657899189151,12.499539795060583],[92.94450287628506,12.498022654720925],[92.94564644337952,12.494533337018929],[92.94273284343907,12.49275179350003],[92.94290328636784,12.490315144903214],[92.9407623506091,12.48701966563997],[92.94133370800816,12.48563724929169],[92.93815591467053,12.482210825827103],[92.93657959166441,12.481745989253717],[92.93322782035578,12.482203099172944],[92.93117475379111,12.480884151269478],[92.93024891632442,12.479202926172006],[92.9326953958611,12.479107024507927],[92.93085531411522,12.476602151246553],[92.930823617534,12.475120248336156],[92.9326049880477,12.473835637362287],[92.93488369318285,12.470811145725422],[92.93388200548786,12.467813314558134],[92.93224064164022,12.467284502832227],[92.92597447475102,12.467079476017847],[92.9236968934087,12.466187615672595],[92.92316217694835,12.46503440753761],[92.92744965567087,12.466488495420771],[92.93421910161923,12.466167191656853],[92.93596091430993,12.466761968064349],[92.93891175012523,12.468751644453777],[92.94078588010868,12.468753796691582],[92.94258744590132,12.467266006383216],[92.94487085198429,12.469999357236958],[92.94483495132936,12.472040999725209],[92.94916290345398,12.475419745004189],[92.9509962357808,12.47616419118768],[92.953744211736,12.476134290653272],[92.95609097947995,12.475280666099177],[92.95867341398113,12.473439364446092],[92.95793749768559,12.472253073994382],[92.95720606204615,12.46708220943306],[92.95234981333688,12.464672982630523],[92.95077412722098,12.465296919375847],[92.94871365816304,12.46415853845165],[92.94645604524236,12.461241663052945],[92.94341969055773,12.461053273850846],[92.94595723867113,12.457948062582485],[92.94448711675133,12.454291130484588],[92.94208358634586,12.452995616936287],[92.94194555174045,12.449974363745353],[92.93752544493226,12.44749951184818],[92.93484450997555,12.447759843926764],[92.93189406407228,12.449205326662783],[92.92757686774351,12.444886336595866],[92.9246292053323,12.444092477333626],[92.92352523533114,12.44267514115346],[92.91971498570412,12.44408878953131],[92.91826454549066,12.442734603907123],[92.91648644476783,12.44447772582523],[92.91511349177316,12.443817423058627],[92.91437840642833,12.442202925769642],[92.91581912083885,12.442270569233838],[92.91659179795059,12.44069086462579],[92.91947292359445,12.441056635102932],[92.919909884138,12.439970466024928],[92.91910282227258,12.437335739420293],[92.9231303979523,12.436878918459183],[92.92380286597646,12.435002697499034],[92.92112449240402,12.433320007653966],[92.92069215056482,12.430750910583704],[92.9190286624572,12.428629487398888],[92.92069733145853,12.42663461839255],[92.91963057497944,12.422352368053645],[92.91745617469599,12.419682343406537],[92.9179609910589,12.417904719787117],[92.91692404682159,12.416586232381611],[92.91695981118028,12.414808033959877],[92.915153781597,12.412336027775908],[92.91492304905856,12.409372005112845],[92.91579605300294,12.407858281985595],[92.91479295491331,12.406309312879104],[92.91120875536167,12.405876768125644],[92.9068874121975,12.406785602648128],[92.90661354842835,12.409987291416822],[92.90825144881029,12.412854303310377],[92.9096195603827,12.417104046086674],[92.90992555192844,12.42049804350069],[92.90585852950743,12.423652442320682],[92.90401264465235,12.426021076024732],[92.90161746917298,12.42764950552789],[92.89905092472239,12.428253956443593],[92.89596484413053,12.430917296673307],[92.89354684234908,12.435030413345938],[92.8862341593391,12.44104692541794],[92.88522721156772,12.442296918589513],[92.8816729780501,12.444070336252787],[92.87828787279035,12.444691381309733],[92.87768230440483,12.446402920244193],[92.87486631392676,12.447354005069672],[92.87174983320948,12.447547245675375],[92.86901663549746,12.446145427847002],[92.86299769789643,12.452046294917626],[92.85964271070964,12.454840534801166],[92.85618841734332,12.456778400455462],[92.8537429385253,12.456346735139649],[92.85398059525667,12.454305418518192],[92.85864199973973,12.451809515384143],[92.86219815010682,12.448916786477367],[92.86511835999391,12.445496218878436],[92.86884140782063,12.442932936864981],[92.87309977531649,12.4408642979043],[92.87500951252207,12.440965741835887],[92.87577771366242,12.44267917741391],[92.88631207446987,12.435535698264275],[92.8901495055778,12.432276025316437],[92.89194116700416,12.430101864201008],[92.89518450341609,12.425167071016459],[92.89945436808289,12.416801329220522],[92.89715862039739,12.415276945712131],[92.89565051946796,12.41560428226995],[92.8938264174496,12.418455586372376],[92.89234464121684,12.419816296454515],[92.88746746537554,12.421520920445612],[92.88608976396311,12.424416939563297],[92.88297891738901,12.42079041260574],[92.88018061897107,12.420129121880649],[92.87807412244952,12.418530811594723],[92.87578598307009,12.413470052201625],[92.87444429981068,12.414554896527742],[92.87430022216041,12.417265294311628],[92.8720568231653,12.420610748065224],[92.86850241982677,12.422647445489263],[92.86659036017194,12.424225396590904],[92.86642056993068,12.425772877688804],[92.86486083858667,12.426548778302598],[92.8607588192521,12.425402569027263],[92.85926670091388,12.425679105196451],[92.86012399785656,12.424216169620165],[92.85791452950487,12.4229945636159],[92.85343295390767,12.424287741235648],[92.85101025703987,12.42436155232338],[92.84675684743551,12.423472141771946],[92.8439943267974,12.425932320817699],[92.83750907995345,12.430025448818194],[92.83314783607014,12.430375580275495],[92.8306280983512,12.431680182424605],[92.82456155480172,12.432954991870453],[92.82098089719905,12.434780588522615],[92.8168864710179,12.434358814317308],[92.81098733665078,12.435633582562971],[92.80817001958226,12.437308428116879],[92.80753457742021,12.436615861228322],[92.80971639311817,12.434281390133906],[92.8118288414743,12.433329847417749],[92.82272090809633,12.431634890712942],[92.83039931875527,12.428090449186282],[92.8286937538142,12.426111995716385],[92.82866369441514,12.423971493807878],[92.82943942485896,12.42077847926253],[92.82826975951735,12.418932576951626],[92.83011119315927,12.419725756908996],[92.83279500923149,12.417523584572747],[92.83423064964477,12.41188376555729],[92.83367845051674,12.409753430752737],[92.83142133253706,12.409865880196353],[92.83079565633675,12.410736894074269],[92.82855092843049,12.410766344909238],[92.82654306092394,12.409347222337669],[92.82948937106464,12.410537291671769],[92.83083116026643,12.409485603606985],[92.8386046631536,12.408904761394712],[92.84085235768927,12.40696528027945],[92.84105907322625,12.403310340711748],[92.83815233769313,12.398267627691991],[92.83594288042902,12.397243431838788],[92.83812007773136,12.397477255253273],[92.83939749419794,12.394680121826392],[92.83869604701052,12.39336185328853],[92.84017037391828,12.393166500009302],[92.84245152187292,12.391161189815625],[92.84355616007562,12.391722659175114],[92.84553521177995,12.390079101907931],[92.84703393711804,12.387847613032308],[92.84695083203451,12.386508084815288],[92.84908149660701,12.385422971493869],[92.84993997967558,12.380903744926021],[92.8529259600883,12.377308471273107],[92.85738686916393,12.372610499255005],[92.85980013202284,12.371658991610031],[92.86050553653938,12.370342787988905],[92.8601061537978,12.36859690773541],[92.85710190686373,12.367160117364145],[92.85809969821378,12.366321832195046],[92.8585051921382,12.36395143228213],[92.86132310449223,12.361123459787468],[92.86427984145699,12.361605335148173],[92.86902651881017,12.361661235291761],[92.8703015248681,12.360181148709643],[92.8690323350669,12.357643733143819],[92.8731926272965,12.352907541264312],[92.87765262274911,12.35541060907008],[92.87841554958564,12.357839335171434],[92.87990056068793,12.357724577061898],[92.88085832270501,12.35630987268922],[92.88571768615427,12.35453817193463],[92.88530455286445,12.352097569464714],[92.88719694046603,12.350588490105979],[92.8892399203885,12.350755855391018],[92.89034638658232,12.349934054536142],[92.88951261475698,12.34729851475674],[92.89266875715624,12.341474417924616],[92.89479634027703,12.339566189771269],[92.89606367474059,12.335733488568607],[92.8935808012458,12.335975763649493],[92.89240228092571,12.340584496748],[92.889050996422,12.341963162568275],[92.88767438868486,12.34439819315136],[92.88599948750489,12.344527682868849],[92.88482855308071,12.343538202036093],[92.88308515500646,12.3447542901828],[92.88047156421176,12.34411507344501],[92.8805763063599,12.342445767850744],[92.87961638588293,12.339524511457146],[92.8804008077574,12.338755406944902],[92.8805201189962,12.334739957677996],[92.87914852113808,12.333585529847706],[92.88253034906258,12.3342816456702],[92.8834699397761,12.332998620718522],[92.87784475790205,12.331838438947498],[92.87429720136078,12.329956538476933],[92.8725893664742,12.32975659849788],[92.86786335279545,12.332219807254607],[92.86783081456993,12.33156115235883],[92.87151326502207,12.329238717656114],[92.87409751292564,12.329067140239918],[92.87828141648109,12.330949910390958],[92.88363896029927,12.33187920938585],[92.88752403198978,12.331950260251634],[92.88846490003998,12.329712232263516],[92.88680120646107,12.328216113969434],[92.88671790945264,12.326876588026987],[92.88934227638696,12.32490553383341],[92.89443193940458,12.325735475423505],[92.89620547291203,12.326890349623623],[92.8974798472962,12.325640634541399],[92.89610817517821,12.324519222368464],[92.89520694916844,12.32224584139305],[92.89517620107932,12.320204106297652],[92.89273084422301,12.320563153857035],[92.89172476221795,12.321549753781868],[92.88894487839391,12.32161195382537],[92.88691273047904,12.32374085704507],[92.88527502206747,12.323609837782863],[92.88358729244555,12.320847413776121],[92.88047616668936,12.318291636697046],[92.87932886097718,12.315152023415024],[92.87823335554846,12.313874962836326],[92.87381527558232,12.315598176810314],[92.87418048621431,12.317837953170743],[92.87123496339733,12.317981924542023],[92.86997375749156,12.316465518179813],[92.86970753868763,12.314463839078966],[92.86860148377966,12.313960018455445],[92.86553497469585,12.315043993329754],[92.86348900435857,12.313031649472851],[92.8609418663346,12.314301346303804],[92.85694111081355,12.314536082265786],[92.85504853243992,12.313634280576071],[92.85308749733335,12.313681084799828],[92.84956041659366,12.310790206077566],[92.84956237303744,12.309499013229258],[92.84809075789384,12.308223543835538],[92.84130413902594,12.307818314168793],[92.83826919038573,12.306891708326582],[92.8359502834348,12.304956288293893],[92.83211400976711,12.302535557907214],[92.83010133193181,12.304640019679058],[92.82679384084662,12.306654649306495],[92.82469397440217,12.30739781246653],[92.81924106657125,12.310638399990442],[92.8156547126234,12.312209786582027],[92.81481628953732,12.313134092905056],[92.81078136393313,12.314754489765535],[92.80744552569664,12.314878534420798],[92.80494698842448,12.31364508029565],[92.80204577650349,12.312893918558746],[92.80030691102533,12.311354316620811],[92.79928363434698,12.309157282919934],[92.79750060831599,12.307354150261158],[92.79487730083628,12.306052367022383],[92.79386132136402,12.306902772411252],[92.79262939244876,12.310402627132358],[92.78964556785431,12.312496684532919],[92.78469758114848,12.313704100672973],[92.78011182625346,12.31324942208667],[92.77670505646347,12.3153945629915],[92.77293513227445,12.316692157497373],[92.77374041085966,12.318475656382109],[92.77141343382549,12.319552294044879],[92.77188054636515,12.318389276313296],[92.77092305815465,12.316059924598713],[92.76915029270293,12.314581231469218],[92.7663635558712,12.307032159703597],[92.76645668110311,12.304839581157134],[92.76464456258765,12.301567274927418],[92.76376877886878,12.301976228987328],[92.76289723286621,12.30544621923828],[92.76356155463382,12.310522436186078],[92.76428814394913,12.311782564194148],[92.76310855205702,12.312479641173919],[92.7609209549752,12.30669413922695],[92.75863449204554,12.304737473833352],[92.75726590818579,12.302831068958442],[92.75839071995483,12.298542408348892],[92.75605691531949,12.296546099038805],[92.75338287329484,12.295953843310055],[92.75288656990415,12.297459788587828],[92.74760424173554,12.300643428643172],[92.7462338051437,12.29946526024974],[92.74498522166904,12.300459007461868],[92.74333605650276,12.300372018671649],[92.74274834255517,12.302140490737992],[92.74093186986748,12.301294303070877],[92.73737336426312,12.301415355605826],[92.736205601891,12.300851290910051],[92.73459070306654,12.30324898315063],[92.73246327788029,12.30204459883346],[92.73085036101708,12.30336960718504],[92.72704082655756,12.302043492843323],[92.72399515734021,12.302539235776852],[92.72231070001513,12.300646056675356],[92.71955812285408,12.30038533353],[92.7186967707947,12.302503453681005],[92.71960356205024,12.303628959762934],[92.7181189992322,12.305669246569245],[92.7159026214417,12.309955583613439],[92.71566478010674,12.311972747548253],[92.71342964764558,12.31265793880473],[92.71146847782956,12.30992953184454],[92.71031861786199,12.309808223594436],[92.7094041872663,12.312961014817548],[92.70794566845021,12.315755598705223],[92.70750779720147,12.318834029271011],[92.70690950651029,12.319205741298285],[92.70623149611217,12.325096937617413],[92.7067732498332,12.326586032444334],[92.70822891380806,12.325219950703472],[92.70895711310865,12.326743560369454],[92.70804499111998,12.32924803249241],[92.70562617828921,12.330750053101069],[92.70355870294406,12.32955564566071],[92.702838440627,12.326578173064142],[92.7007818444752,12.325800273188342],[92.69902395842084,12.326927622951514],[92.69895596446776,12.330498720099532],[92.70021978346013,12.334072502548892],[92.69972703947533,12.338118906301553],[92.70020401946569,12.341631579581424],[92.69941067097403,12.344665524635131],[92.70025437510957,12.346512362349673],[92.69989252268356,12.353355558152895],[92.70083809298315,12.356471469505422],[92.70076794587087,12.36151255751243],[92.69943075762986,12.364009714924919],[92.6995859184235,12.367015809096072],[92.70119531159092,12.369479238687187],[92.70396320847027,12.368596276426302],[92.70587149680115,12.371068870273602],[92.7037741277958,12.371627163010888],[92.70231424754701,12.3748780104132],[92.70343949941922,12.377261090848329],[92.70279101825857,12.378529553243686],[92.70125681857013,12.378685182806096],[92.69948425185802,12.377015029903689],[92.69819141435391,12.377567931419145],[92.69817724428144,12.384313541814008],[92.69712238574495,12.38685093079332],[92.69638776019359,12.390658732921935],[92.69620820323897,12.39922928388191],[92.69732864137835,12.403913825809536],[92.6995817987402,12.407489619818051],[92.69868131581288,12.413360451541125],[92.69843040378518,12.41748667445046],[92.6976198757868,12.418996639194487],[92.69744391470086,12.42581748754097],[92.69799790741652,12.431135747603653],[92.69912400726383,12.433201404562476],[92.70098018207747,12.433681336591775],[92.702021742897,12.437572093953738],[92.70111768450403,12.443356840998952],[92.70103042748251,12.448204343104218],[92.70215511995535,12.450984226795708],[92.70296280928042,12.450906501453401],[92.70264512275718,12.448366336414905],[92.70455196494841,12.447718514524972],[92.70623272903678,12.450044726886748],[92.70671987441834,12.451716610623821],[92.70536830285886,12.45215926380266],[92.7047282543942,12.456227194877199],[92.70407956755703,12.457495645446366],[92.70117408243848,12.456696162310175],[92.70068571740681,12.458520450955179],[92.7017313585798,12.460506574139677],[92.70034715160863,12.465900242889651],[92.69865427754833,12.464468313512702],[92.69735797162367,12.466449663070511],[92.6976742763163,12.469624706710903],[92.7002502277387,12.469312523146519],[92.7011313298405,12.477012231637058],[92.7024176572258,12.47979244092414],[92.7024059787318,12.485347611729606],[92.70401191782351,12.489795021550169],[92.70457660262448,12.49011360551514],[92.70450232353139,12.487018418268962],[92.70563301163102,12.487020702720258],[92.70835888393619,12.49160267861684],[92.70877102919222,12.493391253777249],[92.70792802315945,12.495000772992082],[92.70632264469633,12.495863632978923],[92.70621820007082,12.497843486769066],[92.70468171341027,12.499263459165679],[92.70293661970126,12.499227959648163],[92.70140039001595,12.500501796814575],[92.70133504064141,12.506835386972185],[92.70168107064976,12.509436213211076],[92.70116921390476,12.511508721129028],[92.6997900515839,12.512221003708481],[92.6961240544289,12.512647650961508],[92.69458634536926,12.514559919452175],[92.6951743795764,12.519158180943338],[92.6990111019329,12.524069583836901],[92.69991577168012,12.526497657976611],[92.69967756353782,12.528920246698842],[92.69979424406041,12.534772094048828],[92.69908964832032,12.536047607421933],[92.69900493119391,12.539214286893776],[92.6998595516418,12.540748385206768],[92.70045085975504,12.543865370462806],[92.7021094051174,12.546346055952709],[92.70374615709679,12.546847403903463],[92.70376765758606,12.548979964364054],[92.70796679364028,12.554913559166263],[92.70861305224574,12.556677063733561],[92.7085031837977,12.55948614535119],[92.70727532822377,12.563028611720968],[92.70526946203996,12.564204335021959],[92.70479648062478,12.566578510142696],[92.70554356740777,12.569849033602903],[92.70803660376012,12.571233198703014],[92.70870863087586,12.57312444965352],[92.70758872075976,12.57404159381134],[92.70893626608749,12.576164064098435],[92.70768559271703,12.577438489053728],[92.70500463039444,12.578837696897653],[92.70710141134218,12.583234677357995],[92.70686128404536,12.586145645889717],[92.70440451707557,12.586146134984908],[92.70384010563164,12.58854016996918],[92.70422628915993,12.590354230309735],[92.7070283051441,12.593271383210865],[92.70751830972705,12.595187808275183],[92.70704613995845,12.59715335672559],[92.70423814148782,12.597045486857485],[92.70303809927168,12.598907384084866],[92.70062491953409,12.60024906442318],[92.69447993430775,12.60049870163512],[92.69208424642211,12.602102669627426],[92.68835117128896,12.602479011004222],[92.68691071440489,12.60165766091146],[92.68482683275477,12.603338836499601],[92.68455465419655,12.608880210403644],[92.68667591003542,12.613915864646883],[92.68738369412533,12.611312382306014],[92.69160414635941,12.607669165403717],[92.69459279963492,12.607441055369398],[92.6966474660051,12.608267050528724],[92.70077767010903,12.612724555442236],[92.70267014613673,12.613004171463018],[92.70350551005299,12.611473540208078],[92.70327868435582,12.608076387038519],[92.70381227397974,12.606773212287177],[92.70640671507523,12.61097816464388],[92.70667232822208,12.614136057892098],[92.70802194178964,12.61536467268385],[92.71014657141836,12.615924629054534],[92.71009832615927,12.619848392216692],[92.71139021100777,12.621219923651456],[92.71242079054119,12.625819024021542],[92.71150842789542,12.626864285735106],[92.71342944464672,12.628477112660862],[92.71287933861092,12.630391432745853],[92.71459016551012,12.633050928326552],[92.71566807701768,12.639948622991026],[92.71490692957514,12.64329270459111],[92.7175338171089,12.643195809567493],[92.7194307759499,12.643940223517601],[92.7196440989034,12.641386746476087],[92.71904958866283,12.63962337085179],[92.71978361073461,12.636789999615102],[92.72085196053962,12.635770560406465],[92.72075287619894,12.633369695433034],[92.7219804378769,12.63079268340195],[92.72207690029829,12.628220277259267],[92.72409689851396,12.625893363716685],[92.72573331217247,12.629437104551979],[92.72616326045478,12.63279297545172],[92.727721578188,12.633792053713847],[92.72704402668104,12.634480281685462],[92.72815942802471,12.635887115778697],[92.73281142046655,12.63742852073235],[92.73619393049869,12.639875851915368],[92.73514210569274,12.642362071854256],[92.73518864572095,12.645094843973471],[92.7339834545533,12.64951077092895],[92.73257169918446,12.653160117134952],[92.73431754656917,12.656773003974248],[92.73646504924834,12.657075126973957],[92.74151232247529,12.66114706290242],[92.74175888523823,12.663061424766825],[92.743626328487,12.66569550616548],[92.74364810373291,12.66784082921666],[92.74726299467743,12.668051995664442],[92.74979102793333,12.665426234140586],[92.75127294887062,12.665735485717793],[92.75212089048846,12.671074742318003],[92.75326536408734,12.671051343990875],[92.75836776138642,12.668711224666554],[92.76801856397338,12.668039326379974],[92.77056653033584,12.668554711758494],[92.77352261080529,12.670313384114934],[92.77485338664907,12.669753930977913],[92.777075964372,12.666493189419567],[92.77870526814435,12.661306038348163],[92.77913838148245,12.657390623590382],[92.77855947037527,12.645308935652793],[92.77949139949223,12.641360515626777],[92.77736955000971,12.638677979602898],[92.77912717913966,12.638272462217524],[92.78135185528214,12.63527977798075],[92.78199267484821,12.63882234421042],[92.78188921193637,12.644860774462849],[92.78072654247666,12.648581779709021],[92.78057912405396,12.653348841553482],[92.78099351064934,12.654303035632811],[92.78321212219414,12.65471555900811],[92.78441804938666,12.660730119122992],[92.7832118358221,12.663349702983565],[92.78534199813227,12.668349381093313],[92.78712745426719,12.67103122597351],[92.78908104745969,12.675052717584313],[92.78737097911757,12.677812189314318],[92.78659520692845,12.682498616751253],[92.78664827279664,12.688350383340625],[92.78636841796747,12.690597018548647],[92.7869143561996,12.695562025971691],[92.78635482194596,12.698103613593847],[92.78493676773209,12.69804059585207],[92.78414346130421,12.693498913541445],[92.78334995480066,12.691773693992511],[92.78121088196117,12.689679883888534],[92.77917005448583,12.686746416734866],[92.77746959813364,12.685132839074559],[92.77562059555193,12.680258340507454],[92.77194140457146,12.676939421672886],[92.77015414712453,12.673233779795568],[92.76762571613446,12.671526598686677],[92.7632918574944,12.670939815416023],[92.76023934102433,12.671308788451073],[92.75617907460145,12.672731471222688],[92.75284512868687,12.675142958358665],[92.74958779391798,12.673808817474654],[92.74889599275569,12.672888109636983],[92.74656832948006,12.672709102925932],[92.74369638406388,12.671686439470538],[92.741890618682,12.67290887042258],[92.73755298176116,12.673218836962356],[92.73672443241409,12.672354119022708],[92.73286957011415,12.675036758855127],[92.7348542512221,12.677623543390762],[92.73501042453795,12.679671987900582],[92.7364637346232,12.681309296832687],[92.73646114132251,12.682603265921603],[92.73500608462793,12.68691561603314],[92.73115966578013,12.691763294317626],[92.72776542660719,12.691942610239176],[92.72880395059259,12.696038880788151],[92.72991020141018,12.697811750167968],[92.73396708772118,12.69833044635217],[92.7352026409427,12.699324051555518],[92.73889046074031,12.699157218303585],[92.74024141154578,12.700011115104422],[92.7422198516317,12.699265762697586],[92.74316462043092,12.700157446264795],[92.74030494447182,12.702939706848424],[92.74144992620897,12.70491033287949],[92.74152950028811,12.707771900116455],[92.73953000680694,12.708897311101419],[92.7394841012731,12.71451579281498],[92.74083384466644,12.716016672808442],[92.74004016703833,12.717809706385927],[92.7413778991186,12.721500078895485],[92.74307752842611,12.721503334881179],[92.74598892872912,12.72264962688836],[92.74345590223373,12.72527089467936],[92.74112539190097,12.726369018019861],[92.74070961787473,12.729374547891073],[92.73959194822957,12.729975569550152],[92.74040858122545,12.731124717855222],[92.73902781324982,12.734537433844018],[92.7380601684242,12.732730816905876],[92.73764193202426,12.733717512004],[92.73888251196887,12.73780613589809],[92.73861764166595,12.739184542253234],[92.7365027939435,12.73826857078359],[92.73461383099183,12.738785360708496],[92.73502768896428,12.739977983551777],[92.73058017370387,12.743578785862134],[92.73005275061817,12.747051033286606],[92.7303553069029,12.751784828868367],[92.73149380592217,12.753960054253659],[92.73021204773688,12.755213176689937],[92.7288420833172,12.757889173314723],[92.727420286864,12.762028628433493],[92.72738105082875,12.764241913216663],[92.72624966478078,12.765196922657127],[92.72549610101741,12.769856714070885],[92.72434539875448,12.772680719185809],[92.72269787199298,12.780849840398975],[92.72255443092227,12.783096965369925],[92.72087866731042,12.788099203331576],[92.72156392984732,12.792254879629033],[92.72313809773405,12.79429128123999],[92.72364482406519,12.796719852247232],[92.72193708617714,12.796341824297773],[92.72113715386278,12.797259614659028],[92.72073313317237,12.802322511485555],[92.72097331015728,12.80985678467824],[92.72221769185172,12.811563461639912],[92.72144388930518,12.816567495525847],[92.72351635979871,12.821134561543388],[92.72312906724345,12.823823862227647],[92.72350446939559,12.82685520368501],[92.72506661001987,12.828898680687331],[92.72700571214908,12.828564768210956],[92.72973434254736,12.834767571046733],[92.73175415844909,12.835325703420557],[92.73143660928646,12.833851541171116],[92.73282689955458,12.832764629033099],[92.73287392448259,12.830054256180427],[92.73389615647228,12.82743765340065],[92.73395497255135,12.824117735330413],[92.73465278775126,12.822246262584953],[92.73646008724857,12.820819627857452],[92.73562715531895,12.81850783619152],[92.73626093151984,12.8163584732437],[92.73616256258859,12.813531993243473],[92.73689571720953,12.811320062218988],[92.7383544985744,12.810607816698175],[92.73921942137999,12.81186940853897],[92.73903673166312,12.816431977547849],[92.73938056792643,12.817999023680716],[92.73797985955505,12.82429585844095],[92.73810640911185,12.83035729619806],[92.73901388499819,12.831070766529022],[92.73997157267225,12.834105923060235],[92.74010935717891,12.8365554874393],[92.74122056173923,12.83668353787589],[92.74229132034228,12.82945341683404],[92.74235339728332,12.824799067217208],[92.74337821371786,12.824215080122247],[92.74431421291708,12.825388806569995],[92.74447479396903,12.830411651794963],[92.74400363225845,12.831356209994809],[92.74412637422287,12.839392634878402],[92.74579293753666,12.842067089175755],[92.74787004445557,12.841511018761429],[92.74991319723435,12.843694222878161],[92.75131860299547,12.843730946464373],[92.7509863034701,12.845058329260299],[92.75379646294238,12.845472273707987],[92.7530638127142,12.847445885222186],[92.75433548625102,12.848176726776352],[92.7576652535752,12.846843648045839],[92.75902617004071,12.848938920207665],[92.75847055193363,12.851065538447266],[92.75898509367744,12.854165203539273],[92.75883781315098,12.858062842448316],[92.76126505173231,12.859617727438101],[92.76228130034343,12.854545917813091],[92.76322239118437,12.852436459088223],[92.76575906756614,12.850738565671072],[92.7694116067974,12.846216396650409],[92.77038285189354,12.846456534323163],[92.76905951903555,12.848871788353716],[92.76839372285892,12.852241688831391],[92.76980779938843,12.85687531248321],[92.77063800431394,12.858307002549111],[92.76879149554972,12.862049308148247],[92.77049334257786,12.863636147483227],[92.77354572122418,12.862296348746193],[92.77410351494657,12.86096934386433],[92.77621754995198,12.8625736015478],[92.7772903691437,12.864210021645187],[92.7786095149284,12.864042137076124],[92.78007014453846,12.862444326617778],[92.78101320755673,12.85921109709712],[92.7818472712279,12.858599655132343],[92.7834024312154,12.861456039169557],[92.7853455474132,12.86238561989341],[92.78697709404834,12.862184193790632],[92.78840227069941,12.860960840840217],[92.79391642418122,12.863657123535472],[92.79276919725712,12.864271513355549],[92.79241337125279,12.869106245660044],[92.79397136041621,12.871220171338601],[92.7927141921431,12.875474453394174],[92.79368224782232,12.877553298827703],[92.79267275468082,12.879186023696297],[92.79273883678425,12.881024932998384],[92.79433123770629,12.883343226200193],[92.79206294246642,12.884001388951111],[92.7909280902198,12.887684875718264],[92.79112306599563,12.889191354323168],[92.79315476921616,12.891203090954708],[92.7975714420038,12.892865232299535],[92.80295446566538,12.897238015402074],[92.81022717405611,12.897539398192933],[92.81584349076192,12.896133918952694],[92.82266693042838,12.896160364551184],[92.82435860082276,12.89538722954305],[92.8256184784806,12.893168094715127],[92.82637072760257,12.88848353282719],[92.82818960241775,12.885793665585942],[92.83101376939968,12.884687605772735],[92.83566332828947,12.886277218306834],[92.83956348785381,12.890999574711683],[92.84063244873131,12.891655434009957],[92.84277417622289,12.890624248417765],[92.84287187024165,12.88478463375972],[92.84143801382658,12.882604598065834],[92.84023459261319,12.878829743180557],[92.84033111728714,12.876684774960133],[92.8430938421718,12.875122075772342],[92.84487683591205,12.875292188311068],[92.85202208983098,12.87740261776182],[92.8578157750704,12.877654075272384],[92.85989366922236,12.878092156915743],[92.86412191270537,12.880166048693816],[92.86781300416393,12.880797113201817],[92.87325024182395,12.88090377725346],[92.87553735895298,12.88313921799212],[92.87559371630762,12.884957419881411],[92.87290676920423,12.886139013443595],[92.87115823005078,12.888243951881929],[92.87098728483258,12.890318238504939],[92.87259462485851,12.892856100847835],[92.87588541174048,12.894666658788509],[92.8783306719206,12.895366922448561],[92.88118393395811,12.895272171778556],[92.88622127206709,12.893599836886489],[92.8899106466277,12.895613616007209],[92.89247074295602,12.895864839931315],[92.89298320589855,12.896782754643187],[92.89604904298078,12.898618545320227],[92.8961141399859,12.9000675162711],[92.89826594299895,12.904341892246267],[92.89764760859605,12.90764329216541],[92.89878620076925,12.90958764437743],[92.89705847428955,12.912947842161868],[92.8966917567272,12.91531448890154],[92.89525226708851,12.916168695747155],[92.89531722182514,12.917716453521454],[92.89756307519774,12.920057459291892],[92.89826540749648,12.921935366257927],[92.89789258793712,12.924470405987764],[92.8964809785151,12.925653945909277],[92.89720905546113,12.927262430675835],[92.8992994963052,12.926645620157897],[92.90077924554706,12.924737714985534],[92.9011201571404,12.920984250534307],[92.89887729729301,12.916469956619755]]],[[[92.84581785271556,12.148006733933475],[92.84394474674696,12.14884113345914],[92.84547258820947,12.151271083809707],[92.84666427599093,12.150937966186332],[92.84581785271556,12.148006733933475]]],[[[92.7624850102462,12.18025183733138],[92.76376950378368,12.178869871676929],[92.76336778762317,12.176254503249288],[92.76162559231825,12.171452755480146],[92.7591357093545,12.166603079859893],[92.7585695122431,12.167067959657176],[92.75915823949686,12.16997186775627],[92.75933855523078,12.173940320025674],[92.75871174673497,12.17473898331513],[92.7593628198496,12.177754688451177],[92.75648014276413,12.181040943983277],[92.75832352430126,12.181813252522039],[92.7624850102462,12.18025183733138]]],[[[92.72913956925956,12.189372673541783],[92.73022544778604,12.187956714165592],[92.72939777454822,12.184715032402053],[92.73078851139199,12.185341061198706],[92.7314849369007,12.188618724982106],[92.7331365803413,12.184747260840508],[92.73693316351387,12.183912507105081],[92.7406161542952,12.184102338180729],[92.74333340574888,12.183448510229255],[92.74828695242086,12.18067582454035],[92.74951067342829,12.182837552474341],[92.75064087900775,12.183423428174224],[92.75349287289934,12.182185911614832],[92.75525873083586,12.183091339688477],[92.75974269417678,12.182563104268283],[92.76086019606508,12.181833049050038],[92.76353924448927,12.18169137707843],[92.76636094748636,12.184953900896966],[92.76717153135445,12.189347543371603],[92.76543230077566,12.19165368040538],[92.76563743503125,12.194103091271717],[92.76760358422119,12.197327500616204],[92.76841540802882,12.201062306553522],[92.76550646638351,12.204753990038913],[92.76310398053968,12.20847589485351],[92.76249264305693,12.21701353263356],[92.76309823390407,12.219463654372136],[92.76235896445438,12.223929306003313],[92.76274518008367,12.229382100897705],[92.76040425202571,12.229510238783316],[92.7594314285102,12.230401057531106],[92.75666692822627,12.229855267502742],[92.75422085575194,12.23086753377108],[92.7518662014275,12.229032156442198],[92.75045363572967,12.229096303439555],[92.74964425118367,12.230603029696983],[92.74726205890343,12.23092809886789],[92.74622192391628,12.229974552739591],[92.74555233764828,12.227124141313352],[92.74502639139908,12.227446128691357],[92.74469352351119,12.231399212021964],[92.74195004747901,12.23397004259149],[92.74103784138941,12.236040873706294],[92.7394513539865,12.235941377816024],[92.73931196953018,12.233797731019116],[92.73807061528221,12.230947742538502],[92.73807723586059,12.227507203710275],[92.74109732018682,12.22440167101755],[92.7445977374113,12.223053862781304],[92.74500899322376,12.220451824700946],[92.74394136648705,12.215988539431944],[92.74323604923505,12.215108801746753],[92.74415836957807,12.21928308682354],[92.74367157094744,12.22089266256035],[92.74218230789631,12.221329140118733],[92.7408394326653,12.223046934975109],[92.73831683027106,12.223194238666979],[92.73741962305083,12.221173901851717],[92.73596791334556,12.221427404591267],[92.73518903697914,12.220108291313185],[92.73489899942078,12.21615477438617],[92.73400794733449,12.215128260973321],[92.733346760085,12.21069822607744],[92.73289662716343,12.212564063925685],[92.73103266276736,12.21435403436798],[92.73191430205775,12.22021195064014],[92.7313897194653,12.222077643367333],[92.73019704611238,12.223063635119447],[92.73055549755036,12.228758577107762],[92.73185934878373,12.229325637969568],[92.73140200651672,12.231104122905727],[92.7326301170003,12.234817323137548],[92.73433919574173,12.236211394744855],[92.7349650758244,12.239689716327359],[92.73325601288833,12.24056711867286],[92.73272758167262,12.24210121400754],[92.72993520542934,12.242791369296222],[92.72702307996016,12.24039163821468],[92.7256229039572,12.240513878504776],[92.72476996408983,12.239011589850355],[92.72496901850886,12.236746346147475],[92.7243687251938,12.234911453933918],[92.72284402851174,12.23439611299164],[92.72199105004304,12.232930416042196],[92.72245549642524,12.231581209469311],[92.72199976811847,12.22853825248027],[92.72289712399798,12.226380484736715],[92.72305212893603,12.223269649927987],[92.72478286925616,12.221297208529062],[92.72224401103952,12.217960879653347],[92.72232771323303,12.213276041784782],[92.72374738355114,12.210387235358649],[92.72396024975603,12.206897093362743],[92.72223195933475,12.20526011627252],[92.72238448669363,12.203393728419636],[92.72368893691255,12.202298174794686],[92.72303539228234,12.201202872174871],[92.72275162107728,12.196268188074624],[92.7218795912078,12.195303811258352],[92.72236928770585,12.192266815691218],[92.72095602104109,12.191971294826311],[92.72107119441658,12.190178036621699],[92.72252021203006,12.191205656203998],[92.72353027079687,12.188425864496615],[92.72468401625298,12.188245053719463],[92.72769369093047,12.190300462501568],[92.72945356777737,12.19266265549066],[92.73122423284904,12.1923934202451],[92.73193478140618,12.19052807062441],[92.73122680139818,12.189317437209754],[92.72913956925956,12.189372673541783]]],[[[92.93699524076173,12.223737857380046],[92.93872746789087,12.224200316405573],[92.94083385882492,12.219552897380083],[92.94109910006263,12.217292876444846],[92.93906871810424,12.213092858876845],[92.9376912115912,12.212058011673204],[92.93521907792855,12.213112020421404],[92.93423056866045,12.211242664614497],[92.9355142480384,12.205216682692555],[92.93568840099304,12.201868297434677],[92.93373672519341,12.19709433115716],[92.93247166883215,12.196331673128588],[92.93322393831225,12.19893546488824],[92.93270964961884,12.20203231438219],[92.93168583228541,12.204207711184615],[92.92555450215995,12.207465426343026],[92.92504051486284,12.210227399267666],[92.92528848056268,12.21625513316038],[92.92698603220482,12.220024281181725],[92.9270652727632,12.22219889562163],[92.92926054601745,12.223378055558381],[92.9311779632623,12.22341670434834],[92.93274094770442,12.22482839134877],[92.93429929825344,12.225055637302267],[92.93699524076173,12.223737857380046]]],[[[92.69928903023896,12.243859462774793],[92.69554923260398,12.247080897544581],[92.69686570723907,12.250598953925072],[92.69826911171715,12.250523657973487],[92.69964900689786,12.249016106501214],[92.69928903023896,12.243859462774793]]],[[[92.86646425030092,12.235507847576798],[92.86330299127455,12.238190303034422],[92.86152732098594,12.243241398668035],[92.86215420378744,12.248066172848963],[92.86505273401454,12.250990838708816],[92.86855761828436,12.249945632366735],[92.86992285860043,12.24900010415326],[92.86890350895747,12.247575554925447],[92.86849814476467,12.244891948124646],[92.86723468216356,12.241838339810823],[92.86770678531171,12.23836054205325],[92.86646425030092,12.235507847576798]]],[[[92.88072512482658,12.245366378353449],[92.87945561855896,12.249180560415542],[92.88021979877338,12.250521014899359],[92.88183921897867,12.248932626913916],[92.88072512482658,12.245366378353449]]],[[[92.90081263573668,12.254649965298807],[92.90183394331757,12.254734976640737],[92.9028577678231,12.252894566075538],[92.90549717261302,12.25231189154667],[92.90592623030746,12.249633578803149],[92.90524736208486,12.248042159100477],[92.9075476528051,12.24637075505429],[92.90874789991088,12.243159670728627],[92.90883115653948,12.241098359589005],[92.91173045935801,12.236832519216408],[92.91181674380906,12.2359117716515],[92.91420453531738,12.232231271087379],[92.91318782717059,12.228577967979085],[92.91319261825679,12.224792524759904],[92.91234484138793,12.222183279180346],[92.91149195319066,12.22360537319259],[92.9119993066776,12.22620114198951],[92.91148513801627,12.228963080329589],[92.90858624301785,12.232977778649849],[92.90544070784657,12.230211286642424],[92.90220804930325,12.229035215747393],[92.90008019328432,12.22911623375824],[92.89615945953094,12.233380637264586],[92.89403055855117,12.234215029251299],[92.89130721894958,12.234044061912082],[92.88977680061154,12.232870061840503],[92.8881632218699,12.230272808214668],[92.88467658145075,12.228175346682544],[92.8846776154653,12.227421921419277],[92.88093780384513,12.22381722523629],[92.88349311910513,12.222313786589567],[92.88094464987596,12.21887810364162],[92.88078174762296,12.213603897511478],[92.87984710793584,12.21251435866513],[92.87984989909359,12.21050522423827],[92.87831884923366,12.209917164123373],[92.87686845498087,12.212510339896427],[92.87686435117875,12.215440326230478],[92.87507042149863,12.22020958800656],[92.87429997106582,12.223389669442668],[92.87454655442262,12.229584839846781],[92.87122119393166,12.233849691223108],[92.8695127418741,12.238200452041234],[92.86993255965012,12.242219297918451],[92.87128936865082,12.245737153843107],[92.87392354664728,12.248838184708154],[92.87733694306813,12.248713050743966],[92.87937388986467,12.246752749748664],[92.87971687853526,12.244908670664389],[92.87963938619755,12.239469995788008],[92.88160112957272,12.237818373082012],[92.88185081791146,12.24056124884283],[92.88321286327432,12.240395640756283],[92.88261926772684,12.238804283822867],[92.88517184937643,12.239393682587068],[92.88516702337252,12.242909664174771],[92.88592983936472,12.245254667344389],[92.88549978470857,12.248518941111092],[92.8871979869813,12.251534892483427],[92.88855849082292,12.252541252540166],[92.89281379293983,12.252965392828695],[92.89323668069461,12.254975077872842],[92.89507813462016,12.255887929736135],[92.90140604364431,12.256492428790594],[92.90081263573668,12.254649965298807]]],[[[92.73470861634603,12.270070778958523],[92.73695370196472,12.273108578161386],[92.73768183962328,12.27596315318638],[92.7391163202879,12.275703465918241],[92.73837317054065,12.271979784644849],[92.73666106410346,12.269238155295811],[92.73470861634603,12.270070778958523]]],[[[92.90067865145785,12.258420671382554],[92.89945148532252,12.259440784830277],[92.90015358017459,12.262711046321272],[92.90161631035632,12.262530003048001],[92.90204926063628,12.260464616511339],[92.90067865145785,12.258420671382554]]],[[[92.74903531525447,12.282495462503082],[92.74803324274816,12.280990679909618],[92.74786973744408,12.278890368186238],[92.74600190139124,12.270281005415923],[92.74675880105922,12.268573562567463],[92.74559350366805,12.264865515251127],[92.74451136717907,12.26358565876751],[92.74455348884392,12.26134299094993],[92.74242136851434,12.254564192264018],[92.73931418514003,12.253447945443856],[92.73726516433535,12.252167647857176],[92.73666295002485,12.249654741433018],[92.73521877298529,12.248009678328938],[92.73425834834923,12.248250227740392],[92.73473373840982,12.251380549494773],[92.73430955281609,12.254220945671154],[92.73537209668355,12.256837660060114],[92.73545096181557,12.259349587461351],[92.73649835497095,12.260507377620591],[92.73648765959028,12.264519202637835],[92.73866225752982,12.26586150827142],[92.73853367239754,12.26740539367765],[92.73954847498725,12.271079724458875],[92.7400654498198,12.276446527616892],[92.73926546130235,12.278750931033088],[92.73942687486564,12.281901246270936],[92.74051260408952,12.283426803119859],[92.74107965454634,12.282501384060007],[92.74111119615377,12.279307955149573],[92.74234022389936,12.280197829994036],[92.74239999277371,12.281783241616544],[92.7439058354192,12.28258897447276],[92.74570047693346,12.2856599473698],[92.74651252067657,12.288008510128686],[92.748709116733,12.288918429692654],[92.75032269340944,12.288139022534716],[92.74903531525447,12.282495462503082]]],[[[92.7360337938126,12.281257454195151],[92.73526130702825,12.282159702664607],[92.7359687931439,12.28420164226202],[92.7352496905478,12.288135751272824],[92.73693161473422,12.29216182422183],[92.7379686711579,12.292426131702603],[92.73792838174599,12.28921273102904],[92.73708959426354,12.282765321982458],[92.7360337938126,12.281257454195151]]],[[[92.75214546323447,12.292450263956066],[92.7529188713698,12.294667806525146],[92.75500971308416,12.294532514051],[92.75484952216154,12.293340084107815],[92.75214546323447,12.292450263956066]]],[[[92.76648231733787,12.269424779209874],[92.76463814128942,12.265497328715398],[92.76354626353842,12.265592997956029],[92.76240121907473,12.267615645256297],[92.76239794277123,12.269397527755727],[92.76118342751829,12.270236343024333],[92.7589058873275,12.269162309885564],[92.75752932334854,12.272365753520385],[92.75350366279245,12.275628228990241],[92.75301699046895,12.278023080667458],[92.75379025894786,12.28158259997967],[92.75814432025933,12.286917366181626],[92.76111313401992,12.293357069519082],[92.76369216947528,12.294240102759838],[92.76607681511149,12.292877871986537],[92.76602915089245,12.291804140375374],[92.76421446338077,12.289111503836493],[92.76802562965011,12.285560993198512],[92.76797991185106,12.28341361826493],[92.7671428417209,12.280648408772896],[92.76769734817952,12.27506795242274],[92.76648231733787,12.269424779209874]]],[[[92.7134970473534,12.296503609613373],[92.71468467893716,12.295602241453755],[92.71863296838231,12.296618324886921],[92.72043656619232,12.295234464981947],[92.72351819366457,12.295969199511068],[92.7233645758771,12.292727244104112],[92.7238539113227,12.291130696556024],[92.72231501214087,12.289815917050857],[92.72240934810785,12.287105007908034],[92.72167868115,12.284371195570538],[92.71980796701276,12.28345604645734],[92.72022717657434,12.281357949456938],[92.72129707448005,12.279989895421918],[92.71914252860722,12.275576530917993],[92.71931646204337,12.273735202772853],[92.7184056239613,12.273210313745558],[92.71810818683531,12.268838221636553],[92.717023774685,12.267563070221497],[92.71682190807859,12.264764131390395],[92.71895691615732,12.26436015285589],[92.71828077081867,12.261560295583632],[92.71584837897863,12.262845899518743],[92.71525896011856,12.259663691743123],[92.71606348865225,12.25866998655096],[92.71840272336259,12.25986974293148],[92.7180738789654,12.25665552835607],[92.71585933166858,12.257404634331156],[92.71527093826572,12.254820439881792],[92.71423628804816,12.253448298155874],[92.71371024099052,12.24974502502641],[92.71272109771145,12.248178952484905],[92.71248414034964,12.242832137975332],[92.7120619689951,12.241157067782442],[92.71258364595157,12.235225348332808],[92.71174474362275,12.233604212484769],[92.71128912962271,12.230500259775857],[92.70995526373224,12.230772626652959],[92.70858228531185,12.23629492778872],[92.70797832311797,12.240311920206452],[92.70524858584234,12.24332015565103],[92.70412035568674,12.245565492096294],[92.70373999178169,12.253957190021609],[92.70277439446043,12.25998175737946],[92.70095038048818,12.264040414405587],[92.70057967061597,12.267700204338592],[92.70364712175967,12.271512491590485],[92.7009769157283,12.273147156178343],[92.69992760921858,12.27568956690953],[92.70246582836863,12.27752491688148],[92.70327783934442,12.279981772727918],[92.70331807345434,12.282481725461475],[92.7024046545426,12.285158336534248],[92.70203253584991,12.289487729697504],[92.70397458473093,12.294312792946613],[92.70410100850273,12.299044944159547],[92.70573410262648,12.299628525490391],[92.7086440810744,12.297402271251894],[92.7134970473534,12.296503609613373]]],[[[92.76898379198538,12.288369989699655],[92.76669276294068,12.288912548513824],[92.76640209224527,12.28980845004537],[92.7678016997635,12.291385494362371],[92.77019405919546,12.29530292819098],[92.77159574408158,12.294780652820473],[92.77190942846133,12.293447512117083],[92.76898379198538,12.288369989699655]]],[[[92.76349916572737,12.296646657922569],[92.76409205088706,12.298981302158742],[92.7656282242529,12.299602042786171],[92.76608982757278,12.297886350641988],[92.76498896374359,12.296583712340453],[92.76349916572737,12.296646657922569]]],[[[93.02655347846299,12.273839610107492],[93.02225882328091,12.274462708731308],[93.02220233759013,12.275715929082118],[93.02452814984639,12.27808883204881],[93.0284321554402,12.280052986709604],[93.02962359093425,12.279890475891118],[93.02984672165375,12.27809248974496],[93.0288946515373,12.277829179394013],[93.027910174851,12.274794286074792],[93.02655347846299,12.273839610107492]]],[[[92.88065914818321,12.297892729399877],[92.88074477726322,12.296094702880723],[92.87770053555847,12.293665810953637],[92.8766174383713,12.295489721118003],[92.87883790825052,12.297988388685615],[92.88065914818321,12.297892729399877]]],[[[92.82992900108964,12.300688107903463],[92.83345605355865,12.300956945906718],[92.83484156147101,12.300124816181015],[92.83693578828371,12.30293804929448],[92.83880945986004,12.304038551728896],[92.84398040320788,12.304550148354313],[92.84716647881247,12.304245390948811],[92.8485260033829,12.30288110778485],[92.84886920199325,12.301123633787405],[92.85004745982157,12.302462211715794],[92.85531664734478,12.305149598713438],[92.85840740633081,12.30511698229075],[92.85908731739762,12.303932457567004],[92.86257874125027,12.30381393700186],[92.86310438797531,12.305049574942926],[92.8659159096812,12.306140245325716],[92.86712271114395,12.305326909021643],[92.86629653780459,12.303473410280446],[92.86479114774882,12.302359888770143],[92.8659271281518,12.301293704885556],[92.86839745983966,12.301883142904407],[92.86926338252441,12.301353537682493],[92.87408505921907,12.301866514116425],[92.8732835235972,12.300321792986923],[92.87077367522558,12.29905872958079],[92.87190483222076,12.298418149974543],[92.8729375956428,12.296320252263122],[92.8710324811344,12.293724339596093],[92.86919997936776,12.293054950498409],[92.86899678928962,12.290326964271642],[92.87249149455363,12.292120991452512],[92.87342253543812,12.290887375979379],[92.8731740507663,12.28900999199407],[92.87395438551759,12.287776168481061],[92.87556218758571,12.287481997008232],[92.8782485931518,12.288152502730759],[92.8815363403862,12.28986110443192],[92.88598407488313,12.288212293457372],[92.88714293902575,12.28562054508344],[92.88554009149014,12.284456044116656],[92.88483792661408,12.281567013176922],[92.8825766694187,12.282230834102606],[92.88220279265899,12.280180400042205],[92.88029442348093,12.279930852251017],[92.8796429274332,12.278867959015704],[92.88009767809427,12.276942131572591],[92.88251276654594,12.273981623025586],[92.88247263797709,12.266695661043302],[92.88280348845187,12.263534760506342],[92.88375857047338,12.26296798419415],[92.88551061196037,12.267243071296965],[92.88754412644909,12.267739727284946],[92.88927846996124,12.266630604936951],[92.88905446606076,12.265148429643292],[92.88671415284651,12.264745267558041],[92.88644634287287,12.262477598615867],[92.88810683309791,12.260256973384484],[92.88818372056713,12.259120964614059],[92.88615125214727,12.257908074659268],[92.88348996820977,12.257435270234811],[92.88324099369055,12.255878962912833],[92.88073188735271,12.254344320845696],[92.87840046103932,12.251476204679827],[92.87601597508346,12.250657932200903],[92.87237398449567,12.251196302655835],[92.86787899293853,12.251165384957908],[92.86543529757311,12.252192070963575],[92.86128869961979,12.249825154133832],[92.85941959093064,12.247478518253006],[92.85916941744212,12.243962183932776],[92.86181653633372,12.241154197617114],[92.86215794501531,12.237436745843242],[92.86707663585025,12.232887746067851],[92.86820719478858,12.23246945205157],[92.86785792415976,12.230888290722238],[92.86873917924986,12.229210049501997],[92.87271139709593,12.225782499215173],[92.87268069950292,12.222012990773086],[92.87398068605027,12.216003807066045],[92.87384338886439,12.206544256270286],[92.87430580047736,12.204927033216313],[92.87761537235089,12.202375403893294],[92.88057888960586,12.2017619377814],[92.88209040126982,12.198083941663263],[92.88011219471218,12.194302483011546],[92.87521815384846,12.193060968714503],[92.8716242947318,12.195624662887461],[92.8707684218489,12.197204165804445],[92.86479236510365,12.19764044541289],[92.86265867965331,12.197365775838232],[92.8629546568648,12.201021504548175],[92.86179890210767,12.201587935040475],[92.85607337284355,12.20232075278903],[92.85491595151404,12.20399856223],[92.85330885851204,12.204144440976194],[92.85145297849895,12.202758673572573],[92.84694083983823,12.198010089926889],[92.84560980485462,12.198255120045918],[92.84606040011002,12.19680639859654],[92.84777174752155,12.196430629606413],[92.8484528240678,12.194307591813692],[92.84641016525822,12.19061207892218],[92.84838501140507,12.189318486792551],[92.8521239637173,12.190558809960422],[92.85367856235611,12.191894741879207],[92.85533962888005,12.189155639981626],[92.85554554859597,12.185722902988228],[92.8546436098356,12.184462010563252],[92.85208339626625,12.184087859225183],[92.85314010268087,12.182558100964657],[92.85309301112629,12.180458695857427],[92.85068664366271,12.177960720991871],[92.85252286721132,12.175567657401299],[92.8551150005659,12.171273907676502],[92.85320809985515,12.17057962850998],[92.85082762115522,12.167612428580572],[92.8482754750206,12.161977564485124],[92.84940609067303,12.161337056074139],[92.8510421902417,12.158400345893833],[92.85079255911445,12.15746145736758],[92.84795669930098,12.156938687206937],[92.84662549925397,12.157430711234952],[92.84731726115204,12.159967179521722],[92.84543949871471,12.161504164593326],[92.84260357136152,12.161006038138703],[92.83938879501547,12.162013901378003],[92.84047948866694,12.162867604208675],[92.83616642893297,12.167911930901901],[92.83413289512916,12.167982971854444],[92.83061981691304,12.167039138029631],[92.82881786341774,12.163529276307468],[92.82635470881891,12.165427260196184],[92.82489488844364,12.167820725087251],[92.82261938554593,12.16572162759433],[92.82131433429547,12.162011160812341],[92.81918182411879,12.161217509390562],[92.81893624165637,12.15783349676193],[92.81976682137514,12.156476400097853],[92.82341066573807,12.154012241158185],[92.82569404268824,12.154620856601479],[92.824819195252,12.152260849199326],[92.82145238157091,12.150486609210637],[92.8199283311062,12.148045442641209],[92.81763959375448,12.142767898644351],[92.8171825883771,12.1400975747221],[92.81457650957984,12.137352006494146],[92.81528418226648,12.13436465430197],[92.81144945681383,12.130033646322302],[92.80657011674442,12.133732711301363],[92.80384043885425,12.133037465014453],[92.80259006561326,12.13024457257752],[92.80330053992067,12.126261270617809],[92.80450584785042,12.125332752506665],[92.80754402866361,12.12467076999333],[92.80998344588004,12.121784980814798],[92.81182389186912,12.1167741871136],[92.81135964429009,12.112235154330083],[92.8128362549396,12.111613889009073],[92.812716709541,12.10795838167849],[92.81086024635836,12.10746149041914],[92.8101605684003,12.105583328996973],[92.80880377605871,12.106495004812265],[92.80616868019285,12.106367312626292],[92.80272831361631,12.107522602245211],[92.80104434306348,12.108952370696851],[92.79903631370456,12.109047907533402],[92.79605282822043,12.107141295121338],[92.79429652577673,12.106804993370512],[92.79352156766457,12.10498841406473],[92.78827941614759,12.10305330136802],[92.78740278119412,12.102014525751247],[92.7895635434192,12.100635027474942],[92.79097452306421,12.097401918762067],[92.79376039519946,12.097357112794185],[92.7952938702052,12.09585304675719],[92.79446922122477,12.093752359777023],[92.79432323945132,12.091035335490533],[92.7915668917858,12.088518586100957],[92.79119500306479,12.08584359782923],[92.79303062316659,12.083722585943741],[92.79228864536579,12.080278909881994],[92.7906017049937,12.082450384516108],[92.7883650271167,12.082405883122709],[92.78698845230012,12.080254864317908],[92.78442938711135,12.079855425669537],[92.7818175650153,12.080937755302658],[92.7794676760954,12.075722503781376],[92.77764653393442,12.074571950602108],[92.77366188943355,12.073600946739816],[92.77322888606513,12.070117782496336],[92.77182510133137,12.069263294204662],[92.77109534274481,12.07039814721634],[92.76858068638995,12.06940690130485],[92.76608449392761,12.065892599948016],[92.76598774739243,12.063869040455815],[92.76440682729883,12.063866287654825],[92.76242163639398,12.065394096683844],[92.76048136752468,12.069811632290326],[92.75864676900447,12.07129027946321],[92.75831691370371,12.07327788468618],[92.75640404003111,12.075500109150575],[92.75492682292645,12.074519122921163],[92.75226603198008,12.074909542214076],[92.75105987473736,12.075771812303124],[92.74990742828861,12.074732428493414],[92.74792483769545,12.074778256106653],[92.74360558970777,12.076326397378306],[92.74189619319276,12.077879248610644],[92.73974275986848,12.082044710546091],[92.7394502132306,12.084073944382181],[92.73946318288553,12.099248144569925],[92.74196615037695,12.106914765019635],[92.74519914741578,12.112897047160537],[92.74586820908829,12.115963073802389],[92.74705671963065,12.118851263058191],[92.74727984063941,12.124444945351588],[92.74977141604812,12.128422329630732],[92.75066399276601,12.13305807050033],[92.75327403934662,12.139294541276564],[92.75456910207936,12.140803727310312],[92.754326276257,12.145783606595668],[92.75515305047635,12.147879371331141],[92.7577657122141,12.150464050900842],[92.75833155750018,12.155674758974312],[92.75907253943711,12.157277096952027],[92.76000318110174,12.162595637276482],[92.76103718448266,12.166636243448144],[92.76262593430478,12.170804168542636],[92.76517437749966,12.175659173062622],[92.76555771961611,12.179005592487073],[92.76518801115965,12.182452849923754],[92.7670534749941,12.184524863291177],[92.76820925440832,12.1888960142317],[92.76675393837483,12.192237429184502],[92.76713971978072,12.19425576699534],[92.76939962251994,12.198408548539396],[92.7693869795319,12.201420134652299],[92.76823889317264,12.203784116051835],[92.76628840503544,12.20556849876519],[92.76399991084577,12.21065401558653],[92.76755355054573,12.223806268237832],[92.76843401147397,12.225110349920007],[92.7678860552765,12.226590707412601],[92.76863452679255,12.229094934984026],[92.77024246753757,12.230170425240068],[92.77045876206952,12.232123800169916],[92.76909489139764,12.23297781583053],[92.76877964725882,12.234994919545255],[92.76965862610605,12.237141813761353],[92.76937022438075,12.238673707389667],[92.7680721683309,12.238518193882179],[92.76584243232492,12.236649858569558],[92.76456777247354,12.236384914469356],[92.7626827148834,12.232174785545805],[92.75946227087898,12.232526617495797],[92.76070243720325,12.23590009846063],[92.75922273165105,12.235693139773826],[92.75751231169409,12.233876746858485],[92.7540848277587,12.233845045576803],[92.752451636062,12.232411858860413],[92.75065887999023,12.232996027184752],[92.749928660853,12.23468033112965],[92.74811068962221,12.23485579887235],[92.74769527509042,12.237161682404498],[92.74885299786668,12.24263157954657],[92.74733820538634,12.24514695244328],[92.74437629061347,12.246009872788445],[92.74308016805041,12.244832649819136],[92.74211767386652,12.245724765382615],[92.74343732845954,12.248179029071041],[92.74336017411899,12.250898883899614],[92.74539950353993,12.254158964599595],[92.74845475102356,12.261525988831032],[92.74876352793183,12.263482912720027],[92.74802193314683,12.265025297255377],[92.74820299400591,12.266932602276793],[92.74958528536007,12.268388060187142],[92.74999094929711,12.273610274684255],[92.75082666179811,12.27475559782677],[92.75234334757447,12.27479506483022],[92.75512010883314,12.271258568195067],[92.75655201004068,12.270897917942458],[92.75706501254544,12.268129186478163],[92.75969667368466,12.268088499409949],[92.76103881113359,12.266320132883052],[92.76478221845518,12.264238188149458],[92.76561198792533,12.26492071742932],[92.76629878692792,12.268054823331203],[92.76846645972662,12.269284553673005],[92.76961048019918,12.271544052052668],[92.7711854688982,12.272013571605852],[92.77302617414796,12.275376695475055],[92.773207338904,12.277329394003717],[92.77469209574501,12.280177546811498],[92.77597232385968,12.28024006499304],[92.77648401070063,12.278106948824998],[92.77920311218526,12.280881297226175],[92.77979857233228,12.283561172274313],[92.78182736045041,12.285108392496495],[92.78191753574411,12.286334463697393],[92.77951315609415,12.288282725073055],[92.77937068555025,12.290507287372076],[92.77771983706275,12.292185258335703],[92.77535054198191,12.292271110926709],[92.7743774140077,12.294221802381719],[92.77488319289327,12.295403189449642],[92.77756146392056,12.295271613417913],[92.7775591128464,12.296588333602386],[92.77552122460729,12.300080928578323],[92.7754964790835,12.301586180760635],[92.7726019980948,12.301581143758488],[92.77150731692039,12.298303173673528],[92.77035487628348,12.297256860176374],[92.76758506610187,12.296934160462673],[92.76730603933044,12.298023366818839],[92.76831325098092,12.302747174253259],[92.76941870619993,12.304247455688696],[92.76948442430175,12.30970570957899],[92.77138956946028,12.313070539184226],[92.77215508806371,12.313326599982016],[92.7766132248159,12.31028621393285],[92.77985460342882,12.309986993379715],[92.78223355697058,12.311321176674584],[92.78460073927869,12.311352930037463],[92.79038338358572,12.308217578110442],[92.79213682240515,12.304632011585976],[92.7961536658645,12.304073607558129],[92.79924422305506,12.306083726662326],[92.80147273592758,12.308502278446918],[92.8029531019491,12.311842399274935],[92.80704761751183,12.312506909020037],[92.80994832970737,12.313565365707019],[92.81566802603484,12.311115722091483],[92.82308768695965,12.306648884752624],[92.8261737043638,12.303536280943371],[92.82992900108964,12.300688107903463]]],[[[92.93510351113724,12.296436799117838],[92.93357000956635,12.295265093706522],[92.93269830494052,12.292074861378104],[92.93422541486596,12.287171548607366],[92.9365276580491,12.283993056326294],[92.93903652826465,12.28215523358295],[92.94074514267541,12.281649329213645],[92.94193831032635,12.28004323076679],[92.94230353017112,12.275684475763121],[92.9387638505324,12.270204276123524],[92.9359681307993,12.268239463149294],[92.93419996014075,12.264177958011999],[92.93320702256217,12.263754347487238],[92.93182141092018,12.260933079627653],[92.9306328259872,12.260313180773004],[92.92850135133034,12.255912785415044],[92.92669264357524,12.251333102337991],[92.92707137747936,12.248776349683194],[92.92848515772071,12.247933420974961],[92.92915439177511,12.244283397371738],[92.92851895739201,12.242893167969676],[92.9290194423541,12.241340798403941],[92.92869099004223,12.238071035664301],[92.9267551354511,12.235480505713525],[92.925353777593,12.232495805532363],[92.92318776016944,12.230681198775974],[92.92041435954035,12.233484103346322],[92.91904930073272,12.237511144884962],[92.91895407391083,12.245631314418866],[92.91988659699206,12.24864614820277],[92.92039241213355,12.252581321833437],[92.92200522659628,12.255595730169963],[92.92301345574481,12.259778440682801],[92.92234742398304,12.260731213262527],[92.92040081078378,12.266722728285648],[92.91921121392599,12.265413548113566],[92.91915784619476,12.26377879802996],[92.91620020804507,12.2637363672602],[92.91714906242704,12.267726856730725],[92.91444573851766,12.265870919308512],[92.91292561117345,12.263090092912602],[92.91152994556472,12.264200994836296],[92.91341883017431,12.267368122728653],[92.91449828377502,12.268132297953755],[92.9137483299653,12.269684329543496],[92.91426996539806,12.273417496650596],[92.91202593378864,12.273441983022455],[92.9075101609576,12.27541948258583],[92.9046044412367,12.271062440985286],[92.90283167355588,12.27086948810813],[92.90061400338222,12.271929214831125],[92.90141342721527,12.274954391942668],[92.90346151315876,12.276482692451085],[92.90379057937172,12.2790713539858],[92.90179953963961,12.280937401876965],[92.90275154260281,12.283244696101118],[92.90175695743261,12.287596359841837],[92.9024185174354,12.290158199952128],[92.90463281635928,12.291795681385825],[92.90920399083029,12.291992125919538],[92.91080899474512,12.293492576251081],[92.91396790221339,12.293142292569124],[92.91493998346517,12.291263600171453],[92.91615937076978,12.290992644785193],[92.9173529679824,12.289195947469214],[92.91909819953132,12.28936153004088],[92.91876829223115,12.287317778043203],[92.91932752157054,12.282476435123863],[92.92035362389232,12.282388398566923],[92.92221209775695,12.28461774748272],[92.92334283397777,12.284735026551168],[92.92584150896458,12.280460572656114],[92.92791884561294,12.280871694079961],[92.92824947927835,12.28237054223018],[92.93005845303747,12.283567004174369],[92.93056376488586,12.288088153356837],[92.92879269834413,12.2913346979329],[92.9304722079414,12.298777513319536],[92.92955208427635,12.304848967790551],[92.93079603704368,12.307220712795493],[92.93432067455659,12.31053681269615],[92.9347059787684,12.304528023336902],[92.93609527364215,12.301205766519239],[92.93631951233331,12.299026443165191],[92.93510351113724,12.296436799117838]]],[[[93.07335601615758,12.317030973845773],[93.07283720665401,12.31594765220211],[93.06302635706021,12.31647273025378],[93.0658744000714,12.31745514301988],[93.06729539781252,12.318713483201194],[93.06986389839412,12.318254717702539],[93.07170481350295,12.318806206827208],[93.07335601615758,12.317030973845773]]],[[[92.91239802441179,12.331696793497484],[92.91108174294422,12.333279301545536],[92.9121128198094,12.335410789832741],[92.91300606386707,12.333530390274355],[92.91239802441179,12.331696793497484]]],[[[92.9055005178959,12.338240206188303],[92.90446912412989,12.341012118286791],[92.90588215541982,12.341021548467705],[92.90654628951579,12.338850197667858],[92.9055005178959,12.338240206188303]]],[[[92.91067304058474,12.337890949189264],[92.90861627346655,12.341722163270155],[92.91023598784061,12.344721209341861],[92.90958605732104,12.34754276752612],[92.90991288241659,12.350513311267157],[92.91076762278922,12.35205116281072],[92.91426505986834,12.355675810319417],[92.91623442840587,12.355382694390505],[92.91864973257783,12.35270102342568],[92.91814305328022,12.34935186494073],[92.91661217837462,12.34792686415626],[92.91567873509108,12.345414313329806],[92.91399182698554,12.342798769927276],[92.91286154271599,12.342238059909295],[92.91166773387224,12.340087179250924],[92.91162263086228,12.33821904335099],[92.91067304058474,12.337890949189264]]],[[[93.86931903197603,12.293221456382941],[93.87427846724978,12.28832192685592],[93.87486373469632,12.286414998115761],[93.87477303145414,12.283681091704826],[93.8767881829434,12.280776670035133],[93.87754584095094,12.28052638052073],[93.8756831540403,12.276636600697772],[93.87626466938603,12.273155491509677],[93.87347515741432,12.269184954912573],[93.87229338070232,12.268193414647053],[93.86757465389067,12.267789823499363],[93.86344469960582,12.266970574914803],[93.86049305634046,12.265651526894382],[93.85585900716012,12.26541324779008],[93.85232466449014,12.267160932750695],[93.85030876954137,12.269816627673519],[93.84837240664945,12.270400828752393],[93.84635477027895,12.27231083060307],[93.8461057551486,12.273968419736873],[93.84728746643682,12.27496007389012],[93.84661571865482,12.27595576707645],[93.84915179326111,12.279761437856152],[93.84906960544122,12.280672994440534],[93.84705171306142,12.282500150410849],[93.84908516172852,12.287549697436116],[93.8490877864713,12.288709621794935],[93.85086028797534,12.290114226885185],[93.85465337587273,12.290851542381276],[93.85583633358219,12.29234026504197],[93.8587036251146,12.293493830801877],[93.85954501937987,12.292994844463854],[93.86182351117841,12.294563949286069],[93.8669647567795,12.29529807304383],[93.86713094685538,12.294303474364755],[93.86931903197603,12.293221456382941]]],[[[92.89594955748781,12.392304934046349],[92.89565473588375,12.395288045848377],[92.89738232217853,12.394557820418258],[92.89735758060438,12.392681937979518],[92.89594955748781,12.392304934046349]]],[[[92.889221419159,12.401446907147703],[92.89028333374226,12.400199064068511],[92.89407028598093,12.399865287444817],[92.89325642909749,12.396412917471588],[92.89078460177713,12.39251371332003],[92.88949387647963,12.391283934084978],[92.88708191237559,12.390899596650648],[92.88325207123907,12.387824280178151],[92.88403054377311,12.385644446355771],[92.8843633624354,12.382524057157811],[92.8854579789446,12.38145398751215],[92.88552638629747,12.378722681712487],[92.884927386331,12.3753020118087],[92.88357915344535,12.374177937091526],[92.88152531820398,12.37501190455182],[92.88183985482895,12.381110333576355],[92.88056615060177,12.383162446880227],[92.87858308692392,12.384176077358502],[92.8772928510144,12.382670985377402],[92.87312550191618,12.384579644307893],[92.86952325097234,12.380662260304335],[92.86816690528657,12.378021300984155],[92.86687475225462,12.377892440470978],[92.86499881624502,12.379287249210751],[92.86239165367562,12.379918751430072],[92.86107620128418,12.380975551900056],[92.85949940176684,12.383958764062118],[92.86078903737445,12.385802714946811],[92.86038220022238,12.388922888758744],[92.85500821062975,12.38896786470305],[92.85309262439023,12.390280373960492],[92.85086252485225,12.393074852580739],[92.8476616716767,12.394729819541217],[92.8445768341314,12.39513770578448],[92.84329604184416,12.40153019008066],[92.84593845028814,12.40614996012299],[92.85020083403542,12.407977195949117],[92.85465871765469,12.408767148447678],[92.85722415038504,12.40743694470055],[92.86392709893809,12.405011608096034],[92.86580319746889,12.403637990860132],[92.8701255610054,12.403870045521408],[92.8728869797551,12.405892324806375],[92.87383531151049,12.405533690280606],[92.87424784206186,12.40326869029481],[92.87636441612885,12.400346342584704],[92.87948896028692,12.398575360246515],[92.8824187004464,12.3984311283878],[92.88433269125888,12.400678115659751],[92.88370413113907,12.403451007586076],[92.88709871653968,12.407838621442774],[92.88925631419923,12.407396734358699],[92.88893748062719,12.404283791819902],[92.889221419159,12.401446907147703]]],[[[92.89864031918323,12.4073783650752],[92.89764861519141,12.407969940096981],[92.89702100284958,12.41012883251369],[92.89807409962042,12.411951130215412],[92.89889300090859,12.41171928412722],[92.89939254177423,12.408670927600546],[92.89864031918323,12.4073783650752]]],[[[92.88926227476634,12.41282884328325],[92.88839899275109,12.413992241078397],[92.88984242064221,12.413909468138732],[92.88926227476634,12.41282884328325]]],[[[92.86225990712833,12.41292604162802],[92.85993156310852,12.414150766797643],[92.85882925862661,12.416605307151755],[92.85999032468754,12.418089126114712],[92.864775938139,12.420841654680661],[92.86739674089416,12.42091575863215],[92.86894915566498,12.419986312255173],[92.86910451594703,12.417138725956155],[92.86983986369847,12.414842393332712],[92.86628887886003,12.412487128481391],[92.86225990712833,12.41292604162802]]],[[[92.84322931080229,12.419712831409644],[92.84420092105844,12.419714289273958],[92.84658319262914,12.417445662603406],[92.8468544652465,12.415338535399405],[92.84521402620821,12.414545765688045],[92.84323544874087,12.4157612222149],[92.83891388450249,12.415524193334535],[92.83626645191504,12.415948257909106],[92.82944711926811,12.421618209453511],[92.82924891887419,12.425487185985071],[92.83119022955755,12.426708608766516],[92.83377024575533,12.42661379482268],[92.83822937095995,12.424710662611501],[92.84185236839929,12.421818291810391],[92.84322931080229,12.419712831409644]]],[[[92.90317840148626,12.420234169940207],[92.89897949901615,12.421524386442952],[92.89976550527675,12.42608461018596],[92.90174637950132,12.42640654035246],[92.90382612004495,12.424658952500996],[92.90461372590866,12.421920818048086],[92.90317840148626,12.420234169940207]]],[[[92.95388655849726,12.413481077801043],[92.95217288768039,12.408395518684308],[92.94736763608302,12.407232006472551],[92.94575032434506,12.406476775367661],[92.94321901243828,12.402024018600418],[92.9430350541966,12.397855657746554],[92.94345525160453,12.396490888789893],[92.94246485059885,12.392005643168702],[92.94246951440378,12.388024989785194],[92.94296487875765,12.38504298549595],[92.94207936661137,12.381931215973808],[92.9392864295022,12.379895360958251],[92.93744170233899,12.377485321147805],[92.93617532216817,12.373778457716737],[92.93472661178758,12.366449142182079],[92.93375253639752,12.364550701471702],[92.93314423019785,12.360954241014497],[92.93092642011466,12.358504905774556],[92.93006680119012,12.361184743057727],[92.92919709114604,12.361922147461962],[92.9219590296343,12.36474285507986],[92.91901005470503,12.365266275060492],[92.91732058779309,12.36899078784974],[92.91827384959723,12.369684864377382],[92.91857524745669,12.376069043493784],[92.92132713953389,12.378864333023778],[92.92274268360838,12.381155782099865],[92.92440294199562,12.38257699399363],[92.92501242682697,12.38427339108305],[92.9278036542468,12.387201981296986],[92.92780247774496,12.38860555938855],[92.92497229549627,12.390457707404952],[92.92450449512818,12.392441125300962],[92.92621503380018,12.402719464703056],[92.92605929462307,12.404789593834161],[92.92758840575044,12.406997927123626],[92.92796792580937,12.409798264487764],[92.93106154613373,12.416690419261338],[92.93450454778655,12.419818740505592],[92.93756635614464,12.421516180562534],[92.93924293346011,12.42163464162352],[92.94360439525025,12.420789349640087],[92.94699622550439,12.417296101237362],[92.94787619897349,12.414902857742131],[92.94834420498616,12.416812439645177],[92.94809730305576,12.422431528519175],[92.94993091730214,12.42653655456311],[92.9494243453233,12.429542218037744],[92.95296268904836,12.430175667099732],[92.95333234895715,12.432864176209934],[92.95539748734578,12.435576661896611],[92.95620335694673,12.434184778084642],[92.9559421124245,12.428086473945969],[92.95736284285,12.424813145676163],[92.96075529176575,12.42208773571689],[92.95985680400467,12.420712835472154],[92.96062388955737,12.419697317902852],[92.95905655967377,12.417098330088999],[92.95591772500951,12.41570218493666],[92.95388655849726,12.413481077801043]]],[[[92.67918832540414,12.541099568067498],[92.68214128453921,12.541357973651351],[92.6845962099315,12.539274104968158],[92.6826945881718,12.537349469248337],[92.68352398886091,12.536328081727957],[92.68151054006852,12.532877509648335],[92.6792071453206,12.526253323257693],[92.67935436295829,12.52295343276928],[92.67705932003074,12.522811043133519],[92.6705946252829,12.528487724299332],[92.66868559898386,12.532439522794826],[92.66863388031696,12.53532856289309],[92.67192295560221,12.541469555851714],[92.67360097097954,12.542302336978768],[92.67918832540414,12.541099568067498]]],[[[92.70125845369454,12.638381435558617],[92.70087016197192,12.639834324935771],[92.70217551522505,12.64128399843063],[92.70307202705473,12.640984864107557],[92.703295373138,12.638971744719363],[92.70125845369454,12.638381435558617]]],[[[92.72615863009976,12.736789147133484],[92.72804013706624,12.73411416491616],[92.72966988426522,12.729429649202206],[92.72796958881726,12.726915021340192],[92.72618037812093,12.727937073554044],[92.72591621905929,12.73025934240048],[92.72292029710671,12.735778209422545],[92.72351410212924,12.73728615724826],[92.72615863009976,12.736789147133484]]],[[[92.72661173060115,12.751811497137059],[92.72562165443672,12.752490572156887],[92.72659018789591,12.75385456252649],[92.72661173060115,12.751811497137059]]],[[[92.71699240731009,12.773454700026786],[92.71691412419806,12.774510793488611],[92.71780592777785,12.77432700226651],[92.71699240731009,12.773454700026786]]],[[[92.7172912449628,12.775015298697046],[92.71561295095648,12.776682223035849],[92.71742258776733,12.776791930982561],[92.7172912449628,12.775015298697046]]],[[[92.71578900350052,12.782886606186695],[92.71642957612109,12.783841520596527],[92.71676109927003,12.783074162364313],[92.71578900350052,12.782886606186695]]],[[[92.7220857838347,12.777034828602094],[92.72250888954817,12.773766710218057],[92.72460152861206,12.766117386135],[92.72517021764021,12.762508474609703],[92.72421333974697,12.761861636858386],[92.72244418864202,12.763457011707416],[92.71863220219943,12.769468423454414],[92.71734244044951,12.772394271159522],[92.71944813524132,12.777472209994409],[92.71899548028878,12.778254488743261],[92.7155610703317,12.778111350362437],[92.71455337116478,12.778858445077478],[92.71503507370792,12.780766314492293],[92.71711244346406,12.782813615696412],[92.71682646220475,12.787827228192455],[92.71796925532017,12.78785498953538],[92.72051023785966,12.783910109858759],[92.7220857838347,12.777034828602094]]],[[[92.71528267284262,12.794594868215002],[92.71578791388798,12.797693117645574],[92.71647396247582,12.79593662367385],[92.71528267284262,12.794594868215002]]],[[[92.7170641640403,12.79920246012924],[92.71552727261331,12.799952726417107],[92.71684670699825,12.801211031607782],[92.7170641640403,12.79920246012924]]],[[[92.71628929396304,12.802632951510045],[92.71645566059215,12.804642297287616],[92.71756504313302,12.804393417777172],[92.71628929396304,12.802632951510045]]],[[[92.70959007149419,12.830179431561518],[92.71048414678232,12.828981443360227],[92.71399114232801,12.829842517522263],[92.71541046085042,12.828261450325352],[92.71430858535803,12.824910863721763],[92.71287156139779,12.818713498458875],[92.71273430290059,12.802975991324228],[92.7130933712347,12.794522140509951],[92.7136095500714,12.792430472539005],[92.71383835766561,12.785308228020082],[92.71305102833499,12.783826931267557],[92.71216287357342,12.777253156986433],[92.71383750495387,12.772829848481098],[92.71821923461012,12.767867164096186],[92.72143861616179,12.762603046526134],[92.7248260194521,12.755035114698263],[92.72480976153851,12.75156956205597],[92.72543538869864,12.749009262997617],[92.72521832089211,12.746568406683805],[92.724336388708,12.745609562065363],[92.723317101478,12.742392028576571],[92.7218637721765,12.74414702397209],[92.72091322265037,12.7501721832334],[92.71967461813735,12.753091642258786],[92.71881347458212,12.751670278853029],[92.71871626819461,12.745802645104998],[92.71830766336782,12.74212423420921],[92.71797817481024,12.733780888211475],[92.71909630100932,12.731535714052821],[92.71795023099264,12.730545912211651],[92.71941648089496,12.72987481810654],[92.71960637830024,12.722461500304657],[92.71835533076074,12.719241526386476],[92.71641185539201,12.719748398277082],[92.71539652210892,12.720968513010511],[92.71290779042393,12.720115891593307],[92.71196916747782,12.720543589595234],[92.710438038,12.723447949265086],[92.71063860436233,12.727023792350105],[92.71122472386934,12.72871054684357],[92.70904505893921,12.728415222280647],[92.70924009146843,12.73223085792757],[92.71297560142376,12.737346224234646],[92.71282831414877,12.74139808181907],[92.71163932999588,12.745924546293447],[92.71138448561905,12.751610662798829],[92.71190124278276,12.753314298921081],[92.71116489236778,12.757024434764569],[92.71073798975277,12.762959104874641],[92.70892238002173,12.767507766108723],[92.70888283493751,12.76978914477093],[92.70985104939604,12.771289399782653],[92.70955556832492,12.773587715932972],[92.70838176546432,12.777007064345826],[92.70542353967049,12.781325530535371],[92.69963539460609,12.786039816363893],[92.69783302184464,12.791225984174172],[92.69523099430745,12.793733105606961],[92.6946723597324,12.795332350437604],[92.69480190932262,12.799555008682425],[92.69632418019117,12.801567249769052],[92.69819715065593,12.801877641726142],[92.69892926283775,12.800278753344477],[92.70031654517128,12.800554063384395],[92.6995473060779,12.803276579911854],[92.69825839923858,12.805623437354933],[92.7004433111862,12.806104724794444],[92.70127332818954,12.807366361634898],[92.70012630805634,12.808283360221326],[92.70039931610826,12.81039512333736],[92.70154262570178,12.81124007495802],[92.70108612927103,12.813699550866653],[92.7029904405432,12.815610398596528],[92.7045865913969,12.815613709125495],[92.70630354835632,12.818616300880846],[92.70640832270242,12.823687686298127],[92.70740185691645,12.829648748150053],[92.70959007149419,12.830179431561518]]],[[[92.72596019579635,12.832377766110548],[92.72487685279314,12.832629712566415],[92.72481207501413,12.834200196839802],[92.72636580873892,12.837981411442383],[92.728058943448,12.837774236557719],[92.7278132968187,12.835504538601658],[92.72596019579635,12.832377766110548]]],[[[92.73061748869358,12.854820595806055],[92.7293114278352,12.855151369266006],[92.73002338026332,12.85676695858811],[92.73173592136763,12.856603665508937],[92.73061748869358,12.854820595806055]]],[[[92.76519080812852,12.852944123942189],[92.7637908541806,12.853565374391112],[92.76502961479807,12.854113527516251],[92.76519080812852,12.852944123942189]]],[[[92.73002884563144,12.863378388212462],[92.72984063671191,12.860996029028897],[92.72773625156603,12.858664501651404],[92.72502568189381,12.85382152306349],[92.72560502658666,12.851449499181602],[92.72240866481089,12.84605393219132],[92.71928391560286,12.836799761496264],[92.71713941981126,12.833405148009092],[92.71521719114348,12.832548601673237],[92.71080826599243,12.83361555146381],[92.70757585733406,12.835943515736313],[92.70740089384775,12.837462550129029],[92.71123024250082,12.844555399575011],[92.71212992904066,12.844479297444721],[92.71317746452816,12.848942472067671],[92.71470402912607,12.853214718276783],[92.71640586908615,12.855310893562969],[92.71729951142024,12.859567875272289],[92.71933278854014,12.859513310809303],[92.72015858624647,12.860386776033616],[92.71893922114934,12.863004286753162],[92.72021063819142,12.865248384612167],[92.72221595898363,12.865988380715324],[92.72282606547586,12.864473799264337],[92.72434363597034,12.864368573909688],[92.72618838675943,12.866131685156018],[92.72823204657169,12.865107174682143],[92.73002884563144,12.863378388212462]]],[[[92.77650077813095,12.865065324699026],[92.77627119126369,12.866702490649656],[92.77815486856234,12.866694189915318],[92.778539208107,12.865174269163314],[92.77650077813095,12.865065324699026]]],[[[92.76630295434828,12.86980543955078],[92.76518899758996,12.868959291920602],[92.76520197628224,12.863689782323107],[92.76677931234467,12.861774385628717],[92.76701183948764,12.856550157085374],[92.76612493599069,12.854864155241803],[92.76311001143402,12.85552042773539],[92.76262306119494,12.857431014444014],[92.76280489963845,12.86204776246656],[92.76246404748909,12.865696588994982],[92.76139664930606,12.866926683514466],[92.7611567441947,12.868856421930092],[92.76276810669846,12.870173257814344],[92.76378312477482,12.8699645371264],[92.7647086287251,12.872260044563744],[92.76655262934936,12.872238872572288],[92.76630295434828,12.86980543955078]]],[[[92.76044992645677,12.878122770977534],[92.75867346750697,12.876091972892167],[92.75694581818934,12.876213494844064],[92.757290297683,12.878896647169563],[92.76044992645677,12.878122770977534]]],[[[92.78520492528972,12.882203483139316],[92.78266905890595,12.883356731273343],[92.78165150525165,12.885477417556574],[92.78276625350688,12.88703421375199],[92.78189550603966,12.891923445565483],[92.78442064230208,12.89340509961921],[92.7875034876605,12.893653242103342],[92.79037223741726,12.892738587990618],[92.79190985559758,12.891440527845287],[92.79080839594343,12.889544515427946],[92.79041037834959,12.88458041121456],[92.78956374034324,12.883278167324011],[92.78520492528972,12.882203483139316]]],[[[92.8921409972508,12.897822929168973],[92.89210902181142,12.899792395535416],[92.89388566309094,12.898383594897258],[92.8921409972508,12.897822929168973]]],[[[92.75669260312803,12.89381183233576],[92.75569931992725,12.891526650727016],[92.75391398586957,12.889539995040964],[92.75266163509392,12.891546551876347],[92.7514022145437,12.890652242757033],[92.74912315312153,12.891582540013435],[92.74869640639506,12.89584462773233],[92.74947766363725,12.897126261477828],[92.7516686536385,12.896921730180743],[92.75339732390664,12.89329425561232],[92.75311220368162,12.895488308369158],[92.75521108057124,12.898738473160652],[92.75516911659422,12.901191278438452],[92.75345046725714,12.90070930094049],[92.75392453198783,12.90410989943472],[92.75353213156033,12.906431322230048],[92.7538950880926,12.910922877693922],[92.7537046804201,12.91320214114846],[92.75509776603603,12.912968714590686],[92.75612834349488,12.90962232295116],[92.75766439133749,12.908559190162425],[92.75669260312803,12.89381183233576]]],[[[92.7578027850082,12.9121821069291],[92.75701089763984,12.91271276561725],[92.75844669446352,12.913792593478071],[92.7578027850082,12.9121821069291]]],[[[92.76750444503053,12.916392552880525],[92.76671824812937,12.91736564198294],[92.7681817994469,12.917641899904416],[92.76750444503053,12.916392552880525]]],[[[92.7948570910322,12.910856200728942],[92.79654165687074,12.909344539143843],[92.79660406028398,12.905314757972754],[92.79729847923136,12.90244906239438],[92.79857160599018,12.899719592655133],[92.80063343976906,12.897662912681772],[92.7985454675095,12.894515679326755],[92.79264148860432,12.892046544374866],[92.78907943394412,12.893717585657122],[92.7875009883021,12.893716374609378],[92.78330708122147,12.894935442411574],[92.78253985322254,12.896875017780628],[92.78357327913025,12.897765358850837],[92.78635636612209,12.898173230455829],[92.78902211948223,12.901585652226608],[92.7893991438127,12.904208294903272],[92.78835511196208,12.905670676327668],[92.78693297378233,12.905747652950044],[92.78318862048133,12.902664958702847],[92.78026393872075,12.902000926762582],[92.77537498321917,12.904557786878664],[92.77422505987433,12.906905257652639],[92.77512263421525,12.908904135934376],[92.77407996471084,12.910208000283909],[92.77477482109623,12.912335562885772],[92.7768204721076,12.9122331902229],[92.7803238584096,12.911089960643476],[92.78542883514334,12.911958296968852],[92.78791530066223,12.912861376268504],[92.78953710836196,12.91261311225637],[92.7894497271745,12.915412268060159],[92.79138938376632,12.9168449638293],[92.7924661779026,12.916472283640992],[92.79243456259523,12.914769643917364],[92.7948570910322,12.910856200728942]]],[[[92.864753441748,12.912483671795394],[92.86321535534465,12.913820754901844],[92.8642374524138,12.915077910033903],[92.86526378534275,12.9135726486442],[92.864753441748,12.912483671795394]]],[[[92.76547917447594,12.918184011927769],[92.76375385052427,12.91807822324153],[92.76249564361707,12.919768503861796],[92.76245587559431,12.92229881508306],[92.76695058556561,12.92532981223781],[92.76758227343409,12.921248307658868],[92.76547917447594,12.918184011927769]]],[[[92.77580575662262,12.930568376013888],[92.776064788806,12.926317260592771],[92.77470966561295,12.920873732322079],[92.773296411125,12.917980244895707],[92.77169250435789,12.918182480568861],[92.77082634603997,12.921486358030402],[92.76954646387914,12.922373062409555],[92.76976287889592,12.925656297884295],[92.77102620473663,12.92636513315314],[92.76962691387537,12.928915746868885],[92.77111069062329,12.930810565252576],[92.7736718119997,12.931633921100959],[92.77580575662262,12.930568376013888]]],[[[92.93395842727931,12.913999586169009],[92.93395632234258,12.915673788209217],[92.93165054315108,12.91701035196141],[92.93173333650226,12.919019497188252],[92.9348917723571,12.918269932375392],[92.93668531807467,12.917100148219175],[92.93566493597895,12.914169066606405],[92.93395842727931,12.913999586169009]]],[[[92.76677793750308,12.9286242668441],[92.76564963059893,12.928307153039814],[92.76394754742053,12.92587644059226],[92.76215724817104,12.926515531734546],[92.76077966977292,12.929775704820418],[92.76162681484847,12.93441037767675],[92.76247860073639,12.935249054138367],[92.76462208920542,12.934497508173388],[92.76609623786396,12.932635150948547],[92.76677793750308,12.9286242668441]]],[[[92.88809176325181,12.928145062380821],[92.88651352100526,12.928439231251753],[92.88819643676355,12.929259131948124],[92.88809176325181,12.928145062380821]]],[[[92.89119192920079,12.931722146819672],[92.89167694655042,12.932957652088378],[92.89238320673397,12.932069536935133],[92.89119192920079,12.931722146819672]]],[[[92.87774855374131,12.93049592306044],[92.87980691284213,12.930937902726406],[92.88186779034481,12.929667560715394],[92.88338882819765,12.930240471650142],[92.88617310329056,12.923965893456264],[92.88335579278143,12.922205737499494],[92.88201300598261,12.922203847762376],[92.88103035808412,12.920797489935033],[92.87954786442356,12.924483443645688],[92.87784620569904,12.925007889422538],[92.87600777701161,12.927200532676915],[92.87493372323753,12.927067274697867],[92.87337000619782,12.92513318707391],[92.87332761481325,12.923552534169863],[92.8744504144755,12.921007639504277],[92.87391868906789,12.917406633173144],[92.87230948741616,12.915999338575718],[92.86671281451493,12.917220538999617],[92.8652813460918,12.916691571481312],[92.86321933572921,12.92148008226575],[92.85899931282546,12.926868277524733],[92.85872644267648,12.929633902035299],[92.85975109670245,12.932752711792883],[92.86297228867078,12.933811234414105],[92.867809007546,12.932193865685324],[92.87027114294996,12.932021837806346],[92.87214820939126,12.933956396640921],[92.8741615617953,12.934573978077312],[92.87653647979047,12.932865079619088],[92.87774855374131,12.93049592306044]]],[[[92.89286767393891,12.937629723910902],[92.89313737148261,12.936839794833004],[92.88951415435743,12.935078598891016],[92.88928832616656,12.936483259551567],[92.89029330380758,12.937999382751805],[92.89286767393891,12.937629723910902]]],[[[92.90311697926842,12.938571053933707],[92.90123425129778,12.940511360032726],[92.89965539322684,12.941200754895199],[92.90037392236331,12.942156661520514],[92.90251781180167,12.940746831064937],[92.90311697926842,12.938571053933707]]],[[[92.69769477775822,12.990104715267348],[92.70116491475184,12.988957179142414],[92.70372776019651,12.989370043991734],[92.70373502637985,12.987986152137639],[92.7060239192673,12.988637635422492],[92.70804360972858,12.986732011702074],[92.70829590620272,12.989186674149137],[92.70939927211556,12.989513784005611],[92.71245813582257,12.987535162071019],[92.71341932745575,12.985516093003712],[92.71478307929625,12.984544464542186],[92.71556154444362,12.98191147453941],[92.71891176291011,12.981304802162688],[92.72031532861314,12.978889611965524],[92.71969415095745,12.976795106414997],[92.72061599737533,12.975930815128256],[92.71963492811102,12.970009998939755],[92.7201902816947,12.968423154375591],[92.72023387570026,12.965211198326896],[92.71931627570376,12.96409052824782],[92.72023937127294,12.962612701070004],[92.71910274913505,12.960661505005131],[92.71841170061599,12.956834515898924],[92.71760598667728,12.955028351930286],[92.71823536878688,12.953225117136672],[92.71794734891228,12.950229023633778],[92.71512393897758,12.945567585757946],[92.71487191062057,12.94296855933603],[92.71770447913501,12.943299169982435],[92.7186225341389,12.944167212313092],[92.71978766381373,12.947156231507416],[92.7214133838314,12.946843577235787],[92.72201503414436,12.94070941886782],[92.72120941658412,12.938867175191477],[92.72066875574322,12.93352469039253],[92.72101113159663,12.929517633671676],[92.72156328308631,12.928076839116294],[92.72105531775615,12.924683305185441],[92.71998422299227,12.923802111829026],[92.7164963718232,12.923086050210927],[92.71911154709674,12.921719941485474],[92.72007058587525,12.920566992049372],[92.72034267984878,12.915683157223047],[92.71975134261324,12.91283588199347],[92.72054175150622,12.90792060384076],[92.72267790510608,12.905378153326886],[92.7228325491496,12.901805500419197],[92.72143909279133,12.899637253182625],[92.7220660227882,12.898916709145638],[92.72150809101439,12.888982603981068],[92.72029553003335,12.883610724268424],[92.71938011163874,12.881587796674403],[92.71614541435544,12.8803902342899],[92.71400643281714,12.882912207901052],[92.7114363168317,12.883340023133105],[92.71220534538661,12.882222795311906],[92.71331770083196,12.878110750114658],[92.71589341267739,12.87779119911141],[92.7177903423285,12.878547679703386],[92.71913043162131,12.877869959160586],[92.71961608702986,12.874334060333023],[92.71583475304476,12.868462565661838],[92.71438049639299,12.862666146931199],[92.71199631534705,12.85948529220936],[92.70927913996528,12.857242089423844],[92.70880589343886,12.855805997584065],[92.70614067988964,12.853500716064788],[92.70307304067198,12.851820175494316],[92.70264992275398,12.850228835806258],[92.70304650137327,12.847773436827204],[92.70419438880818,12.846130344518853],[92.70173018901022,12.841604962265547],[92.69227331548632,12.835010805279047],[92.68975924941648,12.835258093382881],[92.68843710370383,12.834389099061259],[92.68652247861641,12.835323355233339],[92.68391064013521,12.835534285052757],[92.68206695879248,12.837623558422123],[92.67916012181385,12.838158616701818],[92.6768460882679,12.83678214360983],[92.67622394076784,12.835409346790549],[92.67843788948662,12.832238204917282],[92.67733835188015,12.830539558236993],[92.67731153095858,12.826136457787127],[92.67672634680156,12.824691560459465],[92.67918771123672,12.825923992788],[92.68043435587508,12.82762295122875],[92.68341487877136,12.829930672890383],[92.68477993866223,12.829849902771404],[92.68742451919304,12.826627461192816],[92.68654745776317,12.824099244205856],[92.688205911101,12.822550893866714],[92.68751009770762,12.82121405512201],[92.68924647204483,12.817680882812331],[92.68736379307335,12.816938002233766],[92.68862677710347,12.81518930986074],[92.68741795002673,12.813021292290586],[92.68381619997719,12.811966942936529],[92.68275638925012,12.808969142535135],[92.67768043554278,12.809355154469127],[92.67522456484708,12.80758037773595],[92.67529990198625,12.804983012809139],[92.67427863154435,12.80126345514566],[92.67296016102189,12.798878592744504],[92.67172381017704,12.794412979574279],[92.67190915648368,12.792091262097268],[92.66976194452101,12.78865918412491],[92.66887794333157,12.78291759122933],[92.66681540215441,12.784356662567866],[92.66763879591659,12.790469702796418],[92.66606970156626,12.79209362781541],[92.66433253344441,12.792651988763687],[92.66329987827504,12.79394895217286],[92.66105744866975,12.793619137931717],[92.65972089273086,12.794271780522745],[92.65906630796697,12.79592447442556],[92.65983667055558,12.796882230285025],[92.66314761256179,12.796186224189055],[92.66468612194598,12.798788164198125],[92.6661600697035,12.80297962736533],[92.66571344127665,12.811727302274814],[92.66194770037718,12.8171599355184],[92.66126102212543,12.818999974250021],[92.66098332042444,12.82837463854238],[92.6570493523028,12.832634895366855],[92.65439445289043,12.83706540339716],[92.65329983282231,12.839797413526643],[92.65251713584006,12.84416256628925],[92.65100442500491,12.846144089949437],[92.65102589815598,12.852604301597264],[92.6483180406304,12.862162031363113],[92.65126237321041,12.862831428783439],[92.65095743380665,12.86596356476791],[92.65144354963208,12.867793248936481],[92.65394521311975,12.867654585225068],[92.6570780231559,12.87026018953953],[92.66025591079885,12.874453435041495],[92.66138236674377,12.87680044787243],[92.66299994189514,12.878310813558222],[92.66512402675069,12.882166113115952],[92.66596754951885,12.886353373640313],[92.66679651830874,12.88830511520785],[92.66590141296739,12.893570273150187],[92.66705525498152,12.895647337844865],[92.66619597391214,12.898240352193032],[92.66538896683004,12.903018760270847],[92.66840127741155,12.904938260857701],[92.67026250641358,12.904657370078276],[92.67112269647198,12.907934683595753],[92.67077032541953,12.91273191964646],[92.67025331378484,12.914907168657155],[92.67024404873342,12.91892510486986],[92.67082362993828,12.923421841739339],[92.67177343052556,12.923712669337698],[92.67199334879821,12.926744734683567],[92.6740124901276,12.928698068656658],[92.67341957377012,12.93053736100692],[92.67429318357955,12.934653573861757],[92.67620606346723,12.93483823807381],[92.67553807118803,12.937326993650949],[92.67649390300204,12.93768999838116],[92.67656188482373,12.940144281396979],[92.67968387287524,12.94260526177614],[92.6786230109541,12.94310472527418],[92.6796056875007,12.94462614123857],[92.67926968257959,12.946754729045937],[92.67706193095535,12.946749887122502],[92.67747793717898,12.948144332652818],[92.67672342583018,12.949961169347661],[92.67502922229113,12.95064315208035],[92.67300143832682,12.949915749966804],[92.6723689558846,12.948458996101406],[92.67016490258322,12.948436905512818],[92.66795260344259,12.950388849596022],[92.66760123851213,12.953802590901233],[92.66946596016287,12.953988492532185],[92.6684067497414,12.955536716821738],[92.66950527141127,12.95786697883806],[92.66844351942152,12.958044051449644],[92.66940266030826,12.960248418316915],[92.66954257699955,12.96306274540805],[92.6702258946558,12.964491118607738],[92.67304014784551,12.96471919604441],[92.6743988237041,12.967735661736379],[92.67430923839234,12.969577022384478],[92.67532923312059,12.971420833523048],[92.67956724180097,12.976255024704145],[92.67939400064901,12.978333894015636],[92.68075175993879,12.980033103189172],[92.68082191228723,12.981549042545394],[92.68328242788631,12.983828094564295],[92.68283622798698,12.985848169017126],[92.68437765122391,12.987728214377494],[92.68871974024455,12.989658577607367],[92.68893307241235,12.991311010130596],[92.69139478951398,12.992721823401],[92.69546415883033,12.992858859518414],[92.69769477775822,12.990104715267348]]],[[[92.9119423743343,13.002448872678933],[92.91030169201068,13.004209414056731],[92.91139283032004,13.004991775056629],[92.91266893303488,13.003610063820558],[92.9119423743343,13.002448872678933]]],[[[93.00598918447957,12.994564308631423],[93.0042839645172,12.99246994704173],[93.00223657719191,12.991128640207169],[93.00121389088905,12.989453462429047],[92.99694841384827,12.986854329800313],[92.99268965185607,12.985662399572249],[92.99147030449843,12.981749959302809],[92.99004225216949,12.979062475316658],[92.98808067235294,12.9774700162889],[92.98782573832638,12.976381528190897],[92.98569427656696,12.974035487366313],[92.985184260786,12.972025924023331],[92.98279500681218,12.971353801826362],[92.98023938437356,12.966663398642545],[92.9804169395232,12.960301606858495],[92.98263850421262,12.958043720937892],[92.98767528048415,12.957044318214658],[92.98801948338415,12.954365935713636],[92.98597293439494,12.952605955209199],[92.98128077993813,12.950675823420115],[92.97983354894676,12.947242204800983],[92.98035058333406,12.942638673973358],[92.98129046497,12.94163512131137],[92.98291702191617,12.936949010792313],[92.98277912310895,12.934715162605626],[92.98119005650535,12.93292900148833],[92.97732498913345,12.933796741173138],[92.97515900001859,12.935689573674349],[92.97419335639066,12.935462733398317],[92.97329555028915,12.937366449538468],[92.96960260402392,12.937604724151244],[92.97267194400226,12.940370445918497],[92.97148211673536,12.94102987034118],[92.97175055390663,12.942887360173344],[92.96908240681553,12.944253488589121],[92.96703533184017,12.943602425104713],[92.96368554478718,12.94364633767998],[92.96165944088912,12.942953521510939],[92.95773362345409,12.942865441437561],[92.95594410636565,12.940519545444777],[92.9531665616775,12.940213728716554],[92.95208372430356,12.940932632143783],[92.95443983637452,12.941844962097223],[92.95704538200033,12.947552437088797],[92.96045896772608,12.949735337377776],[92.97085852420695,12.945804866716543],[92.97217348335886,12.944820816464603],[92.97367926736908,12.945997381178747],[92.9726304508318,12.950923536510864],[92.97247113376184,12.95520629853311],[92.9716309860402,12.955520887674423],[92.96601616090366,12.95437863682935],[92.9594086024722,12.955760589157748],[92.95751382005072,12.95678182064628],[92.95541000802068,12.959270004893542],[92.95387417583981,12.962728321236588],[92.95398366152538,12.96818632759006],[92.9569221315117,12.967052594769466],[92.95823809570521,12.965348484184593],[92.96121323687022,12.96588242622909],[92.96136588872416,12.967559467027192],[92.96279442833469,12.968764726211178],[92.96273746852847,12.970411627304408],[92.96008613348745,12.971376961051462],[92.96068148895323,12.974319391860918],[92.95764636503121,12.975657152376838],[92.95573046129718,12.977100596336944],[92.95463103827743,12.976335982299933],[92.95366608514564,12.978982905213334],[92.95246180250697,12.980502719786335],[92.9547118798499,12.982457960409649],[92.95717394133271,12.983047497390455],[92.9591473518984,12.987042479513079],[92.95943588473308,12.988909755626528],[92.96141726858369,12.990026194493376],[92.96358531366302,12.9868448304354],[92.96927180830748,12.982378604165689],[92.96855451226048,12.981205025090407],[92.96502411095581,12.979152317177977],[92.96510304763228,12.977712129112808],[92.96873843799627,12.97551777174712],[92.96951279492536,12.974267841790763],[92.96862378952375,12.97326419788825],[92.96912942371897,12.971500582031215],[92.97245490463253,12.969855413600147],[92.97519677190701,12.973828846216136],[92.97970319279257,12.975382243112758],[92.97980032294228,12.97804879376226],[92.97909193280981,12.97931895621971],[92.98202697530131,12.98140660693331],[92.9843426572005,12.981516557295086],[92.98517283213413,12.982824519270377],[92.98498564125116,12.984635508055012],[92.9864970371709,12.98528610614749],[92.9881583190114,12.984836583114163],[92.98858328296564,12.98659492353959],[92.98657953708468,12.988991658734214],[92.98646214848947,12.990356009566032],[92.98499203866571,12.991681085121796],[92.98593975637822,12.993456476112547],[92.99054024521635,12.992707720170024],[92.99276097873582,12.991454276459804],[92.99677158639591,12.992881286551732],[92.99822149534614,12.994138346043345],[92.99984332231614,12.994223623349074],[93.00078081990975,12.99573130548714],[93.00274663529258,12.996983534079849],[93.00376766112667,12.996654963727446],[93.0062416815441,12.998247790558827],[93.00598918447957,12.994564308631423]]],[[[92.91025381768284,13.006992827207103],[92.9092935428699,13.007230032453352],[92.90944614138405,13.007958176137766],[92.91025381768284,13.006992827207103]]],[[[92.98654298240336,12.998768173442988],[92.98692560715683,13.00045463696588],[92.98885154630337,13.001072531763837],[92.98959908089485,12.999610207862954],[92.98841408016389,12.99839778215093],[92.98654298240336,12.998768173442988]]],[[[92.94834930186353,13.020869913733218],[92.94713959614568,13.02254511999029],[92.9468518736369,13.024334394823573],[92.9451700111953,13.024848974438234],[92.9471827032384,13.02585539293824],[92.94954006413658,13.024117762582243],[92.94961601953574,13.022045743024671],[92.94834930186353,13.020869913733218]]],[[[92.92617819445107,13.024119901003095],[92.92873205443367,13.023308165911322],[92.93277351810424,13.024251363045286],[92.93694755160287,13.026355687714434],[92.93996423641867,13.025108554560424],[92.93993715378973,13.023573501865885],[92.9377644086166,13.022291710373514],[92.9390152676209,13.02038621833711],[92.94097446017116,13.020159499491573],[92.94276861681827,13.019073405268982],[92.9419172778502,13.017147076073721],[92.94223718564056,13.015702150594818],[92.93970366704778,13.012289282515045],[92.93914201312586,13.010240604300822],[92.9404508888006,13.006745728236579],[92.94103542547319,13.002908867268516],[92.94263107458211,13.001887411367456],[92.94447718384268,12.99754035414294],[92.94191420863274,12.995519053483367],[92.94091859019287,12.996385661549168],[92.93759506090863,12.995457043864052],[92.93647744845912,12.995820145582147],[92.93492493502303,12.998012191336223],[92.93370695838523,12.998380255349542],[92.93186472229179,13.000476739994841],[92.9280821551117,12.999197707893488],[92.92631352883538,12.999451348215535],[92.92486400360336,13.001054037443087],[92.92233981971219,13.00119191664242],[92.9208622756833,13.000524697583693],[92.91987285462972,13.004966136673175],[92.91839058328192,13.006292092308852],[92.91648611195701,13.01008403778255],[92.91542438358324,13.013224298913865],[92.91550937172029,13.014702574675272],[92.91698388736216,13.01768922884696],[92.91875053681974,13.019027525897174],[92.9211768364516,13.019747186999659],[92.9226167159889,13.02222971160529],[92.92109259848759,13.023720841239003],[92.92132928180531,13.027418062846207],[92.92294942038616,13.028926882391765],[92.9251703711363,13.02800887204629],[92.92611177742519,13.02625215302181],[92.92617819445107,13.024119901003095]]],[[[92.91635151278433,13.040298295253795],[92.91440282086559,13.042471234074414],[92.91528505646613,13.046421666912202],[92.91763125440423,13.0475872833252],[92.91839227803742,13.045856699895852],[92.91908231315745,13.040368735327535],[92.91635151278433,13.040298295253795]]],[[[92.93282756491375,13.04950613179693],[92.93166434272901,13.05149608461294],[92.93197047822578,13.052987894620614],[92.9336116358855,13.053250312014065],[92.9341907891287,13.051298369573482],[92.93282756491375,13.04950613179693]]],[[[92.91712012164149,13.061836960434514],[92.91770684240426,13.0584570235892],[92.91676708138888,13.05792895100295],[92.91515367370094,13.05880497085564],[92.91491474769072,13.061510233075238],[92.91326911007117,13.061480734915099],[92.91379910105616,13.066969558315316],[92.91712012164149,13.061836960434514]]],[[[92.72943981568412,13.09111082833115],[92.72805418636136,13.090993719326416],[92.72946361204951,13.094801236890582],[92.731307060305,13.094471842759818],[92.72943981568412,13.09111082833115]]],[[[92.71908148020141,13.098109639786122],[92.7201458610074,13.09734899892653],[92.72009675989266,13.0955682953303],[92.7178912723348,13.093446586675064],[92.7125983894874,13.091344922687595],[92.70989495074254,13.089151342363124],[92.70797401709531,13.086890543330346],[92.70691248335437,13.084631574762806],[92.70349570503981,13.07962510673566],[92.70383678937968,13.07659349156505],[92.706353998951,13.072419089887024],[92.70501040270864,13.070382749806862],[92.70309799023417,13.070409441336249],[92.70058700512932,13.07175637476768],[92.69989498936,13.072799829430306],[92.69859304241999,13.08026520313519],[92.69590698472669,13.08975597994428],[92.69580214262778,13.094580848450816],[92.69911858795513,13.09772272607885],[92.70140677059163,13.098004201029594],[92.70346583806257,13.095550883031464],[92.7049150520765,13.094733497023167],[92.71144282653923,13.095316964823388],[92.71539447781583,13.097342155763856],[92.71568194195079,13.098238734415965],[92.71908148020141,13.098109639786122]]],[[[92.79410666912284,13.167955196870459],[92.7932479204816,13.169634705439877],[92.79461973800464,13.171188707985007],[92.79691629505881,13.170537211861042],[92.79718603475389,13.168117003574338],[92.79410666912284,13.167955196870459]]],[[[93.06117845662797,13.220739675443756],[93.05997190850884,13.2210610986934],[93.05821519240183,13.22374575980156],[93.0576465662276,13.22644967435355],[93.05887083711237,13.226754536773859],[93.06018865998371,13.224391864817408],[93.06117845662797,13.220739675443756]]],[[[93.01444464253441,13.28411714763699],[93.0154973231267,13.28515014345412],[93.01659420245687,13.28464211245918],[93.01444464253441,13.28411714763699]]],[[[93.07214556914273,13.29819778991044],[93.0708621167801,13.300122185585497],[93.07410786183858,13.303054247402125],[93.07872441304353,13.301466937279413],[93.07872505964573,13.300546145114513],[93.07539310255275,13.29861858326684],[93.07214556914273,13.29819778991044]]],[[[93.02530321999147,13.32629782437616],[93.02348839859795,13.326201346334736],[93.02197623470659,13.322327925893541],[93.0221145187723,13.318845962211586],[93.02306170158447,13.316687034819749],[93.02202590715689,13.313933358296305],[93.02338101895326,13.312103304210314],[93.02401397559728,13.309018471229642],[93.02406253565692,13.305183807487913],[93.02325436191646,13.303111463524877],[93.021544929579,13.301254577325794],[93.02060153009803,13.304685765419537],[93.01957405455016,13.306610123168669],[93.01760660384362,13.308282495145987],[93.01487108014172,13.30869851870329],[93.01538028953141,13.312465855528552],[93.01579953113328,13.32092076102014],[93.01690415984173,13.3277858370276],[93.01764770583075,13.329245523354823],[93.02220231501025,13.329464808536017],[93.02512183833134,13.327752207434614],[93.02530321999147,13.32629782437616]]],[[[92.968113629201,13.332703973443316],[92.96711616603054,13.332762663255792],[92.96542292693486,13.335989874227323],[92.96723327864277,13.33794001480432],[92.97018309390144,13.33856649434036],[92.9680083283535,13.335745725116595],[92.968113629201,13.332703973443316]]],[[[93.0078629304602,13.335579292635185],[93.0071509098059,13.336398612123594],[93.00953836988235,13.336753602681814],[93.0078629304602,13.335579292635185]]],[[[93.01365055654865,13.337421186794321],[93.01408703897492,13.338946943942544],[93.01584377807441,13.33866190861063],[93.01365055654865,13.337421186794321]]],[[[93.03875256554969,13.342825971455921],[93.03721263209869,13.340552542213915],[93.03640251528965,13.342530821970525],[93.03771866738732,13.343924528824717],[93.03875256554969,13.342825971455921]]],[[[93.02022797501442,13.338252369721522],[93.01843426525508,13.336743994843507],[93.01736509342291,13.337992363287706],[93.01629309934168,13.341011137934938],[93.01646125261286,13.34394107019347],[93.01885292319147,13.34595225086612],[93.02064899345757,13.345033096075934],[93.0195410158576,13.341516358395616],[93.02022797501442,13.338252369721522]]],[[[93.07756653575194,13.362918518601502],[93.07389227028497,13.364688096314055],[93.07576741654661,13.366474531703389],[93.07852389516357,13.364065826348964],[93.07756653575194,13.362918518601502]]],[[[93.0816624407351,13.367143058893083],[93.08054364801524,13.368445331546694],[93.08184702096051,13.369644980275089],[93.0832718129097,13.368473206493197],[93.0816624407351,13.367143058893083]]],[[[93.06225971865751,13.3830045149759],[93.06130147161869,13.383003800943364],[93.06062513979819,13.385574581957368],[93.06278909858965,13.386861836876282],[93.06413867003121,13.385681430940013],[93.06225971865751,13.3830045149759]]],[[[92.86707187221663,13.411907497092866],[92.86496041696647,13.412021271928456],[92.86611328775506,13.413504879530333],[92.86707187221663,13.411907497092866]]],[[[92.81868147704589,13.416213481822265],[92.818027493786,13.414786395003341],[92.81784833733417,13.411713230314664],[92.81598918144768,13.407351800437631],[92.81562541357172,13.40427831696022],[92.81449846579653,13.403493096764006],[92.81201114399393,13.406220224115305],[92.81316834269897,13.408915623785564],[92.81363964838599,13.413292626539942],[92.81342886363075,13.416405284716678],[92.8119361873438,13.41803530720268],[92.81223270252309,13.419511459097237],[92.81336198030587,13.41935752212191],[92.81868147704589,13.416213481822265]]],[[[93.09429754246854,13.417833588919233],[93.09566388645376,13.417736116656538],[93.09545222842176,13.415677222192539],[93.09433847268606,13.416767442508],[93.09239167682836,13.414242010701138],[93.0922331209735,13.412443750645618],[93.09063751157836,13.409914898044194],[93.08920942896911,13.410063161202443],[93.08730824107359,13.412362442745072],[93.08727944519738,13.415593900953631],[93.09038895649562,13.419282254954743],[93.0930535919976,13.419819331862584],[93.09429754246854,13.417833588919233]]],[[[92.8443438143045,13.436731031394103],[92.84407361304945,13.434722190790184],[92.84585647880546,13.431966843035237],[92.84591298652231,13.430895783930733],[92.84271706769394,13.427998531866768],[92.84230969809715,13.426230474513304],[92.83891960935959,13.424966367490644],[92.83853857898741,13.423814258202675],[92.83460588596938,13.41995166996965],[92.83322248153816,13.420129909112635],[92.83254071287399,13.418789485726938],[92.83011216403841,13.41875760097915],[92.82834053151554,13.420423288219292],[92.82634274630603,13.420875177409208],[92.82408492132225,13.420486385744109],[92.82212887444113,13.421457196288145],[92.82100114060856,13.424909733002231],[92.82085674531048,13.429194080674284],[92.82232932882891,13.43184618787363],[92.8222748729622,13.435130946332782],[92.82557482492207,13.439278301406924],[92.82761155326389,13.438116222679449],[92.82971093189677,13.438142678211412],[92.83234333242547,13.439297125365334],[92.83360102821612,13.438625206829954],[92.83850996247148,13.440604485884908],[92.84037085084809,13.440482193751587],[92.84244625946401,13.442565733647852],[92.8443438143045,13.436731031394103]]],[[[93.06992376556757,13.412960028027504],[93.06821002816997,13.414898969360637],[93.06829511900001,13.418232445478427],[93.0671811884961,13.421245116552441],[93.06745764528578,13.4241411368786],[93.06999774000718,13.428446001019008],[93.07187734459426,13.430791149216617],[93.07288456271822,13.429704531846308],[93.07075873419373,13.424282495102503],[93.07060300015937,13.419485571458734],[93.07140581504898,13.413268141501453],[93.06992376556757,13.412960028027504]]],[[[93.1027054227576,13.434625955816697],[93.10356007921496,13.430178832807556],[93.0982658888313,13.431592232362982],[93.0974447942958,13.433737694434884],[93.09622127644,13.434297775056558],[93.09667317046988,13.436839860828703],[93.09797048000367,13.437541895202886],[93.09901293453957,13.435689346760498],[93.1027054227576,13.434625955816697]]],[[[92.87166782883254,13.50206440791872],[92.8685764162221,13.50417654643507],[92.8667669247247,13.508438108948994],[92.87018740558905,13.513185749855916],[92.871984616334,13.512686232159705],[92.87423194193798,13.506317250247976],[92.87339005237278,13.503386179310676],[92.87166782883254,13.50206440791872]]],[[[92.9193767097046,13.5115147080913],[92.91642862835153,13.50720214697658],[92.91463240128577,13.506826627394457],[92.91383498779226,13.508562180250012],[92.91552097826579,13.514232031938596],[92.91801238777116,13.51568864364152],[92.92126646780865,13.515389529846102],[92.9220223431876,13.512895318089432],[92.9193767097046,13.5115147080913]]],[[[92.90913524899686,13.53720353504728],[92.91188480679543,13.535311738635158],[92.91172042914216,13.5332935429473],[92.90793330906185,13.530943183878854],[92.9054805211379,13.531048898668137],[92.90505919972448,13.533311719623704],[92.90552959637816,13.535684848121203],[92.90682751286558,13.537023735784713],[92.90913524899686,13.53720353504728]]],[[[92.87562743945772,13.535459663823957],[92.87434232437458,13.536629615428515],[92.87519208325641,13.540313941280088],[92.8777628532125,13.537639197806865],[92.87562743945772,13.535459663823957]]],[[[93.00727250460999,13.55545083968403],[93.00607659807963,13.555566665249541],[93.00491791118705,13.558256260945948],[93.00679042204668,13.55915500029843],[93.00727250460999,13.55545083968403]]],[[[93.05426235481497,13.560342595906754],[93.05309905638109,13.561010820837486],[93.05195622139975,13.564489432048102],[93.05315310444557,13.565795014486444],[93.0567652293921,13.566545221033788],[93.05640345454988,13.562820076402707],[93.05426235481497,13.560342595906754]]],[[[93.03027443624052,13.57038151081943],[93.0338749268383,13.56293477342954],[93.03464868679035,13.558833820086962],[93.035505953226,13.556993011064444],[93.03619403140596,13.552975681710342],[93.03825012152227,13.549963995038272],[93.03910865505546,13.546616454220063],[93.03893997675537,13.543853988055938],[93.04013966970062,13.541678624301014],[93.04082930278014,13.535736023964102],[93.04134422654155,13.533894904608418],[93.04459959931414,13.528791481180479],[93.04477256500644,13.526615245968179],[93.04400527626771,13.523517458800574],[93.04280918442217,13.521674922551071],[93.04264185238232,13.517322024216785],[93.04341479889631,13.51380697360146],[93.04341681729426,13.511463180619225],[93.04242889482103,13.50927196808137],[93.04315026393003,13.504593006854142],[93.0397273604912,13.499676621491126],[93.0395319344968,13.49530886597467],[93.04092986347861,13.49164437764549],[93.03973619939899,13.489576571077897],[93.03958916769686,13.486515306681714],[93.03707047931772,13.484894760960612],[93.03583481046749,13.485322667765448],[93.03476027543597,13.483800892746029],[93.03492120030596,13.48208518825513],[93.03747333446047,13.47994255998233],[93.03492545453493,13.477327632719287],[93.03409108847167,13.474636165843185],[93.03540928263294,13.470971631689968],[93.03425508724415,13.469488777843633],[93.03322251320218,13.465705236706768],[93.03111152036647,13.464845485769045],[93.02911825237818,13.465974639825113],[93.02585036275792,13.46663468609017],[93.02521178820896,13.46776501075725],[93.01967773521659,13.467328912055475],[93.01600272796672,13.464521328876057],[93.01745706051878,13.464145996058782],[93.01767943516003,13.462681471765547],[93.01993775966889,13.46372974329278],[93.02515719771912,13.46130695667113],[93.02874916111494,13.46147755579217],[93.03020395380929,13.460558053759339],[93.03046297294357,13.457879647392838],[93.03285889099813,13.456542411256635],[93.03363117063704,13.453697030249351],[93.03312006086094,13.451436493453885],[93.03440455430851,13.449596035939699],[93.03440573923123,13.448270793438743],[93.03301660265909,13.448555495893748],[93.03252248162738,13.446674360469022],[93.03443599443,13.445428117816318],[93.03543483969287,13.442270254776053],[93.03424076415904,13.440982348124782],[93.0337826594653,13.437573974845641],[93.03450241512503,13.435784405790514],[93.03317189776546,13.433377110131634],[93.03165165591216,13.432881251338209],[93.02775280405032,13.434386298484478],[93.0226176071113,13.43351385932394],[93.02066362149824,13.432001157362158],[93.01811387826272,13.432037820560687],[93.01715649698889,13.433323821823935],[93.0166799693912,13.43172452613263],[93.02209300081122,13.430644071457468],[93.02484647541701,13.430411041543941],[93.02740926985999,13.429159580835822],[93.03082534082193,13.428535706133193],[93.03317574373968,13.426030264165583],[93.03505691051477,13.42551823253657],[93.03637690390131,13.42697329854244],[93.03893768717357,13.427915761019522],[93.04096572276067,13.42781297218519],[93.04054222980118,13.423842448950582],[93.03830219806268,13.422307597737365],[93.03830433282027,13.41987040935403],[93.0364752951188,13.417089747168],[93.03713379549299,13.415899251566508],[93.03969510112425,13.41611035686604],[93.0424704961795,13.415590263094995],[93.04599703387989,13.410264743921468],[93.04610754663302,13.405772263968249],[93.04824246727652,13.405251588783916],[93.05154885492074,13.40776168987924],[93.05187353547372,13.409022463162339],[93.05389409672392,13.411106830761542],[93.05634747034738,13.412780381176523],[93.05730618529743,13.415079639107924],[93.058156860897,13.419050465130018],[93.06027133739525,13.42088504968771],[93.0617084492709,13.42115738195463],[93.06238591471231,13.4183478626843],[93.06107455415672,13.41417424383037],[93.06069114762259,13.409856085327013],[93.05958263480642,13.405920990084548],[93.06028587249996,13.403917529025644],[93.0589865955838,13.40273964381457],[93.05881717064837,13.400730531260363],[93.05990306671926,13.39816114040696],[93.06275015569317,13.401068307744707],[93.06454301234957,13.4046690664878],[93.06770594065307,13.405759570124918],[93.06932963820078,13.407016354146736],[93.07036285041417,13.405523763585544],[93.06809507426509,13.4017784557869],[93.06789833892262,13.398541589528213],[93.0688157119453,13.396943383365098],[93.06698478577412,13.395070220715958],[93.06439586770003,13.394756357186683],[93.06376012715249,13.392689062754688],[93.06240656691874,13.391713145309911],[93.06168873049802,13.392804519099089],[93.0580908149589,13.392405345782082],[93.05651401454035,13.393864740978128],[93.05540294771178,13.39327793293349],[93.05514886426778,13.390264256901602],[93.05381073960281,13.389795833563708],[93.05198421061765,13.391601120796748],[93.05198516923792,13.390429212381665],[93.05053605288413,13.385070773444182],[93.05011283409995,13.379880552599127],[93.04859643238655,13.377527209351049],[93.0488108016715,13.375187573975548],[93.0478019949743,13.374926792334133],[93.04535677301119,13.377680595283216],[93.04393535515301,13.377595493709684],[93.04211902699141,13.375598130000041],[93.04079167653397,13.37523306529246],[93.03542727714924,13.375956511800386],[93.03325004498205,13.375798668298224],[93.02836609292918,13.373766608529646],[93.02560505573064,13.373244218728862],[93.02613688366985,13.372412759421684],[93.0300124299559,13.373716048705575],[93.03441940739641,13.374655763481963],[93.03995179406196,13.373485763376465],[93.04249255219462,13.373518609033518],[93.0452903383073,13.374738794849675],[93.04897124181493,13.373835815632157],[93.05003122243517,13.376436437613501],[93.05172927908389,13.378101635511324],[93.05204653664467,13.379798487985868],[93.05350140495551,13.381967382812197],[93.05551004294946,13.382132722303544],[93.0591803568683,13.373860589039266],[93.06029573006224,13.368838950710733],[93.0614936881825,13.367500518819245],[93.06175451837508,13.361892274622857],[93.06270846681683,13.360529198009349],[93.06486056103157,13.360017075621334],[93.06767897537104,13.354767545970045],[93.06826484874298,13.352428154610596],[93.07028432517912,13.350245772279658],[93.07102965512907,13.347646507492133],[93.07286285998795,13.348010892965048],[93.07368547598841,13.346556456416948],[93.0756499634908,13.346869789932207],[93.0774011325727,13.348482859890634],[93.07878241106457,13.347547872301634],[93.07749645685502,13.345747819996154],[93.07767142827228,13.341723582104878],[93.07843057779489,13.34120306238073],[93.08271632558774,13.341051014674289],[93.08468060487144,13.34162425669133],[93.08584731473535,13.343808842198758],[93.08775907950879,13.34355009364546],[93.08882331391585,13.340171039031846],[93.08999289428563,13.338039947830643],[93.09004732649754,13.336012141213956],[93.08829647288555,13.333931193736467],[93.08633277064385,13.332578041037893],[93.08357231609561,13.331692313375058],[93.07852856770518,13.331013009356115],[93.07513208282055,13.328618879028623],[93.07187172646908,13.322054494228988],[93.07204733066924,13.315692782695614],[93.0704255795629,13.312594432144085],[93.06991687734288,13.306985608361398],[93.06638805167552,13.306226839760765],[93.06559311283127,13.304330018455468],[93.06362766956785,13.305732478733255],[93.06393146587979,13.310056216680255],[93.06139171570155,13.313634214828353],[93.06059249027216,13.317273335390999],[93.06205667731946,13.324421837766346],[93.06135525372822,13.325562646315225],[93.0611821999612,13.32826495918708],[93.05787319469778,13.3297541510713],[93.05470465967915,13.328583977823053],[93.05044040442367,13.324278411666489],[93.04843420907132,13.321695475396222],[93.04426317442491,13.32119654235768],[93.04007399763026,13.322113905286612],[93.04041093469478,13.327890046380748],[93.04152037682088,13.329983663683377],[93.04156248460336,13.335225526210067],[93.0411954332902,13.338004467175564],[93.04400647518146,13.341750464045063],[93.04612291128304,13.345975652269507],[93.04532808812482,13.348718967285068],[93.0451132563966,13.351598918418372],[93.04355015309389,13.355599991371191],[93.03942367786576,13.3605171579002],[93.03936247025584,13.362637536759273],[93.04180806271305,13.366654620104224],[93.04067923745416,13.367698866075097],[93.03697695835399,13.365038736275835],[93.03719042383332,13.363843014998043],[93.03496120806511,13.36254123824145],[93.03488279672835,13.361137289015826],[93.03740479814131,13.361607380573005],[93.04071126371473,13.356863901511812],[93.04098409633333,13.35221375983136],[93.04011899108355,13.350926150713239],[93.03719255733793,13.350046280498225],[93.0348473777071,13.350541511299284],[93.03334030537232,13.34904860075982],[93.0329247493878,13.346123483831162],[93.0316414421843,13.344952477978016],[93.03020578985956,13.347115559126433],[93.02710087046754,13.345533479209932],[93.02553684056959,13.34858923605678],[93.02213820981059,13.349332143293145],[93.01780975770295,13.351077262724713],[93.01568668152463,13.350027309387567],[93.01337531442157,13.352643826609027],[93.01021142937347,13.353477931972192],[93.00696927643105,13.353494196628958],[93.00302981351508,13.354056987564217],[93.00230284867853,13.352383630243203],[92.99938763780595,13.351088477065382],[92.99577021084751,13.347436893071356],[92.99243855800249,13.34525712653301],[92.98927892252507,13.342156709871848],[92.98851199477318,13.339895808048157],[92.98837413022116,13.333475733909198],[92.98873639908705,13.329878658699217],[92.98649731330741,13.329028164712598],[92.98431666910626,13.329376861024189],[92.98115254143983,13.332720194779757],[92.97962683886419,13.335282565473735],[92.97987891435534,13.339217099064037],[92.97823985549817,13.341800620371304],[92.97654158924409,13.342310707446494],[92.97629549466717,13.344401556947311],[92.97757741351705,13.346567251379849],[92.97572119416195,13.350425918386454],[92.97333272401661,13.349487401291714],[92.97215702434605,13.347825957822726],[92.9720037174911,13.349339710370167],[92.97067373741791,13.350040187908533],[92.97208636044905,13.351095165372891],[92.97208367919706,13.35343897540445],[92.97131255716127,13.354944864541944],[92.96968798456169,13.355194196752983],[92.96951526683043,13.356700740561825],[92.97122909203827,13.359672097737914],[92.97054231405185,13.360422887953943],[92.96660335803195,13.361217706729038],[92.96355582176393,13.359865727802578],[92.96230223889074,13.356903968108439],[92.96019584678233,13.357611031476202],[92.96009521322156,13.354093699304196],[92.95953006915312,13.352104228031736],[92.95727470593711,13.349270239912],[92.9568471194226,13.347714020537891],[92.95526602271151,13.346103578451292],[92.95515385224586,13.34444471947972],[92.95329665787565,13.344492673232132],[92.95072054528084,13.346215796889833],[92.95012545169192,13.34353645325235],[92.95088368544309,13.34206509336528],[92.9524231130786,13.341480952422913],[92.9531951238189,13.339305459530484],[92.95286147392338,13.332524754845162],[92.95576882735426,13.331691066917854],[92.95893600444147,13.328011582221366],[92.95932245754246,13.32588363595095],[92.9603891482263,13.328013245306455],[92.9624560022828,13.327919906731415],[92.96147138152311,13.327099859388735],[92.9639008126132,13.324449351136124],[92.96786538245595,13.324854987313637],[92.97013857744075,13.323838794407799],[92.97868634838935,13.323848072876093],[92.97997083548742,13.321756745535547],[92.98185262018971,13.320586830158327],[92.9849307863227,13.32032285233898],[92.98528470758504,13.318059067279728],[92.9866597109545,13.316949088598443],[92.99152806835734,13.316632366831152],[92.99329134204191,13.315464251397255],[92.99621743727347,13.316110637545595],[92.99833730608256,13.314762111545576],[92.99846064636824,13.3128875086829],[92.9970824483015,13.310754314327161],[92.99570590073841,13.307061240903117],[92.99491583913037,13.30102893954324],[92.9911997523549,13.30081720286211],[92.98769547298163,13.3011255867689],[92.9859458642361,13.298939953647052],[92.98600069794469,13.297328141318351],[92.9871702863077,13.295821475036439],[92.99126133408923,13.29280991220484],[92.99561614770194,13.291306424357252],[92.99524317537112,13.29260594841749],[92.9876982133182,13.298577795335573],[92.98801496315798,13.30024198774345],[92.99306009453261,13.298739256776622],[92.99581929248787,13.300145916417533],[92.99666711135069,13.3017066367353],[92.99724657668007,13.306074858279068],[92.99846461748393,13.30903982592797],[92.99994964261775,13.310549169206517],[93.0012909745833,13.31385054980995],[93.00407909548271,13.318098087845302],[93.00826467347754,13.32086447208827],[93.0096330468154,13.320112397065138],[93.00801580984125,13.313246800003466],[93.00639489591806,13.310148053149023],[93.0075066291951,13.309563159799806],[93.00989945979883,13.309983972744966],[93.01323640574019,13.30638765369198],[93.01375240027555,13.303123515477116],[93.01187466033637,13.300443103581953],[93.0135857590762,13.298686826952219],[93.0165844187085,13.297937135053148],[93.01880136034005,13.296598915503392],[93.02168413100551,13.297820803124287],[93.02240818611072,13.293545970471898],[93.01939379096781,13.292661711327087],[93.0166342058907,13.294697147005508],[93.01076724754225,13.296675194331767],[93.01188054282882,13.294416118358809],[93.01624461939582,13.291556909315375],[93.0166517106827,13.289397502937687],[93.01350682083654,13.283929035194245],[93.01026841120624,13.282444323112308],[93.01121284592858,13.278008669694618],[93.01275259426494,13.276342380001378],[93.01540168394577,13.276756937434238],[93.01668192919819,13.278515988675478],[93.0198459186956,13.276509866683108],[93.02471374814648,13.280281097352692],[93.02531021608831,13.282206917453339],[93.03001176134268,13.281039104539843],[93.0306130849594,13.277607579410136],[93.03155473760505,13.275850511149736],[93.03496728456562,13.276731849770135],[93.0348068846861,13.278031613999396],[93.03736420962971,13.278031847653104],[93.0375658274569,13.27974979858962],[93.03984770595092,13.280687621238089],[93.04334563443662,13.279124979677968],[93.04520580163782,13.281746295999787],[93.04633458835816,13.281806059263818],[93.04719144580942,13.279128071913892],[93.04548520814241,13.275527241347405],[93.0436064753379,13.273851556143189],[93.04112869977342,13.272577292686265],[93.04028127179117,13.27034076639858],[93.04044923972711,13.268240507170487],[93.04258776598964,13.265814709784209],[93.04327496537925,13.261629837385847],[93.04592648566461,13.258785881700254],[93.05070919283555,13.26222171745493],[93.05233293499656,13.262139272676194],[93.05421204186396,13.26331264311543],[93.05737151310736,13.266412270060675],[93.06121551162508,13.268507862132044],[93.06403412557866,13.270518940827932],[93.06539983607325,13.27269635907504],[93.06565798404687,13.270352703509463],[93.06421006879059,13.263906085291636],[93.06079249165126,13.262982779069466],[93.05865796730697,13.260553634500972],[93.05669571726882,13.256450428510542],[93.05755394932436,13.251763389128389],[93.05687369242217,13.247493729477211],[93.05525171125576,13.24548348856955],[93.0547410076998,13.242971834043544],[93.05568248448395,13.241047249008394],[93.05560374049021,13.23259260117279],[93.05393901582771,13.2320057264103],[93.05122319949973,13.227808073289108],[93.04405296034896,13.223519996291362],[93.04211160364551,13.222704339314225],[93.04339493606645,13.220696366681135],[93.0433970503697,13.218185102167643],[93.04408198402864,13.216511476341935],[93.0442565822639,13.212075045483136],[93.04511250956746,13.210234134645404],[93.04229424353564,13.20880881098788],[93.04033352883864,13.203700966541376],[93.04007986473012,13.200603527977522],[93.03844557833081,13.199568500062988],[93.03632552301137,13.195075629241849],[93.03615662218319,13.192815344604968],[93.03462111283133,13.190219080131396],[93.03462331036512,13.187707810355704],[93.0331735722061,13.184776772823273],[93.03181300511129,13.177660345874179],[93.03266764496597,13.177242526597396],[93.03591714255697,13.173478350218002],[93.03668930657773,13.1696283727655],[93.0337889193479,13.165021940561084],[93.0334526689253,13.158827176868208],[93.03396856426801,13.154976986111215],[93.03559414794682,13.151964815806297],[93.03610977650398,13.148365744702046],[93.03594402366357,13.142505953538473],[93.03705665408383,13.139911889694625],[93.03492414658838,13.136645447129212],[93.03449846915112,13.135054615173527],[93.03074530219322,13.129442914289886],[93.03040604079949,13.126763924603697],[93.03189424516302,13.124611372780132],[93.03211170341467,13.117900664578842],[93.03127123706278,13.114208243281421],[93.032468968201,13.111865391637355],[93.03212992910035,13.10893527170477],[93.03298682322603,13.105671320843644],[93.03264749165317,13.103076038981932],[93.03307647703167,13.100816242623004],[93.03444397750923,13.099561744279923],[93.0344474723716,13.095543685309107],[93.03351042607854,13.092864192675277],[93.03479262816829,13.091442201281929],[93.03505099584382,13.088931125736917],[93.03428439447843,13.086670324667374],[93.03471333460647,13.084410521878649],[93.03403308934206,13.081061564325436],[93.0301901511221,13.08130945132838],[93.02873965177587,13.079968856815153],[93.02609638613123,13.075613674386098],[93.025757615702,13.072516121336678],[93.0264420230111,13.071093648147205],[93.02840659528238,13.070425662668683],[93.02960339264446,13.068919908089335],[93.02926324834499,13.067329132157854],[93.02747187994417,13.06531856294919],[93.02662100707484,13.061969437239098],[93.02508653928513,13.059205682860396],[93.02261179695152,13.057613032441534],[93.02261394050358,13.055269159199955],[93.01962407148052,13.050658026508795],[93.01647032568515,13.05091077675241],[93.01331265935652,13.049317421820616],[93.01177817519861,13.046804717617759],[93.01289013321885,13.044712992590673],[93.0091345003671,13.043537588822804],[93.00922206749703,13.04127750509557],[93.0103332956063,13.03993917822694],[93.00649916055356,13.031815743554018],[93.00291649729719,13.028631375528509],[93.00299988081981,13.030640494718993],[93.00214487069897,13.031895326421278],[92.99898576661083,13.032059703678122],[92.99548190308428,13.035404679889043],[92.99283605578093,13.034564969237168],[92.99036246556489,13.032302336946714],[92.98959731252206,13.029204306972543],[92.99036761165415,13.027363464019471],[92.98917759567479,13.026344481980374],[92.98406979514066,13.026353884461232],[92.98243007622544,13.025178939084206],[92.98097573429945,13.027939855854791],[92.97819797845615,13.028891532104607],[92.97374344177791,13.029690153815672],[92.97072865920444,13.029770632089477],[92.9703844334555,13.032197842587264],[92.96739359664761,13.03453846769952],[92.96636678073696,13.036546377277256],[92.96535737185928,13.036545269062856],[92.96577343385249,13.032778792997295],[92.96579748812668,13.025980476438301],[92.96757602092181,13.024242375310575],[92.96741294846706,13.022952770208603],[92.96918323551917,13.021571672064864],[92.96817749826934,13.020011937409166],[92.96920670086882,13.016626560231698],[92.97020330647686,13.01566749345481],[92.97298033464769,13.014811913498688],[92.97525649514868,13.016243664972096],[92.9758858312436,13.01400515153717],[92.97160092403566,13.013197038962343],[92.96663322158042,13.01372403876984],[92.96321063693517,13.017020925239711],[92.95971937538326,13.015533503114638],[92.9577468815813,13.017849031023733],[92.9548392527657,13.018672382704871],[92.95555006101007,13.020173531100179],[92.95429566926902,13.020698969168157],[92.95487528191623,13.022807087498247],[92.95254237918802,13.026536377195615],[92.95146743037222,13.026754666814497],[92.95119565379792,13.029344769830207],[92.94887109278916,13.030918092852575],[92.94519808528432,13.032420570215205],[92.94092594315943,13.03509421360859],[92.93667432901105,13.03960145350479],[92.93647799966149,13.041701910265987],[92.93492432125498,13.042409265654577],[92.93366458428007,13.047017776463983],[92.93589737279987,13.05202568936903],[92.94056341312414,13.052003080191227],[92.94175659724836,13.053762399040863],[92.94389046867872,13.05435089831669],[92.94315662166099,13.055986908735141],[92.94113061214547,13.057168899234295],[92.94098127724969,13.05928628943227],[92.94177084780911,13.062602444479385],[92.9433217613792,13.064380835679202],[92.94107589643481,13.065159576988393],[92.93941598067234,13.067440657071138],[92.93820119626568,13.071873614026904],[92.93844450693388,13.07834285800514],[92.93702251729367,13.083155803775938],[92.93643582423982,13.086667499703685],[92.93556565533436,13.086730663572649],[92.93558866691062,13.083637018192135],[92.93658316861647,13.076393883908576],[92.93636394568149,13.07266168222731],[92.93512366104078,13.061815603303891],[92.93334113035633,13.06075878269432],[92.92959956381773,13.062643017903637],[92.9260439052515,13.06185456508406],[92.925901771204,13.058906471602864],[92.92523189976595,13.057456762532524],[92.92353126128737,13.056576518022199],[92.92145954584063,13.056909186163615],[92.92007981959311,13.058899112274618],[92.91756209504241,13.066228037311419],[92.91356827400588,13.072062243547515],[92.91441708348447,13.073643928914091],[92.91392216963195,13.07531167655403],[92.91221744943924,13.077372990131515],[92.90890027777967,13.079476069727216],[92.90674271364318,13.080199580753408],[92.90424172658427,13.079908924936332],[92.90442277331083,13.078548112729697],[92.90926249791836,13.076622723062552],[92.9131225520247,13.070481080264805],[92.91303691086648,13.06758323487023],[92.9120544908301,13.065474509439943],[92.91103017644828,13.061258283076047],[92.90905971396234,13.061211788187524],[92.90529993997211,13.05967012824877],[92.89840309832796,13.05970474839168],[92.8949580963971,13.057329171445337],[92.8919182971591,13.053505244811614],[92.89003982022376,13.051834249650216],[92.88767515601513,13.045772058611384],[92.88825840256527,13.045026487741847],[92.88959924316059,13.046828462950437],[92.890757866951,13.050781527613758],[92.89464925233764,13.054079777402428],[92.89728617003654,13.057815313033421],[92.89916616559154,13.05847644308446],[92.90328660625956,13.05826247522889],[92.91036482621541,13.056559568321362],[92.91323265210578,13.055333974898588],[92.91506854124957,13.055511978334103],[92.91614464456468,13.05454745740447],[92.91546296242687,13.050381372205736],[92.91384646666532,13.046110111522422],[92.91163123088444,13.042675149565278],[92.91151488651607,13.040331138310568],[92.90938568390023,13.03647772388154],[92.90947506746625,13.033548019031128],[92.90546883675087,13.0283400482743],[92.9037830500306,13.022540086703042],[92.90293453727254,13.021689049378432],[92.90356465418579,13.01936291558895],[92.90499861328989,13.018574534527191],[92.90562840013514,13.016467922626862],[92.90482375836095,13.015500937942074],[92.90554296872628,13.013482254592752],[92.90652800243379,13.013084586421659],[92.90601936293784,13.010488922597768],[92.90801449357289,13.007031454272923],[92.90707868437626,13.003781232602236],[92.9085589970486,13.00176354083399],[92.90833740997702,13.000094850802704],[92.91169822618873,12.998035700659655],[92.91331510084756,12.999074442972109],[92.9133501024691,13.001550270642772],[92.91439707615847,13.001877817340743],[92.91603947129288,12.99935847766037],[92.9157345164756,12.993035721156843],[92.9185128498885,12.991195256277258],[92.91680450723791,12.988989649775462],[92.91865333427572,12.986541467621887],[92.92167362039751,12.986317138172879],[92.9269320999449,12.989581358667445],[92.93071701947741,12.990095336758287],[92.93327903980148,12.989177665249974],[92.93324921087074,12.986208418058885],[92.93052029806564,12.984536674056265],[92.93043513197777,12.981111946055561],[92.93119773786117,12.979927436091213],[92.93508090887359,12.981813396979385],[92.93768847205588,12.980681704283755],[92.93733431538374,12.977476179915865],[92.93845432317737,12.976862846985053],[92.93827797977701,12.97466736380412],[92.93737381478773,12.974143069785255],[92.93850700361372,12.972391797415638],[92.93774704773601,12.969617596823994],[92.93680376205307,12.969292490100942],[92.93492901255274,12.96686264143594],[92.93006437628941,12.966438158497228],[92.93148585688057,12.964604788441699],[92.93081848646368,12.961354963694903],[92.92665976625186,12.957793492564392],[92.92441860813918,12.959985974168891],[92.92190949933438,12.96165123381557],[92.91998678329006,12.959936491814792],[92.91859873184966,12.96015425553825],[92.91887046409323,12.957783708320074],[92.91636560954471,12.956243821030125],[92.91578845461412,12.952642836572116],[92.91426826250607,12.95127981359326],[92.91422584933454,12.949523540851395],[92.91252845702697,12.94679920868585],[92.91064688078087,12.947894403959932],[92.90804594301521,12.951271724728453],[92.90848288344569,12.959131365586305],[92.90982199751902,12.961986968756982],[92.90983931918521,12.963650102799313],[92.90717564917871,12.965715456298486],[92.9064552134573,12.968743977120537],[92.90743868290673,12.971515663372323],[92.90582079552966,12.974319119970863],[92.90577373212953,12.975987459696304],[92.9073441585003,12.978212305538046],[92.90614468779123,12.980855348582558],[92.90733613202774,12.984071962936055],[92.90733393781936,12.985912121974895],[92.9022574189809,12.986453752632993],[92.89950279774385,12.986405388176841],[92.89778903952343,12.987172618891606],[92.89881378150342,12.990730333472984],[92.89849821773878,12.992266589180275],[92.89970398827802,12.994463480517815],[92.89732937038536,12.99564570903586],[92.89536335707113,12.992833099387985],[92.89213244215388,12.990831945408642],[92.8905144215112,12.988151012109894],[92.88821377911334,12.983164094362653],[92.88709266996634,12.984435785643402],[92.88575274294526,12.983653047608191],[92.88337773220434,12.983728090674472],[92.88125989156049,12.982178207253785],[92.88327017617642,12.980355924475083],[92.88307329088724,12.977624834923601],[92.88204701456219,12.97529640912336],[92.87876293571652,12.973648719589008],[92.87882755153466,12.97265752301207],[92.88147309789584,12.969807441996721],[92.8808491289216,12.967918631066409],[92.87870066917752,12.967652142846084],[92.87539338912518,12.96544506344528],[92.87459027453198,12.962597160956385],[92.87772667864972,12.960318575974345],[92.87741664314638,12.958078964437707],[92.87370679915335,12.95436611308791],[92.87411272215125,12.952234817627216],[92.87187752405461,12.950211941458631],[92.87314666460065,12.948759591109752],[92.87658191733573,12.947452690344795],[92.8771459375247,12.944445983755191],[92.87560228498494,12.943982765402891],[92.87256464774457,12.939807384574834],[92.87136062652179,12.936776171687079],[92.86867856860407,12.934357474860215],[92.86456474853793,12.934733108073052],[92.86024067687104,12.934553558536138],[92.8584041484004,12.935385009738456],[92.8564746422391,12.938411567822529],[92.85481767626368,12.93889202119174],[92.8576430607466,12.935471676860839],[92.85738176646538,12.930817325379357],[92.85610238747833,12.931268608722428],[92.8545726677903,12.928959236156214],[92.85389416941479,12.926279507078501],[92.85433246422741,12.918913739306626],[92.85315422923955,12.915136748258574],[92.8553019312079,12.915579054764619],[92.85570902387917,12.912857540803508],[92.85707161606317,12.913560462187633],[92.85915509864382,12.913038336878145],[92.858755761378,12.910798566987072],[92.8565638769197,12.910010035203726],[92.85706128883844,12.906756733133916],[92.85836753977833,12.903349836119618],[92.85939307691568,12.902346853262788],[92.86272099809646,12.902351801959327],[92.86605032367258,12.901435904601483],[92.8660846808515,12.905288517280674],[92.86858000344765,12.90795753086022],[92.87178169652898,12.90980791434823],[92.87371760428347,12.909818020744472],[92.87576736221698,12.908649026232599],[92.8758576744451,12.905300764399799],[92.87347149774055,12.903204596560643],[92.87142945372857,12.899267290472343],[92.87113154304718,12.895718819819805],[92.86999496585834,12.892621837565736],[92.86973344780779,12.88797845277904],[92.87070916415367,12.886432201774515],[92.87349908035023,12.883736038579869],[92.87165486133242,12.882515003491573],[92.86631913520614,12.881848660955779],[92.86457500380719,12.88105580191188],[92.86178923335758,12.881018758024643],[92.85584830366949,12.878351646926067],[92.85034296309902,12.878601936799942],[92.84367837510379,12.876507421783757],[92.8413662973378,12.877477498408481],[92.84162390176603,12.881190022393199],[92.84363355840375,12.88507261876189],[92.84400230172118,12.887203095422027],[92.8434691605182,12.890853534076365],[92.84221082872008,12.892220800800256],[92.83914037321102,12.89255230201512],[92.83650622732287,12.89085784196251],[92.83308433744726,12.887657560765405],[92.83040376482859,12.886329697836544],[92.8281989032666,12.888014862170671],[92.82734255163463,12.890067315203641],[92.82641870598913,12.895360145111336],[92.82290090943211,12.897277252790857],[92.81712854003722,12.897916877273072],[92.8145164848206,12.899138641607559],[92.8095885880484,12.900320428723768],[92.80525155009096,12.899952475498619],[92.80347450662093,12.898912011098885],[92.80164818250528,12.900451188183126],[92.79983681933804,12.9061097566791],[92.79662719587394,12.912451058830298],[92.79456658314967,12.913529324044564],[92.79441685755572,12.915007589127713],[92.79556736494087,12.92129267593922],[92.79552269859144,12.9267952681537],[92.79385404345267,12.928086321378283],[92.79383093500465,12.931253084206482],[92.7949173368106,12.930368822097531],[92.79760357251759,12.930008636434039],[92.79938673138616,12.930513598219923],[92.79901898079794,12.932317700767394],[92.8011380380692,12.935485836313543],[92.80096450875581,12.937076005949558],[92.80172735813984,12.940007128257392],[92.79906889738301,12.943180256554754],[92.80052365598979,12.945055607718993],[92.80138580074637,12.948291995295351],[92.7982933772838,12.949701534053776],[92.7953771098173,12.949677702539248],[92.7946456849466,12.950970385877365],[92.79266514165384,12.951852259188751],[92.79283121828054,12.955972789193194],[92.79216384821142,12.960194008347477],[92.79296183267587,12.960501874131989],[92.79218786354936,12.96605091711189],[92.79329193437327,12.967740924239383],[92.79705236520141,12.964022758901653],[92.79673250264298,12.968101960443665],[92.79820286174467,12.969363705353398],[92.79794089322299,12.971883782028259],[92.7968481865813,12.97452371330633],[92.79574491887335,12.974099173696484],[92.79395904894255,12.976364074530823],[92.79337548507112,12.981171874733183],[92.79485738577897,12.987303740509681],[92.79801207673921,12.990135517759528],[92.80080484093523,12.991519446329551],[92.80245918542508,12.988747102991146],[92.80343758175611,12.98530958057636],[92.8055937867465,12.98340638778051],[92.80763625674554,12.98304571186484],[92.81149507853118,12.98430174878833],[92.81333752469195,12.983078992172057],[92.81524389276667,12.985023126564016],[92.81590055313958,12.986794905665716],[92.81847118092574,12.986152203997493],[92.81902504674598,12.987140619124819],[92.81860292726061,12.99030175732473],[92.81679569691234,12.991597595901945],[92.81290495863693,12.992170032349218],[92.81238135768658,12.993735522316848],[92.81063446130821,12.994451102999378],[92.80856147152109,12.993865265683318],[92.80977435366326,12.99526343671014],[92.8084849226294,12.997883217372669],[92.8112957632463,12.998943576239045],[92.81341588005145,12.99785749869553],[92.8150426577891,12.998837929791955],[92.8167104754249,12.998669475326508],[92.81903372186994,13.00095701773549],[92.81951699293592,13.003916290292638],[92.8209658558249,13.006126606570213],[92.82340180789699,13.006523186347726],[92.8239158950042,13.010508062174978],[92.8250609979873,13.011020712267682],[92.82543881806774,13.01347304179376],[92.82169135714484,13.011696205861412],[92.81843689630436,13.012168013384034],[92.81783788469885,13.01100878675658],[92.81676006317848,13.011756121935443],[92.81589420858047,13.01042666613571],[92.81530943420304,13.007224846440021],[92.8141495674788,13.007340918654148],[92.81270122972566,13.009365709997315],[92.80995809833479,13.009224867467163],[92.80836207891637,13.008438974102821],[92.80687206086144,13.006631705163231],[92.8057606524518,13.00673195966598],[92.80478486742794,13.00867122171245],[92.80595577207868,13.01246729952124],[92.80241726388267,13.012140400063874],[92.80085849072303,13.00995841267086],[92.79877528443035,13.009750491360588],[92.79620207692584,13.011652885078272],[92.79384117481675,13.011376335033404],[92.79106017984552,13.012937797671265],[92.78837898418863,13.016848950624514],[92.78868856833802,13.018449916591692],[92.78785070280725,13.019570129202192],[92.78969394134356,13.02080516621916],[92.79139335708356,13.025580076805609],[92.79350245880428,13.025677328080409],[92.79355895062403,13.029534431270106],[92.79488574314722,13.029905576079901],[92.79495089279057,13.031630078514201],[92.79387082061606,13.033135225697752],[92.79251624754853,13.033200942082772],[92.79240968163607,13.03449470517259],[92.7941367517686,13.039639501760183],[92.79647987347491,13.0402905917263],[92.79437481640745,13.042398080422341],[92.79492471747471,13.045565822085889],[92.79652201160674,13.04575590729315],[92.79454068051663,13.04665478926012],[92.79662530649277,13.04979768452642],[92.79670833610008,13.051088294186403],[92.7947037426805,13.052443802356139],[92.79455995069364,13.05509955151052],[92.79355164494596,13.05567664561956],[92.79306069499215,13.058229627457234],[92.79392701954232,13.059320797375348],[92.79364284013292,13.062759475505924],[92.79550399688378,13.064514638878507],[92.79723722284868,13.068728608912512],[92.79616315306154,13.071106476914247],[92.79796403000022,13.074038041956799],[92.79743958918307,13.075909944934995],[92.79615456462304,13.075805536731144],[92.79725608572829,13.078487471691732],[92.79707685992985,13.083114255045922],[92.79563826438168,13.084820833763475],[92.79731432447281,13.087453099470665],[92.7969279248017,13.089801955381361],[92.79973979910451,13.090828414660926],[92.80210810306447,13.087427411127676],[92.80100366282556,13.0838088355812],[92.7997548805364,13.0825199365878],[92.80271743343016,13.080529142200984],[92.80289424772783,13.0771811281693],[92.80522167608488,13.075174332048407],[92.80702815903776,13.075041229896666],[92.80820710217453,13.076200994134103],[92.80966684049928,13.075726766877837],[92.80998699241316,13.074179816967868],[92.81146324040706,13.07663200495488],[92.81194208667927,13.079205625452765],[92.81090984837948,13.0799512448163],[92.8069034125464,13.079531862646396],[92.8076685006773,13.081458456416883],[92.8092724754024,13.082638509616638],[92.80791856191306,13.084890914397834],[92.80561249924811,13.085138078391244],[92.80519884900212,13.087909473317215],[92.80665300090646,13.090602024799812],[92.80654489355113,13.092312205656148],[92.80765528696477,13.093464050661737],[92.80796416355184,13.095575758737441],[92.80723095882232,13.096777367764945],[92.80751671919306,13.099428795740945],[92.81113519804279,13.10088462375949],[92.81045414495962,13.101879496662164],[92.8132294953793,13.104029440791852],[92.81476772695454,13.102980567552352],[92.81465913899366,13.101001297170482],[92.819110060463,13.09852302686186],[92.82064523010287,13.094677790978004],[92.82231084195016,13.095736147354533],[92.82063561444602,13.100228136559894],[92.81966109001579,13.101282103051838],[92.81975653950647,13.103159267682901],[92.82214815808824,13.102912123941042],[92.82034642234811,13.106731452099911],[92.82065671947406,13.10809402077389],[92.82312451881204,13.112957434786743],[92.82471224200714,13.113378693587675],[92.8254730822367,13.115395783316435],[92.82377009399951,13.115828828137046],[92.82067953079422,13.114972414159416],[92.81894123436543,13.115684586243965],[92.81765700222162,13.115001411259847],[92.81560590720122,13.115781137205149],[92.81491754556838,13.119239734478176],[92.81357545870671,13.121480900812628],[92.81180682355735,13.122721151351328],[92.81162961292789,13.12469582054278],[92.80975000919099,13.126667580766728],[92.81103190115131,13.127252413258448],[92.8140782215739,13.127083561451146],[92.81710586813375,13.127863614563335],[92.81892058404611,13.127534383343864],[92.81978666528198,13.12896598255622],[92.81978275400802,13.131213356076396],[92.8212732902094,13.133190815165024],[92.82388835493613,13.133803232196506],[92.82582645560063,13.13217682560755],[92.82586669130568,13.128976075708785],[92.8285035620094,13.131091582971639],[92.82863320115844,13.132400745307134],[92.83038336459067,13.131553792692237],[92.83024425587737,13.129017302951084],[92.83121838820057,13.128235711510687],[92.83153464774283,13.12612504639976],[92.8304241542067,13.125374110688728],[92.83139873182847,13.12432010779219],[92.83369167319294,13.124357877214264],[92.83405659186754,13.126072353021076],[92.83535696783744,13.125756667861861],[92.8343442803786,13.12881965007381],[92.83444621941523,13.130181866107229],[92.8367393870651,13.13011745549139],[92.83799052684985,13.128134057786783],[92.84244205124047,13.127232189635599],[92.84361799072184,13.130468923339299],[92.84267840561508,13.131386822589862],[92.84274368448054,13.133940773823735],[92.84378375920508,13.135304469321339],[92.84027681932004,13.13397090891727],[92.83947465694493,13.135808398566068],[92.84206563685044,13.139274873284881],[92.84335988141632,13.13952616087934],[92.84600253062506,13.138270426451705],[92.84718345271227,13.138510639433292],[92.84735190149732,13.141745774927665],[92.8446419101826,13.141673413791608],[92.84356106422837,13.14395314460347],[92.84345380099946,13.14579174436],[92.84199342221487,13.146436402890563],[92.83928576199577,13.144933835192292],[92.83660786376493,13.146427798280756],[92.83424809324181,13.144687380396846],[92.83271751712853,13.145740488923774],[92.83281660463646,13.148787733255297],[92.82864576078731,13.148794767398622],[92.82548841658486,13.147031709153458],[92.82176349349793,13.14609386878469],[92.82096630902001,13.148349461520892],[92.81404644467123,13.152962393840177],[92.80995886304436,13.152608268250823],[92.80970145183413,13.153908416392747],[92.81232032790184,13.156118139062999],[92.81292605636534,13.157761699926718],[92.81284623975984,13.1635843040095],[92.81423157509285,13.168188474490126],[92.81606711901064,13.169650863626353],[92.81599420265636,13.171591654468763],[92.8140817442387,13.172303484637963],[92.81529357540644,13.174791269581245],[92.81734773938402,13.172547370817023],[92.82058447749381,13.172642068651248],[92.82425963905601,13.174397692661607],[92.82440169616963,13.172627270546423],[92.82582711517149,13.17222101703992],[92.82697050313084,13.174163819774277],[92.82884766855528,13.173758293127074],[92.83076230132731,13.171752411483027],[92.83373409181627,13.17048336905367],[92.83450134661538,13.171405397480328],[92.83551219564264,13.175018262641789],[92.8286997600431,13.178967873823064],[92.82883730399185,13.179819378829988],[92.82548030067144,13.181907985366298],[92.82539738830565,13.179609398773973],[92.82386850010653,13.179402982229243],[92.8221629617277,13.181136322710088],[92.82386366702077,13.182330942840515],[92.81916984419514,13.18375324379726],[92.81906314742905,13.185149159207162],[92.8231265240663,13.186586102755031],[92.82280862117125,13.189548017434085],[92.82447210989109,13.191478767410397],[92.8245536314797,13.193739004419383],[92.82316905092259,13.19509104687462],[92.8207480597513,13.19540135597023],[92.81929042824514,13.194275222326866],[92.81883596386834,13.19580675660823],[92.82039720515874,13.197307624947637],[92.82056412772005,13.201223773201187],[92.82309844951997,13.202760309263391],[92.82243546961271,13.204291499623698],[92.8250398713141,13.205521674187775],[92.82534918411824,13.207531198277884],[92.8274353084916,13.207023885950289],[92.82923936926959,13.208865614096986],[92.8288551454834,13.209988665224126],[92.83059071755808,13.211251405876169],[92.83246237396186,13.214250958386328],[92.83227051038659,13.21516862030579],[92.82854874687224,13.21525091741377],[92.82679195816456,13.217340283876013],[92.82429121639264,13.216382705644989],[92.82387261556524,13.217267335027516],[92.82557292549714,13.21883650758022],[92.8272404952906,13.219247882486288],[92.82636954460759,13.22043822611972],[92.82793256598428,13.221019677106057],[92.829353768995,13.223235335705455],[92.82813513098385,13.224493213582873],[92.82650357370987,13.223332783974698],[92.8261173714973,13.225579509461875],[92.82750488150954,13.227182203307342],[92.82804986135073,13.233652790253748],[92.82735212207642,13.235149877843904],[92.82800859760161,13.237432380405428],[92.83036843428685,13.239615530531024],[92.83078198450848,13.241693317126499],[92.83279591708552,13.24292245278899],[92.83408454894303,13.241426311298914],[92.83613204809677,13.243370545326824],[92.8392954803965,13.24317134800492],[92.84033956619682,13.242389852287806],[92.83978604303134,13.240822616342342],[92.84131526313459,13.24092722143783],[92.84107490518248,13.239156183643653],[92.84375363591631,13.237764368280796],[92.84370608513714,13.23579125596158],[92.84515769516126,13.236379514509617],[92.84545635113062,13.23803947982111],[92.84810850260084,13.238153680489273],[92.8504593569775,13.239409395997061],[92.85364446753891,13.235910802022048],[92.85289340529434,13.23883432604362],[92.8499690661799,13.241655998415105],[92.85013941616224,13.243767427619957],[92.85189073898566,13.246970711440662],[92.85359065487688,13.252581749334277],[92.8538425392237,13.255344484302693],[92.85477721937792,13.256135176444204],[92.85372936874862,13.259232192111186],[92.85126709418336,13.262623003795056],[92.84853321602016,13.262200179006097],[92.84681439965624,13.263152586073229],[92.8452433869944,13.261738636804427],[92.84380014821252,13.262110903594198],[92.84051617328103,13.26149273249123],[92.8395107089167,13.259924772277303],[92.8375962966107,13.261419925798368],[92.83742125011733,13.263856581531824],[92.8361364440934,13.265612347039946],[92.83569867009517,13.267558914267035],[92.83445460382633,13.269144381919581],[92.83245468797,13.26979169594669],[92.82785007230562,13.26889517152646],[92.82475827677831,13.272792418810608],[92.82535488608534,13.273714190525341],[92.82477274451917,13.275784515946707],[92.82239471633629,13.277155471204651],[92.82219423240983,13.279553406823725],[92.82442115493897,13.279469396830407],[92.82570025902513,13.282279262370938],[92.82539768885711,13.284560041071373],[92.82402647865258,13.288324747163704],[92.8277639841657,13.288381253578034],[92.82945294564787,13.287930201216884],[92.83041081225066,13.286586410745317],[92.83417002930685,13.28447844915967],[92.83516637965103,13.286139135293944],[92.8356485096192,13.285095248523344],[92.8391876630171,13.287946102055638],[92.83664456644276,13.290837459160901],[92.83550570808703,13.29326312585452],[92.83617057103844,13.295914336630664],[92.84052220665993,13.300190431677326],[92.84168413690095,13.300656416533638],[92.84128134842682,13.303742979031908],[92.83913328449798,13.306528601377394],[92.83751301339976,13.307041826906547],[92.83375371544089,13.304988394962386],[92.83255703463736,13.306244061192992],[92.82816535499195,13.307260461076304],[92.82610177757043,13.308982610351215],[92.8245481028747,13.309418722096783],[92.82293659143853,13.308772581809041],[92.82183035313858,13.309501897776046],[92.82212637136486,13.31099399985012],[92.82895979322052,13.31208486690661],[92.83009705650768,13.312732880772993],[92.83155633003359,13.315104308529754],[92.83146342081476,13.317034467203984],[92.83012517195095,13.316754290363082],[92.82724803937508,13.319601233256819],[92.82791924866774,13.322770638074866],[92.82671923764785,13.32469389268315],[92.82723036450423,13.32977920221852],[92.83003173037481,13.33329350668371],[92.83468348640365,13.337658986031242],[92.8338116379705,13.340988072301725],[92.83501940394805,13.342086816731408],[92.83625347525978,13.34772893512503],[92.83377233358895,13.350858900155101],[92.83358962403507,13.35289858476464],[92.83617952484524,13.35801375615161],[92.8364634677765,13.362949662273039],[92.83594255677171,13.365602981244466],[92.83886991313973,13.369994812117202],[92.83971152880065,13.375441406969317],[92.84158902778094,13.377453399315424],[92.84266876517908,13.375791873523038],[92.84325172924457,13.377128563910327],[92.84479523257365,13.376935923115445],[92.84670322550748,13.374745443760625],[92.8481874393827,13.371391702724036],[92.84951178354699,13.369858330058966],[92.85156856780794,13.36945989190625],[92.85246705629355,13.371069432260622],[92.85161402885878,13.372099050296946],[92.85165411688271,13.37497264052403],[92.85455839558223,13.378148749484318],[92.85626369008548,13.378445637594448],[92.85769521718849,13.379895593798317],[92.86251043720169,13.380977849273847],[92.86645327671708,13.381203214629682],[92.8653518707921,13.383460880677982],[92.86696968786735,13.38477558477063],[92.86694449681775,13.387223288326352],[92.86570189142157,13.388791696543299],[92.866349124138,13.390382992197074],[92.86420331206722,13.390073081810865],[92.85947841163879,13.385579600628132],[92.85730513829975,13.386769711318262],[92.85234510889907,13.38743161068838],[92.85117331799201,13.390318061612852],[92.84962155983655,13.38930171047379],[92.84623257055844,13.391285117668142],[92.84615406431492,13.392635263552272],[92.84395934790042,13.392958304594739],[92.84299997118123,13.394984554783107],[92.84323965414755,13.396636337862716],[92.8418794054261,13.398102427310496],[92.84334811240157,13.401146483600465],[92.84338427578706,13.403330316671905],[92.8452140187609,13.40489309830092],[92.84441335080125,13.40727056858321],[92.84572391018193,13.409651425582979],[92.84738839508779,13.411099074195299],[92.85125214102,13.411621025636514],[92.85233475830132,13.41071482146393],[92.85245708365028,13.408999191192867],[92.85409602931155,13.408586435144127],[92.85573597239008,13.409361530247986],[92.85863725901318,13.408953983754374],[92.86009343740652,13.407365816572984],[92.85995318434598,13.404565337540816],[92.86323090257962,13.403382309160623],[92.86525631995706,13.401297803330845],[92.86808253115524,13.402549968261797],[92.87014984483538,13.405126830599784],[92.86918952844817,13.407855110359577],[92.86958554349572,13.409337557690336],[92.87243723934367,13.41253707584154],[92.8734483244122,13.410137594594442],[92.8742334097212,13.412239633192483],[92.87336165620897,13.414607693584713],[92.87128805977176,13.415969451200551],[92.8686577879004,13.416599442241118],[92.86836798149997,13.419767013754598],[92.87028554415421,13.420179519350569],[92.86952416575402,13.423025083817413],[92.87075597232023,13.42378852102849],[92.87011877896653,13.424897790206153],[92.87242764326113,13.425993148359357],[92.87402260513733,13.425059626226684],[92.87510100043636,13.423267413795285],[92.87529800898126,13.424671565042317],[92.8772490788403,13.427564994787923],[92.88166563525688,13.428853528440499],[92.88294164132076,13.428075467478575],[92.88389550697325,13.429558706612926],[92.88377043175838,13.433224156476705],[92.88320806637734,13.43626503163805],[92.88145126291371,13.438797210523285],[92.88252640246284,13.439149745624551],[92.88224401742343,13.441450098262282],[92.88085988835674,13.443527434182215],[92.88080410976352,13.445146115270061],[92.87737171675856,13.444146468576063],[92.87511926556992,13.445709654739854],[92.87421199246995,13.448412024380675],[92.87431207859159,13.45236376541586],[92.87510511705014,13.454808697273554],[92.87525995905912,13.457720624846315],[92.87621199280996,13.460425761265014],[92.87551943592827,13.461672600362144],[92.87320043909172,13.461833188366311],[92.87110509729061,13.46483765724207],[92.872428911033,13.467595361770417],[92.87205008967486,13.472014327545295],[92.87428312741136,13.47092579194546],[92.87619585169577,13.47082465531641],[92.87730756782976,13.473374038996335],[92.87634845027834,13.475192422239177],[92.88027806343362,13.476394112058331],[92.88330432680905,13.475788629341821],[92.88574851564557,13.477545985697413],[92.88845727665752,13.478069844292545],[92.89148675781534,13.477294266845831],[92.89435845030393,13.475426543073754],[92.8965897434761,13.475481685616028],[92.8988195214741,13.476576700430892],[92.90263799072508,13.481261529846684],[92.90226368062116,13.482924839898892],[92.90417357839941,13.48485127918028],[92.90390246389416,13.488646515597225],[92.90490985999112,13.490103750094777],[92.90348517429945,13.496381679323065],[92.9067573434708,13.498581406256832],[92.9101588148037,13.497910109171963],[92.91446258165486,13.49791590393162],[92.91748741618773,13.500623652521842],[92.91892173507667,13.50083352969989],[92.92067728297593,13.49927599994035],[92.92084209759614,13.4953246220499],[92.92164078909728,13.494077794838189],[92.92588848429591,13.496215100971474],[92.92711139616787,13.498971986542967],[92.9273081313985,13.500844048673038],[92.92894167848573,13.501080120535665],[92.92977676642079,13.50240705303454],[92.92618238447061,13.508212841701214],[92.92671682744094,13.509987320960132],[92.92558028982735,13.511409734776736],[92.92294878374793,13.51234221644326],[92.92432107170308,13.51482627763695],[92.92744394839839,13.5147087979518],[92.92704788422186,13.516559098833877],[92.92763891487614,13.521590338607048],[92.92607224371625,13.521719571991577],[92.92552798934695,13.52061271381992],[92.92206052055187,13.520764180560194],[92.9191087775746,13.522632104060309],[92.91724437066917,13.522249149208871],[92.91599773523488,13.524382789523278],[92.91405354747825,13.526055430899],[92.91470964222005,13.527804408527407],[92.9166279158549,13.529765064053256],[92.91407708686967,13.529839643276581],[92.91403411472743,13.53206235189024],[92.91494827916362,13.533857387241202],[92.91729732706499,13.535615337449814],[92.92120160785524,13.536790375415181],[92.92276289369211,13.535975792876695],[92.92470896861673,13.536449539893129],[92.92799642618029,13.538451395671164],[92.93058243227665,13.538217164204799],[92.93283698762352,13.538794188210092],[92.93291907549182,13.537000479566395],[92.9341586531687,13.538242565991794],[92.93742115496134,13.538293010367312],[92.9407339120998,13.536453280047569],[92.94714757595183,13.537174094470325],[92.94934916626025,13.539086629783643],[92.950409991025,13.541818542372104],[92.95144506158562,13.542794680579739],[92.95415434619373,13.543616815828027],[92.95877735778768,13.541178585363378],[92.96083087072158,13.541013557657006],[92.96185601301798,13.542270334631361],[92.96587690006776,13.54244234704153],[92.9687023808466,13.540604002496737],[92.9670778360539,13.539765105725936],[92.96817369204763,13.53880219166177],[92.97062121866028,13.53872225435274],[92.97086195021193,13.537357661020293],[92.97365293819716,13.53646385167367],[92.97272550127185,13.535066826277541],[92.97307359544399,13.533744955388332],[92.97461449418792,13.532909592511224],[92.97393326343852,13.530146529207958],[92.97521956453764,13.527496479898339],[92.9779273523027,13.527850401239492],[92.98446468279663,13.526843523160398],[92.98822289808929,13.527734392942344],[92.99001999268705,13.527234026790156],[92.99028145047498,13.52872143815038],[92.98936092331236,13.532269128376626],[92.991948056064,13.535508487507157],[92.99194666974672,13.536795357731972],[92.98959450414021,13.537377861510736],[92.98775862680924,13.539637716874696],[92.98695711907993,13.54361447621628],[92.98547902745575,13.546654609342182],[92.98240686887598,13.548308378218497],[92.98100865565208,13.552226272853877],[92.9809668235676,13.553981050029764],[92.98388760400562,13.555641031521299],[92.98531040570778,13.554960588137863],[92.98546829063497,13.556364613194267],[92.98395088945072,13.55881974930802],[92.98482404800019,13.56221333220987],[92.98773015316989,13.565609053597692],[92.9882438203418,13.569743169293554],[92.98668894808878,13.569975509987739],[92.98820002628219,13.573330754547712],[92.98947452071602,13.574345984465426],[92.98975513170974,13.572903424290065],[92.99310559188591,13.571035088204471],[92.99374071329586,13.567835488697739],[92.99228702265839,13.566996928303722],[92.99458778680305,13.56421230680976],[92.99781780520466,13.56300671137292],[92.99997192130142,13.561449036000493],[93.00216498040805,13.560749293386504],[93.0029654539706,13.557591404533381],[93.00456065204429,13.556813055774025],[93.00579965084914,13.553538596923804],[93.00532269584063,13.552212264140262],[93.00716056627205,13.547924484998992],[93.00736294199099,13.544882984535368],[93.00908052488558,13.544245538013111],[93.00800244158656,13.543128777883958],[93.00967588932579,13.542488902610783],[93.01131069549481,13.543053964850486],[93.01226592147634,13.544419740049618],[93.01366190566863,13.543446160475497],[93.01357772227284,13.547969632392952],[93.01521007869583,13.549842983337703],[93.01424985770365,13.553507716398752],[93.014725867624,13.555847932140825],[93.01635710468145,13.55893015524583],[93.0152198176844,13.558950414878197],[93.01419705377194,13.561326544362275],[93.0148792453953,13.563670970242965],[93.0160763900072,13.564425451309488],[93.01590337771657,13.566350537925363],[93.01675672961736,13.568695116192997],[93.0163269407397,13.570703668751554],[93.01991762879156,13.573887849811186],[93.01991891887815,13.572548548254145],[93.02231620947266,13.571044029121902],[93.02453878468741,13.573306121090875],[93.02660907852979,13.578623889693358],[93.02787081639772,13.578750028010038],[93.0292426990683,13.57573781408228],[93.03027443624052,13.57038151081943]]],[[[94.25983992183852,13.435718292024905],[94.2519886844131,13.435796678954192],[94.24638978315674,13.442780768802482],[94.24927394900985,13.452185557770592],[94.2529539609295,13.461582139092089],[94.2597239721046,13.46677737626874],[94.26872948377412,13.46864854995088],[94.27576452165289,13.468584553932049],[94.27432713400245,13.461651774475193],[94.27344978280479,13.456119539332358],[94.275653797905,13.449722551603058],[94.2711115349788,13.443110469043827],[94.25983992183852,13.435718292024905]]],[[[92.90322566535795,13.599928559243308],[92.90391309593237,13.597962516190558],[92.90334391663795,13.59610252900356],[92.90058239175931,13.593479804995575],[92.8987395285557,13.591107682277999],[92.89471131991031,13.589142815778162],[92.8925746743441,13.5873819474269],[92.88955128745906,13.581531322345997],[92.88900998831602,13.578768368450769],[92.88628856600634,13.574872269361316],[92.8850055118976,13.57461928871451],[92.88217353695045,13.580076688823594],[92.88434754236945,13.585227562176646],[92.88678211801461,13.58789912276482],[92.88707804901588,13.592184206077015],[92.88847177527822,13.595152266279348],[92.89100578922277,13.59581508342415],[92.89038640767197,13.597238807886724],[92.89552936711844,13.600697625591204],[92.89699965451051,13.600374944915712],[92.89950142855939,13.601194571347515],[92.90194656004141,13.600958933914015],[92.90322566535795,13.599928559243308]]],[[[93.06647833029015,13.652499870099543],[93.06693744365289,13.65131494634715],[93.06469390066275,13.647338313773085],[93.06322993349617,13.64824784433839],[93.05874254054977,13.64716035614494],[93.05489865175336,13.643372361938555],[93.05469668602186,13.636316376072221],[93.05127392844008,13.628999716816525],[93.04854343148341,13.624690094346937],[93.04850881092602,13.621943722690503],[93.04726078499571,13.621032078179725],[93.04693979779282,13.622856379632617],[93.04555810843473,13.62467320474957],[93.04589580291024,13.62726082708145],[93.04457788339829,13.630251809199718],[93.04422640120204,13.63236436706449],[93.04279992842605,13.635352748432481],[93.04310331533341,13.637567811191133],[93.04739026843883,13.642511476339836],[93.05025775567714,13.644303843347123],[93.0524107062684,13.647509403952343],[93.05410753802217,13.651767694763299],[93.05536368634493,13.652014407970269],[93.05617504991137,13.65393748036552],[93.06293889843614,13.654491541599903],[93.06647833029015,13.652499870099543]]],[[[93.0158761624863,13.675751580309026],[93.01875967537173,13.674713572966969],[93.01958989764076,13.672213742478053],[93.02164039646398,13.66887668041007],[93.02154612676588,13.666997525647298],[93.02255165627672,13.666593725880686],[93.02282573319931,13.663478192007592],[93.0242404736826,13.662678133707004],[93.02524811669701,13.660019441420687],[93.02399325470824,13.658413865224405],[93.02534037524109,13.656246930395378],[93.02559726519885,13.650306408036403],[93.02462874113861,13.650731933803204],[93.02485959920156,13.648874753964686],[93.02774647959937,13.64384722171827],[93.02944962207243,13.640148412891978],[93.02930426647264,13.637517579825136],[93.03161277748872,13.634383012194915],[93.03115744818415,13.63130381989944],[93.03170511757648,13.630393670631998],[93.02959062916824,13.628320574915257],[93.0256929988654,13.627179438132359],[93.02391325383421,13.627344015492096],[93.01933267062016,13.632687978471562],[93.01730626462431,13.634355572084962],[93.01782457416994,13.636665550764162],[93.01555913729906,13.63754835431934],[93.01464123876706,13.639123016358186],[93.0148474848386,13.64153839973031],[93.01574662766777,13.642260664368287],[93.01517732703387,13.644149747534952],[93.01349749902116,13.644845871742783],[93.01298159443422,13.643443302497046],[93.00955124016417,13.64481317195909],[93.00832968243746,13.646972918460348],[93.00730298095003,13.646458785532465],[93.00341539737241,13.646830769962731],[93.00216621495538,13.64913645953751],[93.00024984571743,13.649284849560276],[92.99886284497757,13.647057477499157],[92.99549358783776,13.64646141715034],[92.99437220749907,13.644682377290565],[92.99148921135028,13.645488839252517],[92.99115041825677,13.644433316584951],[92.98828283232368,13.64466158109562],[92.98736872163919,13.642622551267841],[92.98600883837177,13.642736743179317],[92.98631913005337,13.644663521619892],[92.98406776231953,13.647114344654744],[92.98172629777511,13.652590026095355],[92.98036709449578,13.652053742376197],[92.97890301387172,13.652760410219202],[92.97691989115363,13.65495529713332],[92.97702091226574,13.657080196091124],[92.9788034602938,13.656906517603696],[92.98108454376074,13.658053076073017],[92.98061060331895,13.658890913092641],[92.98152357946337,13.661934542142731],[92.98069526878272,13.662432319348309],[92.98230316990723,13.66531047337343],[92.984948013653,13.666223935503602],[92.98553825634448,13.665541325497232],[92.98908594947977,13.667008857741907],[92.99221958889851,13.66704104597122],[92.99301689520358,13.667865771313872],[92.99705237496019,13.667754284421628],[92.99780703163117,13.667003427011366],[93.00049487132091,13.669275479712663],[93.0038340320406,13.670709798407852],[93.0055379381148,13.666823262536111],[93.00733871823792,13.669325635169823],[93.00717109421072,13.671193887792914],[93.00925737497168,13.674032045581388],[93.0111321494984,13.67473524901152],[93.01283258185114,13.674230979353226],[93.0133052660927,13.6720879322973],[93.01432725354901,13.672503901007188],[93.01427998991926,13.675460980592023],[93.0158761624863,13.675751580309026]]]]}}]}
