{"type":"FeatureCollection","features":[{"type":"Feature","properties":{"id":"03-479","name":"Amritsar","source_name":"Amritsar","state_id":"03","source_agency":"Survey of India (SOI)","district_code":"027"},"geometry":{"type":"MultiPolygon","coordinates":[[[[74.9084286500259,32.05143196450547],[74.91188864660971,32.047814918084754],[74.92074113730827,32.040350405948566],[74.92261049905248,32.03923632783974],[74.9262819224506,32.03096773637536],[74.92798864869008,32.02649023064627],[74.92933530940944,32.018670386042366],[74.933660973229,32.01652473302456],[74.93357552806111,32.01466824797641],[74.9355574026746,32.011563635023435],[74.93417312725599,32.010526025020106],[74.93255502178113,32.011187787396935],[74.93083992063156,32.00972906481444],[74.93160761305433,32.00831503346305],[74.92579858583338,32.00706925046851],[74.92222707811526,32.00482609573431],[74.92077103225391,32.00257032310812],[74.9189683642166,31.998420294289613],[74.91947856967587,31.99359154972035],[74.9173593988833,31.99027939384794],[74.91665144852978,31.985160772306127],[74.9199814850749,31.98265679861979],[74.91743850629918,31.980251773652924],[74.91819367916678,31.97870755107755],[74.9171813609849,31.975433849229006],[74.9203179803803,31.973231330056443],[74.92189317879418,31.972985673609497],[74.92501280298092,31.970094551475988],[74.92858797719175,31.968903513968908],[74.93319468749341,31.964255198106937],[74.93504416886772,31.9633595992094],[74.93910392564355,31.96254491427429],[74.94169810130852,31.96303161705357],[74.94754448493948,31.96551735564508],[74.94844298400827,31.970399166312163],[74.96142803448906,31.973292967794126],[74.9647283126882,31.973664854503728],[74.96730615399238,31.974735209234385],[74.97329714821977,31.976137416040185],[74.97394260385926,31.973265942717582],[74.9737671703723,31.969279719034123],[74.97182190101557,31.960293928827635],[74.96872186757643,31.95940152547033],[74.96447872125825,31.956877334113475],[74.96045813237637,31.953518375968237],[74.95460492662882,31.954693502904952],[74.95050381559726,31.952713301862094],[74.94870814593762,31.952387846869954],[74.94278024016347,31.94957391657137],[74.93755879917045,31.946056155190643],[74.94199597598953,31.943153231016634],[74.9386663306138,31.941390565880443],[74.93271144722789,31.940714035831135],[74.9287700444223,31.93858261833013],[74.92822147242843,31.940000635519848],[74.92594263302477,31.941376224367712],[74.9244942203338,31.941292992231823],[74.9157612677503,31.942240667048626],[74.91243936126659,31.941318212851357],[74.90995926726465,31.93923631134129],[74.90501855976007,31.936501160892117],[74.90208285901504,31.93166954431847],[74.89850793655114,31.93186431632101],[74.89727871856299,31.930172014127418],[74.89610476293934,31.93034722761985],[74.89694139393904,31.93264813699897],[74.89401907636903,31.932873191818164],[74.89238626775283,31.93385822969663],[74.88940726865226,31.931549207537973],[74.89055791787588,31.928497434879276],[74.88841874284671,31.927377551904627],[74.88938825896808,31.926722476830694],[74.8942681046554,31.917745981650125],[74.89765799337626,31.91270284816754],[74.90120165687489,31.908354843827333],[74.90284037859912,31.90748405486829],[74.90224560705154,31.902166629132807],[74.90756405758938,31.898075152953474],[74.90655400494525,31.894680826723846],[74.91022992125902,31.891736594136777],[74.91177332516475,31.891134196318365],[74.9193611175337,31.892683786850622],[74.91867064451671,31.888805976351208],[74.91847478758088,31.882692208780735],[74.91746694305859,31.88245564598034],[74.91651693360349,31.879267482223945],[74.92100018356616,31.877315418236645],[74.92421070457395,31.876624441831574],[74.9306091324741,31.872812600021756],[74.93142958267444,31.87120435087846],[74.93447620472992,31.86825821695917],[74.93913612731932,31.866775178313326],[74.94034573966371,31.87015501433682],[74.94437471898293,31.87042109434669],[74.94335728091895,31.868828771164477],[74.94462852163034,31.864848307253382],[74.94185174175853,31.863604509866324],[74.94190160697612,31.860816270599212],[74.94445692570623,31.859365459358916],[74.94694932640891,31.85905656948755],[74.95099962857687,31.85594434915823],[74.95761423075426,31.856396541376693],[74.95925187501946,31.854622367209767],[74.96197762585956,31.85401305966752],[74.96259898920889,31.85058982795212],[74.96432649851673,31.844397099673934],[74.96410509631717,31.84278747714885],[74.96196978193737,31.841015283154768],[74.96519957025305,31.83832878156463],[74.96911246857312,31.831402365713313],[74.97393143301002,31.8345339512988],[74.97853461115258,31.83523063011814],[74.98349560066104,31.836464064222355],[74.98621623996108,31.834004957952185],[74.99277504544153,31.831050707768103],[74.99493678202103,31.8308882450568],[74.99663147522949,31.832015522694572],[74.99748984863852,31.83110304063017],[75.00040074233279,31.83296472081258],[75.00235558277166,31.83031777120845],[75.00622948435303,31.828871853818633],[75.00993217352313,31.825216572437512],[75.01282097254061,31.82057443535492],[75.0146987776317,31.820264815549766],[75.02316621178605,31.82106673679765],[75.02690087781164,31.822785730494292],[75.02825048464946,31.822760443400604],[75.02783423346179,31.818164824983224],[75.02357806095957,31.81666019063798],[75.02901233207297,31.812729545065583],[75.03150853110562,31.81475932690781],[75.03525065803692,31.8111530581755],[75.03414986430681,31.80858085728395],[75.03549878718357,31.80593285403832],[75.03991295962959,31.802637550505768],[75.04543201574435,31.805578795000873],[75.0515961705131,31.8073386318314],[75.06001469133088,31.808884488429857],[75.06120877530657,31.80999417255087],[75.0611734524283,31.807742994632275],[75.06398002089527,31.806845730357487],[75.06703728655422,31.80761801150035],[75.06879452212696,31.806853408636634],[75.07064640578129,31.80770530954327],[75.073609684256,31.806398172663027],[75.07601178004654,31.804195738004406],[75.08028616925331,31.80117056970907],[75.08157644708322,31.797644776416366],[75.08258152890417,31.79222465104975],[75.08941615514146,31.791821619721112],[75.09311254465362,31.790369045326496],[75.09528191012473,31.787797078179583],[75.10265528107199,31.782407676764254],[75.10693209479666,31.78224053050542],[75.11134274294844,31.781600237798376],[75.11374507342121,31.778435182812135],[75.11152997567552,31.775515836099167],[75.1087852891588,31.77355224186953],[75.10791083874727,31.77197410593981],[75.10665971853963,31.765476985300403],[75.09975705274198,31.76431628112432],[75.10109167648235,31.759438755317877],[75.10252403304057,31.759047716949535],[75.10405529248085,31.75560181421745],[75.10664147284034,31.754697518587424],[75.11152543297608,31.754261814110635],[75.1149610522916,31.75298188463318],[75.11896298936645,31.75375653613753],[75.12374774877054,31.75668082180772],[75.12584748037501,31.75416383585376],[75.13251714207406,31.7539065491841],[75.13401715130067,31.752481475174395],[75.13750117389087,31.75195590706321],[75.14361590862589,31.756644777840062],[75.14443430363305,31.758973594644406],[75.14633372384168,31.758043788193085],[75.14628455282177,31.75657462429427],[75.1483929102087,31.75343620976399],[75.15022954132236,31.75162689749911],[75.15224375801108,31.74845250557844],[75.15529540355607,31.746902912074493],[75.15551872548704,31.747908394666858],[75.15974492485256,31.74803614967136],[75.15980373755662,31.746554323016927],[75.16515267806498,31.74587737556467],[75.17068093910898,31.748082925737094],[75.17329770019231,31.747265475003594],[75.17469395531538,31.748499595949852],[75.1788183925707,31.74425721259867],[75.18173802971404,31.740641829493644],[75.18420073858553,31.73905996974524],[75.18665158028197,31.74251869137944],[75.19056658984577,31.74040070013245],[75.18674641833442,31.737386723954113],[75.18761336588048,31.734253735569194],[75.19047881213456,31.734119607483592],[75.19100394603464,31.733282482991736],[75.19459635651536,31.733257442761374],[75.19510908948628,31.734328319263856],[75.19980773040773,31.733297706182228],[75.20070586031736,31.73102726324228],[75.20277293087307,31.730678871067266],[75.20188881531973,31.729105960444517],[75.20113949031422,31.724783351202777],[75.2037465303048,31.723034572480096],[75.2037295467428,31.72207305566243],[75.20028452797418,31.718028750933243],[75.19822144412201,31.718697746655145],[75.19469699457683,31.71820009331187],[75.19364873623154,31.715049232913117],[75.19390626638308,31.711061188677416],[75.19520484412239,31.711306963829646],[75.19876204576383,31.708928874072402],[75.20387061984044,31.70742891135198],[75.20801934960365,31.708454634536047],[75.2097589882032,31.707524802804787],[75.20980139864008,31.706059279159632],[75.2131502450715,31.705374006156532],[75.21495270758668,31.7019599110701],[75.21488612890327,31.700631513997884],[75.21308648877395,31.698682868409392],[75.21411787933141,31.696320239171747],[75.21292954564174,31.695830407507938],[75.2143697465437,31.69461217297792],[75.21783946439268,31.694891229172846],[75.2215917283166,31.692306502157088],[75.22437883820955,31.691745634357197],[75.22523711411253,31.692695981635],[75.22777590144534,31.69112668360674],[75.22626625962154,31.68897522392482],[75.22721734026666,31.687142322827583],[75.22652201541223,31.68629074085337],[75.22759868497293,31.684118185228208],[75.23166761911622,31.68525328718136],[75.23188586011985,31.6866070214544],[75.23562569345587,31.68676456392082],[75.23734212865483,31.684789653162824],[75.23991917838838,31.683339547055173],[75.24254906886134,31.686622107091747],[75.24132140677132,31.6897237487637],[75.24321802175024,31.69038677535552],[75.24662252896006,31.688867365262603],[75.24728544446998,31.69171710679308],[75.25112875635067,31.691924825266515],[75.25737025486033,31.6938630954691],[75.26135236588445,31.692089288587276],[75.26338348166578,31.693450394083484],[75.26396064858122,31.692634363811216],[75.26948662532583,31.695042443495158],[75.26993547653551,31.69630613546189],[75.27252958059103,31.697012965353647],[75.27325972886523,31.695747009003547],[75.27650260947036,31.69586318234911],[75.27862025215984,31.696573492888586],[75.27923079269596,31.698345679787312],[75.28493077339895,31.698454632868764],[75.28507330299983,31.694807377474746],[75.2864542630445,31.694663266637455],[75.28679433410399,31.692971499960652],[75.28452545781212,31.684382996980034],[75.28428585503642,31.681850251436423],[75.28715782441111,31.68079745078024],[75.28937095070503,31.68103784565077],[75.29243404120935,31.683421375131257],[75.29532004137353,31.679848235292763],[75.29747964342071,31.681171327423797],[75.30100121180708,31.6748817821696],[75.30664469985871,31.67545016707027],[75.30936185199992,31.67016701764741],[75.31323343421079,31.667388730474297],[75.30961991371007,31.661560711853035],[75.3055868294622,31.6587338664757],[75.29981220910166,31.655727652050786],[75.29969454161808,31.65477078444112],[75.30193926100813,31.652688118809433],[75.30678309716416,31.65143397923528],[75.30951501572781,31.649912854725326],[75.31314698343928,31.645858817240224],[75.31887123351945,31.64089212463297],[75.32715386180308,31.63543113101577],[75.32950495834878,31.63521790572227],[75.33119822424908,31.637398123870163],[75.33421971032416,31.6396342346317],[75.33870513164256,31.641239512814863],[75.34011617591312,31.637496917523812],[75.3413707992967,31.635621016265137],[75.34425467109384,31.635505627587353],[75.34604053875242,31.636281788621638],[75.34652485094026,31.63400627191436],[75.35220342693805,31.632025881428376],[75.35705287678908,31.62958326204503],[75.36212835920063,31.625927190120404],[75.36462230270789,31.625122633879627],[75.37264723996392,31.6246305313244],[75.37391623130068,31.622028579542988],[75.37667808235834,31.619576799224305],[75.38024776545396,31.615575951674252],[75.38159682589534,31.6155920728976],[75.38430882062188,31.613962830628715],[75.38513757848939,31.61119797993337],[75.38733127072148,31.610042064648653],[75.38862055687956,31.60774698016376],[75.39182605630552,31.606055971838323],[75.39390859032898,31.602694679323026],[75.39647620665541,31.599575135615027],[75.39939837640078,31.59814072537506],[75.40426192504934,31.593609776062966],[75.40225768138505,31.5924500140979],[75.39993801024382,31.58698049003975],[75.39600453229149,31.58057651118212],[75.39389883095977,31.580281066003053],[75.37790971003032,31.579657825735065],[75.37527129302507,31.57841117708626],[75.37473019579366,31.57897033792498],[75.358693518642,31.568472007505655],[75.35549153215025,31.565324825584884],[75.35431534858,31.562998511589274],[75.34532390353178,31.554190034864288],[75.34306172993354,31.555952727198825],[75.32754050701116,31.542546481531208],[75.32079974010533,31.53259219418818],[75.31664170140684,31.528646765603206],[75.3178332248004,31.526841110444508],[75.30941099131066,31.516803358336396],[75.30852547229937,31.517352278165866],[75.29770332161112,31.50231903476021],[75.29677194494097,31.4992479449498],[75.29048344238365,31.491231448076814],[75.26151863449948,31.49982090095666],[75.2505125846654,31.502460135873285],[75.24898794284863,31.501372103573058],[75.24381424841114,31.499990601286132],[75.24061911944446,31.498252561693636],[75.23706198673052,31.49800854193614],[75.23422703436924,31.49924505996808],[75.22980382123855,31.496345241441034],[75.22841348765192,31.491388068436496],[75.22539238898709,31.49132135158931],[75.21855778446702,31.492600785319045],[75.21715953888364,31.494098947032313],[75.21416257838372,31.4944593070576],[75.21310345254736,31.49641383969411],[75.2098970443798,31.49801990467072],[75.2079233651691,31.497190223638153],[75.20710708669415,31.498996526749497],[75.20538729298893,31.498686047566526],[75.20264719649042,31.501876810626527],[75.20204989014412,31.503821899325896],[75.19889171485215,31.503935748056907],[75.1954186163841,31.500466551186758],[75.19459222959078,31.500494487511705],[75.18903747972375,31.504324213586962],[75.18721659880484,31.50488728135169],[75.18443616042669,31.50711295452326],[75.18307000805056,31.509741618717563],[75.18584204343684,31.510099268732784],[75.18689212776832,31.513604021703628],[75.18947951348208,31.51530177528781],[75.18738152364959,31.51823646581703],[75.1908081350682,31.5196143184288],[75.19020964784836,31.521498137188406],[75.18761309859983,31.522612090367097],[75.18122299579053,31.527925764463046],[75.17831872051518,31.529608475453163],[75.1726050995077,31.5255505002903],[75.16783951043854,31.524415406517672],[75.16753261103027,31.515905250613827],[75.16513382380863,31.51620565426022],[75.16457008163671,31.514134399492036],[75.16158621390633,31.51100149447913],[75.15673205620016,31.5096858751184],[75.15558021448999,31.508135472155587],[75.1535493214276,31.50790911809282],[75.14736765978613,31.505918800672088],[75.13968340521521,31.50838046094546],[75.13799387667606,31.508335066875773],[75.13088928839613,31.504017287072106],[75.1276895138072,31.49993598882607],[75.12459294379714,31.495246782155746],[75.1219047918347,31.496373500750188],[75.12182028472574,31.499716830405575],[75.11677833917759,31.50467818102349],[75.11446074984097,31.508345241704664],[75.11439776408821,31.510016386197574],[75.11053422498124,31.511395874333942],[75.10934597353716,31.51297987642638],[75.10930679491909,31.515170392431234],[75.10816235574738,31.519133437867847],[75.10699439586688,31.52140882282854],[75.10471028661024,31.523316703118397],[75.10242759713312,31.522339846551464],[75.0951034589054,31.522355813838256],[75.08746588723028,31.52034802954865],[75.08481916293606,31.521360558664494],[75.08161400280477,31.521527828886384],[75.07652292779788,31.524228623327957],[75.07049507297151,31.528788808221904],[75.06984883950823,31.527361668594942],[75.0665533910914,31.52502823192998],[75.06334956346195,31.52453486006347],[75.06045436404007,31.523348030702344],[75.05806265374883,31.521477355071386],[75.05437758478278,31.520359812017485],[75.04825971433016,31.51696584548289],[75.04538527226106,31.518248327468058],[75.04423512427287,31.521743262407867],[75.04157407634496,31.525253748418702],[75.03929226945226,31.523755750223415],[75.03866402247546,31.52523537385431],[75.03712249607003,31.52533480279348],[75.0358473512745,31.527172687499267],[75.03380898384168,31.526397815113864],[75.0334912759587,31.52735848579207],[75.02901148922433,31.526198899421924],[75.02304585967808,31.527403430891226],[75.02208507625173,31.52520604982005],[75.02022385235156,31.525415634455772],[75.01834190484955,31.52350625783561],[75.0120817408012,31.523980556613868],[75.00897841748385,31.525429215017414],[75.00689301180266,31.524546412999353],[75.00492082900364,31.521810533097675],[75.0061858081425,31.52115103891775],[75.00528353745439,31.519268566244886],[75.00225542063448,31.517061387387464],[75.0006356527923,31.514936015895294],[75.00001039021396,31.512823713070727],[74.99666057314002,31.511099913384008],[74.99636058833863,31.508007467361622],[74.99539345314612,31.506001482903752],[74.99364998620787,31.504438789589454],[74.99107555344803,31.505198622445008],[74.99032146085403,31.506867850415325],[74.99167923228458,31.507881026998348],[74.98711913329443,31.51594599231906],[74.98748614034312,31.51813001824682],[74.98981845442208,31.518569965313677],[74.98825033214443,31.521059566034094],[74.98620529580062,31.520274193505795],[74.98499100053903,31.522714879256],[74.98405542535755,31.526373089248203],[74.9819900239465,31.52680652408001],[74.97943615863757,31.524031915059382],[74.977366779405,31.523171246620723],[74.97304543496686,31.51849180637127],[74.97722068826373,31.516697376578545],[74.97776962725014,31.51413619400692],[74.97724057116585,31.512740487529715],[74.97548736056213,31.512791930086028],[74.97366202854715,31.511634556361578],[74.97175531329628,31.51185214956021],[74.96503111319663,31.514119580382008],[74.96080148821419,31.508280962928488],[74.96336976495925,31.50694368019509],[74.95676234844103,31.496550949301113],[74.95456944838797,31.497516122932154],[74.95259715615141,31.49680321202963],[74.95092804986295,31.4978376112084],[74.9509240116475,31.49981983868288],[74.94656554846955,31.504233170199356],[74.93822872703007,31.50942085137529],[74.94072683318285,31.51082150496665],[74.94002301045914,31.518646699959834],[74.94074236005459,31.521223957856613],[74.93738421464651,31.523536557005716],[74.93456860145903,31.523861033141017],[74.92738508341925,31.525448248751697],[74.91961527476235,31.526688324876403],[74.91585586327469,31.52759065966793],[74.90678209415293,31.524685504564847],[74.9054329975285,31.524782660506645],[74.90224181907814,31.52334465794395],[74.90096808693704,31.52417887250051],[74.89704447037244,31.52993212799939],[74.89757108722837,31.532165029201096],[74.89711681724042,31.5351737438388],[74.89809117305934,31.537379358311814],[74.89731826542793,31.540066184738006],[74.89780310115081,31.5471695497857],[74.89743334996068,31.548614737257523],[74.89899874146606,31.55282408800423],[74.89293915089699,31.554391425072087],[74.88902881128868,31.55441788953221],[74.88571121673375,31.550776514836308],[74.87977353701508,31.545638825481323],[74.8791451131963,31.54351630406024],[74.87882209322457,31.538225314761466],[74.87570099135414,31.53724515017608],[74.87221627328955,31.536971455755246],[74.86713574203668,31.538614465044446],[74.86542618303822,31.53603121806712],[74.86151394289071,31.535290276847984],[74.85593122436875,31.534766224269003],[74.85375051704987,31.533366440621656],[74.84819222842167,31.53085361069179],[74.84380499895902,31.53123203260794],[74.8415776559236,31.534697954642432],[74.8398877345758,31.53573608795272],[74.83066212741828,31.53898637950653],[74.82824909350288,31.538803861017527],[74.8238264786279,31.53652903122979],[74.8212849289703,31.538901559556585],[74.82043500855688,31.54160036213452],[74.81710246467934,31.544423845509236],[74.81842912867063,31.54814720975889],[74.81946123549193,31.553352050366392],[74.81721824011781,31.554165496632738],[74.81891908458066,31.556565251287676],[74.81321259461093,31.559809739414426],[74.81300617353298,31.55870109437506],[74.81107329748872,31.55815666371201],[74.81184250648235,31.557086770776728],[74.80886319823476,31.55662922283197],[74.80603311611061,31.558473666188057],[74.80472161001778,31.558256088737714],[74.80353797260659,31.559599809235422],[74.79868784358709,31.56239831080996],[74.79757118183048,31.56618608590309],[74.79835223291425,31.56894764148316],[74.79374018361491,31.571053815220687],[74.79093039323332,31.569385208959925],[74.78634203563256,31.564139908709382],[74.78491321649177,31.562053795361276],[74.7810945881283,31.566131441885158],[74.77955700994225,31.564720345010176],[74.7737934862418,31.5615223156989],[74.77325412824736,31.559533118881298],[74.77019630461976,31.5615333788838],[74.76627463747467,31.56128544147584],[74.76303725251178,31.562409253995],[74.7564151988648,31.56321257878217],[74.75290345609518,31.565791339732773],[74.75100288558784,31.56240545997726],[74.75087540413116,31.56056671956781],[74.75479299263377,31.560173482294267],[74.75389405275982,31.558350592461302],[74.74619819639217,31.559310996749353],[74.74342703852604,31.560742082225467],[74.74105796283752,31.563235206611974],[74.73785272160607,31.565169494682035],[74.72957523259176,31.56338304968065],[74.72792541369049,31.562472166103404],[74.72692429939656,31.55863174978059],[74.72290707398257,31.55681732564777],[74.72275909467115,31.55468660596146],[74.71977206070822,31.554128284000246],[74.71734271997859,31.550545035024964],[74.71507373256314,31.55285550206136],[74.7115829401006,31.55034532781536],[74.71088044137235,31.543707909690347],[74.70690426319541,31.53940851880494],[74.70265392499287,31.541402286906663],[74.70019513737827,31.540902902391682],[74.6983808174758,31.539161963913603],[74.69653255907122,31.54126338039241],[74.6966922305226,31.543039278936284],[74.69464846881577,31.543457951906504],[74.69394062043729,31.54463672953752],[74.68936250844428,31.547640795814434],[74.68651930154086,31.548808633701434],[74.68001561569501,31.55016910705087],[74.67887405610558,31.548513960652727],[74.6758070814582,31.548361337704673],[74.67483708972804,31.54188429331549],[74.67264955811069,31.539759897583433],[74.6705552006219,31.54038382450868],[74.66900159846944,31.537864930835966],[74.66850287664873,31.532937527498852],[74.6646151173435,31.533175745154377],[74.66219102069962,31.5363360892398],[74.66063839068549,31.537180384508073],[74.65338179492088,31.538761237966533],[74.65142706301636,31.53876107440328],[74.64925040900584,31.540403767871815],[74.64854436939031,31.53917339180354],[74.64551492208251,31.537060887924127],[74.6403660165782,31.53526783554644],[74.63919400394434,31.532739270498492],[74.63756263750807,31.531501792888612],[74.62642306013204,31.525149384104356],[74.62629159368453,31.522698043696636],[74.62889201868191,31.518867715117196],[74.62815233984944,31.51552491369918],[74.62425541567683,31.511733093675712],[74.6196606375359,31.51025863961615],[74.61805771700014,31.51046946464641],[74.61622771753274,31.502528693755377],[74.6135221441312,31.499195680260982],[74.6108935212427,31.499049296251385],[74.60976763503962,31.499870220019623],[74.60677505810033,31.49977262187608],[74.60636497841506,31.498525260487714],[74.60413495514639,31.498814676045075],[74.60300635749637,31.50052264205775],[74.59903057818623,31.49994028920324],[74.59800358790869,31.501023732502627],[74.59487314068947,31.50152429269412],[74.59442428306166,31.498081235431872],[74.59336784566982,31.496298000669988],[74.5885481111388,31.49713178608913],[74.58728422355803,31.496291013947758],[74.58393478857596,31.496663807521657],[74.58014054152459,31.498451168257514],[74.57788913584015,31.49855875695972],[74.5752649031851,31.50105468664712],[74.57616253111729,31.5016243633472],[74.5796690973917,31.50054066942147],[74.58115317136327,31.49898394645328],[74.58163751960377,31.500683202606197],[74.58520169490446,31.50082335895496],[74.58720200397292,31.504266229730572],[74.58171192241468,31.50673010056411],[74.58027712929967,31.506534517261525],[74.580209628797,31.50795353710595],[74.5840358390659,31.50694881348419],[74.58364824776635,31.510265190503354],[74.58025944476556,31.51148221399151],[74.58160272167217,31.512326609409893],[74.58293280926185,31.514656931963888],[74.58277010393034,31.516854567139298],[74.58431084304866,31.520867406160775],[74.58894299730447,31.52163001000789],[74.59279485372535,31.523464352072068],[74.59595877802678,31.526030880504994],[74.60029201712518,31.52466565011496],[74.60407287424869,31.524111875664897],[74.60870546600965,31.526708918994835],[74.61277686059643,31.52720959011981],[74.61223665511321,31.530598319228687],[74.61425793568951,31.53522150462219],[74.61273116792478,31.54104639291773],[74.61294904298059,31.54333538467738],[74.61496155105159,31.54421983890328],[74.61444921625638,31.551086231574917],[74.61808084883526,31.551188834915585],[74.61829525128691,31.552771786411824],[74.61696782137126,31.55325801173118],[74.61663286861537,31.556505812466515],[74.61591355781376,31.557590150168593],[74.61080507347855,31.559132721683987],[74.61097556542094,31.560284214797928],[74.60684077887055,31.56265022847849],[74.60889331351669,31.566625424477976],[74.61144377034461,31.56653172100179],[74.61569354331942,31.568376140105997],[74.61516256003254,31.56909451512866],[74.61184013814166,31.568229360598565],[74.61139005631075,31.567210022935974],[74.60921624853708,31.568981898760587],[74.60157982162166,31.572763228615973],[74.59227967872816,31.574111133131705],[74.59174893077146,31.5768717231777],[74.58933086499732,31.579011476690866],[74.58555587662734,31.58146898267079],[74.58687674374369,31.583502439123155],[74.58092169510643,31.587256213130377],[74.58192669938153,31.588043481667157],[74.58080437782232,31.594190314194233],[74.57747345213106,31.595100626696546],[74.57498099162886,31.597508708757108],[74.57505986410462,31.598502598176555],[74.57712989186176,31.598422554537738],[74.57828852178093,31.599976476061162],[74.5755424571363,31.601149472299063],[74.57534063043957,31.60387441153842],[74.57317171349726,31.603986591627212],[74.57309603958656,31.60528508948513],[74.56776538615073,31.606787498885865],[74.5628403311271,31.607487855604703],[74.55959017231874,31.607145319397066],[74.55531664303862,31.607840392498662],[74.55627207631998,31.61134340221767],[74.55455778112533,31.61315435971348],[74.55521993150116,31.61361760903431],[74.55106148869663,31.617623256585837],[74.55196661571492,31.622098038254222],[74.55147334418106,31.62417295093984],[74.549748608145,31.62689239252885],[74.54761339064022,31.63172439121586],[74.5467124413831,31.63652931216397],[74.54797224684764,31.639105854234536],[74.5480160705623,31.640909585553675],[74.54665863396473,31.645664930820836],[74.54484777019638,31.648455990462633],[74.54109273586106,31.646747952338682],[74.53908558262346,31.648440461478295],[74.5373013503062,31.653278004964253],[74.53800664824254,31.656647460307152],[74.54023395137935,31.660038725227235],[74.53748000789169,31.66222535150906],[74.53115405892251,31.66611667166031],[74.52876922188919,31.66658625635898],[74.52951695776169,31.66930021392366],[74.53206706211226,31.671965384703817],[74.53429383091039,31.67342695692914],[74.53409860984712,31.675073177366976],[74.53504360527292,31.677260190080265],[74.53248684713921,31.678536093613413],[74.53199719068701,31.68092447717565],[74.52895608559679,31.682215839593606],[74.52630088100805,31.684219769491197],[74.52411170908435,31.686977390081335],[74.52297211344,31.68689028794429],[74.51755776890319,31.688495224435698],[74.51461934442024,31.690146628930485],[74.50953217855388,31.692172266534293],[74.5067878818613,31.693977145833014],[74.50195447890839,31.695757423505388],[74.50173390420431,31.69751153794622],[74.502726130118,31.69878843765656],[74.5026112978201,31.701140289917536],[74.5034235746739,31.702654272671566],[74.5015799262028,31.704013247578725],[74.49930505861468,31.70742673300961],[74.49932393670933,31.709460870408986],[74.49167237502449,31.71247338358242],[74.48660579069178,31.715030889137047],[74.48808462214494,31.72003700765548],[74.49074203583282,31.7237357527095],[74.50015376115547,31.728299815056076],[74.50300523861262,31.728523865980204],[74.50283429428391,31.733357713541515],[74.50371428767497,31.736776968189428],[74.50370384462606,31.740477623128868],[74.50888182041864,31.742248214443467],[74.51152684345031,31.740553631292915],[74.51386706945638,31.74012298001566],[74.52697105972275,31.746514601400015],[74.53295861207934,31.74830056710532],[74.537589816858,31.74842478822438],[74.54743346441157,31.74934698523281],[74.54732635187963,31.752157133221232],[74.5523069895604,31.75378953552237],[74.55940086282344,31.75787561999445],[74.56179159130386,31.763304670751435],[74.55766042262204,31.76512258282748],[74.55489896628875,31.766932315832186],[74.55686965634898,31.770494968706146],[74.55520294722119,31.772520149875138],[74.55425126937547,31.775112477335476],[74.5514051679551,31.77897493802421],[74.5523493469512,31.78257989680869],[74.55525855194696,31.786172836518784],[74.55561463073172,31.791352059020852],[74.55923218658202,31.7935992600549],[74.56200662053688,31.794288092557135],[74.56711922811681,31.796399799725542],[74.5645051727214,31.799723780851796],[74.55791816219929,31.80476037256985],[74.5636339460649,31.808711681118353],[74.56531214445177,31.80852079558506],[74.569291743865,31.81267224760103],[74.57306498874946,31.816012047608393],[74.57122394567749,31.818967632195385],[74.57044213278735,31.828117539863545],[74.57070160793778,31.836943412330236],[74.57212738115781,31.83882122566615],[74.57316333229203,31.83839955261985],[74.5761357201063,31.843822690315065],[74.57888824860912,31.846203160858533],[74.58333181922681,31.851875737269157],[74.58464963899625,31.8507918300727],[74.59062870896679,31.848579740482304],[74.59219842875599,31.857876557568012],[74.59606257778273,31.865827261063004],[74.59800976713873,31.86800031580694],[74.59996336665385,31.86860182908565],[74.60663414412113,31.868527823126932],[74.60873753573757,31.87379077505362],[74.61006254043791,31.878522262743736],[74.60815959998081,31.878857982570093],[74.60735611589382,31.88202642112919],[74.60752625541322,31.889317131543272],[74.60786214784183,31.890385962552315],[74.61155867752232,31.89080693650768],[74.61583025930047,31.889670183125926],[74.62233880620472,31.886167942051294],[74.62632239763471,31.88321057626126],[74.62935807727014,31.882124261351148],[74.63257395105283,31.884214759331233],[74.63630900441257,31.88422178826526],[74.63825616928528,31.88802423998533],[74.64014050112405,31.890493747185687],[74.6408147846972,31.8898932397918],[74.64186007824314,31.891885363524054],[74.64663543776066,31.896697242375332],[74.65092929688988,31.902154629326947],[74.65436306726599,31.899608968303323],[74.657635442127,31.901881983279097],[74.65719432991366,31.90356749214698],[74.6579591752307,31.905359604464767],[74.65814789587048,31.9088737962496],[74.66045697569287,31.91257007994869],[74.66040093305827,31.913540736084773],[74.6625928028146,31.914319531537846],[74.66335260908988,31.91317764602026],[74.66767770954944,31.9165150554348],[74.66633053051741,31.917394642573036],[74.6687610510604,31.919339903323966],[74.66676720761338,31.922678540579824],[74.6732512685821,31.920838339810594],[74.67496341128407,31.918901117856063],[74.67719995059151,31.926138497951243],[74.69086301044233,31.92620515669309],[74.69455436046924,31.926712662647518],[74.70061397443398,31.925801609973536],[74.70071351624634,31.923464438326324],[74.70652725019728,31.921176778932324],[74.70773913214772,31.923038356182975],[74.71428633461288,31.922918401549726],[74.71923819934032,31.92369088600286],[74.71406938810804,31.931988871871592],[74.71526639714524,31.936173109898043],[74.7189635628612,31.938928728986927],[74.72016503710582,31.94142789936355],[74.7224228393497,31.94272258743814],[74.7258813265095,31.941669546956867],[74.72717892215057,31.942564142884667],[74.73090980201185,31.94100198753359],[74.73337209114091,31.944794210686315],[74.73475486059263,31.945098120070167],[74.7432086139126,31.939587474149178],[74.74841889768683,31.94188208570674],[74.75384549782403,31.9428462337555],[74.75528913437773,31.94415996723327],[74.75657154716713,31.943700096022443],[74.75646101621382,31.94874817510955],[74.75559337052394,31.95575420479565],[74.7595794591472,31.954476356880875],[74.7640928496483,31.951436141398677],[74.76844795837034,31.947689314882464],[74.77528747684318,31.95216012228105],[74.78148073955589,31.955706487707808],[74.78795121437615,31.956441608001775],[74.79478713771218,31.958230927858867],[74.79834946963292,31.95760975465359],[74.80237670413587,31.957842223527162],[74.80474467603342,31.96180386989977],[74.80616047106231,31.962849462691086],[74.81056443938033,31.962182079794417],[74.81093901604734,31.959450320429347],[74.81502185347745,31.960510457019268],[74.81900931791967,31.95873532569852],[74.82182015420764,31.963692271876596],[74.8216734662523,31.964408429244845],[74.82599860170946,31.97069198470395],[74.83136083138774,31.980850169618545],[74.82888874339005,31.9986128899864],[74.8389693818142,32.008442575473474],[74.84678383871541,32.00831990799857],[74.85317423550589,32.01354097773554],[74.84835502718543,32.02047241671389],[74.85928107107962,32.021618402471766],[74.86562229544138,32.023220035975875],[74.86389019790684,32.024572771981944],[74.86270335842211,32.02953403978028],[74.86552372554678,32.030425453078905],[74.86922165788425,32.027979427685885],[74.86900369879181,32.022110650712996],[74.87993402714223,32.03200133317596],[74.87640377225175,32.034238856987386],[74.87258225611872,32.041689427368816],[74.86892780269531,32.04170103244521],[74.86924231290004,32.042825363191405],[74.87268870783456,32.044040063912234],[74.87486941686568,32.048034862469194],[74.87547150319492,32.050871054563615],[74.87760021026652,32.05181233485956],[74.87954868848159,32.05379559736679],[74.88177230628821,32.05316094610136],[74.88856309221255,32.0526045967661],[74.88987213987801,32.055196965920516],[74.89442195381943,32.054146153417314],[74.89768321161405,32.0518966228384],[74.90476831937525,32.05022104211762],[74.9084286500259,32.05143196450547]]]]}},{"type":"Feature","properties":{"id":"03-480","name":"Bathinda","source_name":"Bathinda","state_id":"03","source_agency":"Survey of India (SOI)","district_code":"028"},"geometry":{"type":"MultiPolygon","coordinates":[[[[75.28281345564274,30.50811504869554],[75.2799986393364,30.49991529120976],[75.27959790367355,30.496335735423113],[75.2776789597709,30.491277602641645],[75.27005098856861,30.482413494440333],[75.26062127310034,30.47340326631951],[75.2595112875849,30.472868372594352],[75.25784354193394,30.469054616834363],[75.25599997979249,30.466128775872562],[75.25372686811117,30.46403670269105],[75.2581967771006,30.459953926374467],[75.25932800003169,30.45724087968047],[75.26406009233493,30.451699572496207],[75.2676443755229,30.445194317355988],[75.26561133288669,30.444371091331995],[75.26199978016557,30.44392480213883],[75.26320209573755,30.44083873441169],[75.26226512557066,30.43983947997094],[75.26495880072498,30.43648741419401],[75.26842957386908,30.43754081518978],[75.27327375297733,30.439895799872023],[75.28297448095432,30.44184824271426],[75.28867445733637,30.431029695342172],[75.29054302470796,30.42849527934186],[75.29978045489507,30.424473995187835],[75.30428608188218,30.419748689801345],[75.30537435586677,30.418044896835195],[75.30434257508055,30.41561071422532],[75.29926286855417,30.407848371233147],[75.3023561529115,30.402869493709787],[75.30166227784223,30.399669730643204],[75.3005101931704,30.39764498833639],[75.3032760605652,30.396722436722378],[75.30301299661387,30.393221641675712],[75.30492815765993,30.39056369298483],[75.304976575705,30.387732236859698],[75.3067062296933,30.387201092851797],[75.30560061542505,30.38135807569061],[75.30486296591076,30.38003834256944],[75.30706390289185,30.378631947597988],[75.3115327032606,30.380543966056802],[75.31327247791492,30.38070395566684],[75.3168220130697,30.379174430054157],[75.32192914009737,30.375869992199434],[75.32500241749514,30.378746077848422],[75.3320315061855,30.37731622100966],[75.3332951487974,30.378047269423966],[75.33335545822469,30.375535156875927],[75.33159194272096,30.372417807842496],[75.33231684354358,30.370500074571176],[75.33003419518838,30.367530090526383],[75.32946136262345,30.365716553708808],[75.32709567971503,30.36293797271929],[75.32699432056127,30.35777262028463],[75.32491815598787,30.356301046602688],[75.32609602972713,30.354729422483373],[75.32522785038371,30.354141519223486],[75.325429100367,30.350647079649786],[75.32776488894939,30.35136933618197],[75.33505122494078,30.34748881706956],[75.33689099464961,30.344579076754847],[75.33954050586408,30.343090280076613],[75.34165168553234,30.343144113232555],[75.34366212963121,30.344427446907208],[75.3451828059984,30.342449956458527],[75.34517458809596,30.337277181082225],[75.34375395614852,30.334354712723183],[75.34110899755875,30.334550988990028],[75.3328468634453,30.332716281342922],[75.33115678509661,30.33386942262037],[75.32930957327208,30.33394562234962],[75.32349526996624,30.336250755625123],[75.32063048192425,30.335423963260126],[75.31585434855548,30.333205861177277],[75.31458217275296,30.332048557045542],[75.31473710982014,30.330101124080734],[75.31383616143974,30.327287678172823],[75.31812280142915,30.32511011827371],[75.31830545757211,30.32327062835487],[75.32123358276628,30.320630065231658],[75.3219344661726,30.317802449826353],[75.32182060444761,30.3146186362784],[75.3191063382692,30.31055962716521],[75.32055370342404,30.30883070749291],[75.3184818085189,30.308600968439865],[75.31755459849231,30.305054844205596],[75.32056031605622,30.302208786145208],[75.32238383276099,30.302606768063438],[75.32376285303995,30.304682500959625],[75.32743922352873,30.304822758981935],[75.32836093239432,30.30646928773599],[75.32924789958335,30.30516030578166],[75.3341414966546,30.306452373631267],[75.33882771159232,30.303589726580274],[75.34645579565077,30.300193828198886],[75.34338824024714,30.296605485141],[75.34309727159201,30.295531770024965],[75.3397081406436,30.292480440350754],[75.34128079080341,30.29001709862483],[75.34038933515171,30.288147879472522],[75.3419390175272,30.285502569838577],[75.34602353804473,30.285061865098037],[75.34895333922867,30.282825489161162],[75.35501981278581,30.28711361813316],[75.35877733489343,30.28477484141818],[75.35960684327915,30.285423161755237],[75.3613257889195,30.28382650799079],[75.36156490460448,30.284742314441516],[75.3639479955967,30.282238796771797],[75.36351777448256,30.278684866012814],[75.36261420202912,30.27590225669274],[75.36124825124027,30.267870258441913],[75.3646576812436,30.263756161933454],[75.36837719950738,30.263576188179382],[75.37128059639195,30.26121315867602],[75.3649102300898,30.257808688731107],[75.36531250961782,30.25634216079667],[75.36733736230123,30.25605683696516],[75.36819726121193,30.253387072204028],[75.36850631627269,30.246792636669348],[75.36622239023673,30.2450271041389],[75.36432847046044,30.245519191984247],[75.36318661357429,30.244165607835228],[75.36420557448558,30.242924727180064],[75.36380957550968,30.2411388683369],[75.36617121925845,30.240640009538186],[75.3719368299591,30.238438376844538],[75.376136288563,30.237258491426605],[75.37689620844009,30.23216893345083],[75.37637941397047,30.229838099580533],[75.37704752568462,30.228300310399113],[75.37664627330625,30.224239620504996],[75.37500726276696,30.220078282038614],[75.37244979867745,30.218155962636036],[75.37315466622567,30.21783919420558],[75.36990721361005,30.21411732149278],[75.37251740087038,30.212179982585855],[75.37053274589736,30.209299638921046],[75.36903456853332,30.208672020763814],[75.3670348122181,30.209435950143916],[75.3667840793493,30.208100920666165],[75.36240851866144,30.20814578682324],[75.35989590247759,30.20569818311698],[75.36322809021841,30.203911344017296],[75.36569553496167,30.203211759205765],[75.36666979926824,30.205465300374815],[75.37000563932631,30.20535246827749],[75.36966065888485,30.203650229883472],[75.37102863789383,30.202431656759934],[75.36929345439093,30.20128450120627],[75.37033127129699,30.199430262923208],[75.3695245246014,30.199005975534618],[75.36659880996562,30.196510794241508],[75.36715713592234,30.19575649090918],[75.3658138227409,30.19368900138851],[75.36288364811395,30.191173676218117],[75.36044433110881,30.190481023367973],[75.3574853193579,30.187633988321615],[75.3569876835373,30.18249650513892],[75.35939072454153,30.179185819063886],[75.36397410806795,30.176051698418316],[75.36219530237726,30.174642250664746],[75.36106632618404,30.172624911131972],[75.35612066698971,30.168297530406946],[75.35663277620166,30.165723760292288],[75.3591716425955,30.164087154533835],[75.35688287561672,30.1614120916801],[75.35248725539414,30.161602384041252],[75.35044515986678,30.162410800876334],[75.3487348162097,30.160681314128155],[75.34582803606327,30.16073203542666],[75.34451621378759,30.159530286274755],[75.34546362513534,30.155921914977988],[75.3447872674222,30.155514007949577],[75.34412696547719,30.151236241984],[75.34336188781548,30.150271026370795],[75.34465586747417,30.148839633375765],[75.34365002790949,30.146264566292196],[75.3463415003259,30.144215447080942],[75.35249386491488,30.142440902128623],[75.35319174498453,30.141440974958087],[75.3498480290788,30.13861555567011],[75.3500171344151,30.137512308389425],[75.34642945606248,30.134536168737135],[75.34337658518703,30.130715974124104],[75.3416529320792,30.13234090537632],[75.33920455818378,30.13209648267334],[75.33569202049902,30.128650647068838],[75.33176845479991,30.126074734097376],[75.32862901159008,30.123215551169064],[75.32582878975983,30.122323391496742],[75.3231816158172,30.122888096662845],[75.31979310737573,30.11734475653366],[75.3172822329011,30.117223975578252],[75.3158364558631,30.11629279271088],[75.3144883577825,30.11305690520653],[75.31208786536692,30.112219145843195],[75.30972386893684,30.114024438703066],[75.30624237765848,30.111525028087378],[75.30162265105217,30.110165008249506],[75.30034717038004,30.10194967020224],[75.3010164487573,30.097247916539217],[75.30498907888591,30.093406686880915],[75.30793645301405,30.089160309829484],[75.30848945262015,30.086636255693822],[75.31087757423825,30.081094064565754],[75.31219833966597,30.079874032227707],[75.32404239528596,30.07362052376989],[75.3271493952018,30.070289480937994],[75.32900319527737,30.066908044265002],[75.3285596897089,30.063434327694367],[75.32537812901045,30.06083559951379],[75.32376098690854,30.060837543590697],[75.32260602224666,30.063735873284113],[75.31968249569172,30.065078446664202],[75.31424306273288,30.065041568875426],[75.29349037999272,30.06085926345817],[75.29132623952377,30.061564982170164],[75.28755110193009,30.061707600283317],[75.28314123187059,30.06093482168786],[75.27982058989069,30.059016739928644],[75.27569484281645,30.05810059822996],[75.27427617970311,30.055510828208945],[75.27193307437302,30.05322198590148],[75.27263650952796,30.0516715323319],[75.27040178259237,30.049480171087946],[75.27024866824459,30.04841990863021],[75.26701301420654,30.0485900537499],[75.26481644777894,30.050083632879783],[75.26380326660583,30.04879636054975],[75.25832480057555,30.0437798182102],[75.25527833176254,30.04277527509533],[75.25432861585762,30.041233005298643],[75.25185019747222,30.039288866056324],[75.25162940306747,30.0382650249924],[75.24916055150277,30.036875176944683],[75.25014522458483,30.03226555324287],[75.25616324695248,30.02828877315756],[75.25793784825646,30.02612765820319],[75.25840756198605,30.020266712066697],[75.25990978888551,30.016322773891172],[75.2668934494687,30.015392633487558],[75.26949461547036,30.014720382855483],[75.27660898628474,30.014191577861734],[75.28151795981516,30.011448407038454],[75.28440559445882,30.013451250075338],[75.28763051289786,30.017389649990626],[75.28771197758854,30.020912539279117],[75.29017201987398,30.02270708904648],[75.29295878748717,30.020271376526384],[75.29439877936183,30.020697618372783],[75.29855082764891,30.02038826182059],[75.30113699843955,30.020685369929453],[75.30083839157967,30.019670035529444],[75.29840493832447,30.019346512359814],[75.29278794164435,30.0126978913719],[75.28803781847306,30.006587668087267],[75.28337018244869,30.003355019087216],[75.28186185246045,30.004007393740377],[75.27889302390932,30.000767466952297],[75.27609414995534,29.998787292263255],[75.2743247181937,29.995979835804164],[75.27379543502751,29.993253463101794],[75.27175626714526,29.98988508971995],[75.27841395998576,29.98552569841871],[75.28119546716994,29.9796312311574],[75.2756362844401,29.976486419806836],[75.2730565450638,29.974050883231342],[75.2681550776663,29.976464435526683],[75.26505547147072,29.9775274766832],[75.26024310523381,29.97835005823391],[75.25070521450425,29.982923365154296],[75.24976436792942,29.982060021670204],[75.24904476921886,29.975649248723634],[75.24694517507795,29.970422415528677],[75.24498813833375,29.967508930167995],[75.24369181584777,29.967212311229602],[75.23749708397705,29.960148990515965],[75.23444462978287,29.96143533381373],[75.23259750473694,29.963483405772497],[75.22883713458009,29.96575968963132],[75.22714024653392,29.966029943851712],[75.2239052346899,29.968003077623603],[75.2207881172231,29.969169506247887],[75.21747971501448,29.967574702891],[75.21338380442812,29.969896144079232],[75.21184870308987,29.972238400628573],[75.20940170287808,29.973475073627473],[75.20746294496378,29.975640259929754],[75.20805581631514,29.979120061248324],[75.20576569062744,29.98025529214911],[75.19843460230392,29.98014401160883],[75.1950712582852,29.9809230097868],[75.19313955504201,29.977867787123277],[75.1882951551234,29.97353063966957],[75.18274130162524,29.970242770731044],[75.18235182561622,29.959969084170094],[75.18131243142672,29.957046640990193],[75.18095222263224,29.95294500796199],[75.1832956568464,29.95211641418688],[75.1821320864983,29.95002953642299],[75.17898619670261,29.94762424779213],[75.17811649176389,29.945923008650485],[75.18344273972758,29.941505854754553],[75.18063375802136,29.941546107900045],[75.17717438501985,29.936040342752626],[75.17330348417062,29.931776384749718],[75.17163267497891,29.928464154741235],[75.17206075518045,29.926996665044978],[75.17580664828895,29.923392214898808],[75.17819364403056,29.9216351394985],[75.1824983423611,29.91946692522848],[75.18476124193866,29.91611199613975],[75.1856518184715,29.91283491613259],[75.18551001008251,29.90351870098792],[75.18671705721555,29.89886251450556],[75.18810620099204,29.889439919427126],[75.19395012038967,29.889534788611567],[75.20488114992061,29.88831468563583],[75.20812362052538,29.887310404650144],[75.21010349166167,29.885969138381483],[75.21313071598645,29.885243051178648],[75.21745432948107,29.883046419163986],[75.21777420589635,29.881041782591858],[75.21762254924536,29.869055162034716],[75.21818379995531,29.864523203745307],[75.21752863153377,29.861964332127982],[75.21288713264488,29.85816538529937],[75.20888554204673,29.858666358719482],[75.2060270521333,29.859794478111468],[75.20407912456105,29.858348975101485],[75.19918587653261,29.85588418871803],[75.19274635305702,29.853221598315127],[75.19039463987674,29.850597583529805],[75.19057437488063,29.842715855643437],[75.19102329933006,29.841413392272734],[75.18387648647327,29.833683339561652],[75.18003428489959,29.831513515355326],[75.17588154717501,29.828137604910268],[75.17016151843183,29.82814915755544],[75.16732229119465,29.827117919294047],[75.16404694786594,29.82413848679159],[75.16376819047362,29.82069919274605],[75.16203711379798,29.815423265187526],[75.16019505241553,29.812893907062236],[75.16079464708727,29.809913834467665],[75.16062537334723,29.806418269580945],[75.15907019678032,29.80137531806898],[75.161912107257,29.795992417692062],[75.1666180024106,29.788259537304253],[75.16660507897795,29.784335226970363],[75.16491019576294,29.782418428059888],[75.1598075073517,29.779067612473828],[75.15546622388801,29.776931860962456],[75.15096650430601,29.775572368127953],[75.14645722445472,29.78186975986732],[75.14121407950137,29.784733474554],[75.14008041100476,29.786503035798976],[75.13836291035756,29.79678264229921],[75.13820548795728,29.800309517972146],[75.1367665586242,29.806042371031793],[75.13497362552414,29.807339823948958],[75.1318018384723,29.807951858290547],[75.1266452553136,29.806926453243207],[75.12544181664907,29.805758945705396],[75.12287431607426,29.804948749462877],[75.11906946248945,29.80276831010977],[75.11679459823324,29.802892559338297],[75.104588854405,29.80484580574524],[75.10073031934023,29.80682791259655],[75.10043127865684,29.807896031712286],[75.10067790758919,29.814829617152444],[75.1003129643562,29.81944737840661],[75.10152013310305,29.821598012619614],[75.10486094626737,29.824449773619595],[75.11372588556719,29.828945919659837],[75.1173688737068,29.830043593381184],[75.11887350963677,29.831635620098915],[75.11810031495273,29.833600029139397],[75.11461784458757,29.83783896532123],[75.1144229612567,29.838726945477816],[75.11104129524357,29.84208154276649],[75.10698722901168,29.841226569696484],[75.10287773937556,29.841981011706086],[75.10126590226298,29.84469144350268],[75.09905857099113,29.845408858697557],[75.09078383534586,29.852697405630753],[75.09010868229024,29.853951508581503],[75.08973437959004,29.85866717743032],[75.09338060364071,29.85802334688805],[75.09532370179576,29.859467088630844],[75.09775134153439,29.862393976266926],[75.10008854808824,29.864182749450567],[75.10538840643423,29.866993020282607],[75.107206006246,29.868387651523],[75.11027248185592,29.87203345954984],[75.11471461764322,29.878700588080303],[75.11191864892228,29.886645799216176],[75.11166456733798,29.89104207127334],[75.11041075789868,29.892756478865554],[75.11033424792348,29.90196227921409],[75.10917205814195,29.904137249747162],[75.10736915345723,29.904078001884347],[75.10509838065177,29.906573010181898],[75.09899983103156,29.911220384027455],[75.09879707180033,29.912802695285684],[75.09420399900408,29.915102831185774],[75.08877503007582,29.917235269700477],[75.08649243811361,29.914445431034892],[75.08212930778423,29.907338119824253],[75.0811337947869,29.902215772827294],[75.07856444901155,29.898860710126293],[75.07529385801467,29.896389525480316],[75.07603433514198,29.89361403500215],[75.07589809238526,29.890345294778548],[75.07508460733803,29.888064659280708],[75.0743236317359,29.882000242741505],[75.06981439984693,29.877094128998284],[75.06539874397234,29.878802479822138],[75.06175713316087,29.8782335093478],[75.05610543667959,29.878137953888093],[75.05185015128681,29.884118026163137],[75.04832406038665,29.88522908410575],[75.04509244680877,29.8847354904296],[75.0385135983302,29.882466523519057],[75.0328941551647,29.879853112277395],[75.02898237841248,29.87406569163344],[75.02250829137822,29.866302404909835],[75.0060212451039,29.86885180227322],[75.00159723197838,29.86808097856854],[74.99805948840465,29.86612191955769],[74.99451626380397,29.867613643769406],[74.99058344814492,29.867978088246247],[74.98547825333074,29.87515882930235],[74.97739657150088,29.887894346456743],[74.97685599552537,29.889339892470563],[74.97878780298132,29.891677651515437],[74.97877408107989,29.894188624418383],[74.97528694697615,29.89538812608792],[74.97020053514746,29.89774195022797],[74.9618005515118,29.900070754488237],[74.9549937238081,29.901094456379035],[74.95169191491343,29.902643637637727],[74.94711444834748,29.90849191169063],[74.94591617956779,29.912421310405314],[74.94369453463437,29.917153310014832],[74.94178266768178,29.91757009530686],[74.939222694431,29.922239844040266],[74.93637726693788,29.926296254924853],[74.93639972766691,29.929047722133046],[74.93401511084366,29.93365411319911],[74.93065701533068,29.93859918851604],[74.92678749070475,29.945843780561173],[74.92674766541622,29.95029300586408],[74.92283747424868,29.952064349414165],[74.91886307620125,29.946961744042863],[74.91288466633456,29.943359676589132],[74.90724882783192,29.94062781551458],[74.90516668587517,29.940073566075323],[74.89728926558917,29.939452636505813],[74.89544411704618,29.940607660275642],[74.89806228028583,29.94244071494935],[74.90061929241202,29.945289455453146],[74.90328863907799,29.95190490708266],[74.90249829793679,29.954237306037157],[74.89885905671807,29.957477029877577],[74.89180864975587,29.96239429656048],[74.88877872010697,29.965669307192996],[74.88797928395982,29.967169162903986],[74.88419389413588,29.963035542529195],[74.88030340668568,29.96056405780628],[74.87793086690142,29.959689083112274],[74.87573972785322,29.957551072494446],[74.872688654308,29.95907563588742],[74.86898488599837,29.960234808618754],[74.86355620553259,29.9599412842693],[74.85628663449778,29.956553004700652],[74.85435188218004,29.95701281199891],[74.85064709483451,29.961874587742365],[74.84474637462017,29.963596387825707],[74.84331967036164,29.96472959004845],[74.84113398699934,29.96883229647557],[74.8384652603878,29.971159093986238],[74.83423249697843,29.971595401338767],[74.82955363727423,29.973213179940835],[74.82745022190545,29.973212407828147],[74.82414582825227,29.971393481960593],[74.82102244938426,29.970972711822412],[74.82478600284853,29.974745944828566],[74.82631028757976,29.977178261618764],[74.82551501467519,29.98206613675165],[74.82430730126772,29.985775963777797],[74.82308580007798,29.987594920153846],[74.82082570359398,29.989380249271687],[74.81611946696077,29.991938473052063],[74.81069381285828,29.992388768818895],[74.80642944121234,29.992143090870393],[74.80223932676368,29.98943903492378],[74.79068625765953,29.9810335574733],[74.78598209242405,29.976760619796416],[74.77973437213387,29.972146892972603],[74.77844037056418,29.971623609249242],[74.77462203288891,29.973372460228266],[74.77203316358832,29.971886489367236],[74.77006500681443,29.97263942767828],[74.76584169255648,29.972404748796286],[74.76183069091503,29.97341621177156],[74.75832737233934,29.97219083546387],[74.75829626326599,29.969976178721843],[74.75393385221592,29.969654189383665],[74.75318622245781,29.967332879733153],[74.74954844849053,29.967907203045975],[74.74028131707593,29.968436173541317],[74.73794705833504,29.96747101397475],[74.73354643287503,29.96295856429989],[74.7314054379833,29.961512475799935],[74.72837238324902,29.96156088415851],[74.72392861041344,29.963456194320422],[74.72154639330513,29.96535457225767],[74.70666783643847,29.970615659913395],[74.70665389308367,29.97693854875707],[74.70656468115831,29.9796848143704],[74.70146910207251,29.98388924423223],[74.70055200755368,29.987117604577904],[74.70252068335718,29.98910956413119],[74.70347090372307,29.991460659035678],[74.7076537062715,29.996546469769324],[74.70840088546166,29.99904064096386],[74.7118079932866,30.00260387312688],[74.71194619746994,30.00354517128966],[74.71516377937188,30.010884649060742],[74.71724792194969,30.01344084912901],[74.71426402323843,30.015885757664545],[74.71110396340264,30.017643879948995],[74.7090151055323,30.01960688240235],[74.70514340846178,30.025438006961398],[74.70020661220737,30.029584528622614],[74.69436847432397,30.033558656642892],[74.69688956676622,30.037218393332054],[74.69365399134564,30.043702507485982],[74.69348941267755,30.046100892453804],[74.69447284697593,30.050152697211075],[74.70078233830489,30.061845682866558],[74.70493002033298,30.06466956234712],[74.6976416534065,30.069129074557296],[74.69136574928396,30.072022028457592],[74.68504572020771,30.07349385275855],[74.68264327198885,30.07197715211232],[74.68151648114498,30.07404929975154],[74.67680568182985,30.08052373944312],[74.6754371995882,30.0854493560268],[74.6737312018328,30.089761422445154],[74.67632867200034,30.0917918292584],[74.67982207136563,30.099021019966365],[74.68398508308645,30.103802930653657],[74.68422628733383,30.109687284817184],[74.68176624274042,30.113028403358573],[74.6784901153878,30.112065418252026],[74.67474947786731,30.110188208529216],[74.67155185318965,30.107917487727132],[74.6658455995552,30.107858937803584],[74.66242061642086,30.10859933724571],[74.6568133925846,30.109095700864028],[74.6487632342282,30.110333749323438],[74.64377848726217,30.1142388100675],[74.64075432761372,30.118368486892212],[74.63646183652338,30.123328606199276],[74.62987635744913,30.129364908130153],[74.62909841164276,30.1296248961922],[74.63317212626616,30.13581826456017],[74.63956882648651,30.142012149720273],[74.64026574612936,30.14340541653033],[74.63922741310205,30.14607360553608],[74.63908139295076,30.14870587598889],[74.64024945841808,30.150901747061216],[74.64471962298815,30.153140872428338],[74.64876073830277,30.157878627182164],[74.65088071742464,30.159170383010654],[74.65399608544651,30.162099530704662],[74.65781920741571,30.163612493069188],[74.66831993542615,30.165501564001207],[74.67041235921478,30.164202342093116],[74.67226869563571,30.16629771503067],[74.68502319911637,30.16688265677341],[74.68640153817351,30.16782479368359],[74.68742530677467,30.165147555793244],[74.69024479573832,30.161872526898563],[74.69724550988454,30.15928233355722],[74.69998068110309,30.16016415511855],[74.70323571044545,30.160107281096302],[74.7078226868426,30.16289534780297],[74.71075222360912,30.16525823570998],[74.71342781685102,30.16562156198462],[74.71755145674845,30.167987005084928],[74.72656170687523,30.172153764042765],[74.72962559116517,30.175360428721195],[74.7348764473632,30.175140425580192],[74.73435536299255,30.17887359672849],[74.73643118469641,30.18063514756523],[74.73725644701008,30.182809735565165],[74.73545040324788,30.18947993895457],[74.73421399622626,30.19232035420509],[74.72836195288305,30.194963440385568],[74.72444529826123,30.19715934574393],[74.72140159813222,30.19726766343974],[74.71759574110027,30.19657300697131],[74.71370717181618,30.19648663111114],[74.71265418389162,30.195695526527174],[74.71183212660318,30.196984135658546],[74.71546406806404,30.204250776401835],[74.71606847010881,30.20909780170324],[74.7128093593911,30.21327043340836],[74.7166578825761,30.217314302962546],[74.71822677756484,30.22054837300296],[74.71896295096798,30.22073952293173],[74.71798024479791,30.225630223290295],[74.72562909996626,30.229986461320607],[74.72182262893567,30.232869057827617],[74.7206222629961,30.234905017828048],[74.72115895128914,30.235857361110423],[74.72120711227988,30.243080940666744],[74.71780798519855,30.245261693864176],[74.71797471179131,30.248482938269163],[74.71908440793369,30.25212832292039],[74.72093892678494,30.255365022537518],[74.72030641785985,30.257276404874393],[74.72241079269581,30.25847227013946],[74.72591991769474,30.263512798422536],[74.73465554563063,30.274099835649025],[74.73525168867775,30.276971792682367],[74.73434849243579,30.278851780582148],[74.73730537829887,30.27980800602723],[74.7396544012834,30.27987035348637],[74.74225678260284,30.278346352487368],[74.749110277145,30.28392060165337],[74.75196126199148,30.286981530980228],[74.74789621604911,30.28913214304192],[74.74367881619445,30.292828725877257],[74.74028105178849,30.297647400702616],[74.73745296672698,30.30078466218797],[74.73350363784239,30.303981787857193],[74.72804560827937,30.30575801286882],[74.72738220913301,30.304289782017985],[74.72442417281634,30.30904284572669],[74.73373409157847,30.313125226899487],[74.73989598642541,30.317648711489394],[74.74548305020498,30.32059451396819],[74.74714066400169,30.321089048145012],[74.75330658495838,30.320039556161248],[74.76156584296601,30.3203028824121],[74.77505712916869,30.327387064918327],[74.78488635052128,30.337079261592095],[74.7770605662827,30.337789472918036],[74.77700330429101,30.33920535980829],[74.77443308248195,30.340111215834337],[74.77390275890237,30.339395624226135],[74.76740904605745,30.339945772112987],[74.76534852279813,30.340804689619226],[74.76032856647294,30.341750544878302],[74.75691111288853,30.34187554382589],[74.75338431977332,30.34338438665546],[74.75088435359913,30.343893337031083],[74.74911026451403,30.343143968351487],[74.74134959457388,30.346273814951278],[74.73400519786146,30.348463575013078],[74.72670640676193,30.35009383839251],[74.72449457530405,30.350292716957206],[74.71808978086958,30.35195941018748],[74.71408981890481,30.35256737240586],[74.70769240038129,30.35468861828983],[74.70096124218554,30.354205731614318],[74.69908157471475,30.35454001818947],[74.69999503041808,30.356679944462627],[74.70496569738921,30.357441271648227],[74.71005637159801,30.358883786096797],[74.71554555198664,30.36123503282567],[74.72384959786362,30.366128357812002],[74.7326607284778,30.360150373954],[74.74910898282087,30.352330666490378],[74.7531620487651,30.351442674263595],[74.75657802599405,30.350181323979218],[74.77130632804739,30.343823658026096],[74.77986729413132,30.33937449187401],[74.7815266869624,30.341431173812516],[74.78401833613374,30.339348205503946],[74.78882497635837,30.339639888905957],[74.7899687612414,30.341111969335447],[74.79117600444508,30.34027505454924],[74.79198563745274,30.33688333864926],[74.79284455757266,30.33725491330514],[74.79337650629653,30.346682310615805],[74.79626235398763,30.355647660007026],[74.8000467529951,30.360108784005604],[74.8051191467772,30.36727533002506],[74.8072715951679,30.371111346066375],[74.80871331109714,30.37469551142132],[74.81092929992897,30.378410029198875],[74.81427984440657,30.382076268813282],[74.81862839967022,30.38965799351492],[74.82180969939839,30.39285702145719],[74.82901790694243,30.389259904444298],[74.83188662593261,30.388293996625823],[74.8377644141777,30.388019890436915],[74.8462420819758,30.38214978847419],[74.85320190613383,30.375433981945903],[74.85543425873554,30.377419168138296],[74.86079042810303,30.380913730873843],[74.86857185921237,30.38454440792147],[74.87145147794254,30.38640425307309],[74.87390291348785,30.389054530836724],[74.87550500579093,30.389486479719395],[74.88713944753535,30.382444634827824],[74.8910785040792,30.38076510631809],[74.89593830727046,30.379554906300402],[74.90260701037863,30.378978140753325],[74.90562705418877,30.37755510215326],[74.91054641917042,30.37596525031294],[74.91444096517434,30.372978969480005],[74.91781234164822,30.37189207785626],[74.91630330603275,30.370472715661005],[74.92018821756629,30.366920383572868],[74.92885405942913,30.36801598506584],[74.93284479534299,30.37076686502081],[74.93540794153728,30.374131040361103],[74.93919756168525,30.37820651805083],[74.94049250117551,30.380884896957006],[74.94414136647707,30.384316287599837],[74.94558965775427,30.384817565402575],[74.94901857152426,30.383017541325454],[74.95564292480954,30.387287297096467],[74.9576863358206,30.387451775512368],[74.96160972474517,30.388904250629867],[74.96357284107214,30.39098582056267],[74.96423148655029,30.39347458978348],[74.96788057754057,30.39558971755474],[74.97001023978079,30.398902199988896],[74.97060707837068,30.404586957944996],[74.9757846946233,30.403623781729966],[74.97595799324635,30.40011599185801],[74.97927929348661,30.400199693430636],[74.98401612418262,30.398853196854756],[74.98602402772563,30.402505814730983],[74.9876379020542,30.40234521998172],[74.99047591419334,30.404083001700023],[74.99323555341549,30.404073009872583],[74.99597859827212,30.40482218264388],[74.99763447368349,30.402135998264576],[75.00407602604939,30.39597709775292],[75.00478920686878,30.393327767328543],[75.01320515333929,30.38589050790513],[75.02105691857653,30.38273825271412],[75.02301175206007,30.381045083053706],[75.02481151630653,30.380925097424996],[75.0274211721439,30.382484968619384],[75.03178645537133,30.381890153968303],[75.03420246671337,30.38033374381987],[75.03548012903809,30.380635150783288],[75.0373098933534,30.379555247620935],[75.04317768472117,30.379134782318992],[75.04806119396206,30.38366576878707],[75.05285303389711,30.38869086733808],[75.05176796537702,30.393274093922983],[75.05182168749462,30.39754305524176],[75.05263065265083,30.402700970559167],[75.05253762019038,30.409552768771142],[75.0475276073482,30.414824891472335],[75.04260725502891,30.41874512158241],[75.03907309534843,30.42261507456436],[75.03484029184554,30.425825783299796],[75.03320929672162,30.427591482565596],[75.02673111373252,30.426581136801204],[75.02280011864842,30.426641056012727],[75.0252860840393,30.43153217432358],[75.02542125821805,30.43472042628598],[75.02763956640304,30.438572146366614],[75.02101869807383,30.442166837686894],[75.02511125942404,30.44680937320755],[75.0271909795647,30.449939108406568],[75.02944396493821,30.45477361485031],[75.03148444287878,30.45683659838991],[75.03743960941367,30.459688287876396],[75.04210783858747,30.458852313521955],[75.05027698121854,30.455353723880357],[75.0521201459822,30.45757460103545],[75.0541510553781,30.458617959804958],[75.05323977712223,30.46046563540488],[75.05128424694593,30.459362261114254],[75.04853305136325,30.462112921956553],[75.04255942859155,30.46558968732121],[75.04358407946745,30.469420220664134],[75.04306973387895,30.473579697802506],[75.03568979015988,30.473697066403563],[75.03082428081267,30.474502987515496],[75.03036197245034,30.476328046757075],[75.02733532569636,30.481986297029295],[75.02053039455178,30.49105826507042],[75.02872366818646,30.497564791965996],[75.03206866381493,30.50249087559087],[75.0323876293186,30.504309985635018],[75.03726831244022,30.504658263053646],[75.0399882177144,30.50327213290025],[75.0417520859963,30.504297503018417],[75.04288396931767,30.501182693695068],[75.04884485940646,30.50141648069396],[75.05158007688043,30.503502134192047],[75.05501765831534,30.501675660392774],[75.05858889004307,30.50398637897132],[75.06102016237821,30.50324787512721],[75.06193840632083,30.501516637048766],[75.06564100471869,30.506706343715408],[75.0702351589302,30.51171384661793],[75.07281480896073,30.515583516621053],[75.07759415712279,30.524572745852023],[75.08442276885151,30.531755166688782],[75.09211225381712,30.52712256214336],[75.09992124768881,30.523352906399506],[75.1053242163856,30.521278863295546],[75.10884388848015,30.520980047647463],[75.11798685272075,30.523872303624778],[75.12276078160505,30.524489241883238],[75.12816347944228,30.52235523923798],[75.12961409512323,30.523627040789016],[75.13094880119463,30.52647860951204],[75.13148255833504,30.52986768263184],[75.13073667487508,30.53780395708906],[75.12969256810278,30.541076106664757],[75.12818385524035,30.542383001455992],[75.1264090432134,30.545931905989193],[75.12513046018086,30.55185898167056],[75.12253818314679,30.556170110468308],[75.12083942995808,30.560486768193915],[75.12162373932674,30.563243821832767],[75.12333359132714,30.566471130965112],[75.13020487619437,30.57211242741218],[75.13396708429049,30.574542869458657],[75.13866300262397,30.57608038060213],[75.14492835737785,30.581345481768338],[75.1457391558849,30.582386219868184],[75.15115437211851,30.577878295801458],[75.15435405795644,30.57667578125419],[75.15681167381575,30.576611466796628],[75.16075064962172,30.579414216018037],[75.16365675793466,30.579826130674054],[75.16591690714486,30.5783269305157],[75.1663551529767,30.57572080005318],[75.16898207209653,30.570189011666137],[75.16984153672523,30.56613260313465],[75.17169166462428,30.563069954360486],[75.17218571043801,30.560284398334073],[75.17448523469747,30.556812784480787],[75.17877967776121,30.552917603256052],[75.17992071605309,30.550290772202384],[75.18059158334769,30.54568022254247],[75.18307036481492,30.53308227867657],[75.18123607063097,30.52584031626358],[75.18043075413041,30.51998341192387],[75.1811406825187,30.51433390528346],[75.18087073047785,30.511084185753436],[75.18167062836132,30.510174268053955],[75.18847768108091,30.508788632449622],[75.19206023803895,30.508693529311017],[75.19372668519183,30.509405985866042],[75.19542882586238,30.512184129750175],[75.1996193372467,30.509462804635234],[75.20138806476075,30.50711458852733],[75.20303842068897,30.506952766016692],[75.20455139698089,30.509280436666064],[75.20586800315705,30.50879148652052],[75.20707240445208,30.51096325701964],[75.20571906502242,30.513366853735665],[75.21187207320601,30.516357569419984],[75.21910527560374,30.509273657550054],[75.22302390441496,30.507526530658296],[75.22697472866207,30.507634608841453],[75.23114195566167,30.50859037863759],[75.23369927605398,30.511877463647707],[75.23730337213857,30.51004442813535],[75.24007905959147,30.51143049185722],[75.24041859027511,30.513640645969787],[75.2441835256185,30.514978524679744],[75.24529231401641,30.514794036159508],[75.24904542001336,30.517905008321073],[75.25200482941672,30.51610327681919],[75.25567123106667,30.516574581364896],[75.25779066420478,30.519983617670093],[75.2620680621864,30.520947716442837],[75.26557009471358,30.520597229715374],[75.26935692419143,30.51654445893944],[75.27154980427639,30.515707958889216],[75.27743632489482,30.51221542044023],[75.28281345564274,30.50811504869554]]]]}},{"type":"Feature","properties":{"id":"03-481","name":"Faridkot","source_name":"Faridkot","state_id":"03","source_agency":"Survey of India (SOI)","district_code":"029"},"geometry":{"type":"MultiPolygon","coordinates":[[[[74.90863470864716,30.7366378363771],[74.91061527588352,30.73442405133183],[74.91088525641389,30.729134517134757],[74.91064530494512,30.724104956540884],[74.9086155849502,30.719215376132173],[74.90733576843394,30.714155812852074],[74.90524605577855,30.709876181848923],[74.90416620819093,30.705836532280124],[74.90418621413309,30.703266757720577],[74.9066659042917,30.69850717697039],[74.9098155069314,30.694457537824846],[74.91079816938753,30.691799455249654],[74.91371502104883,30.68666822477981],[74.91519483978166,30.683348520040138],[74.91869142689403,30.682399222031336],[74.91888424552396,30.685173444539654],[74.92180396097915,30.68787814068128],[74.92306379721448,30.68754817106895],[74.92211394886479,30.679288889014977],[74.92453363178574,30.679558871600868],[74.93111277134838,30.67922891655318],[74.9334624647419,30.679468902177067],[74.93896174853148,30.678279017748242],[74.94532091539747,30.679428933101065],[74.95213003387208,30.67681917647066],[74.95561957289112,30.677939086433692],[74.95605952186719,30.675299318074664],[74.95765933174255,30.670199768988912],[74.95806928997858,30.66718003030546],[74.95837927373127,30.659130734122563],[74.95814486246226,30.656474495275706],[74.95206013597554,30.647731712904232],[74.9499144097991,30.645120892407327],[74.95113026857624,30.644631980040355],[74.95368994550563,30.641092293454395],[74.95607964625316,30.636902664775917],[74.9549284744283,30.63457853755313],[74.95325004245808,30.62888335724589],[74.95322288703201,30.62607328249995],[74.95057040597965,30.62389378538504],[74.94858046652004,30.62302898828327],[74.94801077466549,30.614074633456845],[74.94665096316568,30.60953502840812],[74.94826075556183,30.60954503091948],[74.94810078437929,30.60702525026039],[74.94921065840218,30.601185760512465],[74.95212028948362,30.597736067479563],[74.95483231530464,30.595940983307035],[74.95525376931623,30.59348615307363],[74.95407005334111,30.59166660170701],[74.95228029060111,30.590856667784063],[74.94951066542667,30.586757018255785],[74.94716586175592,30.584602057826782],[74.95019069003348,30.58071131866544],[74.94807088776003,30.576187934889056],[74.94454574398182,30.572045036335773],[74.9467310812336,30.570378436023297],[74.95037061053957,30.569038561307853],[74.95310026863876,30.564468967954785],[74.95472005746372,30.563989013900823],[74.95590991111598,30.56187919770028],[74.9609722695788,30.561421120038176],[74.96315897008908,30.560119368628214],[74.96235908175403,30.557659581288835],[74.96374891903997,30.552410042870875],[74.969618162802,30.54859038918211],[74.97328768757552,30.54739050183207],[74.976527276455,30.544320777893006],[74.98074673122107,30.54267093166943],[74.98487618948846,30.543660853986605],[74.98998552283453,30.543790854416436],[74.99142534044184,30.541481061001335],[74.99581478612228,30.53651150400137],[74.9956248168296,30.534511677096425],[74.99708463099509,30.533231793159892],[74.99358509862797,30.529192134566905],[74.99163536538862,30.526072401686545],[74.99004559051478,30.52058287615102],[74.9917053915091,30.51530333911499],[74.9937651363724,30.51120369988494],[74.99371515022722,30.50891390049602],[74.992665296831,30.505474197723007],[74.99225536839765,30.499894680557922],[74.99348522296823,30.495575059105274],[74.99621488536917,30.48962558291986],[74.99907452099355,30.486785835308464],[75.00299399998443,30.490685508719732],[75.00467377508687,30.49159543291638],[75.00870325168297,30.491085486664097],[75.01282271595362,30.491085497761375],[75.01643224198732,30.49203542417358],[75.02053039455178,30.49105826507042],[75.02733532569636,30.481986297029295],[75.03036197245034,30.476328046757075],[75.03082428081267,30.474502987515496],[75.03568979015988,30.473697066403563],[75.04306973387895,30.473579697802506],[75.04358407946745,30.469420220664134],[75.04255942859155,30.46558968732121],[75.04853305136325,30.462112921956553],[75.05128424694593,30.459362261114254],[75.05323977712223,30.46046563540488],[75.0541510553781,30.458617959804958],[75.0521201459822,30.45757460103545],[75.05027698121854,30.455353723880357],[75.04210783858747,30.458852313521955],[75.03743960941367,30.459688287876396],[75.03148444287878,30.45683659838991],[75.02944396493821,30.45477361485031],[75.0271909795647,30.449939108406568],[75.02511125942404,30.44680937320755],[75.02101869807383,30.442166837686894],[75.02763956640304,30.438572146366614],[75.02542125821805,30.43472042628598],[75.0252860840393,30.43153217432358],[75.02280011864842,30.426641056012727],[75.02673111373252,30.426581136801204],[75.03320929672162,30.427591482565596],[75.03484029184554,30.425825783299796],[75.03907309534843,30.42261507456436],[75.04260725502891,30.41874512158241],[75.0475276073482,30.414824891472335],[75.05253762019038,30.409552768771142],[75.05263065265083,30.402700970559167],[75.05182168749462,30.39754305524176],[75.05176796537702,30.393274093922983],[75.05285303389711,30.38869086733808],[75.04806119396206,30.38366576878707],[75.04317768472117,30.379134782318992],[75.0373098933534,30.379555247620935],[75.03548012903809,30.380635150783288],[75.03420246671337,30.38033374381987],[75.03178645537133,30.381890153968303],[75.0274211721439,30.382484968619384],[75.02481151630653,30.380925097424996],[75.02301175206007,30.381045083053706],[75.02105691857653,30.38273825271412],[75.01320515333929,30.38589050790513],[75.00478920686878,30.393327767328543],[75.00407602604939,30.39597709775292],[74.99763447368349,30.402135998264576],[74.99597859827212,30.40482218264388],[74.99323555341549,30.404073009872583],[74.99047591419334,30.404083001700023],[74.9876379020542,30.40234521998172],[74.98602402772563,30.402505814730983],[74.98401612418262,30.398853196854756],[74.97927929348661,30.400199693430636],[74.97595799324635,30.40011599185801],[74.9757846946233,30.403623781729966],[74.97060707837068,30.404586957944996],[74.97001023978079,30.398902199988896],[74.96788057754057,30.39558971755474],[74.96423148655029,30.39347458978348],[74.96357284107214,30.39098582056267],[74.96160972474517,30.388904250629867],[74.9576863358206,30.387451775512368],[74.95564292480954,30.387287297096467],[74.94901857152426,30.383017541325454],[74.94558965775427,30.384817565402575],[74.94414136647707,30.384316287599837],[74.94049250117551,30.380884896957006],[74.93919756168525,30.37820651805083],[74.93540794153728,30.374131040361103],[74.93284479534299,30.37076686502081],[74.92885405942913,30.36801598506584],[74.92018821756629,30.366920383572868],[74.91630330603275,30.370472715661005],[74.91781234164822,30.37189207785626],[74.91444096517434,30.372978969480005],[74.91054641917042,30.37596525031294],[74.90562705418877,30.37755510215326],[74.90260701037863,30.378978140753325],[74.89593830727046,30.379554906300402],[74.8910785040792,30.38076510631809],[74.88713944753535,30.382444634827824],[74.87550500579093,30.389486479719395],[74.87390291348785,30.389054530836724],[74.87145147794254,30.38640425307309],[74.86857185921237,30.38454440792147],[74.86079042810303,30.380913730873843],[74.85543425873554,30.377419168138296],[74.85320190613383,30.375433981945903],[74.8462420819758,30.38214978847419],[74.8377644141777,30.388019890436915],[74.83188662593261,30.388293996625823],[74.82901790694243,30.389259904444298],[74.82180969939839,30.39285702145719],[74.80803399015149,30.400255251417263],[74.80739330601003,30.40123806153153],[74.80517008082175,30.397263156977985],[74.7980110088938,30.399412956320912],[74.79683116167307,30.399362958273176],[74.78866635212678,30.395960501281483],[74.78501271228107,30.3957632419049],[74.77480433514509,30.39626408418417],[74.7700185477063,30.397463243167863],[74.76792167737675,30.39692496573774],[74.76454538312393,30.39468329069872],[74.7603255761158,30.392633528143794],[74.75782286893265,30.390237635924322],[74.75633082230055,30.39112256491024],[74.75300911294636,30.394445641636036],[74.75552418062817,30.39843590331338],[74.75526001131193,30.407465497595503],[74.75586861738472,30.410247188412804],[74.75816682016539,30.41599704601323],[74.75931886739248,30.422940939656396],[74.7527797707538,30.427868175595876],[74.75205755371194,30.42919545269331],[74.75510316817922,30.433745392436528],[74.74755281139993,30.437268860890907],[74.74249617537133,30.440414792951554],[74.7379653670979,30.444709075718354],[74.73601554417156,30.445757577874488],[74.73176359272848,30.44941214912327],[74.7293897840305,30.45635785484941],[74.72949967378806,30.458130906470767],[74.73301684631022,30.46291839714533],[74.73734871743159,30.465497080038087],[74.74126129076234,30.470200758223335],[74.74140690051982,30.47303601020317],[74.74784535182685,30.472896545205945],[74.74950798213203,30.474186307132285],[74.7527166780466,30.477926030926103],[74.756056236933,30.479915865981155],[74.75898817156353,30.480861540889194],[74.7629231830939,30.483953343548308],[74.76125553899207,30.486035347047796],[74.76074649183481,30.493516835988228],[74.75856328007409,30.496583339165216],[74.75405645921691,30.492484770736766],[74.74910711587579,30.48920504342266],[74.74686739853426,30.492104787287914],[74.74303034548997,30.49390228953956],[74.73752266532969,30.492900570722348],[74.73486163324314,30.49422104492456],[74.72825018869835,30.499095830115078],[74.72857053082133,30.499899169746993],[74.72560014153926,30.502293853099637],[74.72085617499394,30.504704015252265],[74.71943164905517,30.504953208232706],[74.71854104030062,30.510263143688487],[74.7141620698727,30.512578894762136],[74.70626262613553,30.515672648628215],[74.69942772820058,30.51724823132342],[74.69590176175942,30.51763455393673],[74.69541963198766,30.518734633086417],[74.69122154266853,30.519489956147865],[74.68858694196192,30.518391578414175],[74.68517120492106,30.525837718309145],[74.68715146925614,30.529582820008596],[74.6898647218197,30.531751213951676],[74.69341425082497,30.533871037100603],[74.69668271761357,30.53836010466902],[74.7001236473465,30.539165817482004],[74.70192731215232,30.540330452105707],[74.70381896062685,30.545587789447875],[74.70711457880572,30.548527927816558],[74.70693020133668,30.551314069846864],[74.70872195590191,30.553958743797867],[74.70935210196694,30.557698997647254],[74.70814711834505,30.559775028350316],[74.69895773957948,30.563868354288637],[74.69812354438596,30.565708277749643],[74.69622847164574,30.56745047888006],[74.69110445541659,30.56757809967533],[74.68806484872744,30.56873799206366],[74.68307977980139,30.571608065401872],[74.68114405958327,30.573827885055138],[74.67969561955452,30.574030682965795],[74.67951834493549,30.575869251020205],[74.67435660909528,30.578867078384235],[74.66930513809712,30.579002683192037],[74.66491782497488,30.584736550254547],[74.66226815619576,30.589886095016322],[74.66041842342808,30.59093698076164],[74.65981846817053,30.59239587121839],[74.65765874558298,30.593755747197207],[74.64752701234495,30.59474155690864],[74.6418688707139,30.599033802783698],[74.64105015783667,30.600931795669126],[74.63970002634042,30.606704328085016],[74.63810795881514,30.60866468338692],[74.63409612501563,30.610196425832434],[74.6364360372415,30.615989064105214],[74.63406176711214,30.615743782582637],[74.63204544207397,30.614311364399764],[74.62879345747622,30.615282526373814],[74.62929388407629,30.616458973108852],[74.6266149663658,30.616303950767488],[74.62411305863911,30.61848352566831],[74.62359893995391,30.62285499893683],[74.62390306778813,30.62463298812448],[74.61924106114425,30.639541879764103],[74.61618403771855,30.638291780082152],[74.61352439128251,30.636441937515528],[74.61129821758495,30.63640479129548],[74.61051477116877,30.640971538342995],[74.60884395789182,30.64333259122995],[74.60304299188142,30.64636460843597],[74.59927047198455,30.64727473025634],[74.59559854742741,30.653163462841363],[74.59318713834986,30.65441243394011],[74.58943135071512,30.658305351005197],[74.5799425505778,30.658713440539618],[74.57423714780846,30.662601049676045],[74.57198974294252,30.663369503432516],[74.56589053762505,30.664119427274557],[74.56045639431406,30.665753742303355],[74.54824058949976,30.665921992114566],[74.54260357724485,30.66512929196833],[74.53828751922842,30.665726969516438],[74.53528453097529,30.666889123222088],[74.5251658490171,30.66789901738978],[74.50454446460871,30.6688722201068],[74.49317280229467,30.669651764884154],[74.48756832961206,30.670722155699405],[74.48020353813034,30.67303093856264],[74.47866189754303,30.678228024699276],[74.47780411651776,30.68525729032351],[74.4771453105137,30.688345788977156],[74.47550227380762,30.692026816235977],[74.47361251406576,30.694926558995405],[74.47275695882188,30.699138990958264],[74.47377245863423,30.708315390022943],[74.47404152378478,30.71437842316472],[74.47262457871622,30.724937951306547],[74.47131325313742,30.73093446926358],[74.47005603826811,30.734766775817704],[74.46999276802502,30.737280058003982],[74.46879606645788,30.745151623444],[74.46912187751111,30.74690011368148],[74.47250251213494,30.751491623640668],[74.47912163828596,30.755714882224076],[74.48726545737686,30.759204824992345],[74.49361972674143,30.76114082082904],[74.50001703196452,30.76394414723634],[74.5017464592619,30.765391540482263],[74.51945632259991,30.770430061731133],[74.52426912241602,30.773125677030258],[74.52297110579882,30.774748561437875],[74.52749734607029,30.779933563590692],[74.5302588029241,30.78356531512072],[74.53449179820878,30.78690658138395],[74.53673401705618,30.78766858915852],[74.5423786338936,30.792577249418397],[74.549220600455,30.794271796473765],[74.55610145862983,30.79700781294055],[74.56507598214307,30.799696605408194],[74.56641740543728,30.802045200633287],[74.5688254417319,30.80318992956711],[74.57379066612573,30.80666293631792],[74.57726865816845,30.808246875327995],[74.58720200664602,30.807559620079925],[74.59255665736525,30.808746862621078],[74.59514619238254,30.808764084535316],[74.59877583683712,30.810726702489188],[74.60695474072834,30.820105900318385],[74.61003679888996,30.82559490250401],[74.61365170050176,30.8291732750371],[74.61752496323268,30.828518438064197],[74.62289504343406,30.832843933931187],[74.62403780338846,30.836367712709624],[74.63496105640169,30.8270053554193],[74.63670366839904,30.82485633181402],[74.64042453289693,30.822291345389146],[74.64407287709477,30.81911446174003],[74.6484770080222,30.818333476884472],[74.65032922551853,30.81908317586283],[74.65070547287485,30.820286947447986],[74.6534176986916,30.821696535698795],[74.65392801760962,30.824321167482186],[74.65600011683367,30.82932883945926],[74.65918491234741,30.833165512958395],[74.66317391685821,30.834228565153403],[74.66541176400754,30.83379276155046],[74.66840173590639,30.832268886246528],[74.67158108556266,30.82997270210102],[74.68022623270753,30.825836624626774],[74.68126108585666,30.824918842286287],[74.68748647492026,30.830004581552522],[74.69031505498654,30.83007998085492],[74.69243041067986,30.83099623467862],[74.69447234144708,30.82898805479976],[74.69894242493439,30.826582355317193],[74.70631591745324,30.827774472078307],[74.70844501378889,30.82884865235851],[74.70951328692283,30.827675567730388],[74.71339496156644,30.825978929867254],[74.71763229245829,30.82610836530329],[74.72171270372104,30.82527153314276],[74.7274155197507,30.823057137013194],[74.73313232487689,30.82471545261845],[74.74069252653855,30.82621113330988],[74.74572656943147,30.824075848566746],[74.74910902529194,30.820715787312935],[74.7512476891533,30.815826031632984],[74.75491540311985,30.812726864385077],[74.7577242665085,30.814190159603925],[74.76663100175118,30.8141866897599],[74.77131157767313,30.815626416054414],[74.7699115132695,30.81184175373573],[74.77095299125959,30.811277193560095],[74.77303587957427,30.813290031660358],[74.77784044593491,30.810925861151482],[74.78107300022263,30.806966143807838],[74.7822402964691,30.79753355737218],[74.78367852106531,30.794633171764442],[74.78632553705918,30.79339529941285],[74.78858365885604,30.79321955328731],[74.79325016247705,30.791513055416576],[74.80070712407193,30.79055849572407],[74.80317877937334,30.78973742763631],[74.80711710738767,30.78932004547161],[74.80759859829078,30.782319325292615],[74.80744259597823,30.77720039344961],[74.80798379899548,30.775304599461233],[74.81082071678948,30.770906852698047],[74.81328789620046,30.768340866555057],[74.81747735225892,30.766901002267804],[74.82276856314225,30.76818034401521],[74.82830592710178,30.770310729205757],[74.835402969422,30.770412001938322],[74.83963622954059,30.767375342274942],[74.84197416375046,30.762051482168065],[74.84386392554833,30.759511708641668],[74.84600134462111,30.757940305479966],[74.84920323697645,30.75661197548103],[74.85475917513857,30.757211739325882],[74.85677709609547,30.75100120263775],[74.85475554074047,30.747530146961843],[74.85829208686839,30.74369312243484],[74.86310892075232,30.744641151030525],[74.86405128223461,30.74578556184221],[74.86660928344786,30.746677516757014],[74.87153763087993,30.746827739757197],[74.87231024483526,30.746192936424027],[74.8752199077619,30.746687658424385],[74.88026920489264,30.74583298586409],[74.88193899396813,30.744153137208308],[74.88292692092561,30.741149656174166],[74.89216391818294,30.738361893148465],[74.89587718676884,30.739153604875458],[74.90310624060507,30.73932360851125],[74.90863470864716,30.7366378363771]]]]}},{"type":"Feature","properties":{"id":"03-482","name":"Fatehgarh Sahib","source_name":"Fatehgarh Sahib","state_id":"03","source_agency":"Survey of India (SOI)","district_code":"030"},"geometry":{"type":"MultiPolygon","coordinates":[[[[76.52202093862543,30.757107457333714],[76.52689457055915,30.751361372338906],[76.52959156723584,30.744845159205966],[76.53176131025495,30.74102031227504],[76.52706055299939,30.738162188663836],[76.52161173110241,30.733172888834353],[76.52584600095862,30.727663054111986],[76.52674259448517,30.72759218749175],[76.52933046843215,30.724423616678173],[76.53127632172179,30.72452582938335],[76.5319397992682,30.721967667686354],[76.53155774584297,30.718726574135836],[76.53442571677412,30.709017488580383],[76.54265306189217,30.709024118370042],[76.5468087618929,30.710441862143153],[76.5501288758118,30.70817714210016],[76.55446124885502,30.702149870660158],[76.55428103885072,30.697982195517994],[76.55526482152867,30.695956155800662],[76.55402917646062,30.69450315485035],[76.55490180747474,30.691516933762237],[76.55583125855601,30.690603141881812],[76.56155471521866,30.69024076542193],[76.5647948836245,30.68916575822725],[76.56611193589814,30.68792903700552],[76.57275279955785,30.675461928544713],[76.57217166379358,30.674121843851243],[76.57534121859214,30.671798737846448],[76.57968383546938,30.666646103245768],[76.58345923961225,30.666268123191422],[76.58804087750102,30.667345196014086],[76.59002727671547,30.667008999154227],[76.59341076832911,30.662834861928225],[76.5974789971153,30.661666202840777],[76.59844427254838,30.662405731754447],[76.59970308027266,30.66111571353964],[76.6010338921126,30.65636147283624],[76.5973815276919,30.653262622167983],[76.60312208986343,30.64809580631283],[76.60599673698219,30.651728935402453],[76.6105239034123,30.647886232611604],[76.61645941366919,30.644658775961545],[76.62202847796382,30.643236842510245],[76.62816095684647,30.643389815157967],[76.63102773584198,30.639361855522075],[76.63177425888902,30.63677474034847],[76.63167284223988,30.632081195690816],[76.63038876907581,30.628931688164773],[76.63179885651626,30.626440848304323],[76.6334910051686,30.621928918351806],[76.63470673241729,30.620272498701823],[76.62958063386041,30.61385447547563],[76.62630726232683,30.61407171111794],[76.62463270126094,30.612672985538396],[76.62240463440968,30.61316384450133],[76.62156817620469,30.611854248207777],[76.61840108861789,30.61042193481925],[76.61963177362333,30.609200894241056],[76.61693067968804,30.606430916423147],[76.61508178550024,30.60350708330562],[76.61185693792454,30.5972360235171],[76.6065250448835,30.591091682813342],[76.60226160831498,30.59480809819592],[76.59665116430901,30.59063357789427],[76.59594977736081,30.58975772389957],[76.58447907587676,30.572638079892226],[76.58040312716174,30.57266800468339],[76.57981726780037,30.56823982798315],[76.5789410321148,30.567373880469965],[76.57222827260638,30.563967847235183],[76.56960522940061,30.568139226231946],[76.5666988335388,30.565717232483884],[76.56373704978823,30.566646243396715],[76.56162884815373,30.56516077415634],[76.55845697788332,30.56441576694361],[76.55245876504904,30.561319126711798],[76.5492292437602,30.56080100270112],[76.54575149795795,30.559145069586297],[76.54056670668822,30.558880744119442],[76.53684771640803,30.557936188796663],[76.5348150053387,30.559837996986154],[76.53467339750426,30.558464463852218],[76.53289787897491,30.560099097266754],[76.5286401615307,30.562432979808296],[76.52574897066393,30.56224420028237],[76.52270725763992,30.563103873675185],[76.51613221345463,30.56807210283627],[76.51268489731076,30.56750386369079],[76.50871307816136,30.56557800114489],[76.50585822868881,30.56483086446749],[76.50460803716416,30.561559995651862],[76.5030527291839,30.55986097733241],[76.50631673859131,30.556835967157244],[76.50740020035283,30.555217429008465],[76.50179043817019,30.55155205117824],[76.49959810772106,30.54866001102261],[76.49914410690843,30.54604779897257],[76.49986522178301,30.54218185315457],[76.50081865599476,30.54064117318652],[76.50010815552034,30.53742213374458],[76.5029396032052,30.534515601459734],[76.5008404073619,30.533114049547745],[76.50110688112085,30.530149087097307],[76.50255351687845,30.527379632791426],[76.4988782131551,30.525320820202825],[76.4930537877387,30.52048506287379],[76.49125579127697,30.519660587083347],[76.49239125396736,30.513348941730662],[76.49674254381118,30.50787683573678],[76.49285905888478,30.504027993691672],[76.49092328690195,30.501120372305916],[76.4913694900567,30.4999263661228],[76.49386478956563,30.497918469592484],[76.49461777936303,30.495990057144258],[76.49810909686222,30.492977388454726],[76.49482810204546,30.487655725705732],[76.49833046096934,30.484123040223253],[76.49887740161347,30.482826198397838],[76.50246600680907,30.47881640870508],[76.50142839812786,30.473092408172718],[76.5028116981203,30.471386081870495],[76.50123343162187,30.469145885513086],[76.5009036860561,30.466595433687846],[76.49980894371292,30.464586847794997],[76.49824853836274,30.46355478544307],[76.49591818442755,30.46532351919212],[76.49369280925188,30.465629081539863],[76.48702765415554,30.46455229752707],[76.47770991717218,30.468442398966157],[76.47561400685605,30.46886091985643],[76.47657064913096,30.47031707883826],[76.47356930243448,30.47251414492942],[76.47036443901877,30.473840840824266],[76.47027424086933,30.47261767601558],[76.4651108067107,30.465974636944587],[76.4670889076321,30.46277143527963],[76.4703583393506,30.4590489970946],[76.47074303870882,30.456697548600143],[76.46913122837401,30.45464375335444],[76.46019873594003,30.459403867383813],[76.45787914116694,30.457531239419882],[76.45341568543104,30.45308559864468],[76.45253495889735,30.451218641342194],[76.44885116664918,30.448915614776524],[76.44663986113409,30.45065899165888],[76.44405446436558,30.44870232960919],[76.44098388599737,30.447709873201966],[76.43807608427872,30.44595659635564],[76.43506820113961,30.44315683937515],[76.43124441896704,30.442859412948238],[76.42975556990594,30.444313251334666],[76.427440234654,30.444072615788645],[76.42706986367924,30.4489347916617],[76.42944423114118,30.452559559104294],[76.43054306130843,30.45670095677617],[76.42894816913588,30.458151018419137],[76.42482059055932,30.46047584128812],[76.42181631282511,30.461563658932185],[76.41717138148164,30.46411867964155],[76.41456600847216,30.459596558545407],[76.41381597712913,30.45622388760837],[76.40693655931355,30.44811671203548],[76.40426438098062,30.450229110749728],[76.3986499644863,30.452407481081448],[76.39655780874111,30.452311758277855],[76.39640911969316,30.454833890286167],[76.39383600353241,30.458121252177392],[76.38929034382032,30.460362211234898],[76.38550107573013,30.46384998691233],[76.38356154995374,30.466946245063163],[76.38420360374893,30.46870416152369],[76.38218140353044,30.471676383165857],[76.37889750271339,30.470138104582503],[76.37609485681637,30.471730982580663],[76.37322780139819,30.472552227455015],[76.37335980898983,30.46875491663575],[76.36973177325919,30.468797011351445],[76.36585231176183,30.466414496570327],[76.36195481485483,30.466106148101126],[76.35919911957244,30.463594620740437],[76.35707606242502,30.462530735362893],[76.3524642823651,30.46144432416451],[76.35222909909908,30.460176818456734],[76.34487586102965,30.475053426981226],[76.3437655620209,30.47615577443236],[76.34567703410988,30.477508534226708],[76.34550050032584,30.479560306239392],[76.33972942728568,30.48334900274852],[76.335857008279,30.485412390302542],[76.33366250232318,30.487627275864952],[76.33590247691455,30.49134264775013],[76.33568864776396,30.493143538015776],[76.33421503237838,30.49500209836392],[76.33248002851522,30.493403068957587],[76.32974827852053,30.493398048421682],[76.33238297793856,30.495766999984113],[76.32809725342143,30.498915155037903],[76.33258892493059,30.502823736019472],[76.33139547530206,30.50886118413855],[76.33110471962655,30.512028962775442],[76.32792243292036,30.51761901109853],[76.32693629462605,30.518667136015033],[76.32728961171544,30.521019112047043],[76.32643771680678,30.52377556198598],[76.32323107458842,30.528701213728745],[76.32465748544932,30.531967847921063],[76.32527397070744,30.535856026713965],[76.32827882959586,30.5403361306046],[76.31453094289539,30.54789144712418],[76.31197495168999,30.546285580390524],[76.30884701849317,30.54549319366625],[76.3000931669717,30.545574386156716],[76.29866083711474,30.546872745481235],[76.29714182443306,30.546611734967446],[76.29387871991375,30.54777081703998],[76.29333495451984,30.546952057854448],[76.28826194604113,30.544649880286872],[76.28596001077752,30.546749658888583],[76.28453884775732,30.54658822339853],[76.28368688048577,30.544981908659548],[76.28174405851257,30.5467231688645],[76.28026806993712,30.54917201585491],[76.27785831086616,30.55152700644081],[76.27660826732063,30.55130994526468],[76.27481026305824,30.552880163035127],[76.2758755582425,30.55448055446536],[76.27557203668806,30.558237925785846],[76.27465281751822,30.559961695428775],[76.27247340475347,30.55886976005585],[76.26842509649641,30.55901548005236],[76.26711445608323,30.560391581227847],[76.26213881137174,30.561884622523227],[76.25626509559893,30.56726326635056],[76.25504081139731,30.566666047985827],[76.25658541575963,30.56286864333243],[76.256223870302,30.56163865982694],[76.25102802641382,30.559982953962862],[76.24944612810096,30.558932235834913],[76.24561056727669,30.55421422968102],[76.24706202595638,30.551833664109676],[76.24445086545049,30.54975607089468],[76.24043214333372,30.549630204726697],[76.23724232799606,30.550257157838136],[76.23637766586938,30.555801422295517],[76.23978832586684,30.556838587717973],[76.23815846844195,30.563876548277193],[76.23789811648291,30.566651678419607],[76.23532935124983,30.568136460252155],[76.23207210127539,30.567509872070925],[76.22936067663984,30.57013192161025],[76.220772302145,30.565438976892914],[76.21730656476183,30.56402924806916],[76.21535753473819,30.564385334479756],[76.2130801811689,30.561251807380852],[76.21208639434327,30.558579126222277],[76.20529450076802,30.554177532748785],[76.20329360608137,30.556417683689503],[76.20259691187191,30.552978927228878],[76.20135917330475,30.551203978578766],[76.19821376612101,30.55001237955653],[76.19138293854924,30.549794018761023],[76.18728137335674,30.546656814066488],[76.18728216600913,30.545777007610237],[76.18310356863448,30.5414288799058],[76.18089765884821,30.544155418073906],[76.17694072932443,30.54537109678508],[76.17308111886965,30.54713656883354],[76.16958401222678,30.54439545528232],[76.16787765474812,30.541395118451543],[76.16566052882405,30.53517565474825],[76.162797333519,30.5383542530131],[76.15956569772331,30.54051289561272],[76.15552297244541,30.544493141131962],[76.15435194525877,30.544160910354353],[76.14989118236079,30.54076902170257],[76.14366132845407,30.534742912124123],[76.14546091919645,30.53275579002365],[76.13877091948537,30.525544155013975],[76.13624170921037,30.523581113699255],[76.13142841348203,30.52848442107896],[76.13023406468965,30.53233719266804],[76.12777870842888,30.536985394657876],[76.12362395886815,30.54318871783734],[76.11991891149744,30.54541731947111],[76.1182457974976,30.543101579393923],[76.1112309485078,30.535436206383352],[76.11102431543826,30.534061466216958],[76.10824349819836,30.52934346034757],[76.10140914973042,30.53202705739126],[76.09554497461687,30.535026187705647],[76.09360109159596,30.536658664050368],[76.09183858901602,30.53987338796026],[76.08656494332135,30.53769265373341],[76.08110316676002,30.542464229985367],[76.07733364886099,30.544963999644732],[76.07577436861273,30.54658321303097],[76.07932807930855,30.549228969164325],[76.08152305725105,30.554493183996417],[76.08137306103549,30.557852890959527],[76.08447026910537,30.56200438124102],[76.08654680870825,30.564397064587883],[76.08797461610426,30.567023297608564],[76.09043446749031,30.567842058421977],[76.09335873299523,30.5653211048977],[76.0964314201853,30.564071376587794],[76.09798353488851,30.560496745893992],[76.1041529188594,30.562178734808363],[76.10769595096711,30.562131887068887],[76.10879920946957,30.564783666935043],[76.10725957556342,30.56520507331523],[76.10801682301587,30.576092508457826],[76.10960682123677,30.577817131398664],[76.11232495077941,30.578524223423937],[76.11454869376901,30.579818356464735],[76.11146642886233,30.582925597528952],[76.1102418631561,30.585502067798632],[76.11018078342452,30.587409783354286],[76.11413631707417,30.591054546670158],[76.12044298764945,30.593544662177674],[76.12546281194015,30.5970134838207],[76.12064974695794,30.60076613308624],[76.1252244358111,30.602827286454183],[76.12148479258909,30.607281712058793],[76.11649389697591,30.61495262004084],[76.12095192102097,30.618021121720034],[76.12424612621221,30.62188597383986],[76.12789978811404,30.6228234990735],[76.12519401210565,30.627473429205562],[76.12763815355872,30.62806568224336],[76.12778254854967,30.62955853143053],[76.14498072057366,30.6377250909896],[76.15278651256489,30.639838537463525],[76.15208296898938,30.649174897861432],[76.15216481968622,30.655174063777014],[76.16246544443463,30.65879179065172],[76.16871333174302,30.661548268539832],[76.17158502728783,30.66684423314733],[76.17116763233177,30.675608147108097],[76.17366058888236,30.679280182352457],[76.17675721750014,30.68032238500507],[76.18075605250952,30.67936232049367],[76.18197829428401,30.67676521180362],[76.18255989193052,30.67156221929534],[76.18787236871268,30.66779382734364],[76.19263298959888,30.670987150899048],[76.19819378062151,30.675195477958862],[76.20558119505577,30.674158582748255],[76.20904774438394,30.675136550681298],[76.21521735258976,30.678232454968263],[76.21885747391849,30.679289780959905],[76.22024480740149,30.67756048319291],[76.22248348232182,30.677173030417876],[76.23139540657886,30.677109583566136],[76.23463410667907,30.67864992318603],[76.23606442989626,30.680141739203233],[76.23974240767704,30.681027488610756],[76.24450340422554,30.679102192359203],[76.247266100365,30.678931283474725],[76.24905026685475,30.679619128391888],[76.25342876266194,30.67934672167349],[76.2553524492238,30.68078745857303],[76.25854888888865,30.677873990589283],[76.25933922939328,30.678369091930854],[76.26172207034604,30.67605042567169],[76.26397477572361,30.677358686431898],[76.26613131311368,30.67549109811265],[76.27167170388277,30.678493739366214],[76.27496524817458,30.67566308458405],[76.27567709972679,30.675996639828387],[76.28003790314663,30.68084965439076],[76.28143156013844,30.681587264415423],[76.2842563060631,30.681466532057335],[76.30326636569623,30.678452946393822],[76.30495085726868,30.680950814072375],[76.30934684762629,30.685644961814717],[76.3127345057791,30.68766283332674],[76.31519037061054,30.687509818750005],[76.31980874403611,30.68812673124699],[76.32033782379848,30.68970764108062],[76.32331740797775,30.693319645628268],[76.32148265906956,30.69689507807819],[76.32265337590844,30.6974262137058],[76.31997174629065,30.70263500327283],[76.31856298055088,30.704067702839552],[76.31586326493772,30.7051525051888],[76.31098994085909,30.704174427537968],[76.30963958135541,30.703397981846354],[76.30807956045126,30.705376315350218],[76.30589148419875,30.704219027453895],[76.3019178125353,30.710155919314243],[76.29760936355594,30.717268853050214],[76.29100075896204,30.7140514734717],[76.28675518275642,30.718452469144648],[76.28378144469114,30.722888775649853],[76.27804354217844,30.728306063652152],[76.27801568149094,30.729400899779993],[76.27570341740578,30.734114324425978],[76.27762821883296,30.735257845188077],[76.28392806491881,30.737977809265033],[76.2809231128831,30.746300774343577],[76.28574454603631,30.7463954510732],[76.28852405917186,30.74720819303838],[76.29257365425295,30.74981967465667],[76.2977555955199,30.751443154505324],[76.30055973989646,30.752746900192577],[76.30133879961271,30.754393841606937],[76.30306710841728,30.754440696048338],[76.31091947539028,30.75624657612045],[76.30873852520196,30.75998439275018],[76.30491143732397,30.76804093814612],[76.30072886871783,30.76708863376232],[76.29901258434124,30.769776654994207],[76.28970101367497,30.782461160923464],[76.28113328443965,30.778814882377233],[76.27233574814315,30.77579151062078],[76.26955722464498,30.77787776205069],[76.26604486372537,30.782686879232546],[76.26184224752252,30.786748724177986],[76.26338651348895,30.789545171639638],[76.26908072966594,30.79303692220557],[76.2697713018856,30.79423813458271],[76.26775819385378,30.796727458745575],[76.26910484208919,30.79924023839727],[76.27557773132213,30.801017941827748],[76.27932506741418,30.803101372078597],[76.28809691353986,30.807371193426423],[76.28903053158297,30.808191375053273],[76.28650843126972,30.81078427337021],[76.28013077192517,30.820232674480575],[76.28005670724339,30.82588813310355],[76.28125492148754,30.830306460347256],[76.28249328598436,30.831176339606014],[76.29135647473002,30.83184581261619],[76.29030158381062,30.833447430357847],[76.29400502008549,30.8359191967781],[76.30084641133129,30.836987503118966],[76.31106623461564,30.842356091655184],[76.31037467803534,30.844256276140488],[76.30704736331673,30.849759481421614],[76.30521528963853,30.85217121060411],[76.30255189650707,30.85885845556422],[76.29978326280697,30.86230194777296],[76.29767174357171,30.86692449280191],[76.29830020548754,30.869927029913715],[76.30372353658747,30.87266873202968],[76.30903115498845,30.87328119184482],[76.31342963535361,30.874413335622005],[76.31932024609252,30.877055938922446],[76.32791838770753,30.87879798072996],[76.32966436416359,30.873935720563345],[76.33187894789631,30.87247649229466],[76.33404804178628,30.86973162240742],[76.33583326494102,30.872669077440623],[76.3374131443316,30.87279708916],[76.3374653390296,30.875078827001076],[76.34340188244616,30.873813106023334],[76.34854745969899,30.873823059186474],[76.34862095766294,30.865530742098954],[76.35738187137456,30.86618878366902],[76.35692122791978,30.869159719425944],[76.35900658582626,30.869429897529358],[76.36801359913198,30.87218311607837],[76.3678404863129,30.868107736862367],[76.36946259034691,30.866030340197998],[76.37141243709264,30.86521465154586],[76.37243352243952,30.86361822614408],[76.37408683206765,30.863183010446708],[76.38026405100837,30.860336967650543],[76.38196335868108,30.86032345744004],[76.3801841421091,30.857555207576453],[76.3799292768335,30.853180074773793],[76.38489761247557,30.849022764752384],[76.38914625096561,30.846862099542175],[76.39457883872748,30.845141923634028],[76.39704731161292,30.845339693716635],[76.39927102711668,30.846346540522216],[76.40685708820692,30.84701432313813],[76.40765480940979,30.84523184786847],[76.41075980493478,30.84139069121553],[76.41113679356322,30.839930077661144],[76.40917995993641,30.83821237118424],[76.40831871000519,30.838967895951768],[76.40557217254671,30.83558001778306],[76.40246831541668,30.830617683874173],[76.40353250739327,30.827388208375083],[76.40855521614343,30.819653507452347],[76.41123352056657,30.819191113317597],[76.4155189098801,30.819347316201902],[76.4226613895648,30.820921656796436],[76.42441256483886,30.822802220869328],[76.42537190902763,30.82265736372905],[76.43004525525888,30.819762421801634],[76.43262896391886,30.81912557984887],[76.431917221347,30.81229894721033],[76.43470229027372,30.81206956257425],[76.4352724737326,30.80938971403778],[76.43356501036507,30.808204042449344],[76.43447060808391,30.800525143214767],[76.43404795032028,30.79922345464157],[76.43750796372345,30.798408601074044],[76.44220728062115,30.797982848587246],[76.4431088309372,30.795195784162406],[76.44139634301627,30.792788472429585],[76.4411816103868,30.79031983789009],[76.44160038181552,30.78346170891997],[76.44408016718545,30.78364168681324],[76.44383467314029,30.775260192896454],[76.44467651079562,30.760913126671728],[76.44431763223801,30.759470368568113],[76.44795070890122,30.75783608279376],[76.45475184766437,30.75406064990238],[76.45642695384092,30.75479036061191],[76.4595593723698,30.7499124912966],[76.46044736499266,30.7516180442385],[76.46365220815598,30.75469712026275],[76.46776796302123,30.74919535125993],[76.4694287670701,30.74562359404875],[76.47257284892113,30.746476601198744],[76.48315039044384,30.750667423885556],[76.49186701127745,30.746257761452576],[76.49523918676334,30.746214364680586],[76.49797855328485,30.746933450564015],[76.50037235003732,30.74851945047321],[76.50424198132157,30.748731203657986],[76.50647787560614,30.74938713862847],[76.51785687305555,30.756038967389728],[76.52155104781282,30.75760997065426],[76.52202093862543,30.757107457333714]]]]}},{"type":"Feature","properties":{"id":"03-483","name":"Ferozepur","source_name":"Ferozepur","state_id":"03","source_agency":"Survey of India (SOI)","district_code":"031"},"geometry":{"type":"MultiPolygon","coordinates":[[[[74.96484057419177,31.153608906691094],[74.9624026831843,31.149838193481038],[74.96016383223575,31.14731221386287],[74.97041491128329,31.142072891569445],[74.97424811634879,31.139393056844295],[74.97641535136545,31.13843885810522],[74.98372230962867,31.134130498299726],[74.98918369601212,31.131519495436173],[74.99286322319885,31.12857976361049],[74.99874006753377,31.124471718234155],[75.00162005918283,31.12141213531331],[75.00583442709285,31.119797093107],[75.0098786802131,31.12030405283522],[75.01277061866524,31.12593004487517],[75.01334018834397,31.130251989501925],[75.01253650787409,31.13466849775536],[75.0112215341499,31.138891476892006],[75.00992650648462,31.140528110165647],[75.00803717890163,31.14094990276145],[75.0066409806087,31.142937822301963],[75.00661682889917,31.145002615998365],[75.0094463221668,31.144257032356187],[75.0137904206294,31.145148360730353],[75.01337024071631,31.148227523967137],[75.0182585953057,31.14816812760004],[75.02374907701133,31.156107423944757],[75.02496064925585,31.156000488539924],[75.03694662257281,31.15098869858826],[75.03925704752487,31.15401764481826],[75.042726588166,31.154897576521734],[75.0530052563636,31.14976805202116],[75.05800730661336,31.14680402190493],[75.06086423600432,31.14591841083154],[75.0609070196329,31.14806974338211],[75.06235539690863,31.149213864697664],[75.06568757244493,31.14635505334169],[75.06818694231481,31.14561331529705],[75.07199277279011,31.14720832548619],[75.07463800185499,31.147679673794464],[75.07641977509891,31.14900940777156],[75.07936197186677,31.15293162257685],[75.08077160665269,31.151088005264643],[75.08187291405162,31.15107952836114],[75.08333461726373,31.148543710716073],[75.08344046189121,31.146730025851536],[75.08238661154125,31.145497723554865],[75.07962478445218,31.140410818518703],[75.07772944869622,31.138614358906405],[75.07614702543601,31.135447832623697],[75.07704597694755,31.134309854990132],[75.08730902122366,31.132435458669804],[75.09192232243139,31.130059984052437],[75.09765492587302,31.126357510424647],[75.1026185042525,31.12559655938307],[75.10648966878817,31.12920671060781],[75.10895288005436,31.129404731511357],[75.11347623708004,31.127037194661504],[75.11579673531499,31.124901986028256],[75.12617604163444,31.120991035999722],[75.1283886801417,31.116846193491558],[75.13186050207656,31.116398435267545],[75.13094888318649,31.113103727517487],[75.1338095464921,31.111145582332963],[75.13447292888995,31.1122133085453],[75.13629975045225,31.11103538463967],[75.13841800984642,31.108433616014306],[75.13596447248081,31.10549200761462],[75.13616628536491,31.104784586637216],[75.1500284917054,31.09782824333332],[75.14888088260275,31.09636847537931],[75.15013437805659,31.094936872805622],[75.1480023920705,31.088708518990007],[75.1458072993374,31.085744202186643],[75.14196987099031,31.080542927848555],[75.1404462947696,31.081564567780568],[75.13720775126205,31.078843258034986],[75.13396122276018,31.07380843861402],[75.13298641248504,31.073840551650473],[75.12836828498271,31.076398507729355],[75.12682261350129,31.078979220783065],[75.12272515620863,31.080318605029955],[75.1201261742196,31.081680472120357],[75.11799358072155,31.0813692500956],[75.11630839336627,31.078140148207385],[75.11195235055722,31.07901924278615],[75.10926499529283,31.07517211101379],[75.10157810593766,31.077624288389572],[75.09930944020869,31.077371333613748],[75.0999499546653,31.072140138572934],[75.10479695709927,31.06913745765715],[75.10827593585506,31.068163786295713],[75.10393388999196,31.06622047494756],[75.10013505184698,31.065208613856147],[75.09857354376841,31.066534231585706],[75.09447247680296,31.071349781754492],[75.0924894971718,31.07122751313361],[75.08935688679821,31.069819677025247],[75.08364919148694,31.068753679427076],[75.08183016261854,31.06537527859457],[75.0845216989218,31.06211556141181],[75.08998372546723,31.060335753179036],[75.0937399562765,31.06030068471717],[75.09621812115464,31.059070088588793],[75.09680048884051,31.056192986736818],[75.09610984433127,31.053331363425755],[75.09617359827045,31.05023538379428],[75.09430801619415,31.047219347320475],[75.09099957804814,31.046770636917987],[75.08500919167754,31.04661862160297],[75.08243184489439,31.047505309771196],[75.07764249587365,31.047469998570598],[75.07298976929813,31.046818835890598],[75.07232075786112,31.047348480686708],[75.07095655880944,31.051557817023408],[75.07143599189544,31.052226278802728],[75.06824734199817,31.05343275434326],[75.06690921240464,31.05725647256678],[75.06527305921955,31.06011484926803],[75.0635566035563,31.06546714659362],[75.06203067318812,31.067649231415963],[75.05673580828038,31.06494969219594],[75.05305560720953,31.063639836764665],[75.04994010712352,31.059672190160608],[75.04880456278212,31.05445329610581],[75.04730580270632,31.0519247089894],[75.0487335542135,31.048177855380338],[75.05294302826658,31.042848424354],[75.06229443652691,31.040662764879617],[75.0678043395002,31.040746521161193],[75.06708952117062,31.036083089139858],[75.06779839767208,31.034152628388107],[75.07218897167716,31.03330438085895],[75.07888892748028,31.031366003008937],[75.08141661666717,31.029513372606043],[75.08652288878137,31.029000872671187],[75.0958143410836,31.025341275383813],[75.09965909363662,31.02158092961696],[75.10094809471875,31.018383642977355],[75.10316691978461,31.015310176778456],[75.10170323545158,31.01381090733841],[75.09885612234446,31.00879991686801],[75.098144869569,31.005687992707603],[75.0963290170302,31.002436086076916],[75.10217301344075,30.99751985108832],[75.099064388248,30.993302561731863],[75.09613321111597,30.991655871445914],[75.09668914859002,30.988205965214405],[75.09823444664544,30.9845443420986],[75.0995496891761,30.979110258705273],[75.10098453802401,30.976219720288295],[75.10307274573945,30.976164082806157],[75.10356012447302,30.974204231938618],[75.10296922720717,30.972098046114272],[75.0986944759133,30.972838001739916],[75.09578229852133,30.97495140250902],[75.09379840884272,30.975447062782916],[75.09286328334899,30.970192862592157],[75.08944751966315,30.964789163287445],[75.08653499247644,30.958636912273718],[75.08263140301804,30.957891618459094],[75.0825218054369,30.95719256477334],[75.07761825699811,30.9575606845808],[75.07757191384785,30.95592361708404],[75.07869591556418,30.94728313863049],[75.07819936403628,30.94625469465996],[75.07191530519216,30.94596364057405],[75.06985424641518,30.94506984203901],[75.06783101189846,30.942092507910587],[75.05988404851291,30.933132226501137],[75.05600965617373,30.929883131256283],[75.05318289099867,30.92520482811116],[75.0506262202802,30.923304728754587],[75.04808971195149,30.92259077776696],[75.0408186808767,30.922175856906936],[75.03962758550497,30.92035757671047],[75.03649178214019,30.917288759776895],[75.03403092515171,30.908686751354576],[75.03450384051601,30.906364467656964],[75.03298121473415,30.901452187325088],[75.0304125686449,30.8968051498811],[75.02740543300762,30.89687512242998],[75.02518509045444,30.894672607953023],[75.02255954720331,30.894878012572725],[75.02050074532681,30.89335656393574],[75.01790688540059,30.893322839434635],[75.01609855643358,30.892315708580117],[75.00855743900725,30.892498517485855],[75.00439374387902,30.893238914160985],[75.00351382335289,30.89437001978372],[75.00041079968456,30.89577870548532],[74.99644265482247,30.88858531382955],[74.98027735734642,30.8900411341503],[74.97378536216613,30.889088015790023],[74.97030117126918,30.889308335869615],[74.96669629460617,30.890521102536965],[74.96227586368725,30.890057441649493],[74.96023022834854,30.890370392573452],[74.95714934244988,30.889340742920186],[74.95366932599325,30.891654040148307],[74.95233529071149,30.89162986886091],[74.95320486833559,30.889285236132583],[74.95164803900613,30.885034651446244],[74.9479565568195,30.88181187161026],[74.94580140077905,30.8817658690451],[74.94271012664689,30.877697419588085],[74.94350179787448,30.876186894637186],[74.94395780290816,30.86975781388418],[74.94449963630147,30.868942814593332],[74.94469263388376,30.864938500177615],[74.94539938851403,30.862705821941546],[74.9468267893553,30.861540890942624],[74.94780982555947,30.85600299767115],[74.94475643094552,30.850464194046257],[74.94379937855555,30.84619440868084],[74.94096096795721,30.840574855543842],[74.940929342348,30.83897862835051],[74.94353063969284,30.837285148408675],[74.9460234315863,30.834230887709815],[74.94715018997275,30.830005794968464],[74.94674926327694,30.828141120734816],[74.94458410272588,30.826070188454096],[74.94065669158921,30.81932917933965],[74.93604169328583,30.814657108246212],[74.93430192881401,30.812097327624315],[74.92896264650311,30.806097839630297],[74.92808800755165,30.804486524017385],[74.92789206173303,30.796981184428326],[74.92844275401646,30.793778912956125],[74.93076180434934,30.789120691385662],[74.92832258468634,30.78806792920788],[74.92425775714528,30.785309647048717],[74.91491464895678,30.782227822912752],[74.91478124956417,30.77772600451451],[74.91408005125602,30.775190509896497],[74.91291037546128,30.77512251160778],[74.91056516736879,30.77061089467102],[74.91206254319461,30.7686528974763],[74.91164361291737,30.763621937300417],[74.90711855890802,30.758228681687648],[74.90767559702601,30.75401233508575],[74.91036710166145,30.75134148116409],[74.91183240915613,30.75137249198718],[74.91131465882135,30.748060393122763],[74.91228174092696,30.747823696382042],[74.91160048730762,30.743984707736193],[74.91209506173102,30.741223462714395],[74.9104451676401,30.73819776500729],[74.90863470864716,30.7366378363771],[74.90310624060507,30.73932360851125],[74.89587718676884,30.739153604875458],[74.89216391818294,30.738361893148465],[74.88292692092561,30.741149656174166],[74.88193899396813,30.744153137208308],[74.88026920489264,30.74583298586409],[74.8752199077619,30.746687658424385],[74.87231024483526,30.746192936424027],[74.87153763087993,30.746827739757197],[74.86660928344786,30.746677516757014],[74.86405128223461,30.74578556184221],[74.86310892075232,30.744641151030525],[74.85829208686839,30.74369312243484],[74.85475554074047,30.747530146961843],[74.85677709609547,30.75100120263775],[74.85475917513857,30.757211739325882],[74.84920323697645,30.75661197548103],[74.84600134462111,30.757940305479966],[74.84386392554833,30.759511708641668],[74.84197416375046,30.762051482168065],[74.83963622954059,30.767375342274942],[74.835402969422,30.770412001938322],[74.82830592710178,30.770310729205757],[74.82276856314225,30.76818034401521],[74.81747735225892,30.766901002267804],[74.81328789620046,30.768340866555057],[74.81082071678948,30.770906852698047],[74.80798379899548,30.775304599461233],[74.80744259597823,30.77720039344961],[74.80759859829078,30.782319325292615],[74.80711710738767,30.78932004547161],[74.80317877937334,30.78973742763631],[74.80070712407193,30.79055849572407],[74.79325016247705,30.791513055416576],[74.78858365885604,30.79321955328731],[74.78632553705918,30.79339529941285],[74.78367852106531,30.794633171764442],[74.7822402964691,30.79753355737218],[74.78107300022263,30.806966143807838],[74.77784044593491,30.810925861151482],[74.77303587957427,30.813290031660358],[74.77095299125959,30.811277193560095],[74.7699115132695,30.81184175373573],[74.77131157767313,30.815626416054414],[74.76663100175118,30.8141866897599],[74.7577242665085,30.814190159603925],[74.75491540311985,30.812726864385077],[74.7512476891533,30.815826031632984],[74.74910902529194,30.820715787312935],[74.74572656943147,30.824075848566746],[74.74069252653855,30.82621113330988],[74.73313232487689,30.82471545261845],[74.7274155197507,30.823057137013194],[74.72171270372104,30.82527153314276],[74.71763229245829,30.82610836530329],[74.71339496156644,30.825978929867254],[74.70951328692283,30.827675567730388],[74.70844501378889,30.82884865235851],[74.70631591745324,30.827774472078307],[74.69894242493439,30.826582355317193],[74.69447234144708,30.82898805479976],[74.69243041067986,30.83099623467862],[74.69031505498654,30.83007998085492],[74.68748647492026,30.830004581552522],[74.68126108585666,30.824918842286287],[74.68022623270753,30.825836624626774],[74.67158108556266,30.82997270210102],[74.66840173590639,30.832268886246528],[74.66541176400754,30.83379276155046],[74.66317391685821,30.834228565153403],[74.65918491234741,30.833165512958395],[74.65600011683367,30.82932883945926],[74.65392801760962,30.824321167482186],[74.6534176986916,30.821696535698795],[74.65070547287485,30.820286947447986],[74.65032922551853,30.81908317586283],[74.6484770080222,30.818333476884472],[74.64407287709477,30.81911446174003],[74.64042453289693,30.822291345389146],[74.63670366839904,30.82485633181402],[74.63496105640169,30.8270053554193],[74.62403780338846,30.836367712709624],[74.62289504343406,30.832843933931187],[74.61752496323268,30.828518438064197],[74.61365170050176,30.8291732750371],[74.61003679888996,30.82559490250401],[74.60695474072834,30.820105900318385],[74.59877583683712,30.810726702489188],[74.59514619238254,30.808764084535316],[74.59255665736525,30.808746862621078],[74.58720200664602,30.807559620079925],[74.57726865816845,30.808246875327995],[74.57379066612573,30.80666293631792],[74.5688254417319,30.80318992956711],[74.56641740543728,30.802045200633287],[74.56507598214307,30.799696605408194],[74.55610145862983,30.79700781294055],[74.549220600455,30.794271796473765],[74.5423786338936,30.792577249418397],[74.53673401705618,30.78766858915852],[74.53449179820878,30.78690658138395],[74.5302588029241,30.78356531512072],[74.52749734607029,30.779933563590692],[74.52297110579882,30.774748561437875],[74.52426912241602,30.773125677030258],[74.51945632259991,30.770430061731133],[74.5017464592619,30.765391540482263],[74.50001703196452,30.76394414723634],[74.49361972674143,30.76114082082904],[74.48726545737686,30.759204824992345],[74.47912163828596,30.755714882224076],[74.47917225206918,30.759542776445276],[74.477892301664,30.75957777920546],[74.47791240598505,30.764592684113065],[74.47505585839876,30.76505272704894],[74.47507385146038,30.765824028046694],[74.47224691982821,30.76644206924047],[74.46735933085398,30.76878429425604],[74.45940160642168,30.769104086089737],[74.45954962887201,30.77083699422007],[74.45828616110798,30.772247409362368],[74.45247415983081,30.77644867079864],[74.449515483664,30.779531894375268],[74.44796242864246,30.78304133130563],[74.44550819891246,30.786786954411326],[74.44332567427989,30.786692820215496],[74.44262593665738,30.783255457298743],[74.43938055311774,30.780423112607092],[74.43561760889145,30.77973357858404],[74.43341943600542,30.777037746673983],[74.42999062336023,30.776589941935903],[74.4292395081672,30.778852104552634],[74.42438975574659,30.78234305185042],[74.42021891281243,30.783002827532933],[74.41878622801488,30.784059679298704],[74.41887760107882,30.785701945713004],[74.41752873707311,30.785794457589002],[74.41580205600268,30.788368562130234],[74.41356087529229,30.788372356465537],[74.41201185808563,30.789540877141246],[74.40839099327738,30.78957814036552],[74.40695839061937,30.790143291371002],[74.4071139184055,30.79163729285953],[74.40549955948462,30.79163714790402],[74.40548462073455,30.793418351005432],[74.40384597531416,30.79510016511368],[74.40250806629676,30.795138452547942],[74.40182886339501,30.797906067934207],[74.39908590880093,30.797905345439716],[74.39906636673558,30.79961433657708],[74.39636018316487,30.79959133266591],[74.39549648442436,30.801563733213897],[74.38693591471115,30.80175654018983],[74.38436546571093,30.801288018960975],[74.37997023341379,30.801385481546575],[74.37813287016733,30.80085909137561],[74.37689474263406,30.796851250937124],[74.37531002166514,30.795107001962958],[74.37535601503457,30.793683434666043],[74.3737223644895,30.791423813791944],[74.37246861412487,30.790966484856074],[74.36421311537399,30.790978730328188],[74.36244412053352,30.789106717409037],[74.35951051804268,30.78979344280552],[74.35363166026586,30.789926541338847],[74.35369066865596,30.79177600930682],[74.34824355536509,30.7918359710525],[74.34388018521076,30.79410150296479],[74.3441918191456,30.7973196494947],[74.34281050080902,30.79792057177685],[74.3420655954554,30.801219417282137],[74.34123449688533,30.801248087516637],[74.3412934306722,30.803737869345323],[74.33913523835375,30.805159269517485],[74.33957911936763,30.80378571502257],[74.33817271560541,30.800231733446555],[74.32844534503877,30.7947342806822],[74.32977580484398,30.797477665653606],[74.32394096935965,30.799031617265193],[74.32163147344507,30.796469551591322],[74.30736926049084,30.80104482367273],[74.30147171315527,30.803837522035366],[74.30245974218225,30.808042892219248],[74.3051009199873,30.810934032670772],[74.3101420150956,30.81862787259456],[74.31756648459935,30.82462214118594],[74.31982805788651,30.827403692407945],[74.3191759931594,30.830398819185042],[74.3193108677613,30.832902953426196],[74.32205786203127,30.838669669646183],[74.32016156224931,30.84201827345881],[74.32038523502818,30.846626512336606],[74.32302594341279,30.84785947403884],[74.32467292748258,30.849561814524726],[74.32621459359542,30.849176053311535],[74.32797495318864,30.850100833724042],[74.33436802687983,30.85112668721321],[74.33838340310736,30.84944382257011],[74.34055528260916,30.849101147485403],[74.3387678909917,30.852669830654904],[74.34078220768902,30.853741441306763],[74.34814793957571,30.85490575682985],[74.354069366873,30.8527040879782],[74.35506252358682,30.84836323929908],[74.35696244686298,30.847706811691417],[74.35925470760964,30.84855674587686],[74.36336292618992,30.847254942848526],[74.36710967985026,30.84908462223445],[74.36851892253885,30.851847253921424],[74.36452438853654,30.857380889132685],[74.3694341371692,30.857417407518152],[74.37210822853689,30.85830961534442],[74.37403150188311,30.859801590839307],[74.37592759980718,30.85821232761131],[74.37792047858645,30.858444084031444],[74.38214826424671,30.860423124025825],[74.37993957165484,30.861993796072564],[74.36629562719277,30.86974864168329],[74.36076587886713,30.8737037699667],[74.3617460543933,30.87788679097288],[74.3645923337294,30.88071806870961],[74.36685448640698,30.886428604478823],[74.36590907291217,30.892935567478055],[74.36749122321142,30.89426728377344],[74.374391754453,30.895669519543727],[74.38294015004345,30.89551411775894],[74.38561202061791,30.89877253666548],[74.39030898425848,30.902425164571902],[74.39389506748405,30.90647320128315],[74.3972905114935,30.909388102403998],[74.4097936273461,30.909576956487403],[74.41438300564123,30.90872699071147],[74.42272837625069,30.90779639176253],[74.42388358902689,30.909762516052183],[74.42342105155213,30.913660684656477],[74.42441648666748,30.915931423339458],[74.42003359043136,30.918784268283602],[74.41107705855407,30.91963528358863],[74.4103354458589,30.92348943454124],[74.4142909367979,30.922108976198302],[74.42353691084519,30.920765917638917],[74.42494572539633,30.925209476840184],[74.4265249261545,30.926962491786085],[74.42872382001822,30.931184476885107],[74.42368139376944,30.92955725986939],[74.41386715795635,30.92965263265237],[74.41777153548351,30.9379777282739],[74.41641199614259,30.940336167774593],[74.42892015764814,30.942501169073353],[74.43365413193546,30.942093776051873],[74.43952763073229,30.94218693462707],[74.44068830884012,30.944942922606412],[74.44191459953953,30.945916533186164],[74.44206271079567,30.951733073304556],[74.45520313355674,30.951399843018084],[74.45147038876941,30.95589464535674],[74.45557783117492,30.956662132111337],[74.46633474158894,30.956867207860206],[74.4638403096896,30.958339102800082],[74.45687502755322,30.964298554590048],[74.4601246848605,30.966325012184807],[74.46654198746124,30.968049998717422],[74.47970151948431,30.974251358053575],[74.48137217026739,30.97075485951305],[74.48626212606224,30.972425732435475],[74.4896385642351,30.9725056512709],[74.49189694379909,30.9744319977509],[74.49788898255623,30.96432907348519],[74.49930850631237,30.96406124137144],[74.50339682756331,30.96473283789631],[74.50872370785602,30.967441981176844],[74.51616187641889,30.979476740926355],[74.51922717664225,30.98111026165779],[74.5332841118783,30.98720231382246],[74.5412278055858,30.990267701250776],[74.54615956201154,30.992416369211032],[74.54532308827768,30.994927777729334],[74.54375226400758,30.99509527892401],[74.54314403729096,30.996592252376672],[74.54404424327726,30.998007659097357],[74.54179024924058,31.001678193187896],[74.54097584447477,31.006116453854013],[74.53967235473087,31.00883669996992],[74.54339135304954,31.019779001264578],[74.54796365613831,31.03244178350681],[74.5575777311123,31.038234560506776],[74.55872808678653,31.037439900538942],[74.5599976011105,31.04344495411364],[74.56078759848275,31.044814844676896],[74.56144351609663,31.04865666955433],[74.56385537772496,31.050316928145662],[74.56823380913751,31.054688966453575],[74.5703202869001,31.053061971089047],[74.57221658342348,31.055395445445964],[74.57441558827112,31.056784728576762],[74.59008684050178,31.04995490115615],[74.59306514792105,31.045033870190615],[74.59591108691258,31.04221408772308],[74.59590538076954,31.039818891201175],[74.59684831703709,31.03768427681228],[74.60991572908095,31.043747171601012],[74.61302770504219,31.044783487168193],[74.618326498788,31.043942883698293],[74.64587564818335,31.04982444762355],[74.64996159592721,31.048959319165867],[74.65775278468507,31.050130407154906],[74.66548796654003,31.05191061929201],[74.67114765110377,31.053623253642648],[74.68651828147419,31.066569507694187],[74.68982667266539,31.068972777269025],[74.69591126805635,31.074243587557287],[74.70236494776387,31.07343872274148],[74.70785058329376,31.072041749986244],[74.71010886397805,31.08107604008604],[74.71117369062333,31.08097788588296],[74.71551299601539,31.08532997430543],[74.71702238334389,31.089790093581215],[74.71966342800349,31.096227706183967],[74.72068692826794,31.101624616084663],[74.72503722096563,31.102438280004606],[74.72898610824187,31.10390901069999],[74.73365351811844,31.103770441278314],[74.74151348919081,31.104053911503616],[74.74142977815661,31.105958430320783],[74.74255180354808,31.108562634995376],[74.74266464457396,31.116793246041084],[74.74168608101614,31.11863599277962],[74.74549694713203,31.117782771420835],[74.75154624805378,31.115601062601105],[74.75837343048867,31.117271806893704],[74.76277447430633,31.12025574356779],[74.76087387670641,31.122372052821433],[74.7657000286535,31.125533755640735],[74.77587076970744,31.129357328935743],[74.7891599464655,31.130064258589982],[74.79232959018505,31.12536947321484],[74.79559938703984,31.12423845392622],[74.80061429777787,31.115023405878286],[74.80389534111276,31.120347392852416],[74.80617362780868,31.12488086991904],[74.80192836255767,31.128127550495254],[74.80226361844714,31.13027329902672],[74.80952187623873,31.134610797268763],[74.81444630721633,31.137825261050455],[74.82511634985295,31.134103968274193],[74.8306118428322,31.133505292201537],[74.83530167864375,31.13387867330652],[74.84132943816851,31.13323773575144],[74.84409956806306,31.132531017607047],[74.84784992479872,31.133640700014087],[74.85252700299303,31.136132031742097],[74.86532831454355,31.14370920281993],[74.86897116017767,31.145428399858226],[74.8791170638198,31.150932433214457],[74.88256604163165,31.151658653386157],[74.8854613792466,31.155604929368916],[74.89281111553588,31.158444684155302],[74.89794794725988,31.160859212317057],[74.9004391086666,31.158809664024087],[74.9051952903842,31.157034156887676],[74.90721732032293,31.15669435680089],[74.91107953969734,31.157974770483914],[74.91313745909615,31.157609876885363],[74.91799700696981,31.162204643558347],[74.92226928942256,31.161651181956383],[74.93296698250565,31.156481046350425],[74.93631539038276,31.155142803970946],[74.94918988674468,31.152343892224987],[74.95547637869312,31.15249235611931],[74.96484057419177,31.153608906691094]]]]}},{"type":"Feature","properties":{"id":"03-484","name":"Gurdaspur","source_name":"Gurdaspur","state_id":"03","source_agency":"Survey of India (SOI)","district_code":"032"},"geometry":{"type":"MultiPolygon","coordinates":[[[[75.60085915595357,32.09310822073416],[75.59993683956749,32.09116465296058],[75.59642808463227,32.08614426121356],[75.59345740273592,32.08231261168017],[75.58459079704251,32.07862821852363],[75.58145976293171,32.076405611759924],[75.57785652512823,32.07285416225716],[75.57394835064174,32.06735020830551],[75.57044252879842,32.06116800545932],[75.56879953175458,32.0554017248447],[75.5674124998374,32.04597414647404],[75.56497216352523,32.04068970786255],[75.55902357104465,32.03489729318612],[75.55508665992602,32.03378167642501],[75.5549673590242,32.03293701993909],[75.54591416855908,32.03182584882206],[75.5338188676453,32.03122390797509],[75.53723314963005,32.02993586356169],[75.5386232719403,32.02862135094031],[75.53865068125927,32.02684571331899],[75.54227767627702,32.02625608299041],[75.5423553871274,32.02434711668671],[75.54350863411379,32.02282357394581],[75.54488843506535,32.01804406966077],[75.54438537506083,32.0146556672921],[75.54730707574583,32.00693069521212],[75.5490198514143,32.00695313261432],[75.5515032434517,32.00449916201939],[75.55830980792994,32.00064561075095],[75.55331802587727,31.992911889331264],[75.55064957575404,31.987078709558695],[75.54966961242279,31.98796387276362],[75.54595975439432,31.98427183267249],[75.54348524246849,31.982642531760504],[75.54644214570747,31.98002676001533],[75.54290327606024,31.976671771361925],[75.54155255267203,31.972707615986366],[75.54258587812112,31.970733202418927],[75.54156802232926,31.967298329546537],[75.53765996479748,31.967677302110594],[75.53574832239488,31.963510768467394],[75.53385231622434,31.96040168048402],[75.5313737747619,31.947552953138253],[75.53112427479539,31.941481964818795],[75.53697413383634,31.942006072200712],[75.53869388502322,31.935063135549775],[75.5389201496066,31.930630681202775],[75.53999754945954,31.925987536494866],[75.54815340653151,31.909767954787014],[75.55525979327163,31.900487456843695],[75.5567566040054,31.899185097196693],[75.55932955711953,31.887823329060843],[75.56503048142388,31.888245240212786],[75.5674999561718,31.877406222670224],[75.56910271084865,31.874791505579914],[75.56855162569445,31.872667602242185],[75.56933995594119,31.860050349996044],[75.5695005721954,31.85489479858796],[75.56449277801254,31.854240817005028],[75.56238877304816,31.851092710515626],[75.55371102790576,31.850746440832022],[75.55360093655698,31.849640730322268],[75.54778382976167,31.848775125287712],[75.55003380634179,31.839763378801894],[75.55139677103101,31.8399386715276],[75.55062248055576,31.834487260292345],[75.55121692530268,31.830144587337998],[75.55104038114965,31.826108848867484],[75.5549010955356,31.82597646707776],[75.55785845944149,31.82713393193598],[75.56237021770632,31.82756928856106],[75.56269650267,31.825855616627127],[75.5615296338614,31.824855128161378],[75.56246621154963,31.821116461379326],[75.5646882519074,31.81457114271165],[75.5679752420914,31.81499006745567],[75.56735546819,31.812429084240257],[75.56890397779526,31.807035225307484],[75.56716442617402,31.8003470554749],[75.55916097076356,31.799483389763076],[75.56243296666213,31.795625558991503],[75.56384742490305,31.794831165430338],[75.56167823387185,31.791192349774416],[75.56149854994233,31.78783397159916],[75.55848003793531,31.781418681041586],[75.55536944459038,31.779408926898768],[75.55249679621244,31.77677292509658],[75.54467844984717,31.776549770327826],[75.53657094384583,31.77796832571405],[75.53326089019939,31.779306678920882],[75.52944621059088,31.782318248048732],[75.53068550988115,31.779034125798137],[75.53372416998533,31.773658232208838],[75.53740127201178,31.768715019244407],[75.54071645545115,31.765051230314512],[75.53854472459514,31.7649671152715],[75.53834432362943,31.759436552261878],[75.53766978390537,31.758353933992787],[75.53834417701853,31.75398033118368],[75.53740251157085,31.750710468481117],[75.54176704766425,31.750397701737747],[75.53471892963935,31.738557409899975],[75.53546799401636,31.73802967193378],[75.53418020715972,31.73604628185611],[75.530575567073,31.734558751730116],[75.52506540269353,31.728391210585905],[75.52137044750711,31.72337669517915],[75.51743954216336,31.717466376028792],[75.51342487384548,31.712856137540793],[75.50976449054536,31.709245003448693],[75.50495999586835,31.707143364308486],[75.50164490339631,31.704034262761816],[75.49520538897654,31.69929730788218],[75.49319107375706,31.695424458162513],[75.49332171412989,31.690626141814096],[75.49387632902899,31.68963761558181],[75.49070897572871,31.68043593225079],[75.48397980053711,31.677132165949917],[75.48367455660942,31.67468110817582],[75.48181920510538,31.673866895377436],[75.4802442336638,31.671756635872043],[75.48419551051849,31.669629000396746],[75.4713867297249,31.65399451172455],[75.47434981640819,31.65024666350011],[75.47035848246246,31.646755414375267],[75.469455343518,31.64083501776666],[75.468488767604,31.637156257791],[75.46717203856504,31.63603235654207],[75.45954795924673,31.634106082820427],[75.45784500331938,31.634037982568078],[75.45252926494985,31.63250517863521],[75.44485693672566,31.630947458747254],[75.43024558834463,31.62713769115368],[75.42853991542981,31.627574797598072],[75.42714015596522,31.626180912025724],[75.42562619097582,31.6277440426011],[75.42424465069514,31.625777137470116],[75.41933531356347,31.62164748409731],[75.41829168892512,31.617529915968127],[75.41900538849721,31.61381817536073],[75.41727637991633,31.611378772759597],[75.4124864446513,31.598378316478712],[75.40426192504934,31.593609776062966],[75.39939837640078,31.59814072537506],[75.39647620665541,31.599575135615027],[75.39390859032898,31.602694679323026],[75.39182605630552,31.606055971838323],[75.38862055687956,31.60774698016376],[75.38733127072148,31.610042064648653],[75.38513757848939,31.61119797993337],[75.38430882062188,31.613962830628715],[75.38159682589534,31.6155920728976],[75.38024776545396,31.615575951674252],[75.37667808235834,31.619576799224305],[75.37391623130068,31.622028579542988],[75.37264723996392,31.6246305313244],[75.36462230270789,31.625122633879627],[75.36212835920063,31.625927190120404],[75.35705287678908,31.62958326204503],[75.35220342693805,31.632025881428376],[75.34652485094026,31.63400627191436],[75.34604053875242,31.636281788621638],[75.34425467109384,31.635505627587353],[75.3413707992967,31.635621016265137],[75.34011617591312,31.637496917523812],[75.33870513164256,31.641239512814863],[75.33421971032416,31.6396342346317],[75.33119822424908,31.637398123870163],[75.32950495834878,31.63521790572227],[75.32715386180308,31.63543113101577],[75.31887123351945,31.64089212463297],[75.31314698343928,31.645858817240224],[75.30951501572781,31.649912854725326],[75.30678309716416,31.65143397923528],[75.30193926100813,31.652688118809433],[75.29969454161808,31.65477078444112],[75.29981220910166,31.655727652050786],[75.3055868294622,31.6587338664757],[75.30961991371007,31.661560711853035],[75.31323343421079,31.667388730474297],[75.30936185199992,31.67016701764741],[75.30664469985871,31.67545016707027],[75.30100121180708,31.6748817821696],[75.29747964342071,31.681171327423797],[75.29532004137353,31.679848235292763],[75.29243404120935,31.683421375131257],[75.28937095070503,31.68103784565077],[75.28715782441111,31.68079745078024],[75.28428585503642,31.681850251436423],[75.28452545781212,31.684382996980034],[75.28679433410399,31.692971499960652],[75.2864542630445,31.694663266637455],[75.28507330299983,31.694807377474746],[75.28493077339895,31.698454632868764],[75.27923079269596,31.698345679787312],[75.27862025215984,31.696573492888586],[75.27650260947036,31.69586318234911],[75.27325972886523,31.695747009003547],[75.27252958059103,31.697012965353647],[75.26993547653551,31.69630613546189],[75.26948662532583,31.695042443495158],[75.26396064858122,31.692634363811216],[75.26338348166578,31.693450394083484],[75.26135236588445,31.692089288587276],[75.25737025486033,31.6938630954691],[75.25112875635067,31.691924825266515],[75.24728544446998,31.69171710679308],[75.24662252896006,31.688867365262603],[75.24321802175024,31.69038677535552],[75.24132140677132,31.6897237487637],[75.24254906886134,31.686622107091747],[75.23991917838838,31.683339547055173],[75.23734212865483,31.684789653162824],[75.23562569345587,31.68676456392082],[75.23188586011985,31.6866070214544],[75.23166761911622,31.68525328718136],[75.22759868497293,31.684118185228208],[75.22652201541223,31.68629074085337],[75.22721734026666,31.687142322827583],[75.22626625962154,31.68897522392482],[75.22777590144534,31.69112668360674],[75.22523711411253,31.692695981635],[75.22437883820955,31.691745634357197],[75.2215917283166,31.692306502157088],[75.21783946439268,31.694891229172846],[75.2143697465437,31.69461217297792],[75.21292954564174,31.695830407507938],[75.21411787933141,31.696320239171747],[75.21308648877395,31.698682868409392],[75.21488612890327,31.700631513997884],[75.21495270758668,31.7019599110701],[75.2131502450715,31.705374006156532],[75.20980139864008,31.706059279159632],[75.2097589882032,31.707524802804787],[75.20801934960365,31.708454634536047],[75.20387061984044,31.70742891135198],[75.19876204576383,31.708928874072402],[75.19520484412239,31.711306963829646],[75.19390626638308,31.711061188677416],[75.19364873623154,31.715049232913117],[75.19469699457683,31.71820009331187],[75.19822144412201,31.718697746655145],[75.20028452797418,31.718028750933243],[75.2037295467428,31.72207305566243],[75.2037465303048,31.723034572480096],[75.20113949031422,31.724783351202777],[75.20188881531973,31.729105960444517],[75.20277293087307,31.730678871067266],[75.20070586031736,31.73102726324228],[75.19980773040773,31.733297706182228],[75.19510908948628,31.734328319263856],[75.19459635651536,31.733257442761374],[75.19100394603464,31.733282482991736],[75.19047881213456,31.734119607483592],[75.18761336588048,31.734253735569194],[75.18674641833442,31.737386723954113],[75.19056658984577,31.74040070013245],[75.18665158028197,31.74251869137944],[75.18420073858553,31.73905996974524],[75.18173802971404,31.740641829493644],[75.1788183925707,31.74425721259867],[75.17469395531538,31.748499595949852],[75.17329770019231,31.747265475003594],[75.17068093910898,31.748082925737094],[75.16515267806498,31.74587737556467],[75.15980373755662,31.746554323016927],[75.15974492485256,31.74803614967136],[75.15551872548704,31.747908394666858],[75.15529540355607,31.746902912074493],[75.15224375801108,31.74845250557844],[75.15022954132236,31.75162689749911],[75.1483929102087,31.75343620976399],[75.14628455282177,31.75657462429427],[75.14633372384168,31.758043788193085],[75.14443430363305,31.758973594644406],[75.14361590862589,31.756644777840062],[75.13750117389087,31.75195590706321],[75.13401715130067,31.752481475174395],[75.13251714207406,31.7539065491841],[75.12584748037501,31.75416383585376],[75.12374774877054,31.75668082180772],[75.11896298936645,31.75375653613753],[75.1149610522916,31.75298188463318],[75.11152543297608,31.754261814110635],[75.10664147284034,31.754697518587424],[75.10405529248085,31.75560181421745],[75.10252403304057,31.759047716949535],[75.10109167648235,31.759438755317877],[75.09975705274198,31.76431628112432],[75.10665971853963,31.765476985300403],[75.10791083874727,31.77197410593981],[75.1087852891588,31.77355224186953],[75.11152997567552,31.775515836099167],[75.11374507342121,31.778435182812135],[75.11134274294844,31.781600237798376],[75.10693209479666,31.78224053050542],[75.10265528107199,31.782407676764254],[75.09528191012473,31.787797078179583],[75.09311254465362,31.790369045326496],[75.08941615514146,31.791821619721112],[75.08258152890417,31.79222465104975],[75.08157644708322,31.797644776416366],[75.08028616925331,31.80117056970907],[75.07601178004654,31.804195738004406],[75.073609684256,31.806398172663027],[75.07064640578129,31.80770530954327],[75.06879452212696,31.806853408636634],[75.06703728655422,31.80761801150035],[75.06398002089527,31.806845730357487],[75.0611734524283,31.807742994632275],[75.06120877530657,31.80999417255087],[75.06001469133088,31.808884488429857],[75.0515961705131,31.8073386318314],[75.04543201574435,31.805578795000873],[75.03991295962959,31.802637550505768],[75.03549878718357,31.80593285403832],[75.03414986430681,31.80858085728395],[75.03525065803692,31.8111530581755],[75.03150853110562,31.81475932690781],[75.02901233207297,31.812729545065583],[75.02357806095957,31.81666019063798],[75.02783423346179,31.818164824983224],[75.02825048464946,31.822760443400604],[75.02690087781164,31.822785730494292],[75.02316621178605,31.82106673679765],[75.0146987776317,31.820264815549766],[75.01282097254061,31.82057443535492],[75.00993217352313,31.825216572437512],[75.00622948435303,31.828871853818633],[75.00235558277166,31.83031777120845],[75.00040074233279,31.83296472081258],[74.99748984863852,31.83110304063017],[74.99663147522949,31.832015522694572],[74.99493678202103,31.8308882450568],[74.99277504544153,31.831050707768103],[74.98621623996108,31.834004957952185],[74.98349560066104,31.836464064222355],[74.97853461115258,31.83523063011814],[74.97393143301002,31.8345339512988],[74.96911246857312,31.831402365713313],[74.96519957025305,31.83832878156463],[74.96196978193737,31.841015283154768],[74.96410509631717,31.84278747714885],[74.96432649851673,31.844397099673934],[74.96259898920889,31.85058982795212],[74.96197762585956,31.85401305966752],[74.95925187501946,31.854622367209767],[74.95761423075426,31.856396541376693],[74.95099962857687,31.85594434915823],[74.94694932640891,31.85905656948755],[74.94445692570623,31.859365459358916],[74.94190160697612,31.860816270599212],[74.94185174175853,31.863604509866324],[74.94462852163034,31.864848307253382],[74.94335728091895,31.868828771164477],[74.94437471898293,31.87042109434669],[74.94034573966371,31.87015501433682],[74.93913612731932,31.866775178313326],[74.93447620472992,31.86825821695917],[74.93142958267444,31.87120435087846],[74.9306091324741,31.872812600021756],[74.92421070457395,31.876624441831574],[74.92100018356616,31.877315418236645],[74.91651693360349,31.879267482223945],[74.91746694305859,31.88245564598034],[74.91847478758088,31.882692208780735],[74.91867064451671,31.888805976351208],[74.9193611175337,31.892683786850622],[74.91177332516475,31.891134196318365],[74.91022992125902,31.891736594136777],[74.90655400494525,31.894680826723846],[74.90756405758938,31.898075152953474],[74.90224560705154,31.902166629132807],[74.90284037859912,31.90748405486829],[74.90120165687489,31.908354843827333],[74.89765799337626,31.91270284816754],[74.8942681046554,31.917745981650125],[74.88938825896808,31.926722476830694],[74.88841874284671,31.927377551904627],[74.89055791787588,31.928497434879276],[74.88940726865226,31.931549207537973],[74.89238626775283,31.93385822969663],[74.89401907636903,31.932873191818164],[74.89694139393904,31.93264813699897],[74.89610476293934,31.93034722761985],[74.89727871856299,31.930172014127418],[74.89850793655114,31.93186431632101],[74.90208285901504,31.93166954431847],[74.90501855976007,31.936501160892117],[74.90995926726465,31.93923631134129],[74.91243936126659,31.941318212851357],[74.9157612677503,31.942240667048626],[74.9244942203338,31.941292992231823],[74.92594263302477,31.941376224367712],[74.92822147242843,31.940000635519848],[74.9287700444223,31.93858261833013],[74.93271144722789,31.940714035831135],[74.9386663306138,31.941390565880443],[74.94199597598953,31.943153231016634],[74.93755879917045,31.946056155190643],[74.94278024016347,31.94957391657137],[74.94870814593762,31.952387846869954],[74.95050381559726,31.952713301862094],[74.95460492662882,31.954693502904952],[74.96045813237637,31.953518375968237],[74.96447872125825,31.956877334113475],[74.96872186757643,31.95940152547033],[74.97182190101557,31.960293928827635],[74.9737671703723,31.969279719034123],[74.97394260385926,31.973265942717582],[74.97329714821977,31.976137416040185],[74.96730615399238,31.974735209234385],[74.9647283126882,31.973664854503728],[74.96142803448906,31.973292967794126],[74.94844298400827,31.970399166312163],[74.94754448493948,31.96551735564508],[74.94169810130852,31.96303161705357],[74.93910392564355,31.96254491427429],[74.93504416886772,31.9633595992094],[74.93319468749341,31.964255198106937],[74.92858797719175,31.968903513968908],[74.92501280298092,31.970094551475988],[74.92189317879418,31.972985673609497],[74.9203179803803,31.973231330056443],[74.9171813609849,31.975433849229006],[74.91819367916678,31.97870755107755],[74.91743850629918,31.980251773652924],[74.9199814850749,31.98265679861979],[74.91665144852978,31.985160772306127],[74.9173593988833,31.99027939384794],[74.91947856967587,31.99359154972035],[74.9189683642166,31.998420294289613],[74.92077103225391,32.00257032310812],[74.92222707811526,32.00482609573431],[74.92579858583338,32.00706925046851],[74.93160761305433,32.00831503346305],[74.93083992063156,32.00972906481444],[74.93255502178113,32.011187787396935],[74.93417312725599,32.010526025020106],[74.9355574026746,32.011563635023435],[74.93357552806111,32.01466824797641],[74.933660973229,32.01652473302456],[74.92933530940944,32.018670386042366],[74.92798864869008,32.02649023064627],[74.9262819224506,32.03096773637536],[74.92261049905248,32.03923632783974],[74.92074113730827,32.040350405948566],[74.91188864660971,32.047814918084754],[74.9084286500259,32.05143196450547],[74.91270638863737,32.05400565255626],[74.91228509793886,32.05608794236586],[74.91736132956353,32.05911680268036],[74.91892443338489,32.062515445902164],[74.92411678262367,32.06517057193866],[74.92519002999992,32.066454346322544],[74.92795787823106,32.066459756811405],[74.93444225402273,32.06556306733771],[74.93906359791555,32.0641250000485],[74.94481142214003,32.063685378307206],[74.94940697622927,32.062314601935896],[74.94820502462711,32.0593532360962],[74.9519260447714,32.05832830059698],[74.95284133751153,32.06020040139195],[74.97392446494051,32.05345306391056],[74.97813897600768,32.04849157605965],[74.9778617141729,32.04731041851775],[74.97165757493121,32.04260390809229],[74.98296878075445,32.040323394217616],[74.98524083330189,32.042417016315696],[74.99331485148393,32.04152599580563],[74.99570946462862,32.041904855986445],[75.00112014016139,32.041171630515336],[75.00278130904735,32.04355486757283],[75.00477931908921,32.03757496952407],[75.00643221283562,32.03744569859065],[75.01229217108464,32.03576514632713],[75.01888569834857,32.04702858096349],[75.02157266580407,32.048587213470306],[75.02392437843974,32.04769921019961],[75.02983020615773,32.049796696501524],[75.03237649169847,32.051093720501626],[75.03376741872842,32.05070455852663],[75.0338525683418,32.04926108865093],[75.03682323390922,32.04446935415362],[75.03897002914941,32.042944218649765],[75.04069347285039,32.04267667638543],[75.05183846059657,32.05148668192415],[75.0505878262222,32.05276384527492],[75.05376124859609,32.05432157950006],[75.05873158197349,32.05278329304113],[75.06200812388522,32.05527249997536],[75.06512558373265,32.0586620409592],[75.06502926254876,32.0596623630722],[75.06798747066588,32.062397661440336],[75.06413929016588,32.06559501477248],[75.07042333837494,32.06701430072346],[75.071501073792,32.0655795127359],[75.06893922390067,32.06354548117933],[75.07535560632336,32.058926095182315],[75.08027118421865,32.05984840707187],[75.08403138220304,32.060034501490044],[75.0915764561286,32.06585440555204],[75.09021593052016,32.069440840861496],[75.09120253303476,32.0718194063594],[75.09568236130242,32.06837363863025],[75.09766502272767,32.06622179254991],[75.09802290099974,32.06474831088097],[75.10170895900639,32.05944680160392],[75.10489529381573,32.05856970882448],[75.10889626366887,32.06474880715353],[75.10668546450066,32.069591112267375],[75.1085714224014,32.07162248768043],[75.11315086264092,32.07186273465141],[75.11747498912659,32.075426696326375],[75.12084089610245,32.07536939210307],[75.12026006917333,32.07856528053134],[75.12286864213539,32.08134301851536],[75.1424209049757,32.080161110417144],[75.14467956680808,32.0813977221375],[75.15470925243896,32.08108072939039],[75.15767409732908,32.081753684510474],[75.1647342878324,32.07453508578065],[75.16619866353024,32.071556482116065],[75.16856388909865,32.06982157368428],[75.17176037092824,32.06889333287258],[75.17424345689615,32.06746861495957],[75.17928260613054,32.07622852635473],[75.18916369048382,32.08218210896499],[75.1960192394657,32.083436439856975],[75.19849736032492,32.08267098951784],[75.19743569518842,32.08682319743105],[75.19730767516802,32.09424338631882],[75.19789203050347,32.098606142282],[75.19972955966351,32.09767162974834],[75.20404798295517,32.09669154770651],[75.20370147447126,32.09927322156279],[75.20567709050323,32.10254939558805],[75.20544271521295,32.10907843311815],[75.20245773160589,32.12023738198666],[75.20975720114727,32.11991212253311],[75.215811883623,32.1210379842681],[75.21948636416639,32.10919308545261],[75.22026326995845,32.107733694964146],[75.21773279379144,32.10340719413925],[75.22370379973592,32.09816263166224],[75.22453866764157,32.098954430919136],[75.2231949634412,32.10241365952595],[75.22620100745867,32.10343931026258],[75.22695510407686,32.10677326544793],[75.23543220704529,32.10350916413972],[75.23118176380272,32.09595352528069],[75.22923672024933,32.09329819919032],[75.23141719213176,32.091610553891705],[75.2402325811208,32.09106836887413],[75.24510794127626,32.09971388026339],[75.24797740524684,32.100947680847405],[75.25045061883202,32.10118127102266],[75.25697790745657,32.1010073392264],[75.25819233647303,32.102110768794184],[75.26126900575912,32.10140089619412],[75.26617578307551,32.106525934748134],[75.26612731702738,32.108919642525244],[75.26158635782603,32.11051879448403],[75.26273084734423,32.11185241674495],[75.27187167367141,32.11269988931597],[75.27483234710658,32.11379857759173],[75.27935848525959,32.11784321495033],[75.28138373108395,32.12264652081676],[75.28158712568404,32.128095676709954],[75.28339026559551,32.131916244736814],[75.2797255409213,32.13422436569574],[75.27726312431948,32.13697391562971],[75.28167140253349,32.14441790446543],[75.28344828908607,32.14632959716021],[75.28233054249162,32.14696603654818],[75.28535460611347,32.15149473618955],[75.28730888397237,32.151553264810545],[75.28781647135996,32.15282686578564],[75.29943960481883,32.153413457585195],[75.30014308556147,32.157331845867155],[75.30414397800868,32.165067312687334],[75.30402561118784,32.16564117890988],[75.30678225671736,32.16900683244269],[75.30796270935176,32.16857173172445],[75.31141132910771,32.171450566227065],[75.31398393820304,32.172177754097916],[75.32230571775233,32.1795278011054],[75.31636544254145,32.18104802805193],[75.31841697696753,32.187452043131664],[75.3136825008075,32.18937929106752],[75.31072417325477,32.1938499465422],[75.3101454394343,32.19608020829747],[75.31194443266719,32.19937849163296],[75.32008132765398,32.20415136161179],[75.31640478825642,32.20803741732061],[75.31958843921774,32.20822644467412],[75.3241780381764,32.21109218214932],[75.32701824571191,32.21393850325029],[75.33735206457875,32.20703725187094],[75.3399194016131,32.20674396680635],[75.34637192810295,32.20703952659131],[75.34767468828986,32.20609784972504],[75.35662993646544,32.1977117143602],[75.3583659334746,32.19665960029029],[75.36805688520789,32.19275668880166],[75.37325204509516,32.19191665792579],[75.37746507572442,32.190800363465684],[75.37834320277356,32.18508833906999],[75.37938751198128,32.183358852269855],[75.38260050055543,32.18357311144986],[75.38539906625184,32.18562901719487],[75.3881301984538,32.188425094903124],[75.39248146489226,32.18976083862203],[75.39622627592448,32.18993326556623],[75.39953014324966,32.19078611971639],[75.40314668368096,32.18804933840317],[75.40353971823372,32.18609780882138],[75.40260551013512,32.18146644204158],[75.40349762377687,32.17812220782146],[75.4060712061512,32.17836782171117],[75.41314062899832,32.17727088532904],[75.4120320874853,32.17278307905622],[75.41468614782643,32.17144922138121],[75.4163814066406,32.168294640560646],[75.41642509782733,32.16631855959161],[75.42061555618726,32.16419170548404],[75.42191067608431,32.165739774468584],[75.4241986786575,32.164517119436894],[75.42539657828584,32.16623878002243],[75.43011011623183,32.169250827247964],[75.43155865624752,32.16883750433175],[75.44009117780288,32.167971308399615],[75.44223763156954,32.166887368336184],[75.44047516563772,32.16362598085857],[75.43905669677109,32.16346784798029],[75.43414197659462,32.16469693831883],[75.43374034233926,32.16087092050211],[75.43778243170827,32.159646784938936],[75.43763860919749,32.15803039876663],[75.43556927410245,32.15800863468983],[75.43441481064687,32.14917669615709],[75.436495431443,32.14896489123421],[75.43941601237148,32.151214576971824],[75.4404988698929,32.15305574723553],[75.44660661851223,32.15109982690689],[75.44792999976873,32.15123470305673],[75.44856063304974,32.15328673331575],[75.4519041885967,32.15288417806916],[75.45203669930959,32.151211998471496],[75.45531803388961,32.15188410738692],[75.45739637134093,32.154514672788885],[75.45793307999752,32.15716750197429],[75.46315830173414,32.15486034502946],[75.46811948198165,32.1577102594551],[75.47516015561949,32.15716938328523],[75.47600857000984,32.1597583520823],[75.48085963898632,32.15994198052336],[75.48302155718605,32.15689808194599],[75.4807835364281,32.154516947540294],[75.48370550673218,32.152842369607434],[75.48694303494273,32.1521156459772],[75.48851265164097,32.15353969504752],[75.49693097031555,32.1533184155987],[75.49751659110045,32.15128852028189],[75.50165303296487,32.149214754817635],[75.5017158669862,32.14818496016586],[75.50580647724578,32.145375629086416],[75.50868469950213,32.145394697422915],[75.51046946433007,32.14909686130549],[75.51989793459028,32.14867069151539],[75.52642682229018,32.147386525221094],[75.5370107294682,32.14666572218387],[75.54346064190989,32.14570916626095],[75.54279384606882,32.1406756779612],[75.54850732784286,32.14030572909867],[75.54941857196361,32.13871395189436],[75.55196797711619,32.138226918455814],[75.55160099050734,32.13340661878084],[75.55590729719509,32.132751883637034],[75.55776385139515,32.13521604067569],[75.562366384369,32.13530746480775],[75.56911489789475,32.136928553259736],[75.57746646831717,32.137640782908626],[75.57923048878475,32.139333240906716],[75.58481507502599,32.139560537148796],[75.58551371562278,32.141140135637805],[75.58737772262052,32.14112853860672],[75.58698874207974,32.132154388570335],[75.5887601054639,32.12945834078544],[75.58869270888273,32.11842701592892],[75.5860178269489,32.11846510781422],[75.58288069576174,32.11109357421747],[75.58250590342107,32.10749310671075],[75.58527241959483,32.105095302676574],[75.58940857164728,32.10838726894886],[75.59419979051657,32.111585565770426],[75.5948639570282,32.10968800261607],[75.59509012814308,32.104632420661765],[75.59783735084433,32.095127060793594],[75.6005633548204,32.094589663668394],[75.60085915595357,32.09310822073416]]]]}},{"type":"Feature","properties":{"id":"03-485","name":"Hoshiarpur","source_name":"Hoshiarpur","state_id":"03","source_agency":"Survey of India (SOI)","district_code":"033"},"geometry":{"type":"MultiPolygon","coordinates":[[[[75.95999128169643,31.856898531577315],[75.96117696662684,31.85489594242997],[75.9652622549177,31.842229690922068],[75.9659521971784,31.838320027807104],[75.9687218253647,31.836310228806955],[75.9708915509613,31.833480485691958],[75.97121154694132,31.828520914947013],[75.97484105413265,31.828400945398013],[75.97674083086186,31.825361213390757],[75.97923051479714,31.823151420985173],[75.9859272433819,31.81943896399861],[75.98647279057228,31.81796590263603],[75.98574309632131,31.816313308836012],[75.98696333220964,31.813178691337665],[75.98493072063008,31.81156289787388],[75.98347341684696,31.811641074091455],[75.9819289425295,31.814037470535784],[75.97854291394091,31.813039709624107],[75.97675026114479,31.81559871244917],[75.97558672031629,31.81878850622168],[75.97324868737996,31.818475355787022],[75.96939191764749,31.823868233449268],[75.96568427748312,31.823650667939056],[75.96137487414016,31.819748063986967],[75.95818263709585,31.818488348238024],[75.9569688124895,31.816338374593286],[75.95193534001275,31.815332215101563],[75.94748182449013,31.813053543861905],[75.94179428804,31.81273299243738],[75.93666883329581,31.815455386787512],[75.93710559548911,31.814430736399515],[75.94567503372102,31.80184320266061],[75.94726483568228,31.799253435329685],[75.95014449803658,31.792694015357256],[75.95305411538943,31.789634309364626],[75.95274723461182,31.783924141507697],[75.96020001100028,31.78116133638189],[75.96320729782542,31.77391547040561],[75.9633925594277,31.76881889231453],[75.96621935863242,31.76657026982109],[75.9685687473225,31.760211475775986],[75.97072193584475,31.75679727816091],[75.97232354202492,31.751103733894233],[75.97119843897187,31.749313036295934],[75.97183238780569,31.747855001732106],[75.97412907429239,31.74602240557373],[75.97540503164515,31.742572802660234],[75.97262923648958,31.741550457761498],[75.97264451920739,31.73872052482226],[75.97586733735453,31.73406420841195],[75.97828239847996,31.733768803172733],[75.97941900374924,31.731126674881605],[75.97945629383116,31.726087421372622],[75.983210184246,31.721532335877917],[75.98315538225675,31.71880753326043],[75.98618597914283,31.7160406777497],[75.98859015655023,31.71289960918887],[75.98803418693787,31.710881074902417],[75.98894087694093,31.707734653564856],[75.99208619427183,31.705044021129947],[75.99307195091924,31.70312263078401],[75.99164019880693,31.70148792889347],[75.99287979858687,31.699512594352925],[75.99311854890198,31.696903010990795],[75.99451486459783,31.694546017243066],[75.9969802166738,31.69302136693968],[75.99830898035475,31.689676262556866],[76.00010005591544,31.68760350359765],[76.00024182366813,31.68539869631458],[76.00154521539643,31.68034380980162],[76.00476612962859,31.675109199106082],[76.00488253522386,31.66851228448766],[76.00595773291687,31.661925787548835],[76.00774134262365,31.659077691558313],[76.0089139565064,31.65341612547449],[76.00967153529224,31.652451102328993],[76.0140828285469,31.65179783694486],[76.01803696306402,31.649517700665243],[76.01823366358549,31.648139459352848],[76.01692677649945,31.64634180604288],[76.01818412006396,31.6428778585318],[76.02100584466588,31.641362660194265],[76.02046714191994,31.638457842191247],[76.01743733214782,31.6340159038239],[76.01772157003133,31.63218728483628],[76.02073419908044,31.627760780209723],[76.0231597147138,31.625291907554914],[76.02738925112625,31.623486197403444],[76.02810591531444,31.619836791742422],[76.03207450299405,31.61736981516434],[76.03553845908492,31.61360304703374],[76.03700389901763,31.609950480253268],[76.03804838519608,31.609464823474294],[76.04092559073776,31.610306660595267],[76.04512283437141,31.605690893986242],[76.0457984087631,31.603618678455945],[76.04946867507428,31.60274032146587],[76.05369115605018,31.605940135653025],[76.0551659842218,31.605658911757914],[76.05756113520837,31.600312961595513],[76.05690951591842,31.598910465853645],[76.0578712019658,31.595551834806304],[76.05664612138489,31.59397577523935],[76.05333181021528,31.593442005790763],[76.05751128197392,31.588642442663385],[76.05593173490904,31.586372575186164],[76.05926223412236,31.58121071066805],[76.06134618977376,31.58078007436946],[76.06438857950972,31.57918058422386],[76.06607024187782,31.573473802194638],[76.06882989240823,31.57083404460526],[76.07202946958529,31.569644163017944],[76.073092667646,31.563450437697202],[76.0767834548948,31.560801926503654],[76.07832584233529,31.55833202980105],[76.07990487577665,31.55405515356256],[76.08297290190674,31.551496237181045],[76.0849816413909,31.548490023610626],[76.08834996702785,31.547873585455804],[76.08932907964713,31.54496421989885],[76.0909363461048,31.544731124582597],[76.09196698783622,31.541688184900774],[76.09490936830909,31.538933461084536],[76.09647833878834,31.538804832117766],[76.09850556512663,31.53646195207816],[76.09794049799598,31.53276823164513],[76.10203333466076,31.52567456543182],[76.10150843307689,31.522757276362952],[76.10304909423132,31.5209286245657],[76.10317198598398,31.51923376858214],[76.10640045581526,31.51190909833521],[76.10662031940343,31.50977329312872],[76.10966755404779,31.50696787717533],[76.11308670969753,31.499944498977683],[76.1193163284143,31.49851735703181],[76.1208299133286,31.49760369907976],[76.11973025574737,31.49598702933288],[76.11970412650801,31.491574120811343],[76.12073282046065,31.489355757981663],[76.1193489438083,31.485660740287884],[76.1170315450379,31.48307196234662],[76.11867376505397,31.480702174477486],[76.12106861657644,31.47967353940692],[76.1210550520679,31.477965141601672],[76.12478841552657,31.476286261694828],[76.12829635792384,31.474105384887377],[76.12874681508201,31.471648541343946],[76.13099138755467,31.470332439294914],[76.12985477988818,31.46825905922647],[76.13102297554269,31.4635969495948],[76.13224577237713,31.4622994241876],[76.1346537336061,31.461472825656628],[76.13544460629603,31.458938674475487],[76.13419407028557,31.457340542588092],[76.13443223481552,31.45363697221831],[76.13314535354918,31.45241862643924],[76.13450610798144,31.450577149341928],[76.13855076844615,31.44909033997559],[76.14060917127364,31.444838909882893],[76.14015853244003,31.443789973426384],[76.141303309716,31.440549839312727],[76.14497480322333,31.436454512862767],[76.14526390009,31.4345773171531],[76.14680027161067,31.433696428884264],[76.15255615093608,31.43352775653944],[76.1567075407842,31.43054345375191],[76.15699643469976,31.428887078154325],[76.15908619539906,31.425629186219616],[76.16255843178334,31.421270619700998],[76.16254951407846,31.41965707418003],[76.16011163232169,31.415452807848784],[76.16257368683196,31.413801258886767],[76.1646134990259,31.413463877979783],[76.16773421755654,31.41135904692026],[76.16862163063855,31.409715540875688],[76.1673136363749,31.406459773623737],[76.16636889162555,31.405795641451668],[76.16713859000916,31.40248370815623],[76.16976686722695,31.39895639260255],[76.16855759372436,31.396309801318328],[76.16449814474234,31.392750099995606],[76.1625384166111,31.38977035615755],[76.15371960971835,31.38309091124237],[76.1500900949238,31.381990996499532],[76.14839032314318,31.380751098364886],[76.14722826123207,31.378324308129976],[76.14774111132027,31.375580815752414],[76.14728944189287,31.364632451157327],[76.14860571904391,31.361012086073515],[76.1468719602906,31.35904320814089],[76.14882967632312,31.357974308168394],[76.14933847738519,31.353325538353964],[76.15210631980902,31.352784586890312],[76.15284447823326,31.350245184729598],[76.15471019534164,31.348076170723076],[76.15743874996568,31.346108529330696],[76.15909580241609,31.34367355138802],[76.1651506728881,31.343373543660427],[76.17589943317817,31.341551928746714],[76.17880424821061,31.340536001159368],[76.18087726332705,31.336312150291864],[76.18135756783735,31.33371709152892],[76.18087057543667,31.325802910631722],[76.18038662244601,31.32248970302821],[76.1807335798122,31.310399980079545],[76.17980394232588,31.306597395615352],[76.18430161693,31.305710644656966],[76.18628332263657,31.302151223493297],[76.18763041126897,31.301075049090894],[76.19097040567223,31.30005204453928],[76.19431131611874,31.30032633029219],[76.2041228046138,31.3002931697034],[76.21395148584102,31.29945874751436],[76.21798618212627,31.300780874548913],[76.22499252713305,31.304033050968602],[76.23596629490262,31.306867378446558],[76.2408193663601,31.308629832935388],[76.2500776725028,31.307904204973607],[76.25229032787736,31.308422628400713],[76.25679622852499,31.310679578200332],[76.26412133517157,31.310379560322048],[76.2674821208973,31.310687559661464],[76.2691995780856,31.313012257043773],[76.27005445738521,31.308810885118415],[76.27038798362015,31.303719604213082],[76.27280893069349,31.302980240780638],[76.27490035129313,31.300787901143053],[76.27643031449979,31.30090640608268],[76.2784776569755,31.302738214589887],[76.28454068735464,31.30511159542025],[76.28669697844738,31.30760032362322],[76.28946209493279,31.30683348415643],[76.29047743890334,31.305045976877963],[76.2877030143373,31.301046501323462],[76.2873102044168,31.29847017240521],[76.28900236920639,31.295015546551564],[76.2924537783966,31.294850923829415],[76.29458018852657,31.293498598089467],[76.2946884838648,31.292037706431607],[76.29679125367983,31.29072615237302],[76.30525269444638,31.294056110468038],[76.30778236394539,31.29198631573373],[76.31038484919891,31.2906339091253],[76.30801667239068,31.28702201155858],[76.30856224676084,31.282103244248308],[76.30848985191153,31.27759739498653],[76.3112685455763,31.274577790862345],[76.31999072663503,31.269135467343023],[76.32195851210514,31.26821477058066],[76.32508425878383,31.26856034013047],[76.32966681643569,31.266089864964346],[76.33041300120529,31.26499998032925],[76.3314175127709,31.25980765231783],[76.33419783519776,31.257384101957935],[76.33717855390968,31.253413799332936],[76.3411988229287,31.250990500844317],[76.34153718035908,31.249552877485407],[76.33987089574704,31.246314500001855],[76.34021605395822,31.245113963086403],[76.34285721359537,31.244724102284284],[76.34411398441218,31.243127665331723],[76.34933866287523,31.24144257403032],[76.34922359037856,31.238187238107702],[76.34789809842717,31.235885576494063],[76.34572904862199,31.23455598727326],[76.34210772978668,31.231026286348616],[76.33957317522892,31.231685726110012],[76.33476384455969,31.229188008427954],[76.33170009053819,31.228631227297015],[76.33017442228557,31.225558955713066],[76.3286219704572,31.22410264834834],[76.32428192760212,31.2204364414029],[76.32223196456448,31.21762665890093],[76.31816353365005,31.2142351660666],[76.31284580185493,31.21536392870999],[76.30269502950898,31.218192022835957],[76.29847234967423,31.218998438711687],[76.29473755821665,31.220428592183644],[76.28978056643018,31.22320542119519],[76.28133467052548,31.228681993766184],[76.28024864206827,31.232175497200856],[76.27722691914849,31.235263641759214],[76.27394589219543,31.235844809631303],[76.26838628391826,31.235855917002088],[76.2569799773467,31.236536018880635],[76.25117420458571,31.23968870880824],[76.24445757847934,31.245126818425597],[76.2363396450042,31.244199611258207],[76.23596027497835,31.242589379229887],[76.23721061665744,31.240683346875233],[76.23911749649818,31.231746425147346],[76.23875987551384,31.22667232425851],[76.23824723666361,31.22538647493911],[76.23543314648866,31.226329299153996],[76.23455172408049,31.217223421593378],[76.23009924510008,31.213285881522694],[76.22874638879355,31.208550414079586],[76.22619813101485,31.204829681334164],[76.2258755666394,31.202371208187287],[76.22458886819524,31.202270366463008],[76.22466425718225,31.198334929058134],[76.22703176429623,31.197956882507135],[76.22920608107168,31.198544603348754],[76.22985668201217,31.199890507689116],[76.23478966629781,31.200861078174906],[76.23581846050101,31.2053580217777],[76.23673553361064,31.20679669417239],[76.23755804414002,31.20400693226072],[76.24434553747594,31.199252238492697],[76.24606249459298,31.196672179269758],[76.24183852370673,31.19197726134786],[76.23857383875827,31.188849953365615],[76.23820423616002,31.1868209762269],[76.23327528979037,31.185542900284176],[76.22879384984444,31.185342883554693],[76.22673554826527,31.18576944726624],[76.22180499647878,31.185455523342892],[76.22004429743987,31.187457619028738],[76.21580417867983,31.186783940072267],[76.21187398592417,31.185679811366604],[76.20912312898437,31.190888480491026],[76.20682249968131,31.190064506011623],[76.19570943460285,31.18375228708283],[76.19715218574697,31.181953396892006],[76.19565515506306,31.17972360846645],[76.19686610973137,31.176199748830623],[76.20040048821492,31.17330773947571],[76.20276800586522,31.17019029669959],[76.20521490216183,31.16904643585742],[76.20581220983887,31.163401317036374],[76.20775458136856,31.159027461571398],[76.20087932068796,31.15634776298291],[76.20255763032831,31.153177429841616],[76.20508223591607,31.151272617886466],[76.20542856696733,31.148789369656836],[76.20693417560442,31.14611038248561],[76.20611104673988,31.145268768113727],[76.20998794278965,31.137152907910938],[76.20657067784519,31.136290044921413],[76.19210493257668,31.13336977242202],[76.1877657147383,31.13288793705621],[76.1848780411947,31.13450875952715],[76.18076623595732,31.135775241682243],[76.17119883777464,31.13443201875109],[76.17010171928072,31.134526508760064],[76.16779602765625,31.138323309272526],[76.16687370777431,31.138206447568752],[76.16656227060136,31.14032761237008],[76.16061113005983,31.14028278240878],[76.15923857119752,31.14139329649578],[76.15605927666984,31.140840664295713],[76.15499096049714,31.143715745030818],[76.15676512481144,31.144315165666747],[76.15739620463208,31.14573109253201],[76.1559423962088,31.152838266945388],[76.1438559960781,31.152166689863154],[76.14419631490337,31.150457293749486],[76.14010157784654,31.147897148805193],[76.13720345464486,31.146884453975037],[76.13590292734666,31.150565962199046],[76.13519811553981,31.15411600472984],[76.13284838353783,31.15642771952669],[76.13289070222277,31.159209270996303],[76.13125540423692,31.162262061586073],[76.12957537603431,31.16940890594561],[76.1216553323805,31.16651104530785],[76.11729072948825,31.166625391290278],[76.11417774077574,31.16817819063947],[76.11174103261192,31.17071747681876],[76.10904277710564,31.17194634596085],[76.10628143721814,31.17411436594901],[76.10547159455616,31.177527744687445],[76.10213459358052,31.1774542913017],[76.10013737098834,31.179175753489],[76.09550335074199,31.184920244630185],[76.09330122248329,31.186968623086006],[76.09411116917524,31.188503264204414],[76.09340270984468,31.190267537608012],[76.09407508644287,31.192097948284804],[76.09118125615686,31.197147132940817],[76.08864040348507,31.197298786714097],[76.08683657345688,31.199819743063934],[76.08525635502644,31.204285962802732],[76.08646737840331,31.20440228522604],[76.08756877276625,31.206391540946175],[76.08859895471916,31.21432723189624],[76.08736945550886,31.215110139703466],[76.08743833295968,31.218737031729383],[76.08663483446337,31.223692534657943],[76.0856676635392,31.22579402458428],[76.08359909622996,31.22483795888009],[76.078722748522,31.2267116083184],[76.07746466454591,31.22816805383855],[76.06819244955344,31.226590463017402],[76.06425157036153,31.225392536683245],[76.06386128699336,31.221026618419135],[76.06529832240508,31.218769913432464],[76.06125321159668,31.218360556036096],[76.06245531356409,31.216932405661733],[76.0582713279431,31.216365556134555],[76.05345082145364,31.216670551262457],[76.0504485242767,31.215525738415355],[76.04930943758478,31.21349499653943],[76.0450073301041,31.218495733812475],[76.0474747422183,31.219713964255845],[76.04967528920136,31.22293417867104],[76.05459361733278,31.2245514734736],[76.05463947322949,31.226253374511277],[76.0456784398329,31.232000332073838],[76.03507633241931,31.237718639076004],[76.0338091959816,31.23800740574589],[76.02793705651052,31.242568211203473],[76.02678012700447,31.245618237187394],[76.02632812487866,31.249858983183184],[76.02913371810452,31.250607800904252],[76.0252986452118,31.259241210381685],[76.02206262217251,31.258290194927408],[76.02212061784398,31.256442800362393],[76.01257770359739,31.24984584628169],[76.00756046449378,31.24446023243323],[76.00544360825086,31.245127971344584],[76.00297646528367,31.244418211202785],[75.99607390468914,31.253487705623957],[75.99321862163103,31.258757544922727],[75.98736056089938,31.25756210070246],[75.98739395324088,31.256414824962835],[75.97988188440266,31.255924880555696],[75.97223505849304,31.253130290850155],[75.97082688202534,31.253045589632276],[75.9678345803144,31.257231853950042],[75.960850971637,31.255642875952514],[75.95277850025985,31.25555281633771],[75.9548635473666,31.258780763386806],[75.95470854788103,31.260783831345837],[75.95271154066464,31.263697820477905],[75.95043384987473,31.265154568451646],[75.94766875311053,31.265497902361652],[75.94470128594669,31.26808090441434],[75.94391490134115,31.269954370934222],[75.9410831373606,31.27315968124501],[75.94247481657254,31.27394189047937],[75.94024764811343,31.275002540963417],[75.93410381729625,31.274239169402108],[75.93445939725378,31.272382510984574],[75.93194222162968,31.272227645169178],[75.93251436254482,31.268820461802957],[75.9269577386154,31.27160241910725],[75.92546117041884,31.271862345117853],[75.92444026650035,31.273708714000794],[75.92508109971135,31.276132311015076],[75.92252962200934,31.27603468177722],[75.92210230568895,31.27739988943941],[75.91885620737162,31.277937854044232],[75.91908961498649,31.278830811185273],[75.91665533431203,31.278959901152202],[75.91601810016606,31.279789956703826],[75.91755750035884,31.2810280453123],[75.91576571795459,31.284511425486787],[75.91444785443817,31.28440036983749],[75.91453930679769,31.282776889643195],[75.91215288064117,31.2812990356729],[75.91125945015935,31.279458393663056],[75.90800494967856,31.2793332320752],[75.90709885359432,31.27847893916556],[75.90470152779986,31.28000773949125],[75.90354398868325,31.278737608957684],[75.9011393968327,31.280831165903276],[75.89480711946076,31.276196578639347],[75.89237825242091,31.275949807663995],[75.8896797162684,31.27540010474896],[75.88730245890375,31.27849121508802],[75.88668520914001,31.281388929964564],[75.88704758683801,31.28491092332809],[75.88328319388566,31.2876801054365],[75.88227247663522,31.29034127259847],[75.87909616258148,31.291038055935203],[75.87750637413417,31.29014812814533],[75.87708644743645,31.286538443611917],[75.87554314974501,31.284289660657283],[75.87277175537449,31.284948984273605],[75.86452490237534,31.281984394064704],[75.86583792622524,31.286518409669103],[75.864518093365,31.28808826832601],[75.86393815795597,31.290488055501463],[75.85587809112556,31.288916954652706],[75.85370971948427,31.29211460409636],[75.85291754403747,31.295302652441162],[75.85401241063576,31.297043952206057],[75.85785164404189,31.300880360756977],[75.85910186096393,31.301590324257035],[75.86313530325577,31.3054374412914],[75.86708024295638,31.310877862368713],[75.86757694614624,31.312372043281353],[75.86642826178434,31.318369003698233],[75.86969089175624,31.321275568194054],[75.87134395213658,31.321888128446016],[75.87102236619158,31.324828016886276],[75.87339790416112,31.324855494014976],[75.87386087813174,31.32695804551359],[75.87718913643496,31.327388889066473],[75.87758982918983,31.326414180525497],[75.87570210437498,31.325055810639345],[75.87730498968416,31.322040166524115],[75.8801828369701,31.322425874973277],[75.87948803478534,31.325867208893573],[75.88158675068684,31.327008154828537],[75.88037404724558,31.32847527089758],[75.88485314842708,31.3319695072043],[75.8849488323673,31.33405752762784],[75.8880368005351,31.33420243368685],[75.89596436610195,31.33566878498857],[75.89849345045361,31.335675517973986],[75.90466193248947,31.336741183137757],[75.90588966549137,31.34210799668619],[75.90575287585807,31.34500565698303],[75.90377281868952,31.343632048881272],[75.8989822292221,31.341369444992438],[75.89596889708245,31.340846829258506],[75.8911008571712,31.340658916963868],[75.89103891937624,31.34466731670415],[75.88868315625885,31.3459052073841],[75.88390949334828,31.34736031294665],[75.88264021398535,31.347332417497686],[75.8802601651896,31.353723305271004],[75.87938997178112,31.354837194796474],[75.87386225170027,31.354747685182577],[75.86315602542405,31.352605011665453],[75.85914292322617,31.35204500506531],[75.85811848498237,31.349912810253976],[75.85685353565421,31.34992173188775],[75.8562158730706,31.352730918993647],[75.85492544393418,31.354427138908175],[75.85478122851266,31.35803344837146],[75.85390207366204,31.362341511961613],[75.84972379929216,31.372849784555967],[75.84113760379586,31.371141039286737],[75.83877191715608,31.369667793218284],[75.83635650997783,31.37277748812642],[75.82966946018234,31.369907648498266],[75.83358139196629,31.362504506348234],[75.83240198993342,31.360651776010027],[75.82888245647366,31.36023180249621],[75.82383312551957,31.359051888066276],[75.8242930707812,31.357532024829332],[75.82173340892109,31.35701206272973],[75.81942216461402,31.35881938519093],[75.81729398282847,31.359451832634026],[75.81651836450433,31.36193376167749],[75.8123225560326,31.3606964641067],[75.81108130658268,31.36564966438848],[75.80870577753909,31.370475793716945],[75.80466721160498,31.36978311812887],[75.80154153492416,31.374049959986444],[75.79470690020142,31.37188066453014],[75.79442866739268,31.370195933704462],[75.78758469457156,31.36863670014375],[75.78602001580775,31.3688119375636],[75.7839428939545,31.37460011925711],[75.78193537093077,31.37911244652311],[75.78107558512725,31.38226009586125],[75.78606901364631,31.382303056165107],[75.79171616237724,31.38453608627317],[75.79956680871393,31.38695759380129],[75.80357311950306,31.38880612143004],[75.80619303500235,31.39263749118102],[75.8053680104797,31.395971953872383],[75.80672446098458,31.396009334943656],[75.80559177712355,31.398967110625627],[75.80971062028425,31.400713270317723],[75.82044064919062,31.40462900669673],[75.81945082972128,31.40590630188727],[75.81766356605146,31.412848219173505],[75.81613840198357,31.412671727084323],[75.81227457789488,31.420786693722203],[75.81507539816923,31.422216506471166],[75.81655677630368,31.42602228092405],[75.8155655390935,31.431035356917235],[75.81361283974702,31.4307806538067],[75.81187708046261,31.434198658533674],[75.80949012603718,31.435568961156473],[75.80567183319268,31.43526742128903],[75.804599118822,31.437407671200564],[75.79947365104822,31.453797572218807],[75.79667076315397,31.453786463903064],[75.79527614588764,31.450263252720976],[75.78978884175588,31.4487795919202],[75.78674795890898,31.452010686225364],[75.78351922570977,31.45759299392062],[75.78755473820229,31.459944909070398],[75.78586024244386,31.462867698910376],[75.78216696669928,31.462338326725746],[75.78103266125902,31.464816020922058],[75.77996051204651,31.469171961657935],[75.77857833575835,31.47163520157076],[75.77218687295695,31.471428047507224],[75.76949535377823,31.47224096583783],[75.7674179537703,31.474936877997674],[75.76514817215575,31.47558253127977],[75.76450288341285,31.477039756587573],[75.75933971000153,31.47573428316148],[75.75795568086762,31.47713440961078],[75.75597132926698,31.481091455728357],[75.75449606288605,31.480041559595993],[75.75286661395603,31.48520814809843],[75.74756232062613,31.485031511610224],[75.74633114265188,31.486511294916998],[75.74396812652171,31.487087856086312],[75.74389923182218,31.490476168317013],[75.73843225230601,31.49543185702892],[75.73604112508987,31.494923493074943],[75.73434377028953,31.499404882648868],[75.73680088603682,31.49943000537189],[75.7380365552588,31.502734964691314],[75.73349104782908,31.504620238856113],[75.73459763510317,31.50570369529318],[75.73352757967962,31.512414603213756],[75.73428794498713,31.51338730061786],[75.73329896778053,31.517111581736287],[75.73033122210427,31.51621291842606],[75.7269337841709,31.516020292996476],[75.72307346603829,31.52205626403333],[75.71673346261238,31.52026026264645],[75.71542102945908,31.52508804716444],[75.71283439215757,31.527410549895663],[75.71259011384946,31.52917378454744],[75.7075909797105,31.529981189170563],[75.7026295029004,31.52912046756585],[75.7011701647909,31.53280426531233],[75.7017665731006,31.533525373998923],[75.6993362833467,31.539521656421915],[75.705596684615,31.5418886910719],[75.70512034955348,31.546731370402874],[75.70355381563688,31.55583555691512],[75.69531043557973,31.554266475075362],[75.69401432170051,31.558033354782552],[75.69241269717561,31.55959657966544],[75.69010490641986,31.56669520611458],[75.68840865225182,31.56676990757201],[75.68897862271976,31.569923667867887],[75.68444193236871,31.571508804642846],[75.68154673042095,31.574356849042246],[75.68062166711273,31.57845094625029],[75.67988272347469,31.579573333528323],[75.68218527765964,31.582939006096748],[75.68069511357164,31.589605989857052],[75.68171356608703,31.590252547308634],[75.68143003333627,31.592102211050946],[75.67674243303674,31.59355463429781],[75.67308101861538,31.595309691561237],[75.67174089823851,31.596499858517237],[75.67105395530169,31.599929368999607],[75.67221590426122,31.60030513547288],[75.672496542226,31.60310155020905],[75.67137149541597,31.605961583762774],[75.66959977107572,31.606407748458683],[75.66860703959235,31.608225084155624],[75.66314379201205,31.60637917598324],[75.66123688333352,31.605152813052232],[75.65788895735388,31.605441089169656],[75.65361530988022,31.606763833537773],[75.6500696917282,31.607279671868497],[75.64996623563184,31.611019619350184],[75.64738877936925,31.611317158297233],[75.6469293725283,31.613786833647968],[75.64495238387013,31.614235055148576],[75.64489891205001,31.615254555338286],[75.64267461709994,31.61665132290545],[75.64077760424692,31.616626453983372],[75.64051234296304,31.617998155450586],[75.63894918077754,31.61813087356234],[75.63795700773929,31.614803256985837],[75.63907575314272,31.613732387229497],[75.63911050188769,31.610454949047462],[75.63535092047927,31.610973072302027],[75.63286227452215,31.612351255778968],[75.63176104550932,31.611770496031045],[75.62999725937964,31.607154691934614],[75.62806573200282,31.604933494555766],[75.62380272468442,31.603660526917178],[75.62156459082694,31.60553285943029],[75.62032422968024,31.604088828265496],[75.61714646555015,31.605751131575932],[75.61708180800733,31.606558801895716],[75.6129045240562,31.60718212318013],[75.61120425077503,31.608026088712474],[75.60994784210303,31.610149123661024],[75.60391381567136,31.61135229735509],[75.599685985748,31.610557157698256],[75.59778531752855,31.609735336411493],[75.59785780857743,31.60662662496006],[75.59381679316469,31.603053476382595],[75.59361245717288,31.604688903734765],[75.58455358459477,31.60518942806694],[75.57883084707662,31.607187341035836],[75.57609183495282,31.606642092232935],[75.57350019772673,31.617557515614003],[75.57027541902973,31.617048338533138],[75.56984548086098,31.61549847308745],[75.57117530748515,31.614848533434078],[75.57071537927645,31.612318756115446],[75.57115461306674,31.60971060566721],[75.5671591335074,31.610834144469674],[75.56804784126385,31.613909265347772],[75.56820375575774,31.617552938766572],[75.5694514704062,31.619627632934165],[75.56880826727566,31.621780671997854],[75.5714002884115,31.630793475376425],[75.57230395055002,31.635428494047737],[75.56320039139241,31.639199636506092],[75.55850451620742,31.63901856616447],[75.55584283884484,31.63996106949039],[75.55578500506132,31.636137091328045],[75.55472116025311,31.635030679459824],[75.55156353782796,31.633833425411257],[75.55002599609693,31.634547078036334],[75.5468584192528,31.63861636068825],[75.54746542510848,31.640083329100797],[75.54203902470734,31.64641565713031],[75.542835472962,31.647677251960193],[75.5397740507692,31.648689060771417],[75.53206961805903,31.648709407724382],[75.5304805630948,31.64322590268626],[75.53182857203034,31.642267876940867],[75.53147744572824,31.640358948263422],[75.52893079233301,31.636946454294684],[75.53222961999438,31.63515923484838],[75.53063011610125,31.63325038596367],[75.52692826090433,31.634294869781645],[75.52475968366909,31.632895643447085],[75.52373769220162,31.63668432322878],[75.51990506405228,31.64045679212937],[75.51564848515757,31.639841964765754],[75.51415344900136,31.639086848020657],[75.51113505973825,31.640046503318434],[75.51070934971206,31.64217180369033],[75.50823567167029,31.64335406989677],[75.50507367733667,31.642095460580386],[75.50189039917372,31.643861341090137],[75.49795084444283,31.642341677033905],[75.4926728242983,31.64576061724644],[75.48900660520736,31.64864862509041],[75.48470571020675,31.65046435382501],[75.47602743634346,31.65161276832785],[75.47434981640819,31.65024666350011],[75.4713867297249,31.65399451172455],[75.48419551051849,31.669629000396746],[75.4802442336638,31.671756635872043],[75.48181920510538,31.673866895377436],[75.48367455660942,31.67468110817582],[75.48397980053711,31.677132165949917],[75.49070897572871,31.68043593225079],[75.49387632902899,31.68963761558181],[75.49332171412989,31.690626141814096],[75.49319107375706,31.695424458162513],[75.49520538897654,31.69929730788218],[75.50164490339631,31.704034262761816],[75.50495999586835,31.707143364308486],[75.50976449054536,31.709245003448693],[75.51342487384548,31.712856137540793],[75.51743954216336,31.717466376028792],[75.52137044750711,31.72337669517915],[75.52506540269353,31.728391210585905],[75.530575567073,31.734558751730116],[75.53418020715972,31.73604628185611],[75.53546799401636,31.73802967193378],[75.53471892963935,31.738557409899975],[75.54176704766425,31.750397701737747],[75.53740251157085,31.750710468481117],[75.53834417701853,31.75398033118368],[75.53766978390537,31.758353933992787],[75.53834432362943,31.759436552261878],[75.53854472459514,31.7649671152715],[75.54071645545115,31.765051230314512],[75.53740127201178,31.768715019244407],[75.53372416998533,31.773658232208838],[75.53068550988115,31.779034125798137],[75.52944621059088,31.782318248048732],[75.53326089019939,31.779306678920882],[75.53657094384583,31.77796832571405],[75.54467844984717,31.776549770327826],[75.55249679621244,31.77677292509658],[75.55536944459038,31.779408926898768],[75.55848003793531,31.781418681041586],[75.56149854994233,31.78783397159916],[75.56167823387185,31.791192349774416],[75.56384742490305,31.794831165430338],[75.56243296666213,31.795625558991503],[75.55916097076356,31.799483389763076],[75.56716442617402,31.8003470554749],[75.56890397779526,31.807035225307484],[75.56735546819,31.812429084240257],[75.5679752420914,31.81499006745567],[75.5646882519074,31.81457114271165],[75.56246621154963,31.821116461379326],[75.5615296338614,31.824855128161378],[75.56269650267,31.825855616627127],[75.56237021770632,31.82756928856106],[75.55785845944149,31.82713393193598],[75.5549010955356,31.82597646707776],[75.55104038114965,31.826108848867484],[75.55121692530268,31.830144587337998],[75.55062248055576,31.834487260292345],[75.55139677103101,31.8399386715276],[75.55003380634179,31.839763378801894],[75.54778382976167,31.848775125287712],[75.55360093655698,31.849640730322268],[75.55371102790576,31.850746440832022],[75.56238877304816,31.851092710515626],[75.56449277801254,31.854240817005028],[75.5695005721954,31.85489479858796],[75.56933995594119,31.860050349996044],[75.56855162569445,31.872667602242185],[75.56910271084865,31.874791505579914],[75.5674999561718,31.877406222670224],[75.56503048142388,31.888245240212786],[75.55932955711953,31.887823329060843],[75.5567566040054,31.899185097196693],[75.55525979327163,31.900487456843695],[75.54815340653151,31.909767954787014],[75.53999754945954,31.925987536494866],[75.5389201496066,31.930630681202775],[75.53869388502322,31.935063135549775],[75.53697413383634,31.942006072200712],[75.53112427479539,31.941481964818795],[75.5313737747619,31.947552953138253],[75.53385231622434,31.96040168048402],[75.53574832239488,31.963510768467394],[75.53765996479748,31.967677302110594],[75.54156802232926,31.967298329546537],[75.54258587812112,31.970733202418927],[75.54155255267203,31.972707615986366],[75.54290327606024,31.976671771361925],[75.54644214570747,31.98002676001533],[75.54348524246849,31.982642531760504],[75.54595975439432,31.98427183267249],[75.54966961242279,31.98796387276362],[75.55064957575404,31.987078709558695],[75.55331802587727,31.992911889331264],[75.55830980792994,32.00064561075095],[75.5515032434517,32.00449916201939],[75.5490198514143,32.00695313261432],[75.54730707574583,32.00693069521212],[75.54438537506083,32.0146556672921],[75.54488843506535,32.01804406966077],[75.54350863411379,32.02282357394581],[75.5423553871274,32.02434711668671],[75.54227767627702,32.02625608299041],[75.53865068125927,32.02684571331899],[75.5386232719403,32.02862135094031],[75.53723314963005,32.02993586356169],[75.5338188676453,32.03122390797509],[75.54591416855908,32.03182584882206],[75.5549673590242,32.03293701993909],[75.55508665992602,32.03378167642501],[75.55902357104465,32.03489729318612],[75.56497216352523,32.04068970786255],[75.5674124998374,32.04597414647404],[75.56879953175458,32.0554017248447],[75.57044252879842,32.06116800545932],[75.57394835064174,32.06735020830551],[75.57785652512823,32.07285416225716],[75.58145976293171,32.076405611759924],[75.58459079704251,32.07862821852363],[75.59345740273592,32.08231261168017],[75.59642808463227,32.08614426121356],[75.59819449926381,32.082301895638786],[75.59431705444382,32.07906116209328],[75.59549239644272,32.07725658750936],[75.59600186779218,32.072914769342326],[75.59484394230974,32.069872306956704],[75.5962754948653,32.068837567632734],[75.60071880645648,32.06910781670524],[75.60065923314447,32.06662540059781],[75.60215716658287,32.06593085799912],[75.61682313545856,32.070837045987886],[75.620417705339,32.072595340230784],[75.62689804593046,32.07292079535583],[75.63165802831568,32.07442352476529],[75.63455860829194,32.072393224284745],[75.63707781851437,32.07158188419819],[75.64274870501323,32.07301766539682],[75.64720890874659,32.07301693575392],[75.64980907848633,32.07433550223033],[75.65189001546057,32.07636260396673],[75.65428701764004,32.07765233661035],[75.65810660411779,32.077728481729636],[75.66088179259197,32.07618050343566],[75.6628941682685,32.07579340617242],[75.66321055847814,32.074069957151124],[75.6704639647817,32.07265224804824],[75.67502155651789,32.070124637097116],[75.67410989673748,32.0672196389149],[75.67677557109177,32.06428434328766],[75.6823300744991,32.061925458446275],[75.69101300496081,32.06126784021983],[75.69832653926069,32.05805479676069],[75.70112905999038,32.05553831323784],[75.70314498078794,32.0547276079382],[75.7079879901833,32.0495131018561],[75.70755287093058,32.04619569250416],[75.70840734144258,32.04410760025766],[75.71072112940247,32.041464685665176],[75.71723300145047,32.03731237826607],[75.71723221288782,32.03647455480521],[75.7244544821177,32.03310625153625],[75.72857187553609,32.03482112961648],[75.72959767031921,32.036142724264316],[75.73717851449447,32.03744137507689],[75.74232582652128,32.03941257563257],[75.74897603121845,32.03777866668234],[75.75079691099899,32.037752495764636],[75.75433232270167,32.03365120852957],[75.7554332125399,32.031714630951704],[75.75977548442108,32.02672773991065],[75.76543916647385,32.019460812063194],[75.76961031687122,32.01604306285572],[75.77480139410673,32.01048570684178],[75.7797530414625,32.00471219794159],[75.78702164891443,32.00061068718715],[75.79055355340802,31.99973688636294],[75.79963356126649,31.99381864702304],[75.80367142909668,31.992725280034545],[75.81123032288679,31.988003725476585],[75.8158080430463,31.986026434524874],[75.82406822747056,31.983473368476478],[75.82915758210883,31.983597049795243],[75.83216830539443,31.982800019006117],[75.84624922227297,31.98191968731328],[75.85102204470564,31.982210532756312],[75.85195723382718,31.980190129996615],[75.85696114515699,31.973864347760465],[75.86105573063035,31.972494095003626],[75.86676887073,31.972156484851105],[75.87423818723663,31.96952788290071],[75.88300434301294,31.96895270466525],[75.8826703084516,31.96599198029823],[75.88598070310988,31.964290109295632],[75.89247558813318,31.96184768889531],[75.89942967438982,31.956760315936013],[75.90368599631356,31.952786912799898],[75.9094553182951,31.95097731191428],[75.91070790354564,31.948907259539293],[75.91068975548868,31.94309057163817],[75.91155045308479,31.939888872132883],[75.91553379542702,31.931076888117254],[75.91690478467301,31.92875548538267],[75.9208758752436,31.923896495729952],[75.9236684997916,31.919887258567364],[75.93167223414515,31.90586754247641],[75.93548029509537,31.899752194265105],[75.93730043923998,31.897737523272102],[75.93865634910766,31.89420970334854],[75.93872809268214,31.891106714573088],[75.94241861846716,31.885931129076194],[75.94513544030802,31.8835927030238],[75.94727538030811,31.879311206197066],[75.95032039653461,31.87431173830989],[75.9528995710727,31.868690153915196],[75.95479442407323,31.86629381129778],[75.95999128169643,31.856898531577315]]]]}},{"type":"Feature","properties":{"id":"03-486","name":"Jalandhar","source_name":"Jalandhar","state_id":"03","source_agency":"Survey of India (SOI)","district_code":"034"},"geometry":{"type":"MultiPolygon","coordinates":[[[[75.78758469457156,31.36863670014375],[75.7884882947171,31.362530959744994],[75.78431787875402,31.361175115863816],[75.7803802431715,31.35894710886667],[75.7783491163946,31.3571719060104],[75.7717090630091,31.35330213179763],[75.76689927126942,31.352896993548818],[75.76419029803036,31.351263660658383],[75.76618697947728,31.34947119005076],[75.76623075206703,31.348142661424337],[75.76342113265542,31.34517291424776],[75.76331980262474,31.344214840852768],[75.7661811084321,31.340474606014517],[75.76485610941333,31.339895679719312],[75.76506365890262,31.33643604159487],[75.76102153548923,31.3366926394395],[75.76284870852736,31.334866893417143],[75.7591097098812,31.33210941883801],[75.75526161761239,31.328302342245344],[75.75382251258785,31.3285177321991],[75.75117459412151,31.3309649230121],[75.74849155973973,31.330177522383167],[75.74308389505258,31.325374590227753],[75.73945438916431,31.321424926464015],[75.73695471361661,31.322374835480904],[75.73720466225855,31.326694456954524],[75.73699179406084,31.33242514591626],[75.73419396246896,31.333375107721146],[75.73154536340815,31.336663560185297],[75.72821827572912,31.342126289427135],[75.72641589912095,31.342003172713873],[75.72236055804647,31.344675422856362],[75.71641783538124,31.34467658100115],[75.7123372923361,31.344066852836455],[75.71140609476677,31.345872459514712],[75.71042810316874,31.34561270635004],[75.70931500645602,31.34761276523411],[75.7065371334698,31.347381784582062],[75.7046016042162,31.345160531664312],[75.70210428839523,31.343897066791023],[75.70159596952303,31.345359203883763],[75.70022945039555,31.344192798118872],[75.6996776113908,31.3417769368137],[75.70137071584973,31.342218746085774],[75.70417765025731,31.34122369414479],[75.70377685224969,31.340395229251833],[75.70653059784935,31.339904603160484],[75.70827841732896,31.338523323482374],[75.7085984040955,31.331593932207795],[75.71049102969154,31.33082125227495],[75.71259147630776,31.331390987518635],[75.71184492296868,31.329982988025645],[75.71421875385865,31.32785484161179],[75.71540347742602,31.328694789173063],[75.71543599878869,31.326971259344795],[75.71877666060531,31.324149445678746],[75.71870032068324,31.322036986634966],[75.7221566794521,31.317585208376855],[75.72221515618348,31.316544791335858],[75.720046895212,31.316031017691714],[75.72054588332284,31.31472364767755],[75.71930897886486,31.313990058620778],[75.70861846721306,31.316445266872737],[75.69940967558549,31.316465235001623],[75.69326762529157,31.316875888631873],[75.69101087158454,31.31625148690453],[75.68645164952619,31.318355373432254],[75.68368923818794,31.315627313804118],[75.68336750442695,31.31074387307688],[75.68433169141609,31.309365812885694],[75.68434292196228,31.305645636250453],[75.68550043532574,31.305324047602053],[75.6858121004892,31.303311704272005],[75.68830120097395,31.301626504830327],[75.69654391974659,31.29848070986803],[75.69783201860191,31.29445493249245],[75.69979973680478,31.290367530705357],[75.70144952241627,31.28954760817338],[75.70394785938186,31.289777540858452],[75.70393709359084,31.285197518986504],[75.70218270666398,31.285434526452402],[75.69961871864179,31.287255917253987],[75.69810120346264,31.286364609399772],[75.69940681241486,31.2836522366415],[75.69794001127562,31.283468132341493],[75.69277067991032,31.28635786249746],[75.68006164785318,31.2911519821835],[75.67953644569023,31.291921608711363],[75.6771649174215,31.29154720117628],[75.67891423598103,31.287854796006137],[75.67534235140143,31.28662676238788],[75.67618856527847,31.28489567640743],[75.67373623541154,31.281323546920724],[75.6737913954905,31.2777466710892],[75.67488384456657,31.27156218233814],[75.67300426474185,31.26903755450292],[75.67892534562799,31.265982939476267],[75.68171994476195,31.263980198636276],[75.68188221024339,31.26260991637567],[75.67962715884661,31.259564753059877],[75.67905062012117,31.25728814661804],[75.68212943175902,31.25588588157633],[75.6828970931313,31.253810333316284],[75.68165228585568,31.25219083112718],[75.68028049098908,31.252573871682152],[75.6765054242221,31.250932857004752],[75.67060645862372,31.250068671730908],[75.67890288961813,31.246650223358078],[75.67775622194597,31.24410043225708],[75.67257716522603,31.245962834572577],[75.67177366306099,31.245171532930584],[75.6725851299762,31.242341776352237],[75.67015305720186,31.237957171141446],[75.67669609426376,31.233895428048505],[75.67726712745437,31.23416346407361],[75.6834682565927,31.230518789643018],[75.68653783517783,31.233934339017708],[75.68782503575078,31.23468674454771],[75.69104270970202,31.23492095843027],[75.69256090128427,31.240221916767858],[75.69408967739875,31.244003332851324],[75.69657228085423,31.246128733339255],[75.6989761841884,31.246264968469017],[75.70220132078127,31.241817940900876],[75.70917874354025,31.234842442796406],[75.70921029677952,31.231578482937454],[75.71152846240591,31.22810304174907],[75.7123229977394,31.220131880467235],[75.71162848541789,31.219913762618635],[75.70747045288202,31.215076606234916],[75.7060412451866,31.215536126500105],[75.70237188622664,31.214357516209688],[75.70001004261697,31.212734356518247],[75.69792274063045,31.213233555138732],[75.69333952948638,31.21082676662197],[75.69137954643291,31.207263412252427],[75.6913412117562,31.205374975098522],[75.69006139342446,31.202425229619504],[75.68675328075184,31.196321247414172],[75.69440654566723,31.190807343087112],[75.69831036942219,31.188376490095823],[75.69520695234444,31.18477205549281],[75.69500012396273,31.18327830179194],[75.69650062786955,31.183246935824908],[75.69631066868622,31.179627252485744],[75.69876862327366,31.173710308749385],[75.70148270058755,31.171864971515745],[75.70365446330479,31.16898781931026],[75.70472710061027,31.166187066647296],[75.70808655195256,31.16497148897029],[75.70947856099883,31.165384284950886],[75.71768484535438,31.164793307419213],[75.72072220988397,31.163639901326516],[75.72467580436648,31.166686644040926],[75.72823653317995,31.166348519332793],[75.73220163429178,31.165376325008257],[75.7365467935058,31.163603033947705],[75.73904334222748,31.163902986403492],[75.74084625679829,31.163200753225908],[75.74336025467264,31.164353531364043],[75.74551778370916,31.16297988841983],[75.74800980037772,31.162605540473518],[75.75110166702474,31.164379972750705],[75.75340692192482,31.163121732670703],[75.75499110945738,31.163719019968923],[75.76055654861699,31.16412279261826],[75.76972160174046,31.160020201818494],[75.77209546541494,31.162687263971954],[75.77814909800131,31.165990975775728],[75.77693100088048,31.169946669136802],[75.77871853529362,31.172520748320196],[75.77881485941437,31.17778008392407],[75.77773174108287,31.179789855630204],[75.7741013997233,31.18416068756236],[75.77581018799988,31.18911667446509],[75.77991833544331,31.195749222145366],[75.78389909361866,31.196556047334333],[75.78607879823713,31.198335896844934],[75.78809428125533,31.198398521917206],[75.80008986814417,31.194237934616314],[75.80061799959111,31.19370455071947],[75.80689605210819,31.193229660599332],[75.80825817006753,31.191052730830787],[75.81188124695501,31.190466808217305],[75.81422882009795,31.188191206062246],[75.81983518606555,31.18916771000549],[75.82112804377897,31.186854337406125],[75.82816758923282,31.185289689371213],[75.82980698331215,31.184599994008767],[75.83709227438843,31.184364666916444],[75.84301999887971,31.18478876070619],[75.85153852202988,31.182952691467403],[75.85442942540766,31.17470815775724],[75.86169782048843,31.174362934113],[75.8646991877555,31.171941753899926],[75.86593312797979,31.169575155827538],[75.87047835009456,31.166387302561716],[75.87266854193952,31.162676350702995],[75.87468729740095,31.163087587457095],[75.88025028132829,31.16540268296896],[75.88581769424468,31.16612121902996],[75.8856593006901,31.161972818309152],[75.88414661253772,31.15622744879722],[75.88411396814014,31.153332335198222],[75.88321981160169,31.15006094574168],[75.88590820880397,31.145777758220028],[75.88853700444268,31.146229777946896],[75.88838229754788,31.148142342268613],[75.89014161472596,31.151361470314495],[75.89078679153624,31.153884474568223],[75.89810732005712,31.155347238841923],[75.89935484567468,31.153247279672577],[75.8991123177046,31.149791674890317],[75.89999988472069,31.145139420504663],[75.90089867615751,31.14317488614746],[75.90147619940485,31.13924396519127],[75.90046736249963,31.13662811435039],[75.90270410040415,31.129953538945717],[75.90330375944126,31.12548476787452],[75.90655029510027,31.121559560111557],[75.9071633874642,31.119637052543954],[75.91033901677325,31.114531021742057],[75.91563952585231,31.108782137325168],[75.91618598206925,31.10669243253997],[75.9155997526769,31.104284248028048],[75.9144028040311,31.104338294067773],[75.91321718452512,31.1001448233889],[75.913702330591,31.098407005045313],[75.92410644018912,31.094382705986558],[75.92664965948198,31.094265395095405],[75.92755325599234,31.08892743485643],[75.92921960262645,31.084249842694675],[75.93057668248623,31.07726423477418],[75.93265875013394,31.076565752322253],[75.93159648519158,31.072199599786813],[75.93099653151506,31.07250313407996],[75.92993219511305,31.06797179882139],[75.93056859954717,31.065015770329413],[75.93402557619811,31.062478449525532],[75.93704074924912,31.062017510304962],[75.94066558863236,31.06079205815504],[75.94502245458098,31.05875603936166],[75.94282078939696,31.057912829837534],[75.94203501978777,31.055596667904986],[75.94311298333155,31.054199481412297],[75.94193653046398,31.05335348519195],[75.9427155803657,31.047571505179576],[75.94746640983287,31.03861677806686],[75.9477593254227,31.036293239738644],[75.94716543342734,31.03025217523275],[75.94936573070626,31.02951904092596],[75.94907899331488,31.02624089347647],[75.950887761364,31.023325773443734],[75.95123055688784,31.02163343305066],[75.9534817663533,31.02040785439053],[75.95638340280824,31.017721792146627],[75.95707790101434,31.01790044071692],[75.95637992520888,31.01562096533619],[75.95254129780949,31.010336191875325],[75.93404471760282,31.009408586253375],[75.9334138303658,31.012003061096692],[75.9286514033094,31.011387579595798],[75.92620884594902,31.01197746306547],[75.9211365210162,31.01167455041778],[75.91586727559248,31.01526551307292],[75.91522928745391,31.01733753876475],[75.91240227564911,31.017532842397035],[75.91172382848286,31.01610475535769],[75.90565190715567,31.016735470559205],[75.9056535632846,31.016079966499575],[75.89771329498225,31.00823285707984],[75.89848483472002,31.004836334345313],[75.8954366297292,31.00447198544401],[75.89153202254971,31.00730729719031],[75.891528088611,31.00812548818543],[75.88469661547053,31.00797699621102],[75.88443491334313,31.008966224693904],[75.88072794642575,31.009323736305813],[75.86719014199244,31.008197893650106],[75.86491245178885,31.004250389105763],[75.85642988391243,31.004359140568464],[75.85615711717037,31.0009691595209],[75.84458224366998,31.000156860018084],[75.84448134003732,31.001584201749417],[75.82786353395406,31.000154854992342],[75.82014618549212,31.000476960750863],[75.81998636419799,30.998593121001157],[75.81747427593382,30.996344425374954],[75.81363152849484,30.9962544654341],[75.79860064914111,30.994206632734482],[75.79257138254427,30.99408882882969],[75.78839064494147,30.9950192529903],[75.78604428409177,30.996847115854273],[75.78172949391399,30.997861651741932],[75.77698971641112,31.001134435279617],[75.77753961384167,31.00322765579589],[75.77134945673563,31.003083900355467],[75.77253546995273,31.006923679961194],[75.77119394909525,31.007187354187927],[75.77036174577094,31.009507702935448],[75.76230809926089,31.00912475663872],[75.76394482819994,31.01311088708967],[75.74328165673434,31.012389461985688],[75.73540120384554,31.008990506781554],[75.73566616611411,31.005378811859188],[75.72165811462138,31.00452710594334],[75.71525156540022,31.0044224714933],[75.7164305094948,31.000157124720214],[75.70626605814881,30.999524323843996],[75.70173785247997,30.99845197698002],[75.70354539983673,30.99563113495191],[75.69917015305177,30.99499388075235],[75.68874010522906,30.994579014108307],[75.68781905787938,30.992022743970836],[75.68304835269255,30.99150212481383],[75.68101700636595,30.991968652036707],[75.67694366628777,30.99148673071208],[75.67379810569115,30.987532565276027],[75.66798396956887,30.984916133209122],[75.65722497537942,30.98184482839075],[75.6512292584017,30.980411893003176],[75.64175612141571,30.979778062882218],[75.64253685791081,30.977131840491705],[75.63351792849487,30.97712565300996],[75.62365255371552,30.97614292757581],[75.61824582086378,30.976229198676574],[75.6100706541963,30.975105479267153],[75.60624185417336,30.96952903462962],[75.60308576570019,30.969481954873476],[75.59432634724473,30.96862081317781],[75.59337519063247,30.97096715956185],[75.5849867861398,30.97026748889117],[75.5756254578646,30.977578250875318],[75.55767089739709,30.976908047807402],[75.54299309920596,30.975940862427073],[75.54304100762837,30.96821587162372],[75.53729815191316,30.967668941495287],[75.53332144389925,30.97122497449978],[75.52868386634778,30.97319841585099],[75.51918873009961,30.975805978052247],[75.5146867521404,30.976262008212018],[75.51055660925589,30.975316411967167],[75.5063832664577,30.97637572849599],[75.50615128798086,30.973137479150118],[75.50094399358242,30.972414418532146],[75.49769024364122,30.968433896226948],[75.49602969853098,30.967768293169655],[75.49259755210463,30.968292214455104],[75.48847687716517,30.971011374030116],[75.48509783025949,30.969750383498052],[75.48206442154546,30.967928215018677],[75.47916519348303,30.972894018932877],[75.47591654112688,30.976643770173162],[75.47657182240206,30.97892496497167],[75.47483564568213,30.97874848603667],[75.47394844687234,30.98092477494166],[75.47228123839005,30.978923843351513],[75.471086624198,30.97942339136699],[75.46919855186313,30.97825648049121],[75.46910132516017,30.976624909699193],[75.46569713871068,30.976104519181344],[75.46439921500411,30.976800589795367],[75.46439209996701,30.97472359106801],[75.46232201808103,30.974764590104055],[75.46249127179308,30.9762481281847],[75.45928570716744,30.975748103592583],[75.45895357187227,30.97971312401028],[75.45648666393352,30.982479548680523],[75.45408298480879,30.98309072266732],[75.44884870906529,30.983093946229157],[75.44678628289648,30.982496050693953],[75.44549699633096,30.9807698097995],[75.44352072322484,30.980887674938444],[75.44089435728445,30.98247343406442],[75.4367019560894,30.98020862208877],[75.43496332191546,30.98149976424385],[75.43169286711439,30.98077544410179],[75.42783555327684,30.981798873273217],[75.42465113082461,30.983401334599513],[75.42040276205296,30.986210802990907],[75.41935614135576,30.98544518334121],[75.41694374304734,30.98601244624876],[75.41192762510934,30.982801389584694],[75.40889430181687,30.978870602334183],[75.40487516591726,30.980821280180454],[75.40472909896116,30.985067464181835],[75.40367098014711,30.98615402637938],[75.40346265769165,30.98989897862095],[75.40185701534713,30.99283642346656],[75.39912697947682,30.99606554125537],[75.3952248713191,30.995882360931216],[75.38871038170839,30.99305827177236],[75.38377157047972,30.989203518681084],[75.37567740038541,30.99448726569214],[75.37478755833257,30.99842102596539],[75.37171142208705,30.998091846853423],[75.37021202625431,30.995181491878732],[75.3685484898644,30.99333257539622],[75.36725524059524,30.990719866881328],[75.35677823291658,30.99331560808598],[75.3562191995249,30.99819909924229],[75.35839728050956,30.99964048415061],[75.3563176797925,31.00134144554438],[75.35342710627864,30.998053306629043],[75.35195997548132,30.999281690544255],[75.35212615264865,30.997815682405193],[75.3478212958163,30.996903204634418],[75.3417011650387,30.987880818648627],[75.33948482769671,30.989561695259077],[75.33736513386417,30.993976792631397],[75.33623027214878,30.998322802139555],[75.33267909983104,30.999981925693124],[75.33148439233821,31.00324884692684],[75.32823193577538,31.0036264597723],[75.32779146946109,31.00986301646234],[75.32188621225355,31.0071078719426],[75.31509137624492,31.008181158680813],[75.30983995859046,31.009317139733067],[75.30882097620822,31.014516306106824],[75.29494318907497,31.014915713984266],[75.29482391612886,31.019064368616778],[75.29391824097651,31.0257849297143],[75.29103442763693,31.03565868509448],[75.28673498416424,31.037348524016707],[75.28160790579703,31.042106009388917],[75.27995348233632,31.041835666061864],[75.2736325926782,31.03844678020443],[75.2708570655964,31.0380784179487],[75.26836864505239,31.039916989468157],[75.26791841179057,31.043647652878917],[75.2651515161624,31.04377330008025],[75.25799947826808,31.043151915891578],[75.25556518898848,31.044398975647553],[75.25378180410324,31.044378335554484],[75.25603899694403,31.041228100035745],[75.25789000551543,31.040073181334726],[75.25911860430847,31.037758413763363],[75.25762881120873,31.03525862893727],[75.25783878581596,31.033878749811308],[75.25576681078992,31.030025291606453],[75.25386265149467,31.03219982571288],[75.25243798685477,31.03276252976908],[75.23971909504208,31.032625442185495],[75.23904791006817,31.031650277997986],[75.23414189363369,31.034408638857883],[75.23200404179549,31.037606584900917],[75.22766303314086,31.03647708736047],[75.22412374731861,31.034638115891763],[75.22400777883081,31.032247577927016],[75.22498136515823,31.029727357766753],[75.22153084468724,31.029482870121903],[75.21559683310528,31.032206283004317],[75.2112385265998,31.029110804613232],[75.21012026524004,31.029457054468978],[75.20923518815495,31.02646926877376],[75.20715177356138,31.025970156042366],[75.20639882980275,31.02816467005775],[75.20516571684902,31.027729147282887],[75.20363136765329,31.025096665573358],[75.20504680280986,31.021100923027536],[75.20401191099583,31.020179690027618],[75.20171777475596,31.024409060203418],[75.2013262256706,31.02614927547775],[75.20257254703064,31.026370835010493],[75.20240691378656,31.028086998367336],[75.20568576905634,31.03131261121403],[75.20893625550816,31.03924688009677],[75.2099950598509,31.04026526761022],[75.21000501584533,31.04614754655494],[75.20691068524557,31.048637460677185],[75.20681394817892,31.054173778758923],[75.20220485958977,31.054706086846195],[75.20119156518876,31.053437134592436],[75.19603834778685,31.053841453881855],[75.19414592044339,31.05493241469383],[75.19016351312763,31.056057720925143],[75.18508825166141,31.05555665602856],[75.18207404454978,31.05421600049037],[75.1792823662241,31.054285813717442],[75.17732122960885,31.053122877107086],[75.17432502792165,31.059317056848005],[75.17347083808299,31.06237013455155],[75.17849243981394,31.070965457965563],[75.18340978582381,31.077742905008634],[75.17845713933542,31.08146866795541],[75.1731029024482,31.08060921546268],[75.17250851671068,31.08310176878867],[75.16773043294722,31.083094197240097],[75.16319258171144,31.082622092992523],[75.16339113467008,31.088055788821464],[75.1624499249449,31.08951246079309],[75.15776690954351,31.086236434819302],[75.15491786136316,31.086287468389685],[75.15313475943715,31.083779797072093],[75.14818542165233,31.08405724642642],[75.1458072993374,31.085744202186643],[75.1480023920705,31.088708518990007],[75.15013437805659,31.094936872805622],[75.14888088260275,31.09636847537931],[75.1500284917054,31.09782824333332],[75.13616628536491,31.104784586637216],[75.13596447248081,31.10549200761462],[75.13841800984642,31.108433616014306],[75.13629975045225,31.11103538463967],[75.13447292888995,31.1122133085453],[75.1338095464921,31.111145582332963],[75.13094888318649,31.113103727517487],[75.13186050207656,31.116398435267545],[75.1283886801417,31.116846193491558],[75.12617604163444,31.120991035999722],[75.11579673531499,31.124901986028256],[75.11347623708004,31.127037194661504],[75.10895288005436,31.129404731511357],[75.10648966878817,31.12920671060781],[75.1026185042525,31.12559655938307],[75.09765492587302,31.126357510424647],[75.09192232243139,31.130059984052437],[75.08730902122366,31.132435458669804],[75.07704597694755,31.134309854990132],[75.07614702543601,31.135447832623697],[75.07772944869622,31.138614358906405],[75.07962478445218,31.140410818518703],[75.08238661154125,31.145497723554865],[75.08344046189121,31.146730025851536],[75.08333461726373,31.148543710716073],[75.08187291405162,31.15107952836114],[75.0836512246285,31.1522079136439],[75.08881048022684,31.153073575970836],[75.09233204182644,31.151451150641403],[75.09650954070113,31.151068048559637],[75.09830019795417,31.15030156845725],[75.10266873183242,31.150098149900632],[75.10552669990653,31.150774972398914],[75.10672818981371,31.153597851791304],[75.1084137349095,31.15403328901342],[75.10961044461942,31.15556144583148],[75.11478441689279,31.15576626405218],[75.1172495543604,31.158314996069382],[75.11860553130752,31.1613509981411],[75.1202316527828,31.163351056354035],[75.12234558913457,31.167302858240557],[75.1240585736671,31.168823807239],[75.13080186924905,31.17116785153809],[75.13380546341132,31.169956570788443],[75.1414272010494,31.17039108114922],[75.14247035435312,31.1678308112427],[75.14508784997669,31.166565412856514],[75.14835267601191,31.167026782097338],[75.15327193362516,31.1664068926792],[75.1548614445422,31.167940296248876],[75.15810139106446,31.168286695951533],[75.16156865898655,31.16588812318201],[75.16884579194895,31.163543963300814],[75.17722889502248,31.16400712205586],[75.18178829125179,31.165566997170448],[75.18438227275016,31.16515622381176],[75.18540780781775,31.168236772315442],[75.18955075899454,31.177175709471932],[75.19114327994293,31.17730606868129],[75.19231038819332,31.17871673576669],[75.19798610539333,31.182215578367252],[75.20296544107595,31.184755368140582],[75.20514138686619,31.184987847267664],[75.2114774874082,31.184551387580594],[75.21489309594018,31.183244082250592],[75.21827344388137,31.181115729253126],[75.2224076619415,31.176898507760757],[75.22532702488658,31.172980085465177],[75.22604147436643,31.1709202155901],[75.22969085150673,31.165697790245734],[75.22681264801096,31.157936540736916],[75.22829928201644,31.15698087076477],[75.22824603407226,31.155411482541446],[75.23033128052556,31.152591554521656],[75.23659153700767,31.152680114643847],[75.23829397231337,31.153717389013973],[75.25050092273145,31.154221532870736],[75.25509870703921,31.15384822143979],[75.25775185804898,31.152963404908643],[75.26249774938472,31.1500285773955],[75.26366380167673,31.150815670660315],[75.26988207226614,31.148159998323948],[75.27238189918931,31.154582581724434],[75.27491890871305,31.156917806586993],[75.27465611962502,31.15890783165932],[75.27124442132423,31.16058933238219],[75.27200645606274,31.16243751357069],[75.2705981181378,31.16327499238151],[75.27251843215325,31.164195700160082],[75.27535434239738,31.167854855437675],[75.27362879592079,31.169118856942447],[75.274613888316,31.171684811719157],[75.27374142409846,31.17446881895835],[75.27076108105159,31.173958368930535],[75.2724363309898,31.180695912168897],[75.2743170815864,31.18229864170474],[75.27372846158907,31.183447809134204],[75.27676075069337,31.18722781826669],[75.2855053007585,31.185085659802454],[75.29097877356223,31.191665025005754],[75.29497641976496,31.191554265055125],[75.29585530736233,31.193834969850705],[75.29704629368753,31.193926173019488],[75.30135706615283,31.206471504789523],[75.30546353392977,31.206732032874164],[75.30568604253975,31.208261153823933],[75.30971133433192,31.207773636020022],[75.3154588585087,31.207766740111317],[75.32054202170511,31.207168758631987],[75.32132349770994,31.210114748959985],[75.32493040297514,31.214588728495716],[75.32548204277401,31.214219746110956],[75.32771893680872,31.216292937906097],[75.3293587262696,31.214893065571594],[75.33786046834221,31.221469565294562],[75.33748222479741,31.222767401878087],[75.33913621674493,31.225660487540935],[75.34061495993379,31.225662255497653],[75.34477292969828,31.2319613252818],[75.35272559804845,31.22994180860673],[75.35542104999675,31.229003379209704],[75.35493833566137,31.22843536547864],[75.35963209021426,31.227242757523275],[75.3600648598746,31.2259193323567],[75.36388407194207,31.226003593127434],[75.3655228003515,31.22705260731826],[75.36187585502368,31.235851735019942],[75.36551522748545,31.236711802575634],[75.36553753858695,31.237643050003125],[75.36867527842665,31.239948082726084],[75.37278868572184,31.235438913788656],[75.37657246294974,31.23078180227016],[75.38045585128468,31.232563174496608],[75.38189014366625,31.232279121087387],[75.38435141402509,31.237551229163522],[75.3842067544181,31.23956402012883],[75.38935073912191,31.24229082743085],[75.38943129644582,31.244455790008193],[75.39440508225438,31.24522264710436],[75.40023350055644,31.247590169983724],[75.40624967945499,31.24488706191698],[75.41186270141807,31.246849333764455],[75.41791365618215,31.249778269391044],[75.42029230564886,31.247134401239993],[75.4224505128281,31.24558782576468],[75.42254637414568,31.242890869348752],[75.42000888575218,31.241857688070887],[75.41921897480353,31.239734571376353],[75.42150653332494,31.237371351368243],[75.42433406893487,31.235301336066076],[75.42306649016277,31.229452857258938],[75.42892993699363,31.22884815755759],[75.43049848810888,31.229504274693348],[75.43358676188149,31.229243996083888],[75.43400809348483,31.232832554478374],[75.4355030802826,31.238344602403373],[75.43755530055249,31.240532709254012],[75.44386358055193,31.241091089636083],[75.44953582590023,31.238686151692885],[75.45170143433891,31.23836052552031],[75.45079415438065,31.23700283099856],[75.45437222032204,31.23570159318408],[75.46056536638856,31.23555638438597],[75.46128611873891,31.236176563735153],[75.46143220013512,31.239888011975367],[75.46075512668469,31.240973321518425],[75.46180787537465,31.243746937292283],[75.46592065258298,31.24829051965722],[75.46744909693228,31.247948511170076],[75.4719833331399,31.251016069800002],[75.47213047021182,31.25379324441157],[75.47135446312687,31.255288164401907],[75.4678552797211,31.257450499095185],[75.46752289974026,31.262471862111276],[75.46475011180974,31.27553806604692],[75.46289501298024,31.279962471556598],[75.45981133152715,31.279927721564718],[75.45253014680455,31.282058168967993],[75.45308219171915,31.285667196523598],[75.44832316692076,31.287792299029558],[75.44653305178339,31.28635711640092],[75.44356907817289,31.28710671517971],[75.43756003705862,31.289473349885668],[75.43655003348907,31.292952020553404],[75.43804737037556,31.296752415522633],[75.44287190534081,31.30428917596058],[75.44277493448686,31.30668270386469],[75.4391516363735,31.310747831231765],[75.43822567105877,31.31424839513665],[75.43603753105178,31.316967850540983],[75.43414411115951,31.317883039927608],[75.43564435067462,31.320044122093147],[75.43751411195153,31.319740169675043],[75.43982079867024,31.321794291724757],[75.44333407138068,31.322094834349777],[75.44621294899433,31.322973896411728],[75.44821267872112,31.324813739390876],[75.45354844719515,31.32465218821493],[75.45530358607797,31.325172653628627],[75.4611209801095,31.32483377437784],[75.46145772125595,31.325488010426703],[75.46452053381981,31.324703795782465],[75.46847980444248,31.324849000968133],[75.47120434897062,31.328726115255808],[75.47401338876156,31.334571251124398],[75.47512908301078,31.338542610137498],[75.47807756044371,31.345384449860962],[75.47910531916402,31.350076937031076],[75.48110063796683,31.352009268303593],[75.4786276857526,31.353460982198193],[75.48007130037851,31.359541917327846],[75.48216195698483,31.364400851853897],[75.47967837897062,31.365320265285437],[75.48036730166193,31.366349101565465],[75.47744796286723,31.3677391171082],[75.47513897276991,31.36622017203031],[75.47285520227776,31.36370073358056],[75.47138947479667,31.363940363337072],[75.46900460971102,31.361943352244072],[75.46565303427468,31.362522156118022],[75.46121373075938,31.360955505938758],[75.45776740739556,31.36313837374312],[75.45845117505463,31.3645702687186],[75.4566942839538,31.36833078595958],[75.45573892418224,31.37207716208159],[75.45710452287045,31.37439813188139],[75.45916789122636,31.373275058234608],[75.46147750054472,31.3735489750968],[75.46338263381583,31.374678951575227],[75.46686509505729,31.374150309995272],[75.46700638642295,31.372704623007262],[75.46555456341292,31.371873290834383],[75.46713408393094,31.371228193583306],[75.46804715398758,31.37210033840536],[75.47225235864032,31.372007460135297],[75.4744490333686,31.37375950697222],[75.47742672463802,31.37212087808281],[75.47972979488812,31.37230008750498],[75.48082993477004,31.376177974901495],[75.48730153301555,31.375081780412934],[75.4883071867989,31.379139074691537],[75.48858921160132,31.383092793663536],[75.49096613465963,31.38478139580064],[75.49045831434069,31.385942197344225],[75.48600055934207,31.386771575386927],[75.48314061807724,31.388169224518816],[75.48354830433671,31.38891587062052],[75.47898159041935,31.392326478476832],[75.47265776021646,31.395650105398047],[75.47008560229041,31.395700137420473],[75.46947961244076,31.389388094631514],[75.46674549606908,31.385379218203802],[75.46384038790436,31.383878585737367],[75.46060473359333,31.38361288289749],[75.460462435147,31.381319074397265],[75.45495631455591,31.38220544423124],[75.44810777878732,31.382811866229453],[75.44396301223557,31.38214868051643],[75.43872420779911,31.382656083904465],[75.4392636239834,31.383968505894337],[75.43654397728224,31.385018405781587],[75.43723733922032,31.38909768014112],[75.43641484914596,31.391566262634154],[75.43350907075246,31.393524618112455],[75.43707521937606,31.395853008117854],[75.4387436366931,31.397647299752894],[75.44057337720972,31.40264686589664],[75.44196602690955,31.405333475071888],[75.43665698671772,31.40810977725076],[75.43423904975697,31.409951596307092],[75.43677460179912,31.410514645151213],[75.43169100847652,31.414171411861485],[75.43406591729527,31.417460778450327],[75.43692072586812,31.425823193102964],[75.43788364017843,31.425904808320304],[75.44049328219519,31.429314515002083],[75.4423908132576,31.432566252589815],[75.4464929056176,31.429560357018282],[75.45074308727467,31.427114189109513],[75.4539340208493,31.431025564697045],[75.45153181643092,31.43236427979849],[75.44628584608432,31.436366980759548],[75.44509935510321,31.440193376386222],[75.44755230570077,31.44145346783645],[75.4502826144734,31.44407031806927],[75.45569124505322,31.438993705961597],[75.45791924313458,31.43743471948707],[75.45924086871177,31.440161285102068],[75.46468091444841,31.439019835124373],[75.46612984790819,31.444273272542798],[75.466386000613,31.44689302194286],[75.46574073557412,31.4483794489554],[75.4613637138254,31.453577556408856],[75.45977251409404,31.454368901234076],[75.45629109010099,31.457442084372147],[75.4561559231974,31.460216965087188],[75.45464128052579,31.464971415369998],[75.45228762391443,31.46968502322947],[75.45538229928867,31.47088708697778],[75.4580608076217,31.470340949630664],[75.45848802826413,31.4714097370336],[75.45686095383198,31.47309070383492],[75.45352708297943,31.47165267201123],[75.45211158220286,31.472210768226624],[75.4483693828912,31.47065998434217],[75.44472985427713,31.473176921761283],[75.44394863174388,31.48021598389866],[75.44254815815324,31.48302228736221],[75.44003864627126,31.48472566539308],[75.4405999915063,31.485655972506393],[75.43993311955818,31.489419215661943],[75.44166691632836,31.493286424235702],[75.44132291545897,31.494778745302597],[75.44296725716715,31.494099480338118],[75.44665026798928,31.495969953444014],[75.44860168454858,31.49352885403412],[75.44905827668232,31.495547371702354],[75.45238092077793,31.497522450081963],[75.45496524725722,31.49645056042852],[75.45746186664928,31.496310423305726],[75.45877052799253,31.49859319083427],[75.46613964171215,31.49616869596726],[75.46870122671609,31.497793467969977],[75.47419857811857,31.49641869819038],[75.4739613398869,31.493077836468398],[75.47703649918306,31.488413743303234],[75.48014285271343,31.48448171548427],[75.48897902695239,31.484339021355886],[75.48909697139176,31.48107484280608],[75.49133397044154,31.479899141746486],[75.49119831127615,31.474954072344868],[75.48933693915203,31.474982527633458],[75.49025656341631,31.47082100261416],[75.49454599743412,31.47107099285994],[75.49885543848272,31.469061183050943],[75.505904529015,31.464401616138503],[75.50975402804009,31.462711776293936],[75.51295847401124,31.459406048687384],[75.5140774020039,31.461812958920344],[75.51698621623376,31.465008237570988],[75.51603981770064,31.467045887319983],[75.51202726658731,31.469454205795873],[75.51093383671623,31.471451008020832],[75.50872089775723,31.47786236683056],[75.5085041221632,31.480020246277107],[75.51221275399918,31.480983234235133],[75.5112871330149,31.482951246888398],[75.51506323999782,31.484759848124728],[75.51506610957226,31.487959298084323],[75.51622438928007,31.490265145681704],[75.51869145545953,31.489967300453227],[75.51850885339019,31.492952451856244],[75.51934263306165,31.495198939517618],[75.51955258886208,31.499828531173783],[75.51830487226583,31.503469245218152],[75.51374324091918,31.504519180556038],[75.51563818501123,31.509101361812217],[75.51787275701838,31.512187436206894],[75.51551983796176,31.512671677574556],[75.51440147774314,31.51439038404697],[75.51193352727054,31.515437132792226],[75.51321334815498,31.51828688630501],[75.51803300489276,31.518619003761554],[75.52428188108593,31.520116757099224],[75.52634482500316,31.521330222891088],[75.52713454060809,31.519940564432115],[75.52605308267297,31.518869619450363],[75.52874028067622,31.51738614042165],[75.53125803264389,31.517323767520658],[75.53101375593103,31.512503481680675],[75.53427059577669,31.51239746526584],[75.53913959391792,31.516137017533723],[75.53886760129483,31.523813126377146],[75.54012694549067,31.524555084323648],[75.53940986196122,31.526646224594607],[75.54046626468407,31.52832988030311],[75.53338062953101,31.53306563987397],[75.53113844557326,31.53716099935703],[75.52915452572721,31.53712415114714],[75.52234084051287,31.539074870487028],[75.52464010570797,31.543723889924014],[75.5268814456637,31.543024742928708],[75.52860808043238,31.544205429608184],[75.52933669914505,31.545946670416633],[75.53588445506612,31.54524929516232],[75.54040965307816,31.54540361268264],[75.5404096544185,31.5447746284376],[75.54528902267833,31.542264864399954],[75.54742939579221,31.54241380127095],[75.54943326063754,31.540170798772493],[75.55102482252127,31.5368839179309],[75.5532867894836,31.53434920614465],[75.55757909367706,31.53560945076784],[75.56638768023565,31.535704387912524],[75.56902597009999,31.53637934694858],[75.57047026555448,31.538574711422797],[75.57537505794497,31.54171500599063],[75.5770215559038,31.54229050487186],[75.57266922168786,31.547620804953652],[75.57584348825121,31.554143928296224],[75.57632504814092,31.558963515966123],[75.57784898522132,31.560035363124406],[75.57927268881406,31.562599332909524],[75.58146998796816,31.561487875598623],[75.58707628332287,31.56048489477881],[75.59094216255319,31.55713433712998],[75.5959312971524,31.555167292110802],[75.59927059315358,31.55787846347216],[75.60091791290472,31.561737246755964],[75.60225924455263,31.563311976717557],[75.5969721031683,31.56745279954551],[75.59276263095227,31.574172191885808],[75.59175292309641,31.57666175405806],[75.59338310048548,31.57914494574152],[75.59358248686254,31.582591451606874],[75.59419009287147,31.58262973722457],[75.59512579518346,31.58615398508048],[75.59746195674865,31.58714105913779],[75.59888232755274,31.584822271083514],[75.60060438636818,31.58358574028126],[75.60305998627963,31.58423764135205],[75.60036189517666,31.587789740555152],[75.60146142408145,31.58852095297399],[75.60126203892494,31.592246425089627],[75.5987017560577,31.5965702325511],[75.59381679316469,31.603053476382595],[75.59785780857743,31.60662662496006],[75.59778531752855,31.609735336411493],[75.599685985748,31.610557157698256],[75.60391381567136,31.61135229735509],[75.60994784210303,31.610149123661024],[75.61120425077503,31.608026088712474],[75.6129045240562,31.60718212318013],[75.61708180800733,31.606558801895716],[75.61714646555015,31.605751131575932],[75.62032422968024,31.604088828265496],[75.62156459082694,31.60553285943029],[75.62380272468442,31.603660526917178],[75.62806573200282,31.604933494555766],[75.62999725937964,31.607154691934614],[75.63176104550932,31.611770496031045],[75.63286227452215,31.612351255778968],[75.63535092047927,31.610973072302027],[75.63911050188769,31.610454949047462],[75.63907575314272,31.613732387229497],[75.63795700773929,31.614803256985837],[75.63894918077754,31.61813087356234],[75.64051234296304,31.617998155450586],[75.64077760424692,31.616626453983372],[75.64267461709994,31.61665132290545],[75.64489891205001,31.615254555338286],[75.64495238387013,31.614235055148576],[75.6469293725283,31.613786833647968],[75.64738877936925,31.611317158297233],[75.64996623563184,31.611019619350184],[75.6500696917282,31.607279671868497],[75.65361530988022,31.606763833537773],[75.65788895735388,31.605441089169656],[75.66123688333352,31.605152813052232],[75.66314379201205,31.60637917598324],[75.66860703959235,31.608225084155624],[75.66959977107572,31.606407748458683],[75.67137149541597,31.605961583762774],[75.672496542226,31.60310155020905],[75.67221590426122,31.60030513547288],[75.67105395530169,31.599929368999607],[75.67174089823851,31.596499858517237],[75.67308101861538,31.595309691561237],[75.67674243303674,31.59355463429781],[75.68143003333627,31.592102211050946],[75.68171356608703,31.590252547308634],[75.68069511357164,31.589605989857052],[75.68218527765964,31.582939006096748],[75.67988272347469,31.579573333528323],[75.68062166711273,31.57845094625029],[75.68154673042095,31.574356849042246],[75.68444193236871,31.571508804642846],[75.68897862271976,31.569923667867887],[75.68840865225182,31.56676990757201],[75.69010490641986,31.56669520611458],[75.69241269717561,31.55959657966544],[75.69401432170051,31.558033354782552],[75.69531043557973,31.554266475075362],[75.70355381563688,31.55583555691512],[75.70512034955348,31.546731370402874],[75.705596684615,31.5418886910719],[75.6993362833467,31.539521656421915],[75.7017665731006,31.533525373998923],[75.7011701647909,31.53280426531233],[75.7026295029004,31.52912046756585],[75.7075909797105,31.529981189170563],[75.71259011384946,31.52917378454744],[75.71283439215757,31.527410549895663],[75.71542102945908,31.52508804716444],[75.71673346261238,31.52026026264645],[75.72307346603829,31.52205626403333],[75.7269337841709,31.516020292996476],[75.73033122210427,31.51621291842606],[75.73329896778053,31.517111581736287],[75.73428794498713,31.51338730061786],[75.73352757967962,31.512414603213756],[75.73459763510317,31.50570369529318],[75.73349104782908,31.504620238856113],[75.7380365552588,31.502734964691314],[75.73680088603682,31.49943000537189],[75.73434377028953,31.499404882648868],[75.73604112508987,31.494923493074943],[75.73843225230601,31.49543185702892],[75.74389923182218,31.490476168317013],[75.74396812652171,31.487087856086312],[75.74633114265188,31.486511294916998],[75.74756232062613,31.485031511610224],[75.75286661395603,31.48520814809843],[75.75449606288605,31.480041559595993],[75.75597132926698,31.481091455728357],[75.75795568086762,31.47713440961078],[75.75933971000153,31.47573428316148],[75.76450288341285,31.477039756587573],[75.76514817215575,31.47558253127977],[75.7674179537703,31.474936877997674],[75.76949535377823,31.47224096583783],[75.77218687295695,31.471428047507224],[75.77857833575835,31.47163520157076],[75.77996051204651,31.469171961657935],[75.78103266125902,31.464816020922058],[75.78216696669928,31.462338326725746],[75.78586024244386,31.462867698910376],[75.78755473820229,31.459944909070398],[75.78351922570977,31.45759299392062],[75.78674795890898,31.452010686225364],[75.78978884175588,31.4487795919202],[75.79527614588764,31.450263252720976],[75.79667076315397,31.453786463903064],[75.79947365104822,31.453797572218807],[75.804599118822,31.437407671200564],[75.80567183319268,31.43526742128903],[75.80949012603718,31.435568961156473],[75.81187708046261,31.434198658533674],[75.81361283974702,31.4307806538067],[75.8155655390935,31.431035356917235],[75.81655677630368,31.42602228092405],[75.81507539816923,31.422216506471166],[75.81227457789488,31.420786693722203],[75.81613840198357,31.412671727084323],[75.81766356605146,31.412848219173505],[75.81945082972128,31.40590630188727],[75.82044064919062,31.40462900669673],[75.80971062028425,31.400713270317723],[75.80559177712355,31.398967110625627],[75.80672446098458,31.396009334943656],[75.8053680104797,31.395971953872383],[75.80619303500235,31.39263749118102],[75.80357311950306,31.38880612143004],[75.79956680871393,31.38695759380129],[75.79171616237724,31.38453608627317],[75.78606901364631,31.382303056165107],[75.78107558512725,31.38226009586125],[75.78193537093077,31.37911244652311],[75.7839428939545,31.37460011925711],[75.78602001580775,31.3688119375636],[75.78758469457156,31.36863670014375]]],[[[75.19533214529854,31.034970137914243],[75.19244491032978,31.04345652773845],[75.19010149447834,31.04675263964944],[75.19221257931629,31.047391508554362],[75.19371982682674,31.048775907379746],[75.19592539088293,31.046586329465743],[75.19630537943304,31.039993599816604],[75.19533214529854,31.034970137914243]]]]}},{"type":"Feature","properties":{"id":"03-487","name":"Kapurthala","source_name":"Kapurthala","state_id":"03","source_agency":"Survey of India (SOI)","district_code":"035"},"geometry":{"type":"MultiPolygon","coordinates":[[[[75.59381679316469,31.603053476382595],[75.5987017560577,31.5965702325511],[75.60126203892494,31.592246425089627],[75.60146142408145,31.58852095297399],[75.60036189517666,31.587789740555152],[75.60305998627963,31.58423764135205],[75.60060438636818,31.58358574028126],[75.59888232755274,31.584822271083514],[75.59746195674865,31.58714105913779],[75.59512579518346,31.58615398508048],[75.59419009287147,31.58262973722457],[75.59358248686254,31.582591451606874],[75.59338310048548,31.57914494574152],[75.59175292309641,31.57666175405806],[75.59276263095227,31.574172191885808],[75.5969721031683,31.56745279954551],[75.60225924455263,31.563311976717557],[75.60091791290472,31.561737246755964],[75.59927059315358,31.55787846347216],[75.5959312971524,31.555167292110802],[75.59094216255319,31.55713433712998],[75.58707628332287,31.56048489477881],[75.58146998796816,31.561487875598623],[75.57927268881406,31.562599332909524],[75.57784898522132,31.560035363124406],[75.57632504814092,31.558963515966123],[75.57584348825121,31.554143928296224],[75.57266922168786,31.547620804953652],[75.5770215559038,31.54229050487186],[75.57537505794497,31.54171500599063],[75.57047026555448,31.538574711422797],[75.56902597009999,31.53637934694858],[75.56638768023565,31.535704387912524],[75.55757909367706,31.53560945076784],[75.5532867894836,31.53434920614465],[75.55102482252127,31.5368839179309],[75.54943326063754,31.540170798772493],[75.54742939579221,31.54241380127095],[75.54528902267833,31.542264864399954],[75.5404096544185,31.5447746284376],[75.54040965307816,31.54540361268264],[75.53588445506612,31.54524929516232],[75.52933669914505,31.545946670416633],[75.52860808043238,31.544205429608184],[75.5268814456637,31.543024742928708],[75.52464010570797,31.543723889924014],[75.52234084051287,31.539074870487028],[75.52915452572721,31.53712415114714],[75.53113844557326,31.53716099935703],[75.53338062953101,31.53306563987397],[75.54046626468407,31.52832988030311],[75.53940986196122,31.526646224594607],[75.54012694549067,31.524555084323648],[75.53886760129483,31.523813126377146],[75.53913959391792,31.516137017533723],[75.53427059577669,31.51239746526584],[75.53101375593103,31.512503481680675],[75.53125803264389,31.517323767520658],[75.52874028067622,31.51738614042165],[75.52605308267297,31.518869619450363],[75.52713454060809,31.519940564432115],[75.52634482500316,31.521330222891088],[75.52428188108593,31.520116757099224],[75.51803300489276,31.518619003761554],[75.51321334815498,31.51828688630501],[75.51193352727054,31.515437132792226],[75.51440147774314,31.51439038404697],[75.51551983796176,31.512671677574556],[75.51787275701838,31.512187436206894],[75.51563818501123,31.509101361812217],[75.51374324091918,31.504519180556038],[75.51830487226583,31.503469245218152],[75.51955258886208,31.499828531173783],[75.51934263306165,31.495198939517618],[75.51850885339019,31.492952451856244],[75.51869145545953,31.489967300453227],[75.51622438928007,31.490265145681704],[75.51506610957226,31.487959298084323],[75.51506323999782,31.484759848124728],[75.5112871330149,31.482951246888398],[75.51221275399918,31.480983234235133],[75.5085041221632,31.480020246277107],[75.50872089775723,31.47786236683056],[75.51093383671623,31.471451008020832],[75.51202726658731,31.469454205795873],[75.51603981770064,31.467045887319983],[75.51698621623376,31.465008237570988],[75.5140774020039,31.461812958920344],[75.51295847401124,31.459406048687384],[75.50975402804009,31.462711776293936],[75.505904529015,31.464401616138503],[75.49885543848272,31.469061183050943],[75.49454599743412,31.47107099285994],[75.49025656341631,31.47082100261416],[75.48933693915203,31.474982527633458],[75.49119831127615,31.474954072344868],[75.49133397044154,31.479899141746486],[75.48909697139176,31.48107484280608],[75.48897902695239,31.484339021355886],[75.48014285271343,31.48448171548427],[75.47703649918306,31.488413743303234],[75.4739613398869,31.493077836468398],[75.47419857811857,31.49641869819038],[75.46870122671609,31.497793467969977],[75.46613964171215,31.49616869596726],[75.45877052799253,31.49859319083427],[75.45746186664928,31.496310423305726],[75.45496524725722,31.49645056042852],[75.45238092077793,31.497522450081963],[75.44905827668232,31.495547371702354],[75.44860168454858,31.49352885403412],[75.44665026798928,31.495969953444014],[75.44296725716715,31.494099480338118],[75.44132291545897,31.494778745302597],[75.44166691632836,31.493286424235702],[75.43993311955818,31.489419215661943],[75.4405999915063,31.485655972506393],[75.44003864627126,31.48472566539308],[75.44254815815324,31.48302228736221],[75.44394863174388,31.48021598389866],[75.44472985427713,31.473176921761283],[75.4483693828912,31.47065998434217],[75.45211158220286,31.472210768226624],[75.45352708297943,31.47165267201123],[75.45686095383198,31.47309070383492],[75.45848802826413,31.4714097370336],[75.4580608076217,31.470340949630664],[75.45538229928867,31.47088708697778],[75.45228762391443,31.46968502322947],[75.45464128052579,31.464971415369998],[75.4561559231974,31.460216965087188],[75.45629109010099,31.457442084372147],[75.45977251409404,31.454368901234076],[75.4613637138254,31.453577556408856],[75.46574073557412,31.4483794489554],[75.466386000613,31.44689302194286],[75.46612984790819,31.444273272542798],[75.46468091444841,31.439019835124373],[75.45924086871177,31.440161285102068],[75.45791924313458,31.43743471948707],[75.45569124505322,31.438993705961597],[75.4502826144734,31.44407031806927],[75.44755230570077,31.44145346783645],[75.44509935510321,31.440193376386222],[75.44628584608432,31.436366980759548],[75.45153181643092,31.43236427979849],[75.4539340208493,31.431025564697045],[75.45074308727467,31.427114189109513],[75.4464929056176,31.429560357018282],[75.4423908132576,31.432566252589815],[75.44049328219519,31.429314515002083],[75.43788364017843,31.425904808320304],[75.43692072586812,31.425823193102964],[75.43406591729527,31.417460778450327],[75.43169100847652,31.414171411861485],[75.43677460179912,31.410514645151213],[75.43423904975697,31.409951596307092],[75.43665698671772,31.40810977725076],[75.44196602690955,31.405333475071888],[75.44057337720972,31.40264686589664],[75.4387436366931,31.397647299752894],[75.43707521937606,31.395853008117854],[75.43350907075246,31.393524618112455],[75.43641484914596,31.391566262634154],[75.43723733922032,31.38909768014112],[75.43654397728224,31.385018405781587],[75.4392636239834,31.383968505894337],[75.43872420779911,31.382656083904465],[75.44396301223557,31.38214868051643],[75.44810777878732,31.382811866229453],[75.45495631455591,31.38220544423124],[75.460462435147,31.381319074397265],[75.46060473359333,31.38361288289749],[75.46384038790436,31.383878585737367],[75.46674549606908,31.385379218203802],[75.46947961244076,31.389388094631514],[75.47008560229041,31.395700137420473],[75.47265776021646,31.395650105398047],[75.47898159041935,31.392326478476832],[75.48354830433671,31.38891587062052],[75.48314061807724,31.388169224518816],[75.48600055934207,31.386771575386927],[75.49045831434069,31.385942197344225],[75.49096613465963,31.38478139580064],[75.48858921160132,31.383092793663536],[75.4883071867989,31.379139074691537],[75.48730153301555,31.375081780412934],[75.48082993477004,31.376177974901495],[75.47972979488812,31.37230008750498],[75.47742672463802,31.37212087808281],[75.4744490333686,31.37375950697222],[75.47225235864032,31.372007460135297],[75.46804715398758,31.37210033840536],[75.46713408393094,31.371228193583306],[75.46555456341292,31.371873290834383],[75.46700638642295,31.372704623007262],[75.46686509505729,31.374150309995272],[75.46338263381583,31.374678951575227],[75.46147750054472,31.3735489750968],[75.45916789122636,31.373275058234608],[75.45710452287045,31.37439813188139],[75.45573892418224,31.37207716208159],[75.4566942839538,31.36833078595958],[75.45845117505463,31.3645702687186],[75.45776740739556,31.36313837374312],[75.46121373075938,31.360955505938758],[75.46565303427468,31.362522156118022],[75.46900460971102,31.361943352244072],[75.47138947479667,31.363940363337072],[75.47285520227776,31.36370073358056],[75.47513897276991,31.36622017203031],[75.47744796286723,31.3677391171082],[75.48036730166193,31.366349101565465],[75.47967837897062,31.365320265285437],[75.48216195698483,31.364400851853897],[75.48007130037851,31.359541917327846],[75.4786276857526,31.353460982198193],[75.48110063796683,31.352009268303593],[75.47910531916402,31.350076937031076],[75.47807756044371,31.345384449860962],[75.47512908301078,31.338542610137498],[75.47401338876156,31.334571251124398],[75.47120434897062,31.328726115255808],[75.46847980444248,31.324849000968133],[75.46452053381981,31.324703795782465],[75.46145772125595,31.325488010426703],[75.4611209801095,31.32483377437784],[75.45530358607797,31.325172653628627],[75.45354844719515,31.32465218821493],[75.44821267872112,31.324813739390876],[75.44621294899433,31.322973896411728],[75.44333407138068,31.322094834349777],[75.43982079867024,31.321794291724757],[75.43751411195153,31.319740169675043],[75.43564435067462,31.320044122093147],[75.43414411115951,31.317883039927608],[75.43603753105178,31.316967850540983],[75.43822567105877,31.31424839513665],[75.4391516363735,31.310747831231765],[75.44277493448686,31.30668270386469],[75.44287190534081,31.30428917596058],[75.43804737037556,31.296752415522633],[75.43655003348907,31.292952020553404],[75.43756003705862,31.289473349885668],[75.44356907817289,31.28710671517971],[75.44653305178339,31.28635711640092],[75.44832316692076,31.287792299029558],[75.45308219171915,31.285667196523598],[75.45253014680455,31.282058168967993],[75.45981133152715,31.279927721564718],[75.46289501298024,31.279962471556598],[75.46475011180974,31.27553806604692],[75.46752289974026,31.262471862111276],[75.4678552797211,31.257450499095185],[75.47135446312687,31.255288164401907],[75.47213047021182,31.25379324441157],[75.4719833331399,31.251016069800002],[75.46744909693228,31.247948511170076],[75.46592065258298,31.24829051965722],[75.46180787537465,31.243746937292283],[75.46075512668469,31.240973321518425],[75.46143220013512,31.239888011975367],[75.46128611873891,31.236176563735153],[75.46056536638856,31.23555638438597],[75.45437222032204,31.23570159318408],[75.45079415438065,31.23700283099856],[75.45170143433891,31.23836052552031],[75.44953582590023,31.238686151692885],[75.44386358055193,31.241091089636083],[75.43755530055249,31.240532709254012],[75.4355030802826,31.238344602403373],[75.43400809348483,31.232832554478374],[75.43358676188149,31.229243996083888],[75.43049848810888,31.229504274693348],[75.42892993699363,31.22884815755759],[75.42306649016277,31.229452857258938],[75.42433406893487,31.235301336066076],[75.42150653332494,31.237371351368243],[75.41921897480353,31.239734571376353],[75.42000888575218,31.241857688070887],[75.42254637414568,31.242890869348752],[75.4224505128281,31.24558782576468],[75.42029230564886,31.247134401239993],[75.41791365618215,31.249778269391044],[75.41186270141807,31.246849333764455],[75.40624967945499,31.24488706191698],[75.40023350055644,31.247590169983724],[75.39440508225438,31.24522264710436],[75.38943129644582,31.244455790008193],[75.38935073912191,31.24229082743085],[75.3842067544181,31.23956402012883],[75.38435141402509,31.237551229163522],[75.38189014366625,31.232279121087387],[75.38045585128468,31.232563174496608],[75.37657246294974,31.23078180227016],[75.37278868572184,31.235438913788656],[75.36867527842665,31.239948082726084],[75.36553753858695,31.237643050003125],[75.36551522748545,31.236711802575634],[75.36187585502368,31.235851735019942],[75.3655228003515,31.22705260731826],[75.36388407194207,31.226003593127434],[75.3600648598746,31.2259193323567],[75.35963209021426,31.227242757523275],[75.35493833566137,31.22843536547864],[75.35542104999675,31.229003379209704],[75.35272559804845,31.22994180860673],[75.34477292969828,31.2319613252818],[75.34061495993379,31.225662255497653],[75.33913621674493,31.225660487540935],[75.33748222479741,31.222767401878087],[75.33786046834221,31.221469565294562],[75.3293587262696,31.214893065571594],[75.32771893680872,31.216292937906097],[75.32548204277401,31.214219746110956],[75.32493040297514,31.214588728495716],[75.32132349770994,31.210114748959985],[75.32054202170511,31.207168758631987],[75.3154588585087,31.207766740111317],[75.30971133433192,31.207773636020022],[75.30568604253975,31.208261153823933],[75.30546353392977,31.206732032874164],[75.30135706615283,31.206471504789523],[75.29704629368753,31.193926173019488],[75.29585530736233,31.193834969850705],[75.29497641976496,31.191554265055125],[75.29097877356223,31.191665025005754],[75.2855053007585,31.185085659802454],[75.27676075069337,31.18722781826669],[75.27372846158907,31.183447809134204],[75.2743170815864,31.18229864170474],[75.2724363309898,31.180695912168897],[75.27076108105159,31.173958368930535],[75.27374142409846,31.17446881895835],[75.274613888316,31.171684811719157],[75.27362879592079,31.169118856942447],[75.27535434239738,31.167854855437675],[75.27251843215325,31.164195700160082],[75.2705981181378,31.16327499238151],[75.27200645606274,31.16243751357069],[75.27124442132423,31.16058933238219],[75.27465611962502,31.15890783165932],[75.27491890871305,31.156917806586993],[75.27238189918931,31.154582581724434],[75.26988207226614,31.148159998323948],[75.26366380167673,31.150815670660315],[75.26249774938472,31.1500285773955],[75.25775185804898,31.152963404908643],[75.25509870703921,31.15384822143979],[75.25050092273145,31.154221532870736],[75.23829397231337,31.153717389013973],[75.23659153700767,31.152680114643847],[75.23033128052556,31.152591554521656],[75.22824603407226,31.155411482541446],[75.22829928201644,31.15698087076477],[75.22681264801096,31.157936540736916],[75.22969085150673,31.165697790245734],[75.22604147436643,31.1709202155901],[75.22532702488658,31.172980085465177],[75.2224076619415,31.176898507760757],[75.21827344388137,31.181115729253126],[75.21489309594018,31.183244082250592],[75.2114774874082,31.184551387580594],[75.20514138686619,31.184987847267664],[75.20296544107595,31.184755368140582],[75.19798610539333,31.182215578367252],[75.19231038819332,31.17871673576669],[75.19114327994293,31.17730606868129],[75.18955075899454,31.177175709471932],[75.18540780781775,31.168236772315442],[75.18438227275016,31.16515622381176],[75.18178829125179,31.165566997170448],[75.17722889502248,31.16400712205586],[75.16884579194895,31.163543963300814],[75.16156865898655,31.16588812318201],[75.15810139106446,31.168286695951533],[75.1548614445422,31.167940296248876],[75.15327193362516,31.1664068926792],[75.14835267601191,31.167026782097338],[75.14508784997669,31.166565412856514],[75.14247035435312,31.1678308112427],[75.1414272010494,31.17039108114922],[75.13380546341132,31.169956570788443],[75.13080186924905,31.17116785153809],[75.1240585736671,31.168823807239],[75.12234558913457,31.167302858240557],[75.1202316527828,31.163351056354035],[75.11860553130752,31.1613509981411],[75.1172495543604,31.158314996069382],[75.11478441689279,31.15576626405218],[75.10961044461942,31.15556144583148],[75.1084137349095,31.15403328901342],[75.10672818981371,31.153597851791304],[75.10552669990653,31.150774972398914],[75.10266873183242,31.150098149900632],[75.09830019795417,31.15030156845725],[75.09650954070113,31.151068048559637],[75.09233204182644,31.151451150641403],[75.08881048022684,31.153073575970836],[75.0836512246285,31.1522079136439],[75.08187291405162,31.15107952836114],[75.08077160665269,31.151088005264643],[75.07936197186677,31.15293162257685],[75.07641977509891,31.14900940777156],[75.07463800185499,31.147679673794464],[75.07199277279011,31.14720832548619],[75.06818694231481,31.14561331529705],[75.06568757244493,31.14635505334169],[75.06235539690863,31.149213864697664],[75.0609070196329,31.14806974338211],[75.06086423600432,31.14591841083154],[75.05800730661336,31.14680402190493],[75.0530052563636,31.14976805202116],[75.042726588166,31.154897576521734],[75.03925704752487,31.15401764481826],[75.03694662257281,31.15098869858826],[75.02496064925585,31.156000488539924],[75.02374907701133,31.156107423944757],[75.0182585953057,31.14816812760004],[75.01337024071631,31.148227523967137],[75.0137904206294,31.145148360730353],[75.0094463221668,31.144257032356187],[75.00661682889917,31.145002615998365],[75.0066409806087,31.142937822301963],[75.00803717890163,31.14094990276145],[75.00992650648462,31.140528110165647],[75.0112215341499,31.138891476892006],[75.01253650787409,31.13466849775536],[75.01334018834397,31.130251989501925],[75.01277061866524,31.12593004487517],[75.0098786802131,31.12030405283522],[75.00583442709285,31.119797093107],[75.00162005918283,31.12141213531331],[74.99874006753377,31.124471718234155],[74.99286322319885,31.12857976361049],[74.98918369601212,31.131519495436173],[74.98372230962867,31.134130498299726],[74.97641535136545,31.13843885810522],[74.97424811634879,31.139393056844295],[74.97041491128329,31.142072891569445],[74.96016383223575,31.14731221386287],[74.9624026831843,31.149838193481038],[74.96484057419177,31.153608906691094],[74.9797648452272,31.158147136194778],[74.98353361385573,31.159776094449988],[74.9860540159616,31.158937082252212],[74.99141330180208,31.16255677805106],[74.99749248352006,31.168526268123863],[75.00040209075047,31.1717059972226],[75.0044315520842,31.174170790006126],[75.00906235872804,31.174196924709918],[75.012060543474,31.176135635318797],[75.01625643218905,31.17985450032629],[75.02179924418492,31.181795162579434],[75.02599868967924,31.18373500328177],[75.03226785117204,31.187644676509347],[75.0399368351072,31.19046444700143],[75.04622962466642,31.19068432563803],[75.04806576515219,31.19137438810696],[75.05237414549968,31.198540851971458],[75.05064539024244,31.20188347079456],[75.05500119392572,31.20616825303813],[75.0587842982009,31.209192850942213],[75.05969795763569,31.210596511987948],[75.0608497122734,31.218103251763367],[75.06123581277794,31.225302191113897],[75.05749511327757,31.226123828011993],[75.05833428779671,31.228921115316087],[75.060404003311,31.23248080733963],[75.06669315709605,31.238320309561423],[75.07147251674186,31.2417900163329],[75.07893051439976,31.245837511800794],[75.08095124439531,31.249829335201838],[75.08141703498863,31.253682188309952],[75.07929824824598,31.264586321515917],[75.08220600933643,31.26759819584506],[75.07934936485815,31.268937226978775],[75.0823257868154,31.273764543443928],[75.10387467237057,31.27971834286836],[75.09337834974292,31.283906584766637],[75.10320743170846,31.302527969140982],[75.1095872669887,31.310954032857754],[75.10675074862569,31.316865425704293],[75.11825230042834,31.320353042537896],[75.123926480516,31.316915989246542],[75.12963462004362,31.314203796395763],[75.13456130360781,31.31054638584922],[75.14326050609509,31.31709988398771],[75.14779221080619,31.320143321644494],[75.14727223789714,31.331862290879524],[75.14832209532683,31.333282168461473],[75.14674775667085,31.336617727192383],[75.14602238444279,31.336791851739008],[75.15144165206935,31.34202140535154],[75.15737085361069,31.34814088476211],[75.16116983308596,31.353213803715562],[75.1643459447762,31.356784770447835],[75.16501531559621,31.361590281084336],[75.16321906260688,31.36126676240768],[75.15725999652759,31.36182134266563],[75.15602067501241,31.36520220270598],[75.15996192396557,31.374376941427293],[75.16062891613346,31.374678425548645],[75.16328518273743,31.3829839642035],[75.16830413018182,31.379143165742676],[75.18143651128136,31.39604074554606],[75.17854410169925,31.39892608801151],[75.18781911928134,31.407604311141753],[75.18990580804144,31.406106261162275],[75.19427757812618,31.40801293429],[75.18730645735434,31.414734753054915],[75.1864263723921,31.414713868685876],[75.18707594243902,31.42473975720753],[75.19166966352213,31.433180547720568],[75.1997131273896,31.436101504604288],[75.21004215595221,31.435143787144437],[75.21189338465658,31.428593942277594],[75.21407441444232,31.421956654850444],[75.22447448557119,31.42198553369641],[75.22734132672855,31.43603332950466],[75.23111077678531,31.450272083199884],[75.23495510044852,31.459245952694662],[75.24323916135583,31.455241678175668],[75.24946127473567,31.463252274016565],[75.25268735886463,31.468397620698145],[75.25275785501148,31.4693804562842],[75.26741588481856,31.480219542475066],[75.27878438212406,31.481299477251756],[75.28275351414554,31.482157488749483],[75.28558347466594,31.484669198796087],[75.29048344238365,31.491231448076814],[75.29677194494097,31.4992479449498],[75.29770332161112,31.50231903476021],[75.30852547229937,31.517352278165866],[75.30941099131066,31.516803358336396],[75.3178332248004,31.526841110444508],[75.31664170140684,31.528646765603206],[75.32079974010533,31.53259219418818],[75.32754050701116,31.542546481531208],[75.34306172993354,31.555952727198825],[75.34532390353178,31.554190034864288],[75.35431534858,31.562998511589274],[75.35549153215025,31.565324825584884],[75.358693518642,31.568472007505655],[75.37473019579366,31.57897033792498],[75.37527129302507,31.57841117708626],[75.37790971003032,31.579657825735065],[75.39389883095977,31.580281066003053],[75.39600453229149,31.58057651118212],[75.39993801024382,31.58698049003975],[75.40225768138505,31.5924500140979],[75.40426192504934,31.593609776062966],[75.4124864446513,31.598378316478712],[75.41727637991633,31.611378772759597],[75.41900538849721,31.61381817536073],[75.41829168892512,31.617529915968127],[75.41933531356347,31.62164748409731],[75.42424465069514,31.625777137470116],[75.42562619097582,31.6277440426011],[75.42714015596522,31.626180912025724],[75.42853991542981,31.627574797598072],[75.43024558834463,31.62713769115368],[75.44485693672566,31.630947458747254],[75.45252926494985,31.63250517863521],[75.45784500331938,31.634037982568078],[75.45954795924673,31.634106082820427],[75.46717203856504,31.63603235654207],[75.468488767604,31.637156257791],[75.469455343518,31.64083501776666],[75.47035848246246,31.646755414375267],[75.47434981640819,31.65024666350011],[75.47602743634346,31.65161276832785],[75.48470571020675,31.65046435382501],[75.48900660520736,31.64864862509041],[75.4926728242983,31.64576061724644],[75.49795084444283,31.642341677033905],[75.50189039917372,31.643861341090137],[75.50507367733667,31.642095460580386],[75.50823567167029,31.64335406989677],[75.51070934971206,31.64217180369033],[75.51113505973825,31.640046503318434],[75.51415344900136,31.639086848020657],[75.51564848515757,31.639841964765754],[75.51990506405228,31.64045679212937],[75.52373769220162,31.63668432322878],[75.52475968366909,31.632895643447085],[75.52692826090433,31.634294869781645],[75.53063011610125,31.63325038596367],[75.53222961999438,31.63515923484838],[75.52893079233301,31.636946454294684],[75.53147744572824,31.640358948263422],[75.53182857203034,31.642267876940867],[75.5304805630948,31.64322590268626],[75.53206961805903,31.648709407724382],[75.5397740507692,31.648689060771417],[75.542835472962,31.647677251960193],[75.54203902470734,31.64641565713031],[75.54746542510848,31.640083329100797],[75.5468584192528,31.63861636068825],[75.55002599609693,31.634547078036334],[75.55156353782796,31.633833425411257],[75.55472116025311,31.635030679459824],[75.55578500506132,31.636137091328045],[75.55584283884484,31.63996106949039],[75.55850451620742,31.63901856616447],[75.56320039139241,31.639199636506092],[75.57230395055002,31.635428494047737],[75.5714002884115,31.630793475376425],[75.56880826727566,31.621780671997854],[75.5694514704062,31.619627632934165],[75.56820375575774,31.617552938766572],[75.56804784126385,31.613909265347772],[75.5671591335074,31.610834144469674],[75.57115461306674,31.60971060566721],[75.57071537927645,31.612318756115446],[75.57117530748515,31.614848533434078],[75.56984548086098,31.61549847308745],[75.57027541902973,31.617048338533138],[75.57350019772673,31.617557515614003],[75.57609183495282,31.606642092232935],[75.57883084707662,31.607187341035836],[75.58455358459477,31.60518942806694],[75.59361245717288,31.604688903734765],[75.59381679316469,31.603053476382595]]],[[[75.89237825242091,31.275949807663995],[75.89377309788269,31.27084903724157],[75.89511039076208,31.2684026869886],[75.89534518998798,31.266186461274447],[75.89633913514673,31.265558497004825],[75.90592056399278,31.26404582986645],[75.9098177025963,31.26150916984663],[75.90896409289624,31.259509086869066],[75.90587925721903,31.25874618502936],[75.9011964555547,31.254231831605537],[75.89978360731942,31.254881303074683],[75.89634405985531,31.254831297988066],[75.88995937455259,31.252079698117004],[75.88855331745353,31.25045384115397],[75.88327543862516,31.247941406000702],[75.87902637911029,31.245392068077088],[75.87573681752819,31.244172164797654],[75.87366942947646,31.24422129710394],[75.86876994516787,31.2455220847366],[75.87210730684343,31.249847148586063],[75.87185574362708,31.25346628648215],[75.86858065291298,31.25769640337916],[75.87406821343966,31.260363314644067],[75.8754750029777,31.26212403181424],[75.87355699753427,31.267380118898934],[75.86977329969349,31.273874805403096],[75.8675877467984,31.27524940774511],[75.8649745236433,31.275778672832665],[75.86450962757988,31.27684569327004],[75.86015508266263,31.27640252249319],[75.85818531736264,31.27862868470305],[75.85645277828132,31.27950258740288],[75.85453447129302,31.279167052988083],[75.85246970739047,31.281268827313227],[75.8530796219706,31.282588711968195],[75.8511098749106,31.283718605500987],[75.85001936420012,31.283178589794463],[75.84513052310848,31.283077352413276],[75.84275193127904,31.282267556118512],[75.83837875068123,31.278629770738483],[75.83840159489704,31.272549547469715],[75.84121814532307,31.26567984145052],[75.84142249405097,31.2622102296005],[75.84532452023784,31.261138750341694],[75.8462806155227,31.259920683509417],[75.85027113738795,31.2589102873075],[75.85114475962777,31.257933532209602],[75.85261622224223,31.25343453685329],[75.85264534901715,31.250684733426596],[75.85158061155305,31.250301715455734],[75.85621398284297,31.246981966829242],[75.85812983285653,31.24240135287655],[75.85715398396646,31.23664503009595],[75.85484868449096,31.23347744357399],[75.85371424999167,31.234513212918525],[75.84972028035986,31.23423295237399],[75.84303773296391,31.232504220194294],[75.83999529740079,31.230254707673687],[75.82739506785066,31.225937303936966],[75.82249064875545,31.2231284379058],[75.81772699489119,31.222343294397625],[75.81410217615232,31.221176808773688],[75.80986523507761,31.221018925382808],[75.80403368485986,31.21684896832225],[75.80158510682551,31.21570945241555],[75.79803056096476,31.21617585835089],[75.79658093216987,31.211526284548015],[75.79150333956237,31.206892178543082],[75.78796737837114,31.205047761248963],[75.79156939033983,31.199288333262217],[75.78809428125533,31.198398521917206],[75.78607879823713,31.198335896844934],[75.78389909361866,31.196556047334333],[75.77991833544331,31.195749222145366],[75.77581018799988,31.18911667446509],[75.7741013997233,31.18416068756236],[75.77773174108287,31.179789855630204],[75.77881485941437,31.17778008392407],[75.77871853529362,31.172520748320196],[75.77693100088048,31.169946669136802],[75.77814909800131,31.165990975775728],[75.77209546541494,31.162687263971954],[75.76972160174046,31.160020201818494],[75.76055654861699,31.16412279261826],[75.75499110945738,31.163719019968923],[75.75340692192482,31.163121732670703],[75.75110166702474,31.164379972750705],[75.74800980037772,31.162605540473518],[75.74551778370916,31.16297988841983],[75.74336025467264,31.164353531364043],[75.74084625679829,31.163200753225908],[75.73904334222748,31.163902986403492],[75.7365467935058,31.163603033947705],[75.73220163429178,31.165376325008257],[75.72823653317995,31.166348519332793],[75.72467580436648,31.166686644040926],[75.72072220988397,31.163639901326516],[75.71768484535438,31.164793307419213],[75.70947856099883,31.165384284950886],[75.70808655195256,31.16497148897029],[75.70472710061027,31.166187066647296],[75.70365446330479,31.16898781931026],[75.70148270058755,31.171864971515745],[75.69876862327366,31.173710308749385],[75.69631066868622,31.179627252485744],[75.69650062786955,31.183246935824908],[75.69500012396273,31.18327830179194],[75.69520695234444,31.18477205549281],[75.69831036942219,31.188376490095823],[75.69440654566723,31.190807343087112],[75.68675328075184,31.196321247414172],[75.69006139342446,31.202425229619504],[75.6913412117562,31.205374975098522],[75.69137954643291,31.207263412252427],[75.69333952948638,31.21082676662197],[75.69792274063045,31.213233555138732],[75.70001004261697,31.212734356518247],[75.70237188622664,31.214357516209688],[75.7060412451866,31.215536126500105],[75.70747045288202,31.215076606234916],[75.71162848541789,31.219913762618635],[75.7123229977394,31.220131880467235],[75.71152846240591,31.22810304174907],[75.70921029677952,31.231578482937454],[75.70917874354025,31.234842442796406],[75.70220132078127,31.241817940900876],[75.6989761841884,31.246264968469017],[75.69657228085423,31.246128733339255],[75.69408967739875,31.244003332851324],[75.69256090128427,31.240221916767858],[75.69104270970202,31.23492095843027],[75.68782503575078,31.23468674454771],[75.68653783517783,31.233934339017708],[75.6834682565927,31.230518789643018],[75.67726712745437,31.23416346407361],[75.67669609426376,31.233895428048505],[75.67015305720186,31.237957171141446],[75.6725851299762,31.242341776352237],[75.67177366306099,31.245171532930584],[75.67257716522603,31.245962834572577],[75.67775622194597,31.24410043225708],[75.67890288961813,31.246650223358078],[75.67060645862372,31.250068671730908],[75.6765054242221,31.250932857004752],[75.68028049098908,31.252573871682152],[75.68165228585568,31.25219083112718],[75.6828970931313,31.253810333316284],[75.68212943175902,31.25588588157633],[75.67905062012117,31.25728814661804],[75.67962715884661,31.259564753059877],[75.68188221024339,31.26260991637567],[75.68171994476195,31.263980198636276],[75.67892534562799,31.265982939476267],[75.67300426474185,31.26903755450292],[75.67488384456657,31.27156218233814],[75.6737913954905,31.2777466710892],[75.67373623541154,31.281323546920724],[75.67618856527847,31.28489567640743],[75.67534235140143,31.28662676238788],[75.67891423598103,31.287854796006137],[75.6771649174215,31.29154720117628],[75.67953644569023,31.291921608711363],[75.68006164785318,31.2911519821835],[75.69277067991032,31.28635786249746],[75.69794001127562,31.283468132341493],[75.69940681241486,31.2836522366415],[75.69810120346264,31.286364609399772],[75.69961871864179,31.287255917253987],[75.70218270666398,31.285434526452402],[75.70393709359084,31.285197518986504],[75.70394785938186,31.289777540858452],[75.70144952241627,31.28954760817338],[75.69979973680478,31.290367530705357],[75.69783201860191,31.29445493249245],[75.69654391974659,31.29848070986803],[75.68830120097395,31.301626504830327],[75.6858121004892,31.303311704272005],[75.68550043532574,31.305324047602053],[75.68434292196228,31.305645636250453],[75.68433169141609,31.309365812885694],[75.68336750442695,31.31074387307688],[75.68368923818794,31.315627313804118],[75.68645164952619,31.318355373432254],[75.69101087158454,31.31625148690453],[75.69326762529157,31.316875888631873],[75.69940967558549,31.316465235001623],[75.70861846721306,31.316445266872737],[75.71930897886486,31.313990058620778],[75.72054588332284,31.31472364767755],[75.720046895212,31.316031017691714],[75.72221515618348,31.316544791335858],[75.7221566794521,31.317585208376855],[75.71870032068324,31.322036986634966],[75.71877666060531,31.324149445678746],[75.71543599878869,31.326971259344795],[75.71540347742602,31.328694789173063],[75.71421875385865,31.32785484161179],[75.71184492296868,31.329982988025645],[75.71259147630776,31.331390987518635],[75.71049102969154,31.33082125227495],[75.7085984040955,31.331593932207795],[75.70827841732896,31.338523323482374],[75.70653059784935,31.339904603160484],[75.70377685224969,31.340395229251833],[75.70417765025731,31.34122369414479],[75.70137071584973,31.342218746085774],[75.6996776113908,31.3417769368137],[75.70022945039555,31.344192798118872],[75.70159596952303,31.345359203883763],[75.70210428839523,31.343897066791023],[75.7046016042162,31.345160531664312],[75.7065371334698,31.347381784582062],[75.70931500645602,31.34761276523411],[75.71042810316874,31.34561270635004],[75.71140609476677,31.345872459514712],[75.7123372923361,31.344066852836455],[75.71641783538124,31.34467658100115],[75.72236055804647,31.344675422856362],[75.72641589912095,31.342003172713873],[75.72821827572912,31.342126289427135],[75.73154536340815,31.336663560185297],[75.73419396246896,31.333375107721146],[75.73699179406084,31.33242514591626],[75.73720466225855,31.326694456954524],[75.73695471361661,31.322374835480904],[75.73945438916431,31.321424926464015],[75.74308389505258,31.325374590227753],[75.74849155973973,31.330177522383167],[75.75117459412151,31.3309649230121],[75.75382251258785,31.3285177321991],[75.75526161761239,31.328302342245344],[75.7591097098812,31.33210941883801],[75.76284870852736,31.334866893417143],[75.76102153548923,31.3366926394395],[75.76506365890262,31.33643604159487],[75.76485610941333,31.339895679719312],[75.7661811084321,31.340474606014517],[75.76331980262474,31.344214840852768],[75.76342113265542,31.34517291424776],[75.76623075206703,31.348142661424337],[75.76618697947728,31.34947119005076],[75.76419029803036,31.351263660658383],[75.76689927126942,31.352896993548818],[75.7717090630091,31.35330213179763],[75.7783491163946,31.3571719060104],[75.7803802431715,31.35894710886667],[75.78431787875402,31.361175115863816],[75.7884882947171,31.362530959744994],[75.78758469457156,31.36863670014375],[75.79442866739268,31.370195933704462],[75.79470690020142,31.37188066453014],[75.80154153492416,31.374049959986444],[75.80466721160498,31.36978311812887],[75.80870577753909,31.370475793716945],[75.81108130658268,31.36564966438848],[75.8123225560326,31.3606964641067],[75.81651836450433,31.36193376167749],[75.81729398282847,31.359451832634026],[75.81942216461402,31.35881938519093],[75.82173340892109,31.35701206272973],[75.8242930707812,31.357532024829332],[75.82383312551957,31.359051888066276],[75.82888245647366,31.36023180249621],[75.83240198993342,31.360651776010027],[75.83358139196629,31.362504506348234],[75.82966946018234,31.369907648498266],[75.83635650997783,31.37277748812642],[75.83877191715608,31.369667793218284],[75.84113760379586,31.371141039286737],[75.84972379929216,31.372849784555967],[75.85390207366204,31.362341511961613],[75.85478122851266,31.35803344837146],[75.85492544393418,31.354427138908175],[75.8562158730706,31.352730918993647],[75.85685353565421,31.34992173188775],[75.85811848498237,31.349912810253976],[75.85914292322617,31.35204500506531],[75.86315602542405,31.352605011665453],[75.87386225170027,31.354747685182577],[75.87938997178112,31.354837194796474],[75.8802601651896,31.353723305271004],[75.88264021398535,31.347332417497686],[75.88390949334828,31.34736031294665],[75.88868315625885,31.3459052073841],[75.89103891937624,31.34466731670415],[75.8911008571712,31.340658916963868],[75.89596889708245,31.340846829258506],[75.8989822292221,31.341369444992438],[75.90377281868952,31.343632048881272],[75.90575287585807,31.34500565698303],[75.90588966549137,31.34210799668619],[75.90466193248947,31.336741183137757],[75.89849345045361,31.335675517973986],[75.89596436610195,31.33566878498857],[75.8880368005351,31.33420243368685],[75.8849488323673,31.33405752762784],[75.88485314842708,31.3319695072043],[75.88037404724558,31.32847527089758],[75.88158675068684,31.327008154828537],[75.87948803478534,31.325867208893573],[75.8801828369701,31.322425874973277],[75.87730498968416,31.322040166524115],[75.87570210437498,31.325055810639345],[75.87758982918983,31.326414180525497],[75.87718913643496,31.327388889066473],[75.87386087813174,31.32695804551359],[75.87339790416112,31.324855494014976],[75.87102236619158,31.324828016886276],[75.87134395213658,31.321888128446016],[75.86969089175624,31.321275568194054],[75.86642826178434,31.318369003698233],[75.86757694614624,31.312372043281353],[75.86708024295638,31.310877862368713],[75.86313530325577,31.3054374412914],[75.85910186096393,31.301590324257035],[75.85785164404189,31.300880360756977],[75.85401241063576,31.297043952206057],[75.85291754403747,31.295302652441162],[75.85370971948427,31.29211460409636],[75.85587809112556,31.288916954652706],[75.86393815795597,31.290488055501463],[75.864518093365,31.28808826832601],[75.86583792622524,31.286518409669103],[75.86452490237534,31.281984394064704],[75.87277175537449,31.284948984273605],[75.87554314974501,31.284289660657283],[75.87708644743645,31.286538443611917],[75.87750637413417,31.29014812814533],[75.87909616258148,31.291038055935203],[75.88227247663522,31.29034127259847],[75.88328319388566,31.2876801054365],[75.88704758683801,31.28491092332809],[75.88668520914001,31.281388929964564],[75.88730245890375,31.27849121508802],[75.8896797162684,31.27540010474896],[75.89237825242091,31.275949807663995]]]]}},{"type":"Feature","properties":{"id":"03-488","name":"Ludhiana","source_name":"Ludhiana","state_id":"03","source_agency":"Survey of India (SOI)","district_code":"036"},"geometry":{"type":"MultiPolygon","coordinates":[[[[75.95707790101434,31.01790044071692],[75.95925741663271,31.018336310973755],[75.96641339564155,31.01647515557578],[75.96950735749927,31.014702579460973],[75.96900434280155,31.012966271079296],[75.97103875102,31.00406429809638],[75.97810955460183,31.004719576935802],[75.98781049529214,31.005174843977372],[75.99026985973028,31.006213187530935],[75.99162937629103,31.009227849138345],[75.99894731988041,31.007657699917676],[76.00121455715778,31.00666581282155],[76.00482419174936,31.00639374853794],[76.00421382967967,31.0039182597965],[76.01031396585266,31.003640175035635],[76.01879166966535,31.001915193860075],[76.02437383556918,31.00128082107125],[76.02674777706865,30.996813938389753],[76.04053205835227,30.997681434215536],[76.04508272416211,30.9986279452989],[76.0496220084699,30.998847144432858],[76.05451470208024,31.000233251248456],[76.06319271830459,31.00047151224359],[76.06657844635043,30.999852635574435],[76.06758836960697,30.997741828619088],[76.0706156430785,30.995706833391008],[76.07478576737948,30.998067282487124],[76.07764069447238,30.997338646468727],[76.08348892220714,30.997257067804195],[76.08815366717373,30.99509532028007],[76.1011505414379,30.99758502009071],[76.10318562315413,30.998374646291815],[76.10413777856785,30.996244749739198],[76.11535571941639,30.993467725972263],[76.12249590553952,30.993050151588466],[76.12240196079189,30.996795775223912],[76.12754901201976,30.99688161681759],[76.13614940900005,30.997543759653542],[76.14100417266167,30.989906554789126],[76.14308186420611,30.985819576817498],[76.15135967013539,30.98693694988472],[76.15779338903063,30.98872578965413],[76.15951587636873,30.98686429432281],[76.16873635633013,30.989454750030724],[76.16659083428618,30.99326362747721],[76.17476466232905,30.99588575575189],[76.17597900770744,30.99598496652843],[76.1794587127896,30.991794508308057],[76.18049048547383,30.992082977663834],[76.18286872023366,30.994655325417515],[76.18781863825882,30.99618409294774],[76.18603980782815,30.999903856648807],[76.18255018245854,31.003696979824532],[76.18184680148958,31.00550254381721],[76.18429569358646,31.004510224909744],[76.19726307791349,31.002047954148964],[76.20452054290388,30.999901786244365],[76.20435079765998,31.003460770188862],[76.21337731828116,31.00461117514886],[76.21214361384287,31.008446379714965],[76.210264828568,31.010379890930555],[76.2110258793469,31.01208122938618],[76.2180152731117,31.01236251484083],[76.2200167464736,31.011644219844474],[76.21989263318922,31.00846161422916],[76.22232289621739,31.007096431276615],[76.22289117105572,31.00335176458468],[76.22466648230684,31.002896340986872],[76.22507904238921,31.00544675806411],[76.23330885035504,31.005049762222036],[76.23411162048107,31.005937645123836],[76.2409955413785,31.00242351154306],[76.24227324311626,31.002894773542295],[76.25398469145684,31.009632075766806],[76.25624064462681,31.01042999346873],[76.25730414285415,31.00897925120138],[76.2638853405822,31.003117771870823],[76.26409141501965,31.00549343331631],[76.26729348346313,31.008174131420926],[76.27380821323278,31.01300064564689],[76.27471412346135,31.01546040028658],[76.27703141782159,31.015067710276753],[76.28052028747219,31.011478003977274],[76.2879180963152,31.009141399479486],[76.2875382017402,31.006760881729537],[76.2894165702912,31.004624379541813],[76.28658165397417,31.003257508223214],[76.28442080477247,31.003048984239907],[76.28093828554668,31.00403209481881],[76.27614393503818,31.00237116655807],[76.27674442184109,31.00017864515982],[76.28270016245163,31.002085960359537],[76.28677906730769,31.002421156031676],[76.28971369207108,30.999893058733054],[76.29270614513138,30.999202969585046],[76.29174832486673,30.998072777249547],[76.29581654683386,30.989621640792066],[76.2967561325689,30.988421082603754],[76.30263283023619,30.98869972712737],[76.30559616354655,30.98783878905607],[76.31178330572966,30.988445656819593],[76.31364141965379,30.985264307519373],[76.31344142449261,30.983397520696446],[76.31530704318614,30.979424035719862],[76.31518061041517,30.977550067080653],[76.31615572144551,30.973831920094817],[76.31646285536803,30.96570478250415],[76.3161343021707,30.962867154573257],[76.31689119589794,30.96007850347797],[76.31762259707126,30.95066756820748],[76.31845265739132,30.949077973990907],[76.32054241422647,30.94113489727751],[76.322950090763,30.934907735181575],[76.32368693179036,30.930118262537416],[76.32270375949294,30.930121209158383],[76.32154533697104,30.92733240055429],[76.3147517112197,30.92567424949137],[76.31274059660521,30.924736423178967],[76.31555432566495,30.919638497516992],[76.3197151762794,30.914304185672208],[76.31893716821082,30.910232159116006],[76.3192879244793,30.908721873313453],[76.31880789011471,30.90501221323902],[76.3190572307877,30.901132357044887],[76.31869373278242,30.898365667085205],[76.31932024609252,30.877055938922446],[76.31342963535361,30.874413335622005],[76.30903115498845,30.87328119184482],[76.30372353658747,30.87266873202968],[76.29830020548754,30.869927029913715],[76.29767174357171,30.86692449280191],[76.29978326280697,30.86230194777296],[76.30255189650707,30.85885845556422],[76.30521528963853,30.85217121060411],[76.30704736331673,30.849759481421614],[76.31037467803534,30.844256276140488],[76.31106623461564,30.842356091655184],[76.30084641133129,30.836987503118966],[76.29400502008549,30.8359191967781],[76.29030158381062,30.833447430357847],[76.29135647473002,30.83184581261619],[76.28249328598436,30.831176339606014],[76.28125492148754,30.830306460347256],[76.28005670724339,30.82588813310355],[76.28013077192517,30.820232674480575],[76.28650843126972,30.81078427337021],[76.28903053158297,30.808191375053273],[76.28809691353986,30.807371193426423],[76.27932506741418,30.803101372078597],[76.27557773132213,30.801017941827748],[76.26910484208919,30.79924023839727],[76.26775819385378,30.796727458745575],[76.2697713018856,30.79423813458271],[76.26908072966594,30.79303692220557],[76.26338651348895,30.789545171639638],[76.26184224752252,30.786748724177986],[76.26604486372537,30.782686879232546],[76.26955722464498,30.77787776205069],[76.27233574814315,30.77579151062078],[76.28113328443965,30.778814882377233],[76.28970101367497,30.782461160923464],[76.29901258434124,30.769776654994207],[76.30072886871783,30.76708863376232],[76.30491143732397,30.76804093814612],[76.30873852520196,30.75998439275018],[76.31091947539028,30.75624657612045],[76.30306710841728,30.754440696048338],[76.30133879961271,30.754393841606937],[76.30055973989646,30.752746900192577],[76.2977555955199,30.751443154505324],[76.29257365425295,30.74981967465667],[76.28852405917186,30.74720819303838],[76.28574454603631,30.7463954510732],[76.2809231128831,30.746300774343577],[76.28392806491881,30.737977809265033],[76.27762821883296,30.735257845188077],[76.27570341740578,30.734114324425978],[76.27801568149094,30.729400899779993],[76.27804354217844,30.728306063652152],[76.28378144469114,30.722888775649853],[76.28675518275642,30.718452469144648],[76.29100075896204,30.7140514734717],[76.29760936355594,30.717268853050214],[76.3019178125353,30.710155919314243],[76.30589148419875,30.704219027453895],[76.30807956045126,30.705376315350218],[76.30963958135541,30.703397981846354],[76.31098994085909,30.704174427537968],[76.31586326493772,30.7051525051888],[76.31856298055088,30.704067702839552],[76.31997174629065,30.70263500327283],[76.32265337590844,30.6974262137058],[76.32148265906956,30.69689507807819],[76.32331740797775,30.693319645628268],[76.32033782379848,30.68970764108062],[76.31980874403611,30.68812673124699],[76.31519037061054,30.687509818750005],[76.3127345057791,30.68766283332674],[76.30934684762629,30.685644961814717],[76.30495085726868,30.680950814072375],[76.30326636569623,30.678452946393822],[76.2842563060631,30.681466532057335],[76.28143156013844,30.681587264415423],[76.28003790314663,30.68084965439076],[76.27567709972679,30.675996639828387],[76.27496524817458,30.67566308458405],[76.27167170388277,30.678493739366214],[76.26613131311368,30.67549109811265],[76.26397477572361,30.677358686431898],[76.26172207034604,30.67605042567169],[76.25933922939328,30.678369091930854],[76.25854888888865,30.677873990589283],[76.2553524492238,30.68078745857303],[76.25342876266194,30.67934672167349],[76.24905026685475,30.679619128391888],[76.247266100365,30.678931283474725],[76.24450340422554,30.679102192359203],[76.23974240767704,30.681027488610756],[76.23606442989626,30.680141739203233],[76.23463410667907,30.67864992318603],[76.23139540657886,30.677109583566136],[76.22248348232182,30.677173030417876],[76.22024480740149,30.67756048319291],[76.21885747391849,30.679289780959905],[76.21521735258976,30.678232454968263],[76.20904774438394,30.675136550681298],[76.20558119505577,30.674158582748255],[76.19819378062151,30.675195477958862],[76.19263298959888,30.670987150899048],[76.18787236871268,30.66779382734364],[76.18255989193052,30.67156221929534],[76.18197829428401,30.67676521180362],[76.18075605250952,30.67936232049367],[76.17675721750014,30.68032238500507],[76.17366058888236,30.679280182352457],[76.17116763233177,30.675608147108097],[76.17158502728783,30.66684423314733],[76.16871333174302,30.661548268539832],[76.16246544443463,30.65879179065172],[76.15216481968622,30.655174063777014],[76.15208296898938,30.649174897861432],[76.15278651256489,30.639838537463525],[76.14498072057366,30.6377250909896],[76.12778254854967,30.62955853143053],[76.12763815355872,30.62806568224336],[76.12519401210565,30.627473429205562],[76.12789978811404,30.6228234990735],[76.12424612621221,30.62188597383986],[76.12095192102097,30.618021121720034],[76.11649389697591,30.61495262004084],[76.12148479258909,30.607281712058793],[76.1252244358111,30.602827286454183],[76.12064974695794,30.60076613308624],[76.12546281194015,30.5970134838207],[76.12044298764945,30.593544662177674],[76.11413631707417,30.591054546670158],[76.11018078342452,30.587409783354286],[76.1102418631561,30.585502067798632],[76.11146642886233,30.582925597528952],[76.11454869376901,30.579818356464735],[76.11232495077941,30.578524223423937],[76.10960682123677,30.577817131398664],[76.10801682301587,30.576092508457826],[76.10725957556342,30.56520507331523],[76.10879920946957,30.564783666935043],[76.10769595096711,30.562131887068887],[76.1041529188594,30.562178734808363],[76.09798353488851,30.560496745893992],[76.0964314201853,30.564071376587794],[76.09335873299523,30.5653211048977],[76.09043446749031,30.567842058421977],[76.08797461610426,30.567023297608564],[76.08654680870825,30.564397064587883],[76.08447026910537,30.56200438124102],[76.0825928695036,30.564662302517053],[76.07992321611758,30.56479228207363],[76.07855821116438,30.565763403082116],[76.07674564266215,30.564071132972394],[76.07402399345234,30.56337238535523],[76.06963456210316,30.564302289134414],[76.0669580242993,30.56800638905669],[76.06537399866775,30.56910443890373],[76.06647266857851,30.572227322496058],[76.06660386001832,30.574706203974706],[76.06914336959088,30.576961940087063],[76.06904586501527,30.580573902734166],[76.06621602425017,30.583424260332563],[76.05785400003238,30.57859942704047],[76.05402651969241,30.580970783364734],[76.05370622570963,30.583215842049004],[76.04955708922893,30.583880515145776],[76.04327511775396,30.587596684672725],[76.0353550215139,30.58898382677387],[76.03450691785508,30.5909647966651],[76.03325476657298,30.59767668642222],[76.03215928265757,30.60082897803014],[76.03400010684688,30.603327166673953],[76.0331556377042,30.603948822643208],[76.03372905206332,30.606364078422438],[76.03252389414186,30.609335252806975],[76.02968930795326,30.610490032545925],[76.02950956586682,30.613997821201576],[76.02784150696162,30.61536294141129],[76.02072787544316,30.614887621164076],[76.01009517518233,30.615789201279203],[76.00874947306673,30.612967950228082],[76.00448226762268,30.606550432020228],[76.0006537671582,30.603524500107977],[75.99820484377899,30.60245002569866],[75.9921302216545,30.60087922099565],[75.98686669343087,30.59837990772095],[75.9828377264214,30.598682681875584],[75.97973073663121,30.595884387101655],[75.97189480858947,30.592510428581495],[75.96256988965922,30.591159949827613],[75.96038869838092,30.589819690100544],[75.95614928535386,30.582500312945925],[75.955370577121,30.57791097084786],[75.9530497272515,30.574580989992135],[75.94831281256205,30.57227054957959],[75.94771222560479,30.570490650812438],[75.94083134704844,30.56898143815838],[75.93537652405745,30.56822627551043],[75.9298355211905,30.574591434488482],[75.92534009021921,30.577977585675782],[75.9269364741768,30.583784906964638],[75.92430692272116,30.58876433349206],[75.9232533772715,30.588401048205135],[75.9208860279298,30.59199001107901],[75.92314746326718,30.593835504277706],[75.92601504243734,30.59508086278891],[75.92925322932324,30.5973016555469],[75.92300521687937,30.606913392186957],[75.92351681227792,30.60867670215254],[75.9196568691247,30.609850609620405],[75.91701333186936,30.608678819743645],[75.9147365424653,30.61103262144211],[75.91119849917993,30.610341968261608],[75.90989588704713,30.611928085477604],[75.90819625100791,30.6114018930475],[75.90386527380849,30.607237017244785],[75.90276989011689,30.60379172834696],[75.89482718409447,30.605798077687293],[75.89116323974841,30.606037641462258],[75.88939620030818,30.607267893367847],[75.88794499632316,30.607089417321543],[75.88677795690334,30.608641510898867],[75.88695040360749,30.61362757751051],[75.88823163574159,30.6187174077497],[75.88814704824567,30.62047408146222],[75.88603387897787,30.621296347612454],[75.87764488520806,30.625638547555006],[75.87425345581119,30.62714940337581],[75.87233001854572,30.628925987121814],[75.87205101430514,30.632661633325938],[75.87284737020589,30.637237661824958],[75.87247347729844,30.639280864226766],[75.87459967562756,30.639365085799202],[75.88003816618713,30.640665423984515],[75.88017005613925,30.642036483839306],[75.88347850050508,30.64294480403962],[75.88661522748595,30.645246816260748],[75.88847613381624,30.64483313368583],[75.89212735798291,30.64622454652169],[75.89792465742444,30.647523293814924],[75.89714698973349,30.648544072652616],[75.8977284225537,30.65050939836068],[75.89505988612403,30.654852891355254],[75.89572684410341,30.655763725786482],[75.8950100297148,30.659954547404233],[75.89050438987991,30.66178484358355],[75.88813431773062,30.663446126912817],[75.88514729160916,30.662800430866103],[75.88151046593612,30.666514480019377],[75.88067721967133,30.675795829758393],[75.87711392125757,30.676743130298252],[75.87133993413369,30.67736176306102],[75.8675192837689,30.67729327566068],[75.866792732356,30.678214711334846],[75.86324351431271,30.67564333279475],[75.85984137506962,30.672091983281124],[75.85921035315872,30.670524001907065],[75.85406009615626,30.669408180860934],[75.85077264518384,30.671442211132494],[75.8463262287949,30.675553563119678],[75.84427211337263,30.67818483305379],[75.84379435641863,30.680349649108532],[75.83780559723606,30.680048825115666],[75.83597825391959,30.68638500636112],[75.83381773715023,30.69227954392066],[75.8311851171982,30.69134041076912],[75.82655572605391,30.690570463573167],[75.82180760891654,30.690701762070518],[75.81931230636447,30.688442575815344],[75.81630120069815,30.68704642754058],[75.8193866923861,30.683721037909898],[75.82132209997796,30.68085863180784],[75.82226622406863,30.677948554174463],[75.81692739471774,30.674325752526478],[75.81650711426774,30.67310195418766],[75.81768906865096,30.671627306199923],[75.81676712744738,30.670501592452947],[75.81787695809568,30.668132393130453],[75.81718256571273,30.665997878751437],[75.81504824927298,30.66421156114526],[75.81335756018882,30.665372618195924],[75.81133782148176,30.665472602141254],[75.80790908196921,30.66405101436759],[75.80372882179302,30.664382672762333],[75.79478938937635,30.661151411898214],[75.79118547930103,30.660292988319362],[75.78732099297898,30.658303147764595],[75.78592052588586,30.65682797934826],[75.78189796811155,30.65891667407365],[75.78090992906755,30.660890608856835],[75.78154498776554,30.661778152049827],[75.78133174105835,30.666042453125304],[75.78199165192011,30.670416520975305],[75.77823334017897,30.67238561400479],[75.77550701742352,30.67250434991446],[75.77168565903885,30.67338041435853],[75.76746229985113,30.672230779179188],[75.7652890844247,30.671030709467328],[75.76394228038723,30.668811043315586],[75.76304279793891,30.663528336361267],[75.76322412826072,30.66079285437873],[75.76520303059871,30.6580241283126],[75.77289987060858,30.659641139294198],[75.77331294451163,30.652929814582322],[75.77431626021061,30.649220075934213],[75.78043543150338,30.641397059287428],[75.7860012546271,30.637474958259965],[75.79294035889899,30.634475241745534],[75.79683226181946,30.632026404340518],[75.79732039369556,30.630081364532487],[75.79495012838818,30.6277858322945],[75.7890290067594,30.623520947807208],[75.78213284279923,30.624716641356912],[75.78053261172388,30.628050447971663],[75.7747227600826,30.629815591320803],[75.77096477544364,30.631927580532977],[75.76995261777566,30.631715008294698],[75.76423959693498,30.635888948354573],[75.76030469977182,30.63735507768428],[75.7546148451388,30.633322207740967],[75.7543517101428,30.63261967903131],[75.74704129844739,30.63174542031378],[75.73832089230105,30.631800465239323],[75.7380375479507,30.63010544736833],[75.73570410321511,30.62443310534409],[75.73474570355884,30.62371706200687],[75.7337672282184,30.62052914921296],[75.73196679594565,30.6192919447656],[75.72763052430916,30.617956361973935],[75.72806704361199,30.616615731869597],[75.72034993660199,30.611746989219487],[75.71612049110546,30.611277018295834],[75.70923140449528,30.60792728918396],[75.70483880699587,30.60397164309364],[75.70305023421047,30.60325123346635],[75.70096249716958,30.604747539148022],[75.69729297183162,30.605887429897226],[75.69371344233272,30.60516747944366],[75.68521454590899,30.606567331328378],[75.68286177208594,30.606109936095887],[75.67952288233917,30.602532306099558],[75.67831072740385,30.59875462375508],[75.67700696860415,30.597637085334217],[75.6733261436244,30.59562824778501],[75.66956663876459,30.59437834529087],[75.66503712397112,30.59385764937544],[75.65867807001865,30.591908524439518],[75.65264559509366,30.591062536356457],[75.64243907078942,30.59299931220483],[75.6379807628095,30.594368246320595],[75.63156117362813,30.597410516386173],[75.626877898953,30.60085156288977],[75.6221371220989,30.598961548791713],[75.61728344929054,30.59758790203412],[75.6094028091449,30.594889467656767],[75.60772646043573,30.593542546610283],[75.60638488616053,30.594568130404888],[75.60373300510419,30.594143301230208],[75.59492247284822,30.58628740681466],[75.59077696477102,30.584218985738804],[75.58908598261705,30.582546465501405],[75.5857477307733,30.576299534457778],[75.58419379364379,30.574215861746616],[75.57980702330154,30.573540439156492],[75.57996991099222,30.57135915344266],[75.57888800096507,30.569684116808705],[75.57588896685517,30.569780196629303],[75.56846992752791,30.571330041605457],[75.5632235093699,30.57332141621448],[75.56019143660339,30.576475179030663],[75.55316069590823,30.580130214511982],[75.5487939952337,30.58027198073255],[75.54478298554925,30.579729237747834],[75.54086016203028,30.578385722456424],[75.54064154983591,30.57622878990077],[75.5381458308821,30.569352225475523],[75.53699066416301,30.56730869203237],[75.53334561665385,30.56833869688437],[75.53219241473492,30.567831744402792],[75.52887937654602,30.570347720457914],[75.52819518227923,30.572239839011083],[75.52828727398513,30.576415408398823],[75.52677989470811,30.579207581850298],[75.52886281202812,30.585157465858494],[75.52251146477253,30.585340572400657],[75.51865349952998,30.58723866259677],[75.51669562081176,30.585074210307564],[75.51309152291057,30.584128182323965],[75.50971906220337,30.580076798140492],[75.50962785319072,30.576160345153266],[75.5066121030449,30.572465641722296],[75.50485428253823,30.5741624970131],[75.50157278156608,30.573666419801206],[75.49958839579222,30.57460149418533],[75.48773725039739,30.583143951861665],[75.4903783433281,30.586046638893237],[75.4962292565839,30.596487633920063],[75.49604761174562,30.59856412804865],[75.49045059645371,30.598539188676508],[75.48875022062748,30.599967310058506],[75.48396351803584,30.60211465732021],[75.47765166188329,30.602007098252425],[75.4767757408945,30.601450412309624],[75.46905276955958,30.605366780526563],[75.46431503769571,30.605933677520248],[75.4640467456944,30.599515422884306],[75.4614632322471,30.598780434930944],[75.45670535219874,30.600744704935494],[75.45399810117034,30.601255477559732],[75.45215895942654,30.599396833874433],[75.45060487583758,30.59671751713458],[75.44856368409538,30.596934554680956],[75.44486597915355,30.592007874811614],[75.4421259372463,30.5942873720171],[75.44175258247131,30.59352574086098],[75.43723213905244,30.591073120365497],[75.43407119355368,30.593305672935475],[75.43160108662804,30.584253045181487],[75.42749738201532,30.584146570937314],[75.42456722397203,30.585401874644536],[75.42097076101257,30.585234572224778],[75.41784660036734,30.584032198458644],[75.41397444246932,30.58346956088409],[75.40880625472741,30.58406893184955],[75.40637761500996,30.58500145928659],[75.39716849215698,30.59420735445191],[75.39871182711046,30.597434957287582],[75.40154936771224,30.606488957140176],[75.40233062895216,30.6126683650194],[75.40180291366067,30.617544323595745],[75.40064637949938,30.619187135285205],[75.3959932361459,30.621085276608476],[75.39475355632226,30.62277540768128],[75.39656788537847,30.624357232178557],[75.39540904124486,30.62515411600832],[75.39259717173209,30.625072529998985],[75.38760832213225,30.626829676467832],[75.38690216379024,30.62627393204344],[75.37969436486337,30.62519479691554],[75.37656930220244,30.62405995479035],[75.3736102302604,30.626212569539707],[75.3757631218476,30.628660122478],[75.37764855581597,30.63695584254846],[75.37875225164898,30.639492547829448],[75.37536246575118,30.641075286094505],[75.37318515168148,30.641263377731438],[75.37343253596931,30.64475653903964],[75.37182277273078,30.646900768417737],[75.37021398201931,30.64696546755578],[75.37035819934624,30.649806261225027],[75.3758747401383,30.657521968967473],[75.38104336640328,30.66298661872018],[75.38199390764852,30.665891257195497],[75.38197192704443,30.66870544673349],[75.3792322996929,30.672660055450276],[75.37833603755266,30.672968523529903],[75.37639820495092,30.67863453219446],[75.37474137872218,30.679563346631586],[75.3714038035863,30.683115741248926],[75.36825032147419,30.68498034931514],[75.36738449356832,30.68815217654988],[75.3692554756518,30.69147898925049],[75.36849863111841,30.69436604189323],[75.36968403472233,30.699300716394394],[75.36870866338701,30.70115842567758],[75.36840825240846,30.707138208602174],[75.37038325831018,30.710598262889174],[75.37231383369509,30.708799944704438],[75.37790428042958,30.708847498949776],[75.38317357803749,30.712387204752403],[75.38461606078252,30.714195997581193],[75.38443339863633,30.716206874730947],[75.38594704098871,30.718895399742657],[75.3848436596594,30.72356000335271],[75.38196868541947,30.72434366415611],[75.37782386265202,30.72344777217132],[75.37739428017129,30.725996001581063],[75.37554851284362,30.728263428482144],[75.37582695710125,30.73038147747443],[75.37247049491981,30.73393209606476],[75.37288151892446,30.73722030747154],[75.37725099448866,30.739475468050784],[75.37564207082025,30.743192932851798],[75.37676850038295,30.744092019137366],[75.37531674603676,30.74557073693432],[75.3754204710385,30.74920694736978],[75.37812107311791,30.750650264816876],[75.37737565069638,30.751830838521403],[75.37956626830044,30.753311161008963],[75.38196355419406,30.759883057603602],[75.38522584977939,30.766033684194117],[75.38522309231794,30.769542222199373],[75.38739245293554,30.774980733574694],[75.38935524038165,30.778313052931086],[75.39046236005458,30.781681177012384],[75.39045235077835,30.78485090331256],[75.3932219447321,30.796259912827523],[75.39353490294931,30.79894040892707],[75.3950371544096,30.803628418462417],[75.395928534471,30.804898719110923],[75.39258609850597,30.807665932745575],[75.387352665058,30.808648813024504],[75.38051355115576,30.81080860688313],[75.37629280882466,30.814119167726272],[75.37506782402356,30.816414686159277],[75.37066760097431,30.82089887355003],[75.36735652906714,30.826657169809366],[75.36805665916555,30.829756367460856],[75.36737145216746,30.835424366458433],[75.3693149117681,30.838606146564164],[75.36794581756075,30.838848825950105],[75.3704747516862,30.840345997009074],[75.37255221582237,30.842949200283165],[75.37486497333312,30.848508575249145],[75.37558479211985,30.85138584067594],[75.37993213117566,30.852264301066793],[75.38257311899213,30.853434887600734],[75.38961218068084,30.858094499319087],[75.39543139675047,30.863594035108928],[75.3991353349673,30.864872312546012],[75.39863096277251,30.8675836958681],[75.39859094397424,30.873843150071057],[75.4007567579886,30.878466217742755],[75.40629385018254,30.883991893483902],[75.40458161148801,30.889095569272268],[75.39988345788302,30.892688977789202],[75.3962122461811,30.894913311062012],[75.39644599342435,30.897773510558004],[75.394155489756,30.897835119004142],[75.39323893285727,30.903893615587343],[75.38825217909974,30.905080387439266],[75.3809731287112,30.90585030150541],[75.37795789629465,30.906702743922864],[75.38058367428494,30.914262749691083],[75.38272981488716,30.92462672575865],[75.3790821840613,30.925621700404754],[75.37537807852146,30.927179168902708],[75.37342126838055,30.924149334337013],[75.36963616093725,30.92543294078544],[75.37148428029157,30.929578198879607],[75.37121162847693,30.933501039860033],[75.37053464151927,30.935620179655114],[75.37196729869642,30.935607765628305],[75.3721381348868,30.93734363888312],[75.36815190249601,30.937553771232416],[75.36626818854636,30.93670248064549],[75.36555778180158,30.943430287453573],[75.3658849452241,30.94786658040743],[75.3638627045831,30.95450531554443],[75.36117238072511,30.956366209296736],[75.3621921980519,30.9603168327553],[75.3608939155174,30.962205348555784],[75.36263192427289,30.961634175253334],[75.3676696749338,30.970020513735854],[75.36514794381719,30.972945966481365],[75.36344085088537,30.976183747937817],[75.358619205291,30.98136361333071],[75.35581646060427,30.982404112515166],[75.35737283959485,30.986846833992693],[75.35730590358511,30.991692720089926],[75.35677823291658,30.99331560808598],[75.36725524059524,30.990719866881328],[75.3685484898644,30.99333257539622],[75.37021202625431,30.995181491878732],[75.37171142208705,30.998091846853423],[75.37478755833257,30.99842102596539],[75.37567740038541,30.99448726569214],[75.38377157047972,30.989203518681084],[75.38871038170839,30.99305827177236],[75.3952248713191,30.995882360931216],[75.39912697947682,30.99606554125537],[75.40185701534713,30.99283642346656],[75.40346265769165,30.98989897862095],[75.40367098014711,30.98615402637938],[75.40472909896116,30.985067464181835],[75.40487516591726,30.980821280180454],[75.40889430181687,30.978870602334183],[75.41192762510934,30.982801389584694],[75.41694374304734,30.98601244624876],[75.41935614135576,30.98544518334121],[75.42040276205296,30.986210802990907],[75.42465113082461,30.983401334599513],[75.42783555327684,30.981798873273217],[75.43169286711439,30.98077544410179],[75.43496332191546,30.98149976424385],[75.4367019560894,30.98020862208877],[75.44089435728445,30.98247343406442],[75.44352072322484,30.980887674938444],[75.44549699633096,30.9807698097995],[75.44678628289648,30.982496050693953],[75.44884870906529,30.983093946229157],[75.45408298480879,30.98309072266732],[75.45648666393352,30.982479548680523],[75.45895357187227,30.97971312401028],[75.45928570716744,30.975748103592583],[75.46249127179308,30.9762481281847],[75.46232201808103,30.974764590104055],[75.46439209996701,30.97472359106801],[75.46439921500411,30.976800589795367],[75.46569713871068,30.976104519181344],[75.46910132516017,30.976624909699193],[75.46919855186313,30.97825648049121],[75.471086624198,30.97942339136699],[75.47228123839005,30.978923843351513],[75.47394844687234,30.98092477494166],[75.47483564568213,30.97874848603667],[75.47657182240206,30.97892496497167],[75.47591654112688,30.976643770173162],[75.47916519348303,30.972894018932877],[75.48206442154546,30.967928215018677],[75.48509783025949,30.969750383498052],[75.48847687716517,30.971011374030116],[75.49259755210463,30.968292214455104],[75.49602969853098,30.967768293169655],[75.49769024364122,30.968433896226948],[75.50094399358242,30.972414418532146],[75.50615128798086,30.973137479150118],[75.5063832664577,30.97637572849599],[75.51055660925589,30.975316411967167],[75.5146867521404,30.976262008212018],[75.51918873009961,30.975805978052247],[75.52868386634778,30.97319841585099],[75.53332144389925,30.97122497449978],[75.53729815191316,30.967668941495287],[75.54304100762837,30.96821587162372],[75.54299309920596,30.975940862427073],[75.55767089739709,30.976908047807402],[75.5756254578646,30.977578250875318],[75.5849867861398,30.97026748889117],[75.59337519063247,30.97096715956185],[75.59432634724473,30.96862081317781],[75.60308576570019,30.969481954873476],[75.60624185417336,30.96952903462962],[75.6100706541963,30.975105479267153],[75.61824582086378,30.976229198676574],[75.62365255371552,30.97614292757581],[75.63351792849487,30.97712565300996],[75.64253685791081,30.977131840491705],[75.64175612141571,30.979778062882218],[75.6512292584017,30.980411893003176],[75.65722497537942,30.98184482839075],[75.66798396956887,30.984916133209122],[75.67379810569115,30.987532565276027],[75.67694366628777,30.99148673071208],[75.68101700636595,30.991968652036707],[75.68304835269255,30.99150212481383],[75.68781905787938,30.992022743970836],[75.68874010522906,30.994579014108307],[75.69917015305177,30.99499388075235],[75.70354539983673,30.99563113495191],[75.70173785247997,30.99845197698002],[75.70626605814881,30.999524323843996],[75.7164305094948,31.000157124720214],[75.71525156540022,31.0044224714933],[75.72165811462138,31.00452710594334],[75.73566616611411,31.005378811859188],[75.73540120384554,31.008990506781554],[75.74328165673434,31.012389461985688],[75.76394482819994,31.01311088708967],[75.76230809926089,31.00912475663872],[75.77036174577094,31.009507702935448],[75.77119394909525,31.007187354187927],[75.77253546995273,31.006923679961194],[75.77134945673563,31.003083900355467],[75.77753961384167,31.00322765579589],[75.77698971641112,31.001134435279617],[75.78172949391399,30.997861651741932],[75.78604428409177,30.996847115854273],[75.78839064494147,30.9950192529903],[75.79257138254427,30.99408882882969],[75.79860064914111,30.994206632734482],[75.81363152849484,30.9962544654341],[75.81747427593382,30.996344425374954],[75.81998636419799,30.998593121001157],[75.82014618549212,31.000476960750863],[75.82786353395406,31.000154854992342],[75.84448134003732,31.001584201749417],[75.84458224366998,31.000156860018084],[75.85615711717037,31.0009691595209],[75.85642988391243,31.004359140568464],[75.86491245178885,31.004250389105763],[75.86719014199244,31.008197893650106],[75.88072794642575,31.009323736305813],[75.88443491334313,31.008966224693904],[75.88469661547053,31.00797699621102],[75.891528088611,31.00812548818543],[75.89153202254971,31.00730729719031],[75.8954366297292,31.00447198544401],[75.89848483472002,31.004836334345313],[75.89771329498225,31.00823285707984],[75.9056535632846,31.016079966499575],[75.90565190715567,31.016735470559205],[75.91172382848286,31.01610475535769],[75.91240227564911,31.017532842397035],[75.91522928745391,31.01733753876475],[75.91586727559248,31.01526551307292],[75.9211365210162,31.01167455041778],[75.92620884594902,31.01197746306547],[75.9286514033094,31.011387579595798],[75.9334138303658,31.012003061096692],[75.93404471760282,31.009408586253375],[75.95254129780949,31.010336191875325],[75.95637992520888,31.01562096533619],[75.95707790101434,31.01790044071692]]]]}},{"type":"Feature","properties":{"id":"03-489","name":"Mansa","source_name":"Mansa","state_id":"03","source_agency":"Survey of India (SOI)","district_code":"037"},"geometry":{"type":"MultiPolygon","coordinates":[[[[75.57673378449535,30.143955399858353],[75.5820998707449,30.14396716929903],[75.58630933412985,30.141907363261637],[75.58707923799659,30.140787461735776],[75.58950892084644,30.140567488343063],[75.5916586498916,30.13912761930398],[75.59352839935838,30.140787481491863],[75.59537816352486,30.139677582165195],[75.60549686367726,30.135967935907967],[75.6083464859641,30.137877779435918],[75.61250593571096,30.13971763239229],[75.61813520226661,30.14080755570477],[75.62552452357141,30.142735611857777],[75.62700405244613,30.14005764827861],[75.62567423066912,30.13843778399108],[75.62761399444085,30.135128076028035],[75.6238944810716,30.1340181620286],[75.62569426838635,30.129118588443678],[75.62816894705013,30.1288186231692],[75.63027368528904,30.12621885447342],[75.62813396800135,30.12465898116946],[75.63256340513296,30.121719249563153],[75.63386324222812,30.120419366160817],[75.63305335129175,30.119519441661737],[75.63556303526599,30.11652970885218],[75.63755278355211,30.11510983879457],[75.64081235841101,30.115739793934715],[75.64444189468554,30.11344000527165],[75.64689158127571,30.11250009219646],[75.64876132533821,30.11498988088419],[75.65411063106869,30.115279873831323],[75.65473055575033,30.1141899696887],[75.65089107411221,30.109520362179172],[75.64674585012071,30.103039036564926],[75.64402154983217,30.103171250364618],[75.63982210640303,30.10024149151756],[75.63693249874183,30.096171837192077],[75.63211314409008,30.091692207630125],[75.62399421293404,30.087802518761396],[75.62234444157733,30.084722780127247],[75.62811370970128,30.079833220282158],[75.63682260677506,30.073253815239802],[75.6326651732,30.069937753474612],[75.63955228063928,30.06621443401957],[75.64003266609902,30.06472419951578],[75.6387128450901,30.06315433304775],[75.63850288610513,30.05946465166769],[75.63735305518705,30.05466506204282],[75.63745305009797,30.052555244269122],[75.63553331307726,30.049055540506146],[75.6351233787491,30.046575754296928],[75.63588328719996,30.04466592219842],[75.64222247643424,30.041616206275222],[75.6420625142975,30.037916523126363],[75.63985282489877,30.031417079524935],[75.63807306469913,30.029507235984358],[75.64087271161009,30.02717744840081],[75.64154263295448,30.02492764557018],[75.64861395751103,30.02319928644571],[75.6494316134417,30.023737770049923],[75.65254119033224,30.02880734366645],[75.65341106357913,30.03177708847997],[75.65570076005433,30.033766923678844],[75.65701058024797,30.035986736150615],[75.65850038325206,30.036476700474953],[75.67062881729326,30.034726889594452],[75.67221858742182,30.040236417181088],[75.67438830649357,30.04008643719538],[75.67933767210917,30.038186614801237],[75.6775779075553,30.036766732251987],[75.67760790845941,30.035616833492416],[75.67361844012179,30.0321671194625],[75.67916773934178,30.0273075550745],[75.68123748283195,30.02455779953719],[75.6821773559944,30.025867689244237],[75.68771664528973,30.02344791524459],[75.68756667769142,30.020418176069427],[75.68633684602979,30.018168368030086],[75.6869567751013,30.015888566864856],[75.68999638748573,30.014048733321676],[75.688156649005,30.008579203286345],[75.68433714599693,30.009169139506877],[75.67979774241397,30.006809327620388],[75.67928738085419,30.004628872575385],[75.67527834819906,30.002359698592024],[75.67274868578802,30.00001989409832],[75.66760935644675,29.998749986132403],[75.66563960794778,29.99993987699422],[75.66124019423658,29.996240182098806],[75.64733217173351,29.983590240541123],[75.64753202639014,29.982951288135443],[75.65222142941374,29.980091549650243],[75.648811894675,29.97487199000065],[75.64814208041881,29.97226126502448],[75.64842197006254,29.968642526430727],[75.64711219676668,29.96182190779627],[75.64763171409625,29.95777279110899],[75.64617231491097,29.955593642569298],[75.6442825767414,29.951453995282403],[75.64388265036155,29.94595446955179],[75.64283779143236,29.9446395793587],[75.64275281571194,29.941524849355517],[75.64105305340135,29.936985232637937],[75.64757220367478,29.93842512933037],[75.65022186186894,29.937515215820817],[75.65330148288015,29.93307560903217],[75.65454633048262,29.9305958269542],[75.65695101751291,29.93111578974225],[75.65787088978381,29.932855641840497],[75.66221033114522,29.932215710171356],[75.66701972469114,29.92773611412892],[75.66936942745954,29.926086263395863],[75.66810959587801,29.924826366880204],[75.6690594782996,29.923506483292904],[75.66893950476968,29.920656729596224],[75.67274902157574,29.918286944325487],[75.6728990091411,29.91615712948893],[75.67080928900621,29.913877320396136],[75.67075930584468,29.911507524375164],[75.67198915157489,29.910197639983828],[75.67548870387053,29.909037751830645],[75.67714848416463,29.909817689361734],[75.68365764303483,29.909557734180517],[75.69122664927285,29.912397511277394],[75.6940962718476,29.913927388869944],[75.7054747762635,29.918677013165603],[75.70719454513713,29.920596852683815],[75.70806438820696,29.924386132167186],[75.70787444649689,29.92889499931707],[75.70817436339192,29.93394570469333],[75.70896925788419,29.934455664799696],[75.7183630430168,29.93347577793748],[75.72982155533617,29.934405735213385],[75.73236122063493,29.934885700301702],[75.73285116708894,29.932635895376517],[75.73562082990766,29.927846320255963],[75.73802052602699,29.92553652432445],[75.74416974566138,29.921926855769218],[75.7469393895745,29.921016943538454],[75.75437843984412,29.917527268137235],[75.75685812713152,29.915507451337934],[75.75917782053045,29.916977330961384],[75.76422715748298,29.919127161848568],[75.76626689986999,29.91735732012511],[75.76554708653875,29.910687009913495],[75.76586699916817,29.905608334755936],[75.76750680216837,29.90235861637931],[75.76729683828785,29.900328793911743],[75.76821672931872,29.897759017121405],[75.76188756291954,29.89428929374992],[75.76019779337354,29.891569526742444],[75.76033778729737,29.889539699983022],[75.75875857673476,29.887529521194057],[75.75974763376259,29.886679139513976],[75.75922801320138,29.884959601672364],[75.76039773941436,29.878539806805605],[75.76013786795167,29.87595087173028],[75.76205762977287,29.87383105945719],[75.76223761290392,29.871961222205737],[75.759118028287,29.868981468625226],[75.75811823234035,29.86741032825722],[75.7585879653811,29.865261361634598],[75.75748829077672,29.862590713665494],[75.75859813628001,29.85951228361034],[75.76069786159037,29.860182233385746],[75.7665071214381,29.85732249663293],[75.76906679236583,29.856812550105815],[75.77560596018131,29.853272876029145],[75.77562596732159,29.851203054090803],[75.77198645653627,29.846863417416564],[75.77202647292549,29.84154387677276],[75.77265645658647,29.839913528227324],[75.77326618070579,29.83489430192393],[75.76992678623242,29.831474735571444],[75.76479746844795,29.82778503722532],[75.76336765227973,29.82746505777345],[75.75814832560746,29.828084990719727],[75.756298569287,29.82781500487319],[75.75319897674147,29.826315127676686],[75.75047933533769,29.82432528973516],[75.74562996161644,29.824725239437484],[75.7448100813903,29.82206546544509],[75.73780605586016,29.814061513230534],[75.732578756418,29.812555086745956],[75.72402892679288,29.812664674242036],[75.7207903215207,29.813560939263606],[75.72114313799352,29.81056919527511],[75.71804603171672,29.808687215069217],[75.71795626792174,29.803040080510286],[75.71614610466632,29.803083671729453],[75.71415237977801,29.801882543235077],[75.71385274714608,29.798427829493985],[75.71457903219932,29.797050930871755],[75.71419854341862,29.794444414182447],[75.71276456194244,29.79256573889689],[75.71661570623598,29.78886299924773],[75.716205406381,29.78738646819516],[75.71466270446085,29.786613080234094],[75.71458175249717,29.785047968097484],[75.712865327158,29.782754903426646],[75.71010953154074,29.78044988900547],[75.70996448839553,29.777869933780035],[75.71170907279068,29.776383134937134],[75.71237145423638,29.774187616630538],[75.71029067868952,29.770634312489594],[75.70756364443315,29.769560636399337],[75.70478145059388,29.764152101029172],[75.70464398411187,29.762285166717376],[75.70572877979293,29.75972118140053],[75.70834593471778,29.757845117617354],[75.70889803841449,29.755427240581135],[75.70642363892505,29.753229196134185],[75.70277757982375,29.75238226898365],[75.70044808040655,29.753360200534416],[75.69571411259147,29.753971658291594],[75.69206221175219,29.755456600224232],[75.69097857174211,29.756495605471656],[75.68984672652668,29.759438252123033],[75.68346861612537,29.765780293481],[75.68227859572441,29.768077838022748],[75.68169930161685,29.772244289467555],[75.67829628058033,29.776134786765457],[75.67442480302412,29.776852733211644],[75.67162980190766,29.776651127738532],[75.66806065976313,29.77743380784577],[75.66410168694523,29.775257900593132],[75.6609605204378,29.77686980908826],[75.65506938107394,29.773974297172742],[75.65215270220163,29.775364771471825],[75.64636209463927,29.775547233095104],[75.64244210110843,29.775127544552888],[75.6401454384533,29.77251605039957],[75.63806606519601,29.77377899916254],[75.63526455450815,29.772367307561574],[75.63531454241206,29.76929820114783],[75.63452039537478,29.767048176185902],[75.63534082965595,29.76201343257488],[75.6343856896613,29.759041812770864],[75.63446848771859,29.755311407333092],[75.63267834775942,29.752789054630146],[75.62981683788306,29.7499889183488],[75.62576380250643,29.747683330168417],[75.62045420100326,29.74692604944913],[75.61786665599523,29.74432121910972],[75.61670359581561,29.744286110614617],[75.61289642113742,29.746355304468295],[75.60760052848576,29.748627039669497],[75.60500909551308,29.75193258229672],[75.60091790824032,29.74960825144853],[75.5955879888929,29.74914309226279],[75.589864225076,29.747554842497706],[75.58571645610108,29.744950441511623],[75.5800521741478,29.73947354349472],[75.57720490332783,29.740521755648103],[75.57215711208528,29.74332578279619],[75.57147953550015,29.750011007899218],[75.56972678195744,29.756836649498034],[75.56716565445996,29.761208902586834],[75.56508068817568,29.766785052712603],[75.56266300835799,29.76985812494921],[75.56101998775979,29.770734581792794],[75.55627847144638,29.77114650312693],[75.54884171044822,29.77077177407462],[75.54487261237014,29.770835192787644],[75.54068061233609,29.773624142034244],[75.53879857179739,29.77359766032472],[75.53513760310325,29.77245299897456],[75.53268109599729,29.770658436866952],[75.52998617905882,29.766937706400274],[75.52883229742142,29.763550444318785],[75.52724713378764,29.761701409463377],[75.52489234131541,29.76189588575056],[75.52399210075578,29.758792652022724],[75.52193476308952,29.759871079827263],[75.52270581317443,29.763123110049527],[75.52230800598971,29.764453901349547],[75.5232445888973,29.76796755608921],[75.52266610308423,29.77013277822739],[75.51947663156851,29.7732682920778],[75.51889808814569,29.775609403796025],[75.51625606736603,29.77636302302884],[75.51105957137511,29.77631849656444],[75.50645262458818,29.77679697832107],[75.50308137270976,29.777748840965586],[75.49937664473921,29.782974540709922],[75.49625077574234,29.78502010316623],[75.49215536878846,29.785818379477007],[75.48732483554154,29.790459461489313],[75.48552514712226,29.791568886004466],[75.48161555076028,29.791969902432555],[75.47957781780002,29.792826618592372],[75.4750881493664,29.796402850281257],[75.47274976685843,29.799595984229008],[75.46745808247572,29.80283344109796],[75.46159641255625,29.807775597925136],[75.45664707587305,29.8066464534144],[75.45468748649625,29.80519793755511],[75.45299788140848,29.80146690953665],[75.45511421035717,29.799171713389264],[75.45587543510298,29.797020437475076],[75.45812077836793,29.794916887556408],[75.45603343157121,29.790520527756563],[75.45625759505158,29.786226442611852],[75.45556566513346,29.783871651852845],[75.45395836987404,29.782048783280345],[75.4508146398872,29.781587616250796],[75.44785576855035,29.78384631930791],[75.44550889610942,29.782577930934448],[75.43834871789977,29.780075872962865],[75.43319617292254,29.775788254244908],[75.42981346751212,29.773807259999614],[75.42807544242028,29.771116969555152],[75.4261909959739,29.77101224844782],[75.4213420305312,29.773397816714645],[75.42082426861671,29.774347023388824],[75.41962060557002,29.77053709776282],[75.41629400403117,29.769197536984947],[75.41418070968793,29.770076211862524],[75.40811052363307,29.762362988304627],[75.40597483068893,29.76075442736041],[75.40512677315962,29.757678817150232],[75.40568492276302,29.75230241975628],[75.40536656292183,29.75001081997982],[75.40532598725679,29.743655154912435],[75.4047583045958,29.73904057021633],[75.40131301186281,29.74025111157035],[75.39621375987537,29.73927217756006],[75.39571542689534,29.733921425121995],[75.39503510128806,29.733229893599066],[75.39126788737362,29.73278938535098],[75.38828343154341,29.730245069863255],[75.38808410142445,29.72813616155429],[75.39199139467243,29.724650828577865],[75.39344985892865,29.722021757285805],[75.39317717802375,29.720920919148615],[75.3907284241047,29.719063219377734],[75.39127389867855,29.717371544963232],[75.38931004789444,29.716214955484052],[75.39218434993147,29.713412696642415],[75.38632323941205,29.7130215031338],[75.38399887470565,29.712243642713066],[75.38021577519301,29.714214454893007],[75.37861887070794,29.71291995858681],[75.37566678844432,29.714130605419637],[75.37037946422416,29.711676985207887],[75.36985791790173,29.71089933817211],[75.37099640308776,29.7071951287434],[75.37001995397958,29.705932002084776],[75.37079079742314,29.7045091260995],[75.36462724488294,29.70396165363705],[75.35905531346168,29.705548205056047],[75.35789379775228,29.70443021864422],[75.35861064406171,29.70208353169395],[75.35844068954175,29.699705057978104],[75.35181058463266,29.697170574494233],[75.35150763137835,29.69619364364802],[75.34571241148615,29.69603303799063],[75.34695469396519,29.69161912051203],[75.3489929415568,29.68626943439822],[75.35018729484466,29.68588337862509],[75.35367821993219,29.67931689054326],[75.35343366812174,29.676930388627618],[75.35423719130537,29.674942128154285],[75.35789607198926,29.67003381680991],[75.35982010742715,29.668181904156693],[75.36078728318964,29.66452506993479],[75.36014776700523,29.662642948452653],[75.35825750972093,29.660801808709103],[75.35325044701956,29.664376818789346],[75.34863482965058,29.666622469756714],[75.34646718359265,29.668897876399612],[75.34344365572501,29.67354499982451],[75.3410392080115,29.675292407718437],[75.33425422489323,29.67377748039019],[75.33284204674439,29.672633002586323],[75.33183586481078,29.663218300386546],[75.32868425944314,29.659090359698887],[75.32522997745632,29.656047642100212],[75.32223025924817,29.651638803639774],[75.32117186009394,29.64665085700426],[75.32346732705042,29.64250229786253],[75.32090351564112,29.639050671296978],[75.3193084928028,29.634532375858615],[75.31656871417728,29.630662879833864],[75.31110321026759,29.629456791235874],[75.30934302203903,29.626448732275215],[75.30581001728287,29.624539986972152],[75.30228753407863,29.62532871315738],[75.29700038029094,29.625501166050768],[75.29575221148689,29.62511529291584],[75.29543409205995,29.618768836784646],[75.2948981320051,29.615754540943563],[75.28977033645117,29.609007521277793],[75.29006804360229,29.60733451373617],[75.29364422923123,29.605368572475253],[75.29775099196434,29.60372874555386],[75.30209287150899,29.603279645669925],[75.30343617679293,29.602627577020534],[75.30407453576117,29.598135809874673],[75.3052916300738,29.596044561711157],[75.31085174645794,29.59249350301898],[75.31400081234081,29.58929979070546],[75.31663612556012,29.59036912323447],[75.31984635181486,29.587517297304977],[75.31262105418035,29.581823424927297],[75.31127727483127,29.580188640058054],[75.31041258541862,29.57618632817905],[75.30927812137838,29.56193512566132],[75.3094110813194,29.561019395800834],[75.30291318027543,29.55970977086942],[75.30113659376067,29.559099306233524],[75.29574030908111,29.55880253281719],[75.28865938036311,29.559865050222523],[75.2839199239992,29.56130541984271],[75.28114355580284,29.5615038568902],[75.28031876575393,29.558809493044667],[75.2803551020999,29.55400656379547],[75.27669685145993,29.55173055436504],[75.27101004967044,29.549242042900477],[75.26805708020107,29.548706994572882],[75.25798062788454,29.549135759134355],[75.2489880849862,29.547197450755746],[75.24447005909627,29.546733281599426],[75.2421402478526,29.54596643595516],[75.237314391871,29.542839919291804],[75.23540443097828,29.542223509402184],[75.23782101563788,29.546458723018795],[75.23929164048995,29.55235720959581],[75.23854899449037,29.55831465995325],[75.23791011127308,29.559946208309903],[75.23380187423925,29.56436319489765],[75.23321377965844,29.566283676570546],[75.23442707693688,29.56994882481238],[75.23338774912705,29.57276606357427],[75.23024515443261,29.57667050725636],[75.22820773481271,29.578263193873937],[75.22520024032018,29.579635212524455],[75.22170842853814,29.580324081965884],[75.22224933603768,29.581318265603738],[75.22741978669028,29.587251605291666],[75.22915312315084,29.591400597302496],[75.23368196771791,29.598338309798375],[75.23536246174508,29.60310955330216],[75.23375895683836,29.602411679112407],[75.22837239839421,29.605472672823314],[75.22213868800996,29.61045772002519],[75.22060484725371,29.612570016623906],[75.21997323021044,29.61512635814293],[75.20674307203002,29.621940761286787],[75.20046717469842,29.619531458587915],[75.19751512116179,29.619245108399653],[75.18868543184531,29.624075188685364],[75.18277707205976,29.628787122689868],[75.18190392581975,29.632695011290483],[75.18276935498272,29.63785820368673],[75.18471466300798,29.641597735225524],[75.1851843981408,29.647689165884294],[75.18754850288204,29.651711269082654],[75.18001619380495,29.65290393037654],[75.17463659154882,29.65564247513875],[75.17323047836516,29.65768693187979],[75.17141331417038,29.6621931135518],[75.16795771649532,29.66706522182141],[75.16756104264591,29.670339833982087],[75.172457993845,29.671393074169416],[75.17638985345751,29.67055236629931],[75.17775210592049,29.671256388631853],[75.1794589738985,29.67442976949981],[75.18392370104075,29.673378594265095],[75.18728346891005,29.675971156660353],[75.1880813759149,29.678713578148614],[75.18806503366774,29.681336237376534],[75.19103080323944,29.681956647249905],[75.19286937552663,29.680427299270853],[75.19643157446517,29.681103055252496],[75.1983922594752,29.680128642794397],[75.20067282996614,29.681017906213537],[75.20294253830318,29.683887352321356],[75.20677622837057,29.687550293082694],[75.20664566513561,29.691467377326223],[75.20728321890257,29.69235909840754],[75.20823196395443,29.698374060264932],[75.20723493841174,29.70188562198224],[75.20380376691567,29.702058446677665],[75.20010184201206,29.70113221644518],[75.19777549702879,29.70328983971986],[75.19694421880611,29.716103570693097],[75.19926777993412,29.723325914895014],[75.2006208750629,29.726521861627546],[75.2038609676628,29.731906017595534],[75.2081445891679,29.737571867943007],[75.21031695332064,29.73884864139195],[75.21562703288298,29.7381609054086],[75.21863485088747,29.73644424018214],[75.22079938125547,29.733097452639164],[75.22413240925374,29.731448978846792],[75.22633050285201,29.728918469670568],[75.22932376828248,29.732447461604252],[75.2317026750202,29.733841634794466],[75.23815755554392,29.73999813182226],[75.23952381323117,29.74536398296592],[75.24133006544612,29.750532267584383],[75.24158821990208,29.754682619487845],[75.23865106807624,29.757040458897006],[75.23736985175637,29.756701839297772],[75.23591338636348,29.758144695733012],[75.23568703306493,29.759713915145824],[75.23329802190023,29.763827340270904],[75.2316899965805,29.767789036766956],[75.22809726997488,29.773329795263265],[75.22439040904113,29.780796330592672],[75.22626000188193,29.785425864720676],[75.22628599329022,29.78918555416147],[75.21626816052176,29.787757125071703],[75.21472083988353,29.791827049756105],[75.21266017713711,29.792670574475906],[75.2108096849141,29.79238684741159],[75.20854219994091,29.793198343877542],[75.20982104936382,29.80167655867404],[75.20870014444525,29.80475045418331],[75.21002023300554,29.809682721081412],[75.20923646707287,29.812451285335882],[75.20966192525609,29.817386846527654],[75.21120000113943,29.82038524742494],[75.2133199941311,29.82239164716393],[75.2139927615868,29.82402234528439],[75.21222968312551,29.829323043910918],[75.21028452494387,29.832922829011455],[75.20111257063351,29.8361455832303],[75.19923476290613,29.8378418408513],[75.1966325274471,29.837766032553407],[75.1951223837883,29.83927582623304],[75.19102329933006,29.841413392272734],[75.19057437488063,29.842715855643437],[75.19039463987674,29.850597583529805],[75.19274635305702,29.853221598315127],[75.19918587653261,29.85588418871803],[75.20407912456105,29.858348975101485],[75.2060270521333,29.859794478111468],[75.20888554204673,29.858666358719482],[75.21288713264488,29.85816538529937],[75.21752863153377,29.861964332127982],[75.21818379995531,29.864523203745307],[75.21762254924536,29.869055162034716],[75.21777420589635,29.881041782591858],[75.21745432948107,29.883046419163986],[75.21313071598645,29.885243051178648],[75.21010349166167,29.885969138381483],[75.20812362052538,29.887310404650144],[75.20488114992061,29.88831468563583],[75.19395012038967,29.889534788611567],[75.18810620099204,29.889439919427126],[75.18671705721555,29.89886251450556],[75.18551001008251,29.90351870098792],[75.1856518184715,29.91283491613259],[75.18476124193866,29.91611199613975],[75.1824983423611,29.91946692522848],[75.17819364403056,29.9216351394985],[75.17580664828895,29.923392214898808],[75.17206075518045,29.926996665044978],[75.17163267497891,29.928464154741235],[75.17330348417062,29.931776384749718],[75.17717438501985,29.936040342752626],[75.18063375802136,29.941546107900045],[75.18344273972758,29.941505854754553],[75.17811649176389,29.945923008650485],[75.17898619670261,29.94762424779213],[75.1821320864983,29.95002953642299],[75.1832956568464,29.95211641418688],[75.18095222263224,29.95294500796199],[75.18131243142672,29.957046640990193],[75.18235182561622,29.959969084170094],[75.18274130162524,29.970242770731044],[75.1882951551234,29.97353063966957],[75.19313955504201,29.977867787123277],[75.1950712582852,29.9809230097868],[75.19843460230392,29.98014401160883],[75.20576569062744,29.98025529214911],[75.20805581631514,29.979120061248324],[75.20746294496378,29.975640259929754],[75.20940170287808,29.973475073627473],[75.21184870308987,29.972238400628573],[75.21338380442812,29.969896144079232],[75.21747971501448,29.967574702891],[75.2207881172231,29.969169506247887],[75.2239052346899,29.968003077623603],[75.22714024653392,29.966029943851712],[75.22883713458009,29.96575968963132],[75.23259750473694,29.963483405772497],[75.23444462978287,29.96143533381373],[75.23749708397705,29.960148990515965],[75.24369181584777,29.967212311229602],[75.24498813833375,29.967508930167995],[75.24694517507795,29.970422415528677],[75.24904476921886,29.975649248723634],[75.24976436792942,29.982060021670204],[75.25070521450425,29.982923365154296],[75.26024310523381,29.97835005823391],[75.26505547147072,29.9775274766832],[75.2681550776663,29.976464435526683],[75.2730565450638,29.974050883231342],[75.2756362844401,29.976486419806836],[75.28119546716994,29.9796312311574],[75.27841395998576,29.98552569841871],[75.27175626714526,29.98988508971995],[75.27379543502751,29.993253463101794],[75.2743247181937,29.995979835804164],[75.27609414995534,29.998787292263255],[75.27889302390932,30.000767466952297],[75.28186185246045,30.004007393740377],[75.28337018244869,30.003355019087216],[75.28803781847306,30.006587668087267],[75.29278794164435,30.0126978913719],[75.29840493832447,30.019346512359814],[75.30083839157967,30.019670035529444],[75.30113699843955,30.020685369929453],[75.29855082764891,30.02038826182059],[75.29439877936183,30.020697618372783],[75.29295878748717,30.020271376526384],[75.29017201987398,30.02270708904648],[75.28771197758854,30.020912539279117],[75.28763051289786,30.017389649990626],[75.28440559445882,30.013451250075338],[75.28151795981516,30.011448407038454],[75.27660898628474,30.014191577861734],[75.26949461547036,30.014720382855483],[75.2668934494687,30.015392633487558],[75.25990978888551,30.016322773891172],[75.25840756198605,30.020266712066697],[75.25793784825646,30.02612765820319],[75.25616324695248,30.02828877315756],[75.25014522458483,30.03226555324287],[75.24916055150277,30.036875176944683],[75.25162940306747,30.0382650249924],[75.25185019747222,30.039288866056324],[75.25432861585762,30.041233005298643],[75.25527833176254,30.04277527509533],[75.25832480057555,30.0437798182102],[75.26380326660583,30.04879636054975],[75.26481644777894,30.050083632879783],[75.26701301420654,30.0485900537499],[75.27024866824459,30.04841990863021],[75.27040178259237,30.049480171087946],[75.27263650952796,30.0516715323319],[75.27193307437302,30.05322198590148],[75.27427617970311,30.055510828208945],[75.27569484281645,30.05810059822996],[75.27982058989069,30.059016739928644],[75.28314123187059,30.06093482168786],[75.28755110193009,30.061707600283317],[75.29132623952377,30.061564982170164],[75.29349037999272,30.06085926345817],[75.31424306273288,30.065041568875426],[75.31968249569172,30.065078446664202],[75.32260602224666,30.063735873284113],[75.32376098690854,30.060837543590697],[75.32537812901045,30.06083559951379],[75.3285596897089,30.063434327694367],[75.32900319527737,30.066908044265002],[75.3271493952018,30.070289480937994],[75.32404239528596,30.07362052376989],[75.31219833966597,30.079874032227707],[75.31087757423825,30.081094064565754],[75.30848945262015,30.086636255693822],[75.30793645301405,30.089160309829484],[75.30498907888591,30.093406686880915],[75.3010164487573,30.097247916539217],[75.30034717038004,30.10194967020224],[75.30162265105217,30.110165008249506],[75.30624237765848,30.111525028087378],[75.30972386893684,30.114024438703066],[75.31208786536692,30.112219145843195],[75.3144883577825,30.11305690520653],[75.3158364558631,30.11629279271088],[75.3172822329011,30.117223975578252],[75.31979310737573,30.11734475653366],[75.3231816158172,30.122888096662845],[75.32582878975983,30.122323391496742],[75.32862901159008,30.123215551169064],[75.33176845479991,30.126074734097376],[75.33569202049902,30.128650647068838],[75.33920455818378,30.13209648267334],[75.3416529320792,30.13234090537632],[75.34337658518703,30.130715974124104],[75.34642945606248,30.134536168737135],[75.3500171344151,30.137512308389425],[75.3498480290788,30.13861555567011],[75.35319174498453,30.141440974958087],[75.35249386491488,30.142440902128623],[75.3463415003259,30.144215447080942],[75.34365002790949,30.146264566292196],[75.34465586747417,30.148839633375765],[75.34336188781548,30.150271026370795],[75.34412696547719,30.151236241984],[75.3447872674222,30.155514007949577],[75.34546362513534,30.155921914977988],[75.34451621378759,30.159530286274755],[75.34582803606327,30.16073203542666],[75.3487348162097,30.160681314128155],[75.35044515986678,30.162410800876334],[75.35248725539414,30.161602384041252],[75.35688287561672,30.1614120916801],[75.3591716425955,30.164087154533835],[75.35663277620166,30.165723760292288],[75.35612066698971,30.168297530406946],[75.36106632618404,30.172624911131972],[75.36219530237726,30.174642250664746],[75.36397410806795,30.176051698418316],[75.35939072454153,30.179185819063886],[75.3569876835373,30.18249650513892],[75.3574853193579,30.187633988321615],[75.36044433110881,30.190481023367973],[75.36288364811395,30.191173676218117],[75.3658138227409,30.19368900138851],[75.36715713592234,30.19575649090918],[75.36659880996562,30.196510794241508],[75.3695245246014,30.199005975534618],[75.37029343002408,30.198031873221733],[75.37397671572974,30.198071879772407],[75.38047584744592,30.204291357465078],[75.38465530290915,30.204861324068393],[75.38722496107421,30.206891154018063],[75.387944856035,30.209360939629864],[75.38928468111023,30.209740911243145],[75.39026455752314,30.208551019021975],[75.39177056320231,30.209724084669745],[75.39207432630877,30.20780108956753],[75.39347414805434,30.206661190598428],[75.39641376341707,30.207271146316113],[75.39660855978607,30.20644156120389],[75.39354414883135,30.204381388910196],[75.39450403038299,30.202081590829106],[75.39293423506291,30.202161578818586],[75.39341417998689,30.200431730206244],[75.39559389688253,30.20037174061583],[75.39896347704948,30.195622161400404],[75.40024331265353,30.19477223989686],[75.40614255099712,30.19344237286952],[75.40948212931706,30.190162664691297],[75.41368159554636,30.186972953487576],[75.41682118934457,30.186413010065063],[75.41864095183425,30.186752987529125],[75.42795973798658,30.187312964887973],[75.43032942184736,30.189352796225155],[75.4386883261079,30.191572625817184],[75.43939823783568,30.190532718526345],[75.45091673711752,30.19126268800299],[75.45387634866881,30.192282609916226],[75.45677596530612,30.19437243589095],[75.4617953089833,30.195092390319452],[75.46655470050366,30.19230264420616],[75.4731138669719,30.187323095682974],[75.47616348385499,30.183713415297948],[75.47979302158429,30.181273639231705],[75.48051293326219,30.179923756330663],[75.48255267092682,30.179013842191704],[75.48180278783568,30.174754207475605],[75.48696211520513,30.174694228811774],[75.48725209225918,30.17137451755277],[75.48919923618854,30.170423655368356],[75.48850194083397,30.168294786429826],[75.48887190296107,30.16543503375763],[75.48995176999436,30.16392516951363],[75.49179153222055,30.16354520646571],[75.49106163147697,30.161815357150395],[75.48935186002927,30.16046546717345],[75.49212150824877,30.157965691764346],[75.49141161189594,30.15535591550337],[75.49438123877984,30.151766234719332],[75.49548109550841,30.15224619598127],[75.50732325972336,30.1434765270751],[75.50996412557687,30.14437777159644],[75.51868811690194,30.143027062477646],[75.5229675734307,30.13962736925908],[75.5268970589062,30.14032732075619],[75.52994665689768,30.141967189182807],[75.53289626153429,30.14518691775881],[75.53369614940623,30.146996763628216],[75.53806560054325,30.14231718127411],[75.54436479026892,30.140047399185345],[75.54847426635666,30.137737608572834],[75.55117390602308,30.14017740647618],[75.55471343651496,30.14215724471444],[75.55681315926704,30.144017090428882],[75.55780301979298,30.146566873006062],[75.56147253584565,30.147686787760133],[75.56441215301034,30.147966771721805],[75.56668186752505,30.14627692440883],[75.56847163327947,30.14630692813998],[75.57061136458573,30.14431710576251],[75.57372095528538,30.14503705245881],[75.57673378449535,30.143955399858353]]]]}},{"type":"Feature","properties":{"id":"03-490","name":"Moga","source_name":"Moga","state_id":"03","source_agency":"Survey of India (SOI)","district_code":"038"},"geometry":{"type":"MultiPolygon","coordinates":[[[[75.35677823291658,30.99331560808598],[75.35730590358511,30.991692720089926],[75.35737283959485,30.986846833992693],[75.35581646060427,30.982404112515166],[75.358619205291,30.98136361333071],[75.36344085088537,30.976183747937817],[75.36514794381719,30.972945966481365],[75.3676696749338,30.970020513735854],[75.36263192427289,30.961634175253334],[75.3608939155174,30.962205348555784],[75.3621921980519,30.9603168327553],[75.36117238072511,30.956366209296736],[75.3638627045831,30.95450531554443],[75.3658849452241,30.94786658040743],[75.36555778180158,30.943430287453573],[75.36626818854636,30.93670248064549],[75.36815190249601,30.937553771232416],[75.3721381348868,30.93734363888312],[75.37196729869642,30.935607765628305],[75.37053464151927,30.935620179655114],[75.37121162847693,30.933501039860033],[75.37148428029157,30.929578198879607],[75.36963616093725,30.92543294078544],[75.37342126838055,30.924149334337013],[75.37537807852146,30.927179168902708],[75.3790821840613,30.925621700404754],[75.38272981488716,30.92462672575865],[75.38058367428494,30.914262749691083],[75.37795789629465,30.906702743922864],[75.3809731287112,30.90585030150541],[75.38825217909974,30.905080387439266],[75.39323893285727,30.903893615587343],[75.394155489756,30.897835119004142],[75.39644599342435,30.897773510558004],[75.3962122461811,30.894913311062012],[75.39988345788302,30.892688977789202],[75.40458161148801,30.889095569272268],[75.40629385018254,30.883991893483902],[75.4007567579886,30.878466217742755],[75.39859094397424,30.873843150071057],[75.39863096277251,30.8675836958681],[75.3991353349673,30.864872312546012],[75.39543139675047,30.863594035108928],[75.38961218068084,30.858094499319087],[75.38257311899213,30.853434887600734],[75.37993213117566,30.852264301066793],[75.37558479211985,30.85138584067594],[75.37486497333312,30.848508575249145],[75.37255221582237,30.842949200283165],[75.3704747516862,30.840345997009074],[75.36794581756075,30.838848825950105],[75.3693149117681,30.838606146564164],[75.36737145216746,30.835424366458433],[75.36805665916555,30.829756367460856],[75.36735652906714,30.826657169809366],[75.37066760097431,30.82089887355003],[75.37506782402356,30.816414686159277],[75.37629280882466,30.814119167726272],[75.38051355115576,30.81080860688313],[75.387352665058,30.808648813024504],[75.39258609850597,30.807665932745575],[75.395928534471,30.804898719110923],[75.3950371544096,30.803628418462417],[75.39353490294931,30.79894040892707],[75.3932219447321,30.796259912827523],[75.39045235077835,30.78485090331256],[75.39046236005458,30.781681177012384],[75.38935524038165,30.778313052931086],[75.38739245293554,30.774980733574694],[75.38522309231794,30.769542222199373],[75.38522584977939,30.766033684194117],[75.38196355419406,30.759883057603602],[75.37956626830044,30.753311161008963],[75.37737565069638,30.751830838521403],[75.37812107311791,30.750650264816876],[75.3754204710385,30.74920694736978],[75.37531674603676,30.74557073693432],[75.37676850038295,30.744092019137366],[75.37564207082025,30.743192932851798],[75.37725099448866,30.739475468050784],[75.37288151892446,30.73722030747154],[75.37247049491981,30.73393209606476],[75.37582695710125,30.73038147747443],[75.37554851284362,30.728263428482144],[75.37739428017129,30.725996001581063],[75.37782386265202,30.72344777217132],[75.38196868541947,30.72434366415611],[75.3848436596594,30.72356000335271],[75.38594704098871,30.718895399742657],[75.38443339863633,30.716206874730947],[75.38461606078252,30.714195997581193],[75.38317357803749,30.712387204752403],[75.37790428042958,30.708847498949776],[75.37231383369509,30.708799944704438],[75.37038325831018,30.710598262889174],[75.36840825240846,30.707138208602174],[75.36870866338701,30.70115842567758],[75.36968403472233,30.699300716394394],[75.36849863111841,30.69436604189323],[75.3692554756518,30.69147898925049],[75.36738449356832,30.68815217654988],[75.36825032147419,30.68498034931514],[75.3714038035863,30.683115741248926],[75.37474137872218,30.679563346631586],[75.37639820495092,30.67863453219446],[75.37833603755266,30.672968523529903],[75.3792322996929,30.672660055450276],[75.38197192704443,30.66870544673349],[75.38199390764852,30.665891257195497],[75.38104336640328,30.66298661872018],[75.3758747401383,30.657521968967473],[75.37035819934624,30.649806261225027],[75.37021398201931,30.64696546755578],[75.37182277273078,30.646900768417737],[75.37343253596931,30.64475653903964],[75.37318515168148,30.641263377731438],[75.37536246575118,30.641075286094505],[75.37875225164898,30.639492547829448],[75.37764855581597,30.63695584254846],[75.3757631218476,30.628660122478],[75.3736102302604,30.626212569539707],[75.37656930220244,30.62405995479035],[75.37969436486337,30.62519479691554],[75.38690216379024,30.62627393204344],[75.38760832213225,30.626829676467832],[75.39259717173209,30.625072529998985],[75.39540904124486,30.62515411600832],[75.39656788537847,30.624357232178557],[75.39475355632226,30.62277540768128],[75.3959932361459,30.621085276608476],[75.40064637949938,30.619187135285205],[75.40180291366067,30.617544323595745],[75.40233062895216,30.6126683650194],[75.40154936771224,30.606488957140176],[75.39871182711046,30.597434957287582],[75.39716849215698,30.59420735445191],[75.40637761500996,30.58500145928659],[75.40880625472741,30.58406893184955],[75.40483126805245,30.575729176667263],[75.40493127704981,30.57024965203353],[75.40611112875294,30.569329737904244],[75.4064723245736,30.567308109348765],[75.40425138158989,30.566389988410695],[75.40925074434254,30.56191039115121],[75.40867083142798,30.559040639598887],[75.41555994079187,30.557070831331206],[75.41966941862385,30.553241176654684],[75.41955178322767,30.548772628191355],[75.41833962208052,30.545921808938612],[75.41380695849567,30.543810054144366],[75.4122789893116,30.540197335016053],[75.40837096144574,30.535422695149695],[75.40351160968216,30.531593013499766],[75.40000208031422,30.528333287039622],[75.3970024719658,30.528103298789368],[75.39525270505055,30.527143377881814],[75.3899633930965,30.527473333899852],[75.38825666822747,30.525790018856235],[75.38308430441884,30.52369364322029],[75.38021468127124,30.52340366075902],[75.37705509867033,30.521803790069146],[75.3753559013178,30.521662085369666],[75.37544827451832,30.51964582727886],[75.37443545446017,30.518474072481446],[75.37210576025954,30.517834123109463],[75.37113588298911,30.518644046853513],[75.36889618144079,30.51704418240887],[75.36777631905602,30.519103998343013],[75.36491669483166,30.518224067656146],[75.36364686840295,30.516314230201036],[75.36107277394301,30.515382809693335],[75.36068149172829,30.513123953642268],[75.35969251813398,30.514568230933854],[75.35586788248546,30.516524188674598],[75.3495187064571,30.51724410987803],[75.3466490842443,30.516814136105076],[75.34494931283658,30.514834306779207],[75.33812018667545,30.519453885815544],[75.33480061536021,30.520843753764016],[75.33490058975067,30.524043475897464],[75.33334078291635,30.52648325970121],[75.33014238441135,30.526013808202826],[75.33197392144338,30.528991610373083],[75.33168098047508,30.53178279203967],[75.32906130981408,30.535062501293382],[75.32644164918713,30.535892422526032],[75.32255214645836,30.538342197889506],[75.32119233128468,30.53674233389742],[75.31302158260776,30.5358824255871],[75.31166903859557,30.528493222286254],[75.3098207648196,30.528560078221037],[75.30941983886578,30.526892402822796],[75.30691423048778,30.52663317304495],[75.30417824258197,30.527540070152217],[75.30195354474229,30.52284252259116],[75.29729551356206,30.51905380494184],[75.2930279186486,30.51609929183181],[75.2940879514449,30.511640778917982],[75.28792677355075,30.50890466431326],[75.28524711741763,30.5105045175834],[75.28281345564274,30.50811504869554],[75.27743632489482,30.51221542044023],[75.27154980427639,30.515707958889216],[75.26935692419143,30.51654445893944],[75.26557009471358,30.520597229715374],[75.2620680621864,30.520947716442837],[75.25779066420478,30.519983617670093],[75.25567123106667,30.516574581364896],[75.25200482941672,30.51610327681919],[75.24904542001336,30.517905008321073],[75.24529231401641,30.514794036159508],[75.2441835256185,30.514978524679744],[75.24041859027511,30.513640645969787],[75.24007905959147,30.51143049185722],[75.23730337213857,30.51004442813535],[75.23369927605398,30.511877463647707],[75.23114195566167,30.50859037863759],[75.22697472866207,30.507634608841453],[75.22302390441496,30.507526530658296],[75.21910527560374,30.509273657550054],[75.21187207320601,30.516357569419984],[75.20571906502242,30.513366853735665],[75.20707240445208,30.51096325701964],[75.20586800315705,30.50879148652052],[75.20455139698089,30.509280436666064],[75.20303842068897,30.506952766016692],[75.20138806476075,30.50711458852733],[75.1996193372467,30.509462804635234],[75.19542882586238,30.512184129750175],[75.19372668519183,30.509405985866042],[75.19206023803895,30.508693529311017],[75.18847768108091,30.508788632449622],[75.18167062836132,30.510174268053955],[75.18087073047785,30.511084185753436],[75.1811406825187,30.51433390528346],[75.18043075413041,30.51998341192387],[75.18123607063097,30.52584031626358],[75.18307036481492,30.53308227867657],[75.18059158334769,30.54568022254247],[75.17992071605309,30.550290772202384],[75.17877967776121,30.552917603256052],[75.17448523469747,30.556812784480787],[75.17218571043801,30.560284398334073],[75.17169166462428,30.563069954360486],[75.16984153672523,30.56613260313465],[75.16898207209653,30.570189011666137],[75.1663551529767,30.57572080005318],[75.16591690714486,30.5783269305157],[75.16365675793466,30.579826130674054],[75.16075064962172,30.579414216018037],[75.15681167381575,30.576611466796628],[75.15435405795644,30.57667578125419],[75.15115437211851,30.577878295801458],[75.1457391558849,30.582386219868184],[75.14492835737785,30.581345481768338],[75.13866300262397,30.57608038060213],[75.13396708429049,30.574542869458657],[75.13020487619437,30.57211242741218],[75.12333359132714,30.566471130965112],[75.12162373932674,30.563243821832767],[75.12083942995808,30.560486768193915],[75.12253818314679,30.556170110468308],[75.12513046018086,30.55185898167056],[75.1264090432134,30.545931905989193],[75.12818385524035,30.542383001455992],[75.12969256810278,30.541076106664757],[75.13073667487508,30.53780395708906],[75.13148255833504,30.52986768263184],[75.13094880119463,30.52647860951204],[75.12961409512323,30.523627040789016],[75.12816347944228,30.52235523923798],[75.12276078160505,30.524489241883238],[75.11798685272075,30.523872303624778],[75.10884388848015,30.520980047647463],[75.1053242163856,30.521278863295546],[75.09992124768881,30.523352906399506],[75.09211225381712,30.52712256214336],[75.08442276885151,30.531755166688782],[75.07759415712279,30.524572745852023],[75.07281480896073,30.515583516621053],[75.0702351589302,30.51171384661793],[75.06564100471869,30.506706343715408],[75.06193840632083,30.501516637048766],[75.06102016237821,30.50324787512721],[75.05858889004307,30.50398637897132],[75.05501765831534,30.501675660392774],[75.05158007688043,30.503502134192047],[75.04884485940646,30.50141648069396],[75.04288396931767,30.501182693695068],[75.0417520859963,30.504297503018417],[75.0399882177144,30.50327213290025],[75.03726831244022,30.504658263053646],[75.0323876293186,30.504309985635018],[75.03206866381493,30.50249087559087],[75.02872366818646,30.497564791965996],[75.02053039455178,30.49105826507042],[75.01643224198732,30.49203542417358],[75.01282271595362,30.491085497761375],[75.00870325168297,30.491085486664097],[75.00467377508687,30.49159543291638],[75.00299399998443,30.490685508719732],[74.99907452099355,30.486785835308464],[74.99621488536917,30.48962558291986],[74.99348522296823,30.495575059105274],[74.99225536839765,30.499894680557922],[74.992665296831,30.505474197723007],[74.99371515022722,30.50891390049602],[74.9937651363724,30.51120369988494],[74.9917053915091,30.51530333911499],[74.99004559051478,30.52058287615102],[74.99163536538862,30.526072401686545],[74.99358509862797,30.529192134566905],[74.99708463099509,30.533231793159892],[74.9956248168296,30.534511677096425],[74.99581478612228,30.53651150400137],[74.99142534044184,30.541481061001335],[74.98998552283453,30.543790854416436],[74.98487618948846,30.543660853986605],[74.98074673122107,30.54267093166943],[74.976527276455,30.544320777893006],[74.97328768757552,30.54739050183207],[74.969618162802,30.54859038918211],[74.96374891903997,30.552410042870875],[74.96235908175403,30.557659581288835],[74.96315897008908,30.560119368628214],[74.9609722695788,30.561421120038176],[74.95590991111598,30.56187919770028],[74.95472005746372,30.563989013900823],[74.95310026863876,30.564468967954785],[74.95037061053957,30.569038561307853],[74.9467310812336,30.570378436023297],[74.94454574398182,30.572045036335773],[74.94807088776003,30.576187934889056],[74.95019069003348,30.58071131866544],[74.94716586175592,30.584602057826782],[74.94951066542667,30.586757018255785],[74.95228029060111,30.590856667784063],[74.95407005334111,30.59166660170701],[74.95525376931623,30.59348615307363],[74.95483231530464,30.595940983307035],[74.95212028948362,30.597736067479563],[74.94921065840218,30.601185760512465],[74.94810078437929,30.60702525026039],[74.94826075556183,30.60954503091948],[74.94665096316568,30.60953502840812],[74.94801077466549,30.614074633456845],[74.94858046652004,30.62302898828327],[74.95057040597965,30.62389378538504],[74.95322288703201,30.62607328249995],[74.95325004245808,30.62888335724589],[74.9549284744283,30.63457853755313],[74.95607964625316,30.636902664775917],[74.95368994550563,30.641092293454395],[74.95113026857624,30.644631980040355],[74.9499144097991,30.645120892407327],[74.95206013597554,30.647731712904232],[74.95814486246226,30.656474495275706],[74.95837927373127,30.659130734122563],[74.95806928997858,30.66718003030546],[74.95765933174255,30.670199768988912],[74.95605952186719,30.675299318074664],[74.95561957289112,30.677939086433692],[74.95213003387208,30.67681917647066],[74.94532091539747,30.679428933101065],[74.93896174853148,30.678279017748242],[74.9334624647419,30.679468902177067],[74.93111277134838,30.67922891655318],[74.92453363178574,30.679558871600868],[74.92211394886479,30.679288889014977],[74.92306379721448,30.68754817106895],[74.92180396097915,30.68787814068128],[74.91888424552396,30.685173444539654],[74.91869142689403,30.682399222031336],[74.91519483978166,30.683348520040138],[74.91371502104883,30.68666822477981],[74.91079816938753,30.691799455249654],[74.9098155069314,30.694457537824846],[74.9066659042917,30.69850717697039],[74.90418621413309,30.703266757720577],[74.90416620819093,30.705836532280124],[74.90524605577855,30.709876181848923],[74.90733576843394,30.714155812852074],[74.9086155849502,30.719215376132173],[74.91064530494512,30.724104956540884],[74.91088525641389,30.729134517134757],[74.91061527588352,30.73442405133183],[74.90863470864716,30.7366378363771],[74.9104451676401,30.73819776500729],[74.91209506173102,30.741223462714395],[74.91160048730762,30.743984707736193],[74.91228174092696,30.747823696382042],[74.91131465882135,30.748060393122763],[74.91183240915613,30.75137249198718],[74.91036710166145,30.75134148116409],[74.90767559702601,30.75401233508575],[74.90711855890802,30.758228681687648],[74.91164361291737,30.763621937300417],[74.91206254319461,30.7686528974763],[74.91056516736879,30.77061089467102],[74.91291037546128,30.77512251160778],[74.91408005125602,30.775190509896497],[74.91478124956417,30.77772600451451],[74.91491464895678,30.782227822912752],[74.92425775714528,30.785309647048717],[74.92832258468634,30.78806792920788],[74.93076180434934,30.789120691385662],[74.92844275401646,30.793778912956125],[74.92789206173303,30.796981184428326],[74.92808800755165,30.804486524017385],[74.92896264650311,30.806097839630297],[74.93430192881401,30.812097327624315],[74.93604169328583,30.814657108246212],[74.94065669158921,30.81932917933965],[74.94458410272588,30.826070188454096],[74.94674926327694,30.828141120734816],[74.94715018997275,30.830005794968464],[74.9460234315863,30.834230887709815],[74.94353063969284,30.837285148408675],[74.940929342348,30.83897862835051],[74.94096096795721,30.840574855543842],[74.94379937855555,30.84619440868084],[74.94475643094552,30.850464194046257],[74.94780982555947,30.85600299767115],[74.9468267893553,30.861540890942624],[74.94539938851403,30.862705821941546],[74.94469263388376,30.864938500177615],[74.94449963630147,30.868942814593332],[74.94395780290816,30.86975781388418],[74.94350179787448,30.876186894637186],[74.94271012664689,30.877697419588085],[74.94580140077905,30.8817658690451],[74.9479565568195,30.88181187161026],[74.95164803900613,30.885034651446244],[74.95320486833559,30.889285236132583],[74.95233529071149,30.89162986886091],[74.95366932599325,30.891654040148307],[74.95714934244988,30.889340742920186],[74.96023022834854,30.890370392573452],[74.96227586368725,30.890057441649493],[74.96669629460617,30.890521102536965],[74.97030117126918,30.889308335869615],[74.97378536216613,30.889088015790023],[74.98027735734642,30.8900411341503],[74.99644265482247,30.88858531382955],[75.00041079968456,30.89577870548532],[75.00351382335289,30.89437001978372],[75.00439374387902,30.893238914160985],[75.00855743900725,30.892498517485855],[75.01609855643358,30.892315708580117],[75.01790688540059,30.893322839434635],[75.02050074532681,30.89335656393574],[75.02255954720331,30.894878012572725],[75.02518509045444,30.894672607953023],[75.02740543300762,30.89687512242998],[75.0304125686449,30.8968051498811],[75.03298121473415,30.901452187325088],[75.03450384051601,30.906364467656964],[75.03403092515171,30.908686751354576],[75.03649178214019,30.917288759776895],[75.03962758550497,30.92035757671047],[75.0408186808767,30.922175856906936],[75.04808971195149,30.92259077776696],[75.0506262202802,30.923304728754587],[75.05318289099867,30.92520482811116],[75.05600965617373,30.929883131256283],[75.05988404851291,30.933132226501137],[75.06783101189846,30.942092507910587],[75.06985424641518,30.94506984203901],[75.07191530519216,30.94596364057405],[75.07819936403628,30.94625469465996],[75.07869591556418,30.94728313863049],[75.07757191384785,30.95592361708404],[75.07761825699811,30.9575606845808],[75.0825218054369,30.95719256477334],[75.08263140301804,30.957891618459094],[75.08653499247644,30.958636912273718],[75.08944751966315,30.964789163287445],[75.09286328334899,30.970192862592157],[75.09379840884272,30.975447062782916],[75.09578229852133,30.97495140250902],[75.0986944759133,30.972838001739916],[75.10296922720717,30.972098046114272],[75.10356012447302,30.974204231938618],[75.10307274573945,30.976164082806157],[75.10098453802401,30.976219720288295],[75.0995496891761,30.979110258705273],[75.09823444664544,30.9845443420986],[75.09668914859002,30.988205965214405],[75.09613321111597,30.991655871445914],[75.099064388248,30.993302561731863],[75.10217301344075,30.99751985108832],[75.0963290170302,31.002436086076916],[75.098144869569,31.005687992707603],[75.09885612234446,31.00879991686801],[75.10170323545158,31.01381090733841],[75.10316691978461,31.015310176778456],[75.10094809471875,31.018383642977355],[75.09965909363662,31.02158092961696],[75.0958143410836,31.025341275383813],[75.08652288878137,31.029000872671187],[75.08141661666717,31.029513372606043],[75.07888892748028,31.031366003008937],[75.07218897167716,31.03330438085895],[75.06779839767208,31.034152628388107],[75.06708952117062,31.036083089139858],[75.0678043395002,31.040746521161193],[75.06229443652691,31.040662764879617],[75.05294302826658,31.042848424354],[75.0487335542135,31.048177855380338],[75.04730580270632,31.0519247089894],[75.04880456278212,31.05445329610581],[75.04994010712352,31.059672190160608],[75.05305560720953,31.063639836764665],[75.05673580828038,31.06494969219594],[75.06203067318812,31.067649231415963],[75.0635566035563,31.06546714659362],[75.06527305921955,31.06011484926803],[75.06690921240464,31.05725647256678],[75.06824734199817,31.05343275434326],[75.07143599189544,31.052226278802728],[75.07095655880944,31.051557817023408],[75.07232075786112,31.047348480686708],[75.07298976929813,31.046818835890598],[75.07764249587365,31.047469998570598],[75.08243184489439,31.047505309771196],[75.08500919167754,31.04661862160297],[75.09099957804814,31.046770636917987],[75.09430801619415,31.047219347320475],[75.09617359827045,31.05023538379428],[75.09610984433127,31.053331363425755],[75.09680048884051,31.056192986736818],[75.09621812115464,31.059070088588793],[75.0937399562765,31.06030068471717],[75.08998372546723,31.060335753179036],[75.0845216989218,31.06211556141181],[75.08183016261854,31.06537527859457],[75.08364919148694,31.068753679427076],[75.08935688679821,31.069819677025247],[75.0924894971718,31.07122751313361],[75.09447247680296,31.071349781754492],[75.09857354376841,31.066534231585706],[75.10013505184698,31.065208613856147],[75.10393388999196,31.06622047494756],[75.10827593585506,31.068163786295713],[75.10479695709927,31.06913745765715],[75.0999499546653,31.072140138572934],[75.09930944020869,31.077371333613748],[75.10157810593766,31.077624288389572],[75.10926499529283,31.07517211101379],[75.11195235055722,31.07901924278615],[75.11630839336627,31.078140148207385],[75.11799358072155,31.0813692500956],[75.1201261742196,31.081680472120357],[75.12272515620863,31.080318605029955],[75.12682261350129,31.078979220783065],[75.12836828498271,31.076398507729355],[75.13298641248504,31.073840551650473],[75.13396122276018,31.07380843861402],[75.13720775126205,31.078843258034986],[75.1404462947696,31.081564567780568],[75.14196987099031,31.080542927848555],[75.1458072993374,31.085744202186643],[75.14818542165233,31.08405724642642],[75.15313475943715,31.083779797072093],[75.15491786136316,31.086287468389685],[75.15776690954351,31.086236434819302],[75.1624499249449,31.08951246079309],[75.16339113467008,31.088055788821464],[75.16319258171144,31.082622092992523],[75.16773043294722,31.083094197240097],[75.17250851671068,31.08310176878867],[75.1731029024482,31.08060921546268],[75.17845713933542,31.08146866795541],[75.18340978582381,31.077742905008634],[75.17849243981394,31.070965457965563],[75.17347083808299,31.06237013455155],[75.17432502792165,31.059317056848005],[75.17732122960885,31.053122877107086],[75.1792823662241,31.054285813717442],[75.18207404454978,31.05421600049037],[75.18508825166141,31.05555665602856],[75.19016351312763,31.056057720925143],[75.19414592044339,31.05493241469383],[75.19603834778685,31.053841453881855],[75.20119156518876,31.053437134592436],[75.20220485958977,31.054706086846195],[75.20681394817892,31.054173778758923],[75.20691068524557,31.048637460677185],[75.21000501584533,31.04614754655494],[75.2099950598509,31.04026526761022],[75.20893625550816,31.03924688009677],[75.20568576905634,31.03131261121403],[75.20240691378656,31.028086998367336],[75.20257254703064,31.026370835010493],[75.2013262256706,31.02614927547775],[75.20171777475596,31.024409060203418],[75.20401191099583,31.020179690027618],[75.20504680280986,31.021100923027536],[75.20363136765329,31.025096665573358],[75.20516571684902,31.027729147282887],[75.20639882980275,31.02816467005775],[75.20715177356138,31.025970156042366],[75.20923518815495,31.02646926877376],[75.21012026524004,31.029457054468978],[75.2112385265998,31.029110804613232],[75.21559683310528,31.032206283004317],[75.22153084468724,31.029482870121903],[75.22498136515823,31.029727357766753],[75.22400777883081,31.032247577927016],[75.22412374731861,31.034638115891763],[75.22766303314086,31.03647708736047],[75.23200404179549,31.037606584900917],[75.23414189363369,31.034408638857883],[75.23904791006817,31.031650277997986],[75.23971909504208,31.032625442185495],[75.25243798685477,31.03276252976908],[75.25386265149467,31.03219982571288],[75.25576681078992,31.030025291606453],[75.25783878581596,31.033878749811308],[75.25762881120873,31.03525862893727],[75.25911860430847,31.037758413763363],[75.25789000551543,31.040073181334726],[75.25603899694403,31.041228100035745],[75.25378180410324,31.044378335554484],[75.25556518898848,31.044398975647553],[75.25799947826808,31.043151915891578],[75.2651515161624,31.04377330008025],[75.26791841179057,31.043647652878917],[75.26836864505239,31.039916989468157],[75.2708570655964,31.0380784179487],[75.2736325926782,31.03844678020443],[75.27995348233632,31.041835666061864],[75.28160790579703,31.042106009388917],[75.28673498416424,31.037348524016707],[75.29103442763693,31.03565868509448],[75.29391824097651,31.0257849297143],[75.29482391612886,31.019064368616778],[75.29494318907497,31.014915713984266],[75.30882097620822,31.014516306106824],[75.30983995859046,31.009317139733067],[75.31509137624492,31.008181158680813],[75.32188621225355,31.0071078719426],[75.32779146946109,31.00986301646234],[75.32823193577538,31.0036264597723],[75.33148439233821,31.00324884692684],[75.33267909983104,30.999981925693124],[75.33623027214878,30.998322802139555],[75.33736513386417,30.993976792631397],[75.33948482769671,30.989561695259077],[75.3417011650387,30.987880818648627],[75.3478212958163,30.996903204634418],[75.35212615264865,30.997815682405193],[75.35195997548132,30.999281690544255],[75.35342710627864,30.998053306629043],[75.3563176797925,31.00134144554438],[75.35839728050956,30.99964048415061],[75.3562191995249,30.99819909924229],[75.35677823291658,30.99331560808598]],[[75.19533214529854,31.034970137914243],[75.19244491032978,31.04345652773845],[75.19010149447834,31.04675263964944],[75.19221257931629,31.047391508554362],[75.19371982682674,31.048775907379746],[75.19592539088293,31.046586329465743],[75.19630537943304,31.039993599816604],[75.19533214529854,31.034970137914243]]]]}},{"type":"Feature","properties":{"id":"03-491","name":"Sri Muktsar Sahib","source_name":"Sri Muktsar Sahib","state_id":"03","source_agency":"Survey of India (SOI)","district_code":"039"},"geometry":{"type":"MultiPolygon","coordinates":[[[[74.82180969939839,30.39285702145719],[74.81862839967022,30.38965799351492],[74.81427984440657,30.382076268813282],[74.81092929992897,30.378410029198875],[74.80871331109714,30.37469551142132],[74.8072715951679,30.371111346066375],[74.8051191467772,30.36727533002506],[74.8000467529951,30.360108784005604],[74.79626235398763,30.355647660007026],[74.79337650629653,30.346682310615805],[74.79284455757266,30.33725491330514],[74.79198563745274,30.33688333864926],[74.79117600444508,30.34027505454924],[74.7899687612414,30.341111969335447],[74.78882497635837,30.339639888905957],[74.78401833613374,30.339348205503946],[74.7815266869624,30.341431173812516],[74.77986729413132,30.33937449187401],[74.77130632804739,30.343823658026096],[74.75657802599405,30.350181323979218],[74.7531620487651,30.351442674263595],[74.74910898282087,30.352330666490378],[74.7326607284778,30.360150373954],[74.72384959786362,30.366128357812002],[74.71554555198664,30.36123503282567],[74.71005637159801,30.358883786096797],[74.70496569738921,30.357441271648227],[74.69999503041808,30.356679944462627],[74.69908157471475,30.35454001818947],[74.70096124218554,30.354205731614318],[74.70769240038129,30.35468861828983],[74.71408981890481,30.35256737240586],[74.71808978086958,30.35195941018748],[74.72449457530405,30.350292716957206],[74.72670640676193,30.35009383839251],[74.73400519786146,30.348463575013078],[74.74134959457388,30.346273814951278],[74.74911026451403,30.343143968351487],[74.75088435359913,30.343893337031083],[74.75338431977332,30.34338438665546],[74.75691111288853,30.34187554382589],[74.76032856647294,30.341750544878302],[74.76534852279813,30.340804689619226],[74.76740904605745,30.339945772112987],[74.77390275890237,30.339395624226135],[74.77443308248195,30.340111215834337],[74.77700330429101,30.33920535980829],[74.7770605662827,30.337789472918036],[74.78488635052128,30.337079261592095],[74.77505712916869,30.327387064918327],[74.76156584296601,30.3203028824121],[74.75330658495838,30.320039556161248],[74.74714066400169,30.321089048145012],[74.74548305020498,30.32059451396819],[74.73989598642541,30.317648711489394],[74.73373409157847,30.313125226899487],[74.72442417281634,30.30904284572669],[74.72738220913301,30.304289782017985],[74.72804560827937,30.30575801286882],[74.73350363784239,30.303981787857193],[74.73745296672698,30.30078466218797],[74.74028105178849,30.297647400702616],[74.74367881619445,30.292828725877257],[74.74789621604911,30.28913214304192],[74.75196126199148,30.286981530980228],[74.749110277145,30.28392060165337],[74.74225678260284,30.278346352487368],[74.7396544012834,30.27987035348637],[74.73730537829887,30.27980800602723],[74.73434849243579,30.278851780582148],[74.73525168867775,30.276971792682367],[74.73465554563063,30.274099835649025],[74.72591991769474,30.263512798422536],[74.72241079269581,30.25847227013946],[74.72030641785985,30.257276404874393],[74.72093892678494,30.255365022537518],[74.71908440793369,30.25212832292039],[74.71797471179131,30.248482938269163],[74.71780798519855,30.245261693864176],[74.72120711227988,30.243080940666744],[74.72115895128914,30.235857361110423],[74.7206222629961,30.234905017828048],[74.72182262893567,30.232869057827617],[74.72562909996626,30.229986461320607],[74.71798024479791,30.225630223290295],[74.71896295096798,30.22073952293173],[74.71822677756484,30.22054837300296],[74.7166578825761,30.217314302962546],[74.7128093593911,30.21327043340836],[74.71606847010881,30.20909780170324],[74.71546406806404,30.204250776401835],[74.71183212660318,30.196984135658546],[74.71265418389162,30.195695526527174],[74.71370717181618,30.19648663111114],[74.71759574110027,30.19657300697131],[74.72140159813222,30.19726766343974],[74.72444529826123,30.19715934574393],[74.72836195288305,30.194963440385568],[74.73421399622626,30.19232035420509],[74.73545040324788,30.18947993895457],[74.73725644701008,30.182809735565165],[74.73643118469641,30.18063514756523],[74.73435536299255,30.17887359672849],[74.7348764473632,30.175140425580192],[74.72962559116517,30.175360428721195],[74.72656170687523,30.172153764042765],[74.71755145674845,30.167987005084928],[74.71342781685102,30.16562156198462],[74.71075222360912,30.16525823570998],[74.7078226868426,30.16289534780297],[74.70323571044545,30.160107281096302],[74.69998068110309,30.16016415511855],[74.69724550988454,30.15928233355722],[74.69024479573832,30.161872526898563],[74.68742530677467,30.165147555793244],[74.68640153817351,30.16782479368359],[74.68502319911637,30.16688265677341],[74.67226869563571,30.16629771503067],[74.67041235921478,30.164202342093116],[74.66831993542615,30.165501564001207],[74.65781920741571,30.163612493069188],[74.65399608544651,30.162099530704662],[74.65088071742464,30.159170383010654],[74.64876073830277,30.157878627182164],[74.64471962298815,30.153140872428338],[74.64024945841808,30.150901747061216],[74.63908139295076,30.14870587598889],[74.63922741310205,30.14607360553608],[74.64026574612936,30.14340541653033],[74.63956882648651,30.142012149720273],[74.63317212626616,30.13581826456017],[74.62909841164276,30.1296248961922],[74.62987635744913,30.129364908130153],[74.63646183652338,30.123328606199276],[74.64075432761372,30.118368486892212],[74.64377848726217,30.1142388100675],[74.6487632342282,30.110333749323438],[74.6568133925846,30.109095700864028],[74.66242061642086,30.10859933724571],[74.6658455995552,30.107858937803584],[74.67155185318965,30.107917487727132],[74.67474947786731,30.110188208529216],[74.6784901153878,30.112065418252026],[74.68176624274042,30.113028403358573],[74.68422628733383,30.109687284817184],[74.68398508308645,30.103802930653657],[74.67982207136563,30.099021019966365],[74.67632867200034,30.0917918292584],[74.6737312018328,30.089761422445154],[74.6754371995882,30.0854493560268],[74.67680568182985,30.08052373944312],[74.68151648114498,30.07404929975154],[74.68264327198885,30.07197715211232],[74.68504572020771,30.07349385275855],[74.69136574928396,30.072022028457592],[74.6976416534065,30.069129074557296],[74.70493002033298,30.06466956234712],[74.70078233830489,30.061845682866558],[74.69447284697593,30.050152697211075],[74.69348941267755,30.046100892453804],[74.69365399134564,30.043702507485982],[74.69688956676622,30.037218393332054],[74.69436847432397,30.033558656642892],[74.70020661220737,30.029584528622614],[74.70514340846178,30.025438006961398],[74.7090151055323,30.01960688240235],[74.71110396340264,30.017643879948995],[74.71426402323843,30.015885757664545],[74.71724792194969,30.01344084912901],[74.71516377937188,30.010884649060742],[74.71194619746994,30.00354517128966],[74.7118079932866,30.00260387312688],[74.70840088546166,29.99904064096386],[74.7076537062715,29.996546469769324],[74.70347090372307,29.991460659035678],[74.70252068335718,29.98910956413119],[74.70055200755368,29.987117604577904],[74.70146910207251,29.98388924423223],[74.70656468115831,29.9796848143704],[74.70665389308367,29.97693854875707],[74.70218778114103,29.971979950621765],[74.69603706489244,29.9689930364072],[74.69362530097877,29.966891804960444],[74.69190810516825,29.963243632794146],[74.68899419287057,29.959176591505642],[74.68774357405526,29.955586758826794],[74.68633077657681,29.94934924961853],[74.6820438358712,29.943380039957336],[74.67865881565903,29.943101946534114],[74.67535299950325,29.942016843887913],[74.66973060127782,29.93925288782427],[74.66211742182901,29.934910840446157],[74.65822933251835,29.93230173724445],[74.65161236789478,29.926520728605723],[74.64860219856374,29.92058174826684],[74.6467043069773,29.911463970460506],[74.64919890807073,29.907543851535575],[74.65419157470465,29.90561247584168],[74.6468388308674,29.904388945540042],[74.63270886190905,29.90469517916777],[74.62924533543749,29.905074289395074],[74.62718475969253,29.906111770036514],[74.62217836873604,29.90747397040748],[74.6129625813181,29.908966488052585],[74.60738094400837,29.910761162396255],[74.60066028180967,29.912014042302072],[74.59669937543032,29.912310918319857],[74.58784764389293,29.91823002919603],[74.58244832156524,29.924390543295356],[74.57820295477161,29.92598015950392],[74.57413870590838,29.92701614012575],[74.56449009745754,29.927674193464533],[74.55898250661907,29.92713443473709],[74.56073338858907,29.929332717844247],[74.5517674856398,29.93521473512116],[74.54476925262345,29.939164900203735],[74.54201603839537,29.94014467768884],[74.5317549462969,29.94924055447645],[74.52971515500138,29.947056522829676],[74.52717256908079,29.942834424000736],[74.51650105309572,29.943821312513393],[74.50062070192651,29.944578615623108],[74.49395372392834,29.94458206014892],[74.48282423508202,29.945236679459935],[74.45246969309203,29.946805393982853],[74.44810460732754,29.94709807392379],[74.44492147684788,29.95178576298751],[74.43697519908706,29.962054800741623],[74.43291829306696,29.965995464883438],[74.43086783534956,29.97025444011805],[74.42750425121949,29.979058033046297],[74.42216171338671,29.99771531842222],[74.42876721832845,29.999941266863004],[74.44222252131367,30.003180074958845],[74.45277089889385,30.004969211189042],[74.4599022187043,30.006450885829757],[74.4626041062508,30.008885440254435],[74.46114946321619,30.014087409425546],[74.45804273305683,30.019249547235678],[74.45440870259199,30.026211481370662],[74.45148443241546,30.029724200210744],[74.45061813364887,30.029784959431503],[74.43599735076602,30.02804844374746],[74.430405270182,30.0269568230136],[74.42335413462398,30.026119077613746],[74.41221499783552,30.026523658104352],[74.40881990755896,30.027925271103264],[74.40580620872545,30.02856770254427],[74.41371357486769,30.028863247914927],[74.41444373826127,30.03226537259543],[74.41415793134358,30.035659144100887],[74.41342779928578,30.037001618961902],[74.40614247810238,30.043742520906832],[74.40312487260444,30.045638699913887],[74.39474044427361,30.0544450490411],[74.39284018005414,30.056764774671393],[74.3956088234692,30.05831309442008],[74.39387744409282,30.059447901246042],[74.3910018936354,30.06249506353644],[74.38831798684234,30.066199174367775],[74.38706789030762,30.069745583357374],[74.38744303001522,30.071769708123234],[74.38908888452526,30.074406778875314],[74.3805674357214,30.07917053610675],[74.36572800815338,30.087164757361926],[74.36995341092323,30.09627209743274],[74.37330610957414,30.104824819129863],[74.37183416757865,30.107660707013718],[74.37683553442824,30.11017685098981],[74.38364341399068,30.111935129384452],[74.38808093574006,30.111323347182264],[74.39082900307568,30.11007924964056],[74.39343770632833,30.10969079227908],[74.3965026582512,30.108404104422913],[74.40160514673964,30.10300321592238],[74.40286307677675,30.102301151222285],[74.40826419182818,30.095630612235635],[74.41283348839805,30.09760339373637],[74.40492796536739,30.105579104503082],[74.40070159077135,30.111055114742143],[74.39976233759891,30.112941476979127],[74.399974551107,30.11654768001574],[74.39464893014811,30.11880219621294],[74.38886070571553,30.124174484719312],[74.38174119641198,30.130193599831458],[74.38042175287435,30.132157777075125],[74.37865366840714,30.136625619052754],[74.37428280894925,30.146338871950572],[74.37466447090381,30.15341387365984],[74.35998365533311,30.154973964503373],[74.34538180407307,30.159527786057353],[74.33586968112789,30.163394129953023],[74.33655248006642,30.165267748176596],[74.34095703839691,30.17348322681634],[74.3426117832034,30.178039347721352],[74.34493143859116,30.18287757671018],[74.3479932515315,30.191868994465317],[74.34755082373951,30.19350689100599],[74.34480665470855,30.19918908261318],[74.34923321889237,30.208237634391082],[74.35268752371313,30.21399099150469],[74.35610524410907,30.232376288502508],[74.3581803017747,30.240701683488314],[74.34018227424498,30.243587915811464],[74.33542289660778,30.24319847012665],[74.32542686190365,30.24499896129979],[74.32376976875837,30.24497960628726],[74.31589996822453,30.24360532346529],[74.31181823569337,30.242603324010695],[74.30338695025294,30.24000110729549],[74.28643946801581,30.233351086999967],[74.27331193505422,30.242199107353468],[74.26935729430264,30.243541989117517],[74.26381897490202,30.246470937071546],[74.26312710049254,30.249906347850242],[74.26438955656431,30.253568369260186],[74.26831665606588,30.258671785515908],[74.27111000621164,30.263433373747784],[74.2734247736269,30.266156458243394],[74.27900354963418,30.271372382803023],[74.28318279143123,30.274649324831977],[74.28538028954189,30.273447542492928],[74.29752592981764,30.26534367279322],[74.29682837111453,30.269210161735995],[74.29730677383716,30.274725561827257],[74.29872123655633,30.279338611716582],[74.30222409314067,30.292456213440566],[74.30611022843297,30.30222148515972],[74.3033008498574,30.3062411909179],[74.3033802729198,30.30891289278259],[74.31212051806146,30.319778970324254],[74.32064159454708,30.326323124384164],[74.32544147660398,30.329586975098984],[74.32264918157115,30.331062941350286],[74.32176299390788,30.3347170287459],[74.32115322677458,30.340484094383083],[74.32108971483791,30.345782590112833],[74.31882770400634,30.35442553521146],[74.31751377926665,30.35642958013264],[74.31004554574673,30.36025382146815],[74.30779220958347,30.370213490608442],[74.30896858454771,30.374545841227384],[74.31247994815628,30.383054961802078],[74.31481794875297,30.387202638475518],[74.31653219523385,30.389143879428776],[74.34171447059573,30.38600512112002],[74.3533063298952,30.38233601778336],[74.3574821778701,30.38929293979603],[74.35842680804738,30.395731009350083],[74.35763222347926,30.402759378182644],[74.35129456078954,30.40540976928066],[74.33587628579278,30.40846169611991],[74.32832660701996,30.409242117570244],[74.31698392172889,30.409956169828703],[74.30926729278269,30.41160431023258],[74.30599376637296,30.4116195401972],[74.29971699680046,30.412699505433206],[74.29476873736945,30.414154672368475],[74.29254128473201,30.41415897041829],[74.2801970635012,30.4195935327662],[74.27450475859884,30.42115025168562],[74.26324191802017,30.42199120928578],[74.25822122917705,30.42267861543901],[74.24917297245788,30.425329684601355],[74.2440510780629,30.427498231849206],[74.24500406107363,30.428162440318292],[74.24917677602798,30.427065947143287],[74.2526871166914,30.426887590902897],[74.26681293316967,30.42814459613737],[74.27130867562846,30.42783976437638],[74.27455598043748,30.431214216078267],[74.2783320076809,30.4303995134982],[74.28727351317991,30.43530376217258],[74.29017369485952,30.436074781031156],[74.29747782051538,30.440237066676623],[74.30502554440812,30.444217517396577],[74.30632356271504,30.44609066184019],[74.3145264911071,30.44664793542379],[74.31603602450666,30.446233265628692],[74.32498027901607,30.445317388551878],[74.32813041347131,30.445701968718886],[74.33255182165611,30.450368600861605],[74.33762668647802,30.45528440685277],[74.34389538255527,30.463564407096367],[74.34634097177121,30.470401828309477],[74.34685354893297,30.475078436384763],[74.34620756171421,30.484276147259482],[74.35039418576328,30.4822035746345],[74.35609877505823,30.480684285060796],[74.36396450880531,30.480500481110724],[74.37487910110882,30.484184757786903],[74.3765185430638,30.485637584974892],[74.377148581114,30.487460431277828],[74.37776384299916,30.492390349860752],[74.37882470698362,30.49580214868223],[74.3830588162063,30.49991293382377],[74.38026687817441,30.50395696442847],[74.37716842420546,30.50977947557256],[74.37300471142977,30.512538900685215],[74.37625557530288,30.514872185405157],[74.38261970248556,30.520951838952634],[74.38742118102373,30.524790182712728],[74.39482857690224,30.52812273091248],[74.39878635209827,30.5268486352304],[74.4010719560051,30.535391101973644],[74.39581322126172,30.53780450245805],[74.39476045904263,30.539662642228684],[74.39324640289665,30.53992034349128],[74.39084178632262,30.54197441438156],[74.39049545025172,30.54447887627792],[74.38819557132483,30.546010707927284],[74.38054426535003,30.548394000649946],[74.37498530711555,30.548720407399937],[74.37567306426392,30.551485480984365],[74.37740717026355,30.55271829391315],[74.3774451236645,30.554093468866604],[74.37906805304814,30.555149848648107],[74.37977754167787,30.557533101040068],[74.37739847097733,30.557756200318618],[74.37607864577792,30.558763987853386],[74.3760777114405,30.5615600406285],[74.37536917528756,30.56154040035822],[74.37542718486299,30.56464356535128],[74.37476014710936,30.564628833694556],[74.37488466804092,30.567845304712925],[74.37419143065867,30.567848322354926],[74.37278849235213,30.571520631162837],[74.37136351266633,30.57213970316074],[74.37025521130232,30.57691939994729],[74.36905776805477,30.576791738085845],[74.36899531284791,30.579479013828607],[74.36796855029127,30.579461048949984],[74.36824593300798,30.58386042724668],[74.36679771949655,30.583771173861944],[74.36795292182423,30.585424453326404],[74.36874359777357,30.588421452386395],[74.37311247949444,30.588845384921044],[74.3731538463103,30.589894150816573],[74.37799269112556,30.589803084491322],[74.37806169062752,30.59054561201327],[74.38440223918225,30.590633640451664],[74.38625570381487,30.593138896157186],[74.39142907199172,30.59481122321635],[74.3927461415188,30.595803260437762],[74.40136883540255,30.597194964675648],[74.40439623504462,30.598206739928887],[74.41464426502763,30.598267171488864],[74.41464566403654,30.597676375547486],[74.41950240644134,30.597098927468114],[74.41988664265808,30.601810257502866],[74.4193224343961,30.60425886760046],[74.41769703952454,30.60507069441752],[74.41752487173437,30.606949850775955],[74.41523796051523,30.609568967007576],[74.41419567579844,30.60951062727808],[74.41375971338155,30.6122650726988],[74.41553540959978,30.610946909306758],[74.41859697333058,30.611008642633397],[74.42138745533879,30.61365628384255],[74.42438249378536,30.615118254986843],[74.42439091439394,30.616020161522037],[74.42727964173554,30.6170195698987],[74.42922369168711,30.618537329788218],[74.4307180781357,30.620721135132467],[74.43276152840816,30.622308454553675],[74.43639854255026,30.623615906364936],[74.44029363857358,30.626171037041658],[74.44336807370945,30.625629540706086],[74.44408298801976,30.62462969958398],[74.44706291553287,30.62445088957739],[74.44962975479501,30.62001149347918],[74.45154095629297,30.6192962565745],[74.455200113542,30.61509557790225],[74.45524585532698,30.614230074823002],[74.45767992800855,30.612883136267996],[74.46180409454277,30.60836340502057],[74.46418530127403,30.61557777725594],[74.45801261408127,30.62044839669985],[74.46682557627739,30.624767128328333],[74.47204614019218,30.627008262529344],[74.47414001911979,30.628969440268424],[74.48258322989732,30.631042602666724],[74.48493503745883,30.632080173236634],[74.48873695472123,30.634626223943165],[74.4922951773742,30.636038330567267],[74.4939519246682,30.637258782122434],[74.49013691523851,30.636431937223794],[74.48768011288082,30.636944980214395],[74.48289962794382,30.639694758731064],[74.47722328634697,30.64575198734267],[74.47583011978973,30.6477703720885],[74.47556698688658,30.65294097088717],[74.47637228633663,30.65523374712036],[74.47953387437524,30.65969617157339],[74.48335476905869,30.66400132581469],[74.48767820804245,30.66417939438736],[74.4933392382706,30.66265392554467],[74.49703398917039,30.66307930277301],[74.50166721680715,30.665085763871883],[74.50454446460871,30.6688722201068],[74.5251658490171,30.66789901738978],[74.53528453097529,30.666889123222088],[74.53828751922842,30.665726969516438],[74.54260357724485,30.66512929196833],[74.54824058949976,30.665921992114566],[74.56045639431406,30.665753742303355],[74.56589053762505,30.664119427274557],[74.57198974294252,30.663369503432516],[74.57423714780846,30.662601049676045],[74.5799425505778,30.658713440539618],[74.58943135071512,30.658305351005197],[74.59318713834986,30.65441243394011],[74.59559854742741,30.653163462841363],[74.59927047198455,30.64727473025634],[74.60304299188142,30.64636460843597],[74.60884395789182,30.64333259122995],[74.61051477116877,30.640971538342995],[74.61129821758495,30.63640479129548],[74.61352439128251,30.636441937515528],[74.61618403771855,30.638291780082152],[74.61924106114425,30.639541879764103],[74.62390306778813,30.62463298812448],[74.62359893995391,30.62285499893683],[74.62411305863911,30.61848352566831],[74.6266149663658,30.616303950767488],[74.62929388407629,30.616458973108852],[74.62879345747622,30.615282526373814],[74.63204544207397,30.614311364399764],[74.63406176711214,30.615743782582637],[74.6364360372415,30.615989064105214],[74.63409612501563,30.610196425832434],[74.63810795881514,30.60866468338692],[74.63970002634042,30.606704328085016],[74.64105015783667,30.600931795669126],[74.6418688707139,30.599033802783698],[74.64752701234495,30.59474155690864],[74.65765874558298,30.593755747197207],[74.65981846817053,30.59239587121839],[74.66041842342808,30.59093698076164],[74.66226815619576,30.589886095016322],[74.66491782497488,30.584736550254547],[74.66930513809712,30.579002683192037],[74.67435660909528,30.578867078384235],[74.67951834493549,30.575869251020205],[74.67969561955452,30.574030682965795],[74.68114405958327,30.573827885055138],[74.68307977980139,30.571608065401872],[74.68806484872744,30.56873799206366],[74.69110445541659,30.56757809967533],[74.69622847164574,30.56745047888006],[74.69812354438596,30.565708277749643],[74.69895773957948,30.563868354288637],[74.70814711834505,30.559775028350316],[74.70935210196694,30.557698997647254],[74.70872195590191,30.553958743797867],[74.70693020133668,30.551314069846864],[74.70711457880572,30.548527927816558],[74.70381896062685,30.545587789447875],[74.70192731215232,30.540330452105707],[74.7001236473465,30.539165817482004],[74.69668271761357,30.53836010466902],[74.69341425082497,30.533871037100603],[74.6898647218197,30.531751213951676],[74.68715146925614,30.529582820008596],[74.68517120492106,30.525837718309145],[74.68858694196192,30.518391578414175],[74.69122154266853,30.519489956147865],[74.69541963198766,30.518734633086417],[74.69590176175942,30.51763455393673],[74.69942772820058,30.51724823132342],[74.70626262613553,30.515672648628215],[74.7141620698727,30.512578894762136],[74.71854104030062,30.510263143688487],[74.71943164905517,30.504953208232706],[74.72085617499394,30.504704015252265],[74.72560014153926,30.502293853099637],[74.72857053082133,30.499899169746993],[74.72825018869835,30.499095830115078],[74.73486163324314,30.49422104492456],[74.73752266532969,30.492900570722348],[74.74303034548997,30.49390228953956],[74.74686739853426,30.492104787287914],[74.74910711587579,30.48920504342266],[74.75405645921691,30.492484770736766],[74.75856328007409,30.496583339165216],[74.76074649183481,30.493516835988228],[74.76125553899207,30.486035347047796],[74.7629231830939,30.483953343548308],[74.75898817156353,30.480861540889194],[74.756056236933,30.479915865981155],[74.7527166780466,30.477926030926103],[74.74950798213203,30.474186307132285],[74.74784535182685,30.472896545205945],[74.74140690051982,30.47303601020317],[74.74126129076234,30.470200758223335],[74.73734871743159,30.465497080038087],[74.73301684631022,30.46291839714533],[74.72949967378806,30.458130906470767],[74.7293897840305,30.45635785484941],[74.73176359272848,30.44941214912327],[74.73601554417156,30.445757577874488],[74.7379653670979,30.444709075718354],[74.74249617537133,30.440414792951554],[74.74755281139993,30.437268860890907],[74.75510316817922,30.433745392436528],[74.75205755371194,30.42919545269331],[74.7527797707538,30.427868175595876],[74.75931886739248,30.422940939656396],[74.75816682016539,30.41599704601323],[74.75586861738472,30.410247188412804],[74.75526001131193,30.407465497595503],[74.75552418062817,30.39843590331338],[74.75300911294636,30.394445641636036],[74.75633082230055,30.39112256491024],[74.75782286893265,30.390237635924322],[74.7603255761158,30.392633528143794],[74.76454538312393,30.39468329069872],[74.76792167737675,30.39692496573774],[74.7700185477063,30.397463243167863],[74.77480433514509,30.39626408418417],[74.78501271228107,30.3957632419049],[74.78866635212678,30.395960501281483],[74.79683116167307,30.399362958273176],[74.7980110088938,30.399412956320912],[74.80517008082175,30.397263156977985],[74.80739330601003,30.40123806153153],[74.80803399015149,30.400255251417263],[74.82180969939839,30.39285702145719]]]]}},{"type":"Feature","properties":{"id":"03-492","name":"Shahid Bhagat Singh Nagar","source_name":"Shahid Bhagat Singh Nagar","state_id":"03","source_agency":"Survey of India (SOI)","district_code":"040"},"geometry":{"type":"MultiPolygon","coordinates":[[[[75.89237825242091,31.275949807663995],[75.89480711946076,31.276196578639347],[75.9011393968327,31.280831165903276],[75.90354398868325,31.278737608957684],[75.90470152779986,31.28000773949125],[75.90709885359432,31.27847893916556],[75.90800494967856,31.2793332320752],[75.91125945015935,31.279458393663056],[75.91215288064117,31.2812990356729],[75.91453930679769,31.282776889643195],[75.91444785443817,31.28440036983749],[75.91576571795459,31.284511425486787],[75.91755750035884,31.2810280453123],[75.91601810016606,31.279789956703826],[75.91665533431203,31.278959901152202],[75.91908961498649,31.278830811185273],[75.91885620737162,31.277937854044232],[75.92210230568895,31.27739988943941],[75.92252962200934,31.27603468177722],[75.92508109971135,31.276132311015076],[75.92444026650035,31.273708714000794],[75.92546117041884,31.271862345117853],[75.9269577386154,31.27160241910725],[75.93251436254482,31.268820461802957],[75.93194222162968,31.272227645169178],[75.93445939725378,31.272382510984574],[75.93410381729625,31.274239169402108],[75.94024764811343,31.275002540963417],[75.94247481657254,31.27394189047937],[75.9410831373606,31.27315968124501],[75.94391490134115,31.269954370934222],[75.94470128594669,31.26808090441434],[75.94766875311053,31.265497902361652],[75.95043384987473,31.265154568451646],[75.95271154066464,31.263697820477905],[75.95470854788103,31.260783831345837],[75.9548635473666,31.258780763386806],[75.95277850025985,31.25555281633771],[75.960850971637,31.255642875952514],[75.9678345803144,31.257231853950042],[75.97082688202534,31.253045589632276],[75.97223505849304,31.253130290850155],[75.97988188440266,31.255924880555696],[75.98739395324088,31.256414824962835],[75.98736056089938,31.25756210070246],[75.99321862163103,31.258757544922727],[75.99607390468914,31.253487705623957],[76.00297646528367,31.244418211202785],[76.00544360825086,31.245127971344584],[76.00756046449378,31.24446023243323],[76.01257770359739,31.24984584628169],[76.02212061784398,31.256442800362393],[76.02206262217251,31.258290194927408],[76.0252986452118,31.259241210381685],[76.02913371810452,31.250607800904252],[76.02632812487866,31.249858983183184],[76.02678012700447,31.245618237187394],[76.02793705651052,31.242568211203473],[76.0338091959816,31.23800740574589],[76.03507633241931,31.237718639076004],[76.0456784398329,31.232000332073838],[76.05463947322949,31.226253374511277],[76.05459361733278,31.2245514734736],[76.04967528920136,31.22293417867104],[76.0474747422183,31.219713964255845],[76.0450073301041,31.218495733812475],[76.04930943758478,31.21349499653943],[76.0504485242767,31.215525738415355],[76.05345082145364,31.216670551262457],[76.0582713279431,31.216365556134555],[76.06245531356409,31.216932405661733],[76.06125321159668,31.218360556036096],[76.06529832240508,31.218769913432464],[76.06386128699336,31.221026618419135],[76.06425157036153,31.225392536683245],[76.06819244955344,31.226590463017402],[76.07746466454591,31.22816805383855],[76.078722748522,31.2267116083184],[76.08359909622996,31.22483795888009],[76.0856676635392,31.22579402458428],[76.08663483446337,31.223692534657943],[76.08743833295968,31.218737031729383],[76.08736945550886,31.215110139703466],[76.08859895471916,31.21432723189624],[76.08756877276625,31.206391540946175],[76.08646737840331,31.20440228522604],[76.08525635502644,31.204285962802732],[76.08683657345688,31.199819743063934],[76.08864040348507,31.197298786714097],[76.09118125615686,31.197147132940817],[76.09407508644287,31.192097948284804],[76.09340270984468,31.190267537608012],[76.09411116917524,31.188503264204414],[76.09330122248329,31.186968623086006],[76.09550335074199,31.184920244630185],[76.10013737098834,31.179175753489],[76.10213459358052,31.1774542913017],[76.10547159455616,31.177527744687445],[76.10628143721814,31.17411436594901],[76.10904277710564,31.17194634596085],[76.11174103261192,31.17071747681876],[76.11417774077574,31.16817819063947],[76.11729072948825,31.166625391290278],[76.1216553323805,31.16651104530785],[76.12957537603431,31.16940890594561],[76.13125540423692,31.162262061586073],[76.13289070222277,31.159209270996303],[76.13284838353783,31.15642771952669],[76.13519811553981,31.15411600472984],[76.13590292734666,31.150565962199046],[76.13720345464486,31.146884453975037],[76.14010157784654,31.147897148805193],[76.14419631490337,31.150457293749486],[76.1438559960781,31.152166689863154],[76.1559423962088,31.152838266945388],[76.15739620463208,31.14573109253201],[76.15676512481144,31.144315165666747],[76.15499096049714,31.143715745030818],[76.15605927666984,31.140840664295713],[76.15923857119752,31.14139329649578],[76.16061113005983,31.14028278240878],[76.16656227060136,31.14032761237008],[76.16687370777431,31.138206447568752],[76.16779602765625,31.138323309272526],[76.17010171928072,31.134526508760064],[76.17119883777464,31.13443201875109],[76.18076623595732,31.135775241682243],[76.1848780411947,31.13450875952715],[76.1877657147383,31.13288793705621],[76.19210493257668,31.13336977242202],[76.20657067784519,31.136290044921413],[76.20998794278965,31.137152907910938],[76.20611104673988,31.145268768113727],[76.20693417560442,31.14611038248561],[76.20542856696733,31.148789369656836],[76.20508223591607,31.151272617886466],[76.20255763032831,31.153177429841616],[76.20087932068796,31.15634776298291],[76.20775458136856,31.159027461571398],[76.20581220983887,31.163401317036374],[76.20521490216183,31.16904643585742],[76.20276800586522,31.17019029669959],[76.20040048821492,31.17330773947571],[76.19686610973137,31.176199748830623],[76.19565515506306,31.17972360846645],[76.19715218574697,31.181953396892006],[76.19570943460285,31.18375228708283],[76.20682249968131,31.190064506011623],[76.20912312898437,31.190888480491026],[76.21187398592417,31.185679811366604],[76.21580417867983,31.186783940072267],[76.22004429743987,31.187457619028738],[76.22180499647878,31.185455523342892],[76.22673554826527,31.18576944726624],[76.22879384984444,31.185342883554693],[76.23327528979037,31.185542900284176],[76.23820423616002,31.1868209762269],[76.23857383875827,31.188849953365615],[76.24183852370673,31.19197726134786],[76.24606249459298,31.196672179269758],[76.24434553747594,31.199252238492697],[76.23755804414002,31.20400693226072],[76.23673553361064,31.20679669417239],[76.23581846050101,31.2053580217777],[76.23478966629781,31.200861078174906],[76.22985668201217,31.199890507689116],[76.22920608107168,31.198544603348754],[76.22703176429623,31.197956882507135],[76.22466425718225,31.198334929058134],[76.22458886819524,31.202270366463008],[76.2258755666394,31.202371208187287],[76.22619813101485,31.204829681334164],[76.22874638879355,31.208550414079586],[76.23009924510008,31.213285881522694],[76.23455172408049,31.217223421593378],[76.23543314648866,31.226329299153996],[76.23824723666361,31.22538647493911],[76.23875987551384,31.22667232425851],[76.23911749649818,31.231746425147346],[76.23721061665744,31.240683346875233],[76.23596027497835,31.242589379229887],[76.2363396450042,31.244199611258207],[76.24445757847934,31.245126818425597],[76.25117420458571,31.23968870880824],[76.2569799773467,31.236536018880635],[76.26838628391826,31.235855917002088],[76.27394589219543,31.235844809631303],[76.27722691914849,31.235263641759214],[76.28024864206827,31.232175497200856],[76.28133467052548,31.228681993766184],[76.28978056643018,31.22320542119519],[76.29473755821665,31.220428592183644],[76.29847234967423,31.218998438711687],[76.30269502950898,31.218192022835957],[76.31284580185493,31.21536392870999],[76.31816353365005,31.2142351660666],[76.32223196456448,31.21762665890093],[76.32428192760212,31.2204364414029],[76.3286219704572,31.22410264834834],[76.3294202191936,31.223781888452848],[76.33257483979284,31.225386125981977],[76.33466897373593,31.224824716280736],[76.33871320251936,31.22223255465906],[76.33885684228565,31.220085067796866],[76.34001094990822,31.219450742221962],[76.34052983799315,31.216412466772503],[76.3418885687658,31.21578123146427],[76.34431131825497,31.21205856554665],[76.34680667994537,31.21003547009939],[76.34815983967268,31.207627529955534],[76.35307840318366,31.207279285501443],[76.35502528436169,31.206143565092784],[76.35619622883172,31.201003916101076],[76.36118031284062,31.195775748404017],[76.35981457524083,31.19312126966675],[76.36565810145986,31.18915735116641],[76.36557756213402,31.18780049846551],[76.36730145031015,31.185854358177917],[76.36744460756056,31.18315221227468],[76.37012326203093,31.18122207448965],[76.37089044102296,31.17735680403732],[76.37371718599704,31.175539018253605],[76.3733494707282,31.174390947930718],[76.37705761618162,31.170388372608688],[76.3783969336862,31.167754649636393],[76.37811888150691,31.164342909115295],[76.37937585913862,31.16159891203617],[76.382369132881,31.158352286442128],[76.38214272607688,31.157118282482113],[76.38347114639191,31.15334373694114],[76.38475348599648,31.151950495755035],[76.38745539759785,31.151521525688413],[76.38848194955715,31.14858329465285],[76.39358114336407,31.14659534102534],[76.39573963100943,31.141935564475446],[76.3994279091303,31.139389056597256],[76.40159108444676,31.138598265938885],[76.40262545485218,31.137094183078677],[76.4060545761883,31.136267124867242],[76.40793965464745,31.13464848547804],[76.40925516495562,31.135181338542612],[76.41028505825673,31.133734492639853],[76.41291839308505,31.132720317214826],[76.41354239761067,31.129517656350895],[76.4165792964653,31.12736872577754],[76.41761416724161,31.12497919553571],[76.41929823417183,31.124565852967013],[76.41944052098457,31.122649706502276],[76.42101301551564,31.12136540031516],[76.42091207482255,31.11904822546814],[76.4238394476779,31.117119749529145],[76.42726683288737,31.11702749134818],[76.42917238866913,31.116233609269834],[76.43123383867105,31.11262013189873],[76.4321162082206,31.110120025583015],[76.43157215922453,31.108861843622524],[76.43234702443793,31.105843292491823],[76.4312289787512,31.102455771751334],[76.42928813420944,31.09919197669461],[76.42577414306268,31.095872218783366],[76.42650422325413,31.094652319771928],[76.43126032629645,31.092250501624996],[76.43216084083785,31.091286614688954],[76.43170435344916,31.08941989205825],[76.43396546308657,31.087783538794632],[76.43283366245298,31.084575874524393],[76.43573046935205,31.083254954657207],[76.43486203496767,31.079378506976788],[76.43736693525676,31.077437574027385],[76.43981542389184,31.073866336469738],[76.44167132885849,31.072426358194946],[76.44464420441524,31.06874964230077],[76.4462484575602,31.067514636970124],[76.44574369533098,31.064560377153214],[76.44709015912777,31.0645595725968],[76.4487376258105,31.061111142331203],[76.45156434584017,31.059300105519494],[76.45110342579764,31.057211030194658],[76.45221597856434,31.055827449498814],[76.45539637513016,31.055880571021167],[76.45732846388675,31.054211287290993],[76.4573005866828,31.04986427177858],[76.45972555555426,31.04903593221329],[76.46204179482224,31.044647688623527],[76.46310764535721,31.040274439467545],[76.46483830990013,31.03790294257672],[76.46572387026274,31.034820828294176],[76.46667427286353,31.034029127989516],[76.46695890580115,31.031614378753396],[76.46971287924791,31.031016461881368],[76.47016667871678,31.029804473267223],[76.47646978219566,31.025192543929748],[76.47762266258722,31.022952405690198],[76.48406828020238,31.021334069186924],[76.48513478915308,31.019125231570886],[76.48509871958574,31.017145821050008],[76.48663939236532,31.015736120356852],[76.48649985708279,31.014388848857777],[76.49068851653922,31.01181340027021],[76.49390285954598,31.00871771565804],[76.49759481667444,31.008260778791758],[76.50023061696724,31.004957504414936],[76.50517641938923,31.00457656156196],[76.50624400477109,31.005248654651776],[76.50921020719134,31.002902299121658],[76.50960777136375,30.99950899010954],[76.51107104896296,30.99870398228255],[76.51556713781603,30.997604454794686],[76.51858826292991,30.995348228744056],[76.51780522086244,30.994389613671245],[76.5157152687259,30.9888593379132],[76.51213940655069,30.982389154688597],[76.50968943872027,30.97984257568156],[76.49886155125394,30.980111529352325],[76.49424504757455,30.979457891738978],[76.49362043318807,30.975418452989132],[76.49029225534781,30.976660734801065],[76.48647123801925,30.976540542288333],[76.48199258037059,30.977616311112076],[76.47942152008807,30.979518554113824],[76.47383582467249,30.978111116709893],[76.46840943270726,30.97569891237552],[76.46776993493009,30.97663250589734],[76.45746538551528,30.976260819462784],[76.45812596044632,30.973372128768034],[76.44228509726071,30.972487209682647],[76.43834460528188,30.972033373615872],[76.4303532735012,30.97214531750883],[76.42073703910533,30.972561497508043],[76.41458586010171,30.971351529799616],[76.40683066539057,30.972562500996062],[76.40648258125817,30.9758558508251],[76.39975373484879,30.975929314522332],[76.38411518060359,30.97544913123223],[76.38125400331886,30.974591214326843],[76.36922188919338,30.974738301180075],[76.36914704773537,30.972314973679193],[76.35876577573966,30.969096755799086],[76.35172896452211,30.971758923182936],[76.34371204694104,30.974318860147015],[76.342822132406,30.97490647061088],[76.34494535642554,30.980612802314724],[76.33195110013368,30.979170875203188],[76.32508908094697,30.979205933522504],[76.32639040916892,30.988077098070328],[76.32736385974495,30.99290062951849],[76.3265328930255,30.99427237379303],[76.31893458956606,30.99439800769979],[76.31679539317342,30.995506865999104],[76.31336010666665,30.99515590716328],[76.31311021514693,30.993900981898665],[76.30593619537915,30.992269393293935],[76.30559616354655,30.98783878905607],[76.30263283023619,30.98869972712737],[76.2967561325689,30.988421082603754],[76.29581654683386,30.989621640792066],[76.29174832486673,30.998072777249547],[76.29270614513138,30.999202969585046],[76.28971369207108,30.999893058733054],[76.28677906730769,31.002421156031676],[76.28270016245163,31.002085960359537],[76.27674442184109,31.00017864515982],[76.27614393503818,31.00237116655807],[76.28093828554668,31.00403209481881],[76.28442080477247,31.003048984239907],[76.28658165397417,31.003257508223214],[76.2894165702912,31.004624379541813],[76.2875382017402,31.006760881729537],[76.2879180963152,31.009141399479486],[76.28052028747219,31.011478003977274],[76.27703141782159,31.015067710276753],[76.27471412346135,31.01546040028658],[76.27380821323278,31.01300064564689],[76.26729348346313,31.008174131420926],[76.26409141501965,31.00549343331631],[76.2638853405822,31.003117771870823],[76.25730414285415,31.00897925120138],[76.25624064462681,31.01042999346873],[76.25398469145684,31.009632075766806],[76.24227324311626,31.002894773542295],[76.2409955413785,31.00242351154306],[76.23411162048107,31.005937645123836],[76.23330885035504,31.005049762222036],[76.22507904238921,31.00544675806411],[76.22466648230684,31.002896340986872],[76.22289117105572,31.00335176458468],[76.22232289621739,31.007096431276615],[76.21989263318922,31.00846161422916],[76.2200167464736,31.011644219844474],[76.2180152731117,31.01236251484083],[76.2110258793469,31.01208122938618],[76.210264828568,31.010379890930555],[76.21214361384287,31.008446379714965],[76.21337731828116,31.00461117514886],[76.20435079765998,31.003460770188862],[76.20452054290388,30.999901786244365],[76.19726307791349,31.002047954148964],[76.18429569358646,31.004510224909744],[76.18184680148958,31.00550254381721],[76.18255018245854,31.003696979824532],[76.18603980782815,30.999903856648807],[76.18781863825882,30.99618409294774],[76.18286872023366,30.994655325417515],[76.18049048547383,30.992082977663834],[76.1794587127896,30.991794508308057],[76.17597900770744,30.99598496652843],[76.17476466232905,30.99588575575189],[76.16659083428618,30.99326362747721],[76.16873635633013,30.989454750030724],[76.15951587636873,30.98686429432281],[76.15779338903063,30.98872578965413],[76.15135967013539,30.98693694988472],[76.14308186420611,30.985819576817498],[76.14100417266167,30.989906554789126],[76.13614940900005,30.997543759653542],[76.12754901201976,30.99688161681759],[76.12240196079189,30.996795775223912],[76.12249590553952,30.993050151588466],[76.11535571941639,30.993467725972263],[76.10413777856785,30.996244749739198],[76.10318562315413,30.998374646291815],[76.1011505414379,30.99758502009071],[76.08815366717373,30.99509532028007],[76.08348892220714,30.997257067804195],[76.07764069447238,30.997338646468727],[76.07478576737948,30.998067282487124],[76.0706156430785,30.995706833391008],[76.06758836960697,30.997741828619088],[76.06657844635043,30.999852635574435],[76.06319271830459,31.00047151224359],[76.05451470208024,31.000233251248456],[76.0496220084699,30.998847144432858],[76.04508272416211,30.9986279452989],[76.04053205835227,30.997681434215536],[76.02674777706865,30.996813938389753],[76.02437383556918,31.00128082107125],[76.01879166966535,31.001915193860075],[76.01031396585266,31.003640175035635],[76.00421382967967,31.0039182597965],[76.00482419174936,31.00639374853794],[76.00121455715778,31.00666581282155],[75.99894731988041,31.007657699917676],[75.99162937629103,31.009227849138345],[75.99026985973028,31.006213187530935],[75.98781049529214,31.005174843977372],[75.97810955460183,31.004719576935802],[75.97103875102,31.00406429809638],[75.96900434280155,31.012966271079296],[75.96950735749927,31.014702579460973],[75.96641339564155,31.01647515557578],[75.95925741663271,31.018336310973755],[75.95707790101434,31.01790044071692],[75.95638340280824,31.017721792146627],[75.9534817663533,31.02040785439053],[75.95123055688784,31.02163343305066],[75.950887761364,31.023325773443734],[75.94907899331488,31.02624089347647],[75.94936573070626,31.02951904092596],[75.94716543342734,31.03025217523275],[75.9477593254227,31.036293239738644],[75.94746640983287,31.03861677806686],[75.9427155803657,31.047571505179576],[75.94193653046398,31.05335348519195],[75.94311298333155,31.054199481412297],[75.94203501978777,31.055596667904986],[75.94282078939696,31.057912829837534],[75.94502245458098,31.05875603936166],[75.94066558863236,31.06079205815504],[75.93704074924912,31.062017510304962],[75.93402557619811,31.062478449525532],[75.93056859954717,31.065015770329413],[75.92993219511305,31.06797179882139],[75.93099653151506,31.07250313407996],[75.93159648519158,31.072199599786813],[75.93265875013394,31.076565752322253],[75.93057668248623,31.07726423477418],[75.92921960262645,31.084249842694675],[75.92755325599234,31.08892743485643],[75.92664965948198,31.094265395095405],[75.92410644018912,31.094382705986558],[75.913702330591,31.098407005045313],[75.91321718452512,31.1001448233889],[75.9144028040311,31.104338294067773],[75.9155997526769,31.104284248028048],[75.91618598206925,31.10669243253997],[75.91563952585231,31.108782137325168],[75.91033901677325,31.114531021742057],[75.9071633874642,31.119637052543954],[75.90655029510027,31.121559560111557],[75.90330375944126,31.12548476787452],[75.90270410040415,31.129953538945717],[75.90046736249963,31.13662811435039],[75.90147619940485,31.13924396519127],[75.90089867615751,31.14317488614746],[75.89999988472069,31.145139420504663],[75.8991123177046,31.149791674890317],[75.89935484567468,31.153247279672577],[75.89810732005712,31.155347238841923],[75.89078679153624,31.153884474568223],[75.89014161472596,31.151361470314495],[75.88838229754788,31.148142342268613],[75.88853700444268,31.146229777946896],[75.88590820880397,31.145777758220028],[75.88321981160169,31.15006094574168],[75.88411396814014,31.153332335198222],[75.88414661253772,31.15622744879722],[75.8856593006901,31.161972818309152],[75.88581769424468,31.16612121902996],[75.88025028132829,31.16540268296896],[75.87468729740095,31.163087587457095],[75.87266854193952,31.162676350702995],[75.87047835009456,31.166387302561716],[75.86593312797979,31.169575155827538],[75.8646991877555,31.171941753899926],[75.86169782048843,31.174362934113],[75.85442942540766,31.17470815775724],[75.85153852202988,31.182952691467403],[75.84301999887971,31.18478876070619],[75.83709227438843,31.184364666916444],[75.82980698331215,31.184599994008767],[75.82816758923282,31.185289689371213],[75.82112804377897,31.186854337406125],[75.81983518606555,31.18916771000549],[75.81422882009795,31.188191206062246],[75.81188124695501,31.190466808217305],[75.80825817006753,31.191052730830787],[75.80689605210819,31.193229660599332],[75.80061799959111,31.19370455071947],[75.80008986814417,31.194237934616314],[75.78809428125533,31.198398521917206],[75.79156939033983,31.199288333262217],[75.78796737837114,31.205047761248963],[75.79150333956237,31.206892178543082],[75.79658093216987,31.211526284548015],[75.79803056096476,31.21617585835089],[75.80158510682551,31.21570945241555],[75.80403368485986,31.21684896832225],[75.80986523507761,31.221018925382808],[75.81410217615232,31.221176808773688],[75.81772699489119,31.222343294397625],[75.82249064875545,31.2231284379058],[75.82739506785066,31.225937303936966],[75.83999529740079,31.230254707673687],[75.84303773296391,31.232504220194294],[75.84972028035986,31.23423295237399],[75.85371424999167,31.234513212918525],[75.85484868449096,31.23347744357399],[75.85715398396646,31.23664503009595],[75.85812983285653,31.24240135287655],[75.85621398284297,31.246981966829242],[75.85158061155305,31.250301715455734],[75.85264534901715,31.250684733426596],[75.85261622224223,31.25343453685329],[75.85114475962777,31.257933532209602],[75.85027113738795,31.2589102873075],[75.8462806155227,31.259920683509417],[75.84532452023784,31.261138750341694],[75.84142249405097,31.2622102296005],[75.84121814532307,31.26567984145052],[75.83840159489704,31.272549547469715],[75.83837875068123,31.278629770738483],[75.84275193127904,31.282267556118512],[75.84513052310848,31.283077352413276],[75.85001936420012,31.283178589794463],[75.8511098749106,31.283718605500987],[75.8530796219706,31.282588711968195],[75.85246970739047,31.281268827313227],[75.85453447129302,31.279167052988083],[75.85645277828132,31.27950258740288],[75.85818531736264,31.27862868470305],[75.86015508266263,31.27640252249319],[75.86450962757988,31.27684569327004],[75.8649745236433,31.275778672832665],[75.8675877467984,31.27524940774511],[75.86977329969349,31.273874805403096],[75.87355699753427,31.267380118898934],[75.8754750029777,31.26212403181424],[75.87406821343966,31.260363314644067],[75.86858065291298,31.25769640337916],[75.87185574362708,31.25346628648215],[75.87210730684343,31.249847148586063],[75.86876994516787,31.2455220847366],[75.87366942947646,31.24422129710394],[75.87573681752819,31.244172164797654],[75.87902637911029,31.245392068077088],[75.88327543862516,31.247941406000702],[75.88855331745353,31.25045384115397],[75.88995937455259,31.252079698117004],[75.89634405985531,31.254831297988066],[75.89978360731942,31.254881303074683],[75.9011964555547,31.254231831605537],[75.90587925721903,31.25874618502936],[75.90896409289624,31.259509086869066],[75.9098177025963,31.26150916984663],[75.90592056399278,31.26404582986645],[75.89633913514673,31.265558497004825],[75.89534518998798,31.266186461274447],[75.89511039076208,31.2684026869886],[75.89377309788269,31.27084903724157],[75.89237825242091,31.275949807663995]]]]}},{"type":"Feature","properties":{"id":"03-493","name":"Patiala","source_name":"Patiala","state_id":"03","source_agency":"Survey of India (SOI)","district_code":"041"},"geometry":{"type":"MultiPolygon","coordinates":[[[[76.74827851855699,30.42889960771158],[76.74103730717363,30.426260341924408],[76.74104035582106,30.424295737615967],[76.73512042085285,30.419285185156976],[76.73652419794038,30.41627146154469],[76.73978147347074,30.411089131678562],[76.73570941432621,30.406104685542406],[76.72821139404341,30.400416350956732],[76.72525292560304,30.402245721209248],[76.72224769912198,30.399152763695003],[76.71518099924538,30.402871696429102],[76.71411427472925,30.401763070226384],[76.71522403100394,30.399148996178372],[76.71400523256472,30.392104631508456],[76.7128830950513,30.390355790191492],[76.71342571288923,30.388152223239764],[76.71753752299742,30.384040164088514],[76.71861303720667,30.381262628368077],[76.71762738755568,30.38012156733825],[76.71982218846124,30.37867061963628],[76.72947231628241,30.382293678882643],[76.73117609350265,30.37980184129677],[76.72968619948304,30.377479842633473],[76.72366075761197,30.37205434428972],[76.72088812209441,30.367795470059896],[76.71897327837203,30.3665659644994],[76.7202048591528,30.36329326315599],[76.72175679350002,30.36360678631385],[76.72304705474374,30.362350657291586],[76.7255387262589,30.36184807552977],[76.7295321033546,30.364720386952403],[76.73337893148549,30.36887815633259],[76.7356759883913,30.368435173102544],[76.73753563622462,30.370466206885467],[76.74003589709896,30.36918167343264],[76.74547513686134,30.36779615822093],[76.7485880367253,30.362944980924603],[76.7487974533987,30.36100153687938],[76.74873245842994,30.352181315176285],[76.74574826764415,30.351049196055676],[76.7460572355514,30.349705753243608],[76.7430780892779,30.349139261893107],[76.73849850127915,30.346398752706154],[76.73492643910653,30.346787504845363],[76.73260750194733,30.348375175335743],[76.72736442855063,30.34111527830112],[76.729666756522,30.338955610614057],[76.72658385406316,30.33619863047908],[76.72492085830756,30.33595922497385],[76.72233237566793,30.33337195749547],[76.71636946284924,30.336069520147156],[76.7121794522182,30.32891641517848],[76.71085955707662,30.32584837829149],[76.70488679910765,30.325930611455444],[76.70003726185392,30.328101484250787],[76.6988437428614,30.32519698772612],[76.69575163242087,30.3216648309477],[76.68893167960852,30.327478327601124],[76.6810513397424,30.318261970731996],[76.68597816064094,30.314616191692235],[76.68189302449805,30.3113017914327],[76.67697664217427,30.307987786853626],[76.67181910027864,30.311122057136007],[76.67050087633078,30.311515603338872],[76.66737221169329,30.307798299489914],[76.66617408794292,30.305523662987575],[76.66530473876642,30.30584115598422],[76.66377426215264,30.303899097336885],[76.65655752891706,30.297967456143187],[76.65566730583113,30.29843606953182],[76.65453220919498,30.296479522941205],[76.65002582324011,30.290754990874035],[76.64856841758287,30.29065286484987],[76.64353606332513,30.28718604177802],[76.63864575541527,30.28439300041002],[76.63661542770063,30.28914031848148],[76.6354013513753,30.2896375605545],[76.63214358853064,30.28390356667027],[76.63037865621084,30.277744744986034],[76.63116682840986,30.275872458658345],[76.62562739810643,30.271144631659553],[76.62722019142637,30.269515398070265],[76.62341543783987,30.264601904515924],[76.6204591293293,30.265066991456532],[76.6198196716402,30.266867359177663],[76.61440138401176,30.27255753738399],[76.61151415539088,30.269538135900532],[76.6098468758012,30.270460763704172],[76.60857423400029,30.26796096904254],[76.60340512899772,30.26925274233046],[76.60111501233712,30.270364435012397],[76.59289532639099,30.261800799524107],[76.5880608463312,30.264824439722727],[76.58645530438802,30.268608683855163],[76.58380161149212,30.270271695545105],[76.58259556444318,30.269060486042537],[76.5806072772717,30.265250546349495],[76.57512937420289,30.261929399388944],[76.57201148312977,30.26525847837467],[76.5698909053994,30.264274330755836],[76.56561342744926,30.264062783110692],[76.56201526754002,30.262004835891286],[76.55957741633078,30.26489129036203],[76.5566130240526,30.262372169759196],[76.557848143175,30.25833811615371],[76.55709604953496,30.25644345814015],[76.55815260875832,30.249929133237025],[76.56115324970625,30.242836641070852],[76.56197536177592,30.241538405761773],[76.56025679007519,30.237216813343924],[76.55710377735987,30.232321366719315],[76.55564605641605,30.226858272518673],[76.55264788277015,30.22651976981168],[76.54761437725934,30.22681782102914],[76.54555947007354,30.225250333783496],[76.54858381985649,30.222279410290415],[76.55086390794204,30.22301912781673],[76.55364008943062,30.222781973363006],[76.5537630298093,30.22360825188314],[76.55756709289815,30.223650534807753],[76.55938026642087,30.22562710614891],[76.56273840699336,30.225826684971953],[76.56522334669907,30.230144836838885],[76.56559409008949,30.231951701557072],[76.56795454234562,30.23196982633929],[76.56954784162501,30.234657165355735],[76.57240952070016,30.236690880388235],[76.5751119337662,30.237334458355093],[76.57676602165195,30.239139091428715],[76.57959351981276,30.24086639136516],[76.5853279580501,30.245342670526203],[76.59185040516041,30.24604547186884],[76.59165945047884,30.25048734229127],[76.59065029947625,30.253464954837217],[76.59610439571568,30.255713430655362],[76.60287657698666,30.251680125198856],[76.60365396672924,30.249212285394965],[76.60360958101776,30.246332402005446],[76.60263987388672,30.24393695399271],[76.59852106090206,30.23999977371883],[76.59609389723428,30.238798424774288],[76.59623032174987,30.237418181616537],[76.60000032188806,30.234571943868687],[76.60043656052044,30.235588581222736],[76.60355793821209,30.237809286537992],[76.60699309098172,30.23571104191854],[76.61032212832392,30.23478447588333],[76.6163014553626,30.23108134440512],[76.61871001687915,30.230421286950147],[76.62386404978925,30.22783277175887],[76.62543517446073,30.22524414930109],[76.6273787542071,30.22409410468899],[76.62464959087036,30.218702648890982],[76.62298804270623,30.21688372371452],[76.62102955391988,30.216787416776974],[76.61661445387179,30.213555892228197],[76.61510443292359,30.210857900423925],[76.6168113762557,30.208182182886244],[76.62061223855994,30.20541467962393],[76.62609928419643,30.20482442352394],[76.63096701301016,30.204872360148705],[76.63536659915187,30.204364677534215],[76.63747702004075,30.20609194575836],[76.63883020483225,30.20624868190391],[76.6463348224662,30.20267945115371],[76.6532001955599,30.201169361412727],[76.65114456184655,30.19610665520452],[76.65084650276407,30.193352236719093],[76.64980048595251,30.19107619840343],[76.65340636837962,30.18863835075958],[76.65601725658706,30.186189166022555],[76.65562656140834,30.184047306347036],[76.65310183879346,30.182202861338848],[76.65311580040347,30.179501008449137],[76.65100085641463,30.17830677904926],[76.65171164078147,30.17684725636854],[76.64740733382231,30.17394699728234],[76.64545355409558,30.174873475894042],[76.64223459562473,30.172097827737808],[76.64130156142573,30.169632971265717],[76.63591440322034,30.168636477369873],[76.6342500004216,30.169757458259724],[76.63449959322219,30.17400805617634],[76.63115659303561,30.175636795692007],[76.628633062901,30.178556111462274],[76.62919157684149,30.18021306209028],[76.63179394305891,30.180271373114167],[76.63536480621347,30.183945771949585],[76.63857196118259,30.18530848640735],[76.64251326874614,30.18617993888219],[76.64476578772131,30.18748174868311],[76.64503169454179,30.188852214799887],[76.64251281074775,30.190798428210353],[76.64082365857756,30.193351966986246],[76.63627773912759,30.196629774809228],[76.63310334477251,30.197670521825252],[76.62324755212208,30.19933259650211],[76.62208499619382,30.20010523462279],[76.61706884770342,30.20105823873572],[76.61416557210156,30.204479522088942],[76.61007179026478,30.19852080084781],[76.61041295481384,30.19763858613949],[76.60336360505879,30.193107723774173],[76.60502180738186,30.190196284208447],[76.60344165013453,30.18728173879664],[76.59988895841413,30.184744506324584],[76.6003058865346,30.183931050323526],[76.60912979134817,30.178565935732156],[76.61196420184817,30.17588448826207],[76.61658280904777,30.174267982796877],[76.61865873545077,30.171313636001006],[76.62244449870317,30.167606894890387],[76.62420098041481,30.166821250862192],[76.62873611134637,30.168217459536297],[76.63327549741899,30.166972925629874],[76.63559129757925,30.16178172901985],[76.63507773593174,30.15967463598444],[76.63669227788104,30.157825319222173],[76.63874898137716,30.154183557727638],[76.63881894393765,30.151822949149427],[76.63977429471443,30.150292836406702],[76.64217521619257,30.149656712710424],[76.63803760616092,30.147619675952704],[76.63410256207648,30.146593827207816],[76.63184055381613,30.142152285613555],[76.62951608754045,30.142606408314414],[76.62438162688969,30.140112797309104],[76.62345659594344,30.140179525967486],[76.62186012814878,30.137706792445066],[76.62078361732333,30.137373773449827],[76.61644088825963,30.132480863088148],[76.6127843752908,30.126849445011096],[76.60973814788233,30.124987985982727],[76.60765306810018,30.12229718649367],[76.60305867390475,30.118643303964006],[76.59936676124558,30.112572680124547],[76.59637529733509,30.112939057346235],[76.58852338880294,30.11143287266366],[76.58408823512347,30.109196883352936],[76.58110702855488,30.10523650170733],[76.57657714971053,30.10155667578406],[76.56947157218467,30.096860737822027],[76.56576352979965,30.095280748808317],[76.56360770041547,30.094929699508562],[76.56052924441137,30.093427330121735],[76.56004381264496,30.09071163216517],[76.55815409063065,30.085197564568087],[76.55663584716277,30.082900549123583],[76.55385253370791,30.08193641865025],[76.5520526706217,30.080324623324696],[76.55003429068067,30.08115230999065],[76.54814401408986,30.0807782141163],[76.54814143097003,30.077389140793226],[76.54619782381891,30.075881553095567],[76.54374117291995,30.076094087916974],[76.53802466897841,30.074745163164824],[76.53559977534889,30.075188637651976],[76.53160353396606,30.078353100385247],[76.52984965203085,30.078482444572902],[76.52543880169969,30.07594060275524],[76.5226680308496,30.075756694132025],[76.51621076502524,30.072908834081314],[76.51186090032306,30.072029643048115],[76.51274247923232,30.075373853634574],[76.5128110593056,30.079416720214233],[76.51226967671221,30.080407704026605],[76.51390330950392,30.083315826420083],[76.512748091376,30.086089558748426],[76.50655631043058,30.092414576255393],[76.50325476919,30.094709270675114],[76.49938675710955,30.093773946590357],[76.49838384966256,30.094708201664762],[76.49558265890914,30.09417921406779],[76.48984324853187,30.09499382791484],[76.48204133378329,30.097582637679302],[76.47980296243615,30.097851839199034],[76.47273648627765,30.097719519609946],[76.46786768462599,30.098728168795432],[76.46253429010693,30.101069006542808],[76.45943678687539,30.106923302678002],[76.45709740756628,30.110196729271216],[76.45630784465513,30.115474823646142],[76.45899858321265,30.124935484667617],[76.45860344714116,30.126995063678116],[76.45994517055965,30.129446282509303],[76.457976671185,30.130328089527953],[76.4574263233315,30.131915156221897],[76.45594485878891,30.13056396375137],[76.45358070002645,30.131848445495862],[76.45266293807072,30.13112896906183],[76.45085961589294,30.132206523725145],[76.44816037155073,30.131026310110595],[76.44636734956215,30.131826264550266],[76.44528164030086,30.13061864083713],[76.44129968515108,30.130962988178368],[76.43851845975871,30.133156803241413],[76.437530845877,30.135739119278828],[76.43781445504666,30.142261027998714],[76.43947829586588,30.142454323785472],[76.43964914187842,30.143776821667966],[76.43347926863102,30.146339779980938],[76.4297893026299,30.148564688184297],[76.42854574885607,30.15100220641779],[76.43489036411114,30.15673765331007],[76.43650284081187,30.15599694561859],[76.43882176532833,30.16025144723216],[76.440425200561,30.16402854876559],[76.44056751058311,30.165894665795822],[76.43587497867608,30.17249498587031],[76.43490188187839,30.175546204754113],[76.43269675139423,30.177329927045786],[76.43043300998194,30.1780390652526],[76.43393023019608,30.18095627272677],[76.43425276622818,30.18321586422529],[76.42665984650331,30.188512766060768],[76.42350217757821,30.191755263340703],[76.42183679540013,30.19245695461741],[76.41217072177677,30.19190506908811],[76.41046892150925,30.19055658739373],[76.40638544018728,30.190307461348716],[76.40367937014277,30.186788003548642],[76.40296728980753,30.182160977107365],[76.39963721028495,30.180194835626384],[76.39626698771372,30.17955498363964],[76.39336627436074,30.176832533264708],[76.39052716960285,30.175169615132155],[76.38826935644197,30.17291632316876],[76.38716409965953,30.17064618788354],[76.39346958381844,30.166990720322662],[76.39139373444999,30.164472418247225],[76.39501326001412,30.15802303511989],[76.4011820366556,30.15430501729198],[76.40907528247222,30.146808814580307],[76.41007670872273,30.145088064462268],[76.40681637990173,30.14496628204213],[76.40303956072059,30.14170214554665],[76.40142432951883,30.139289019097014],[76.39850193736696,30.139214372276005],[76.39765993614174,30.140212395590915],[76.39112837612214,30.134964210390777],[76.3959605207318,30.12617487335318],[76.39483867972362,30.12202850616021],[76.39843216449736,30.120628475082256],[76.39780579559726,30.119653997740276],[76.40004660576206,30.116720682032934],[76.39648506599617,30.11531066889935],[76.39397843024341,30.11523759474729],[76.39300959120558,30.113656629755745],[76.38886089396463,30.113287944343547],[76.38021259509405,30.115668862873505],[76.37348877124509,30.116295606841266],[76.36777845439805,30.117706807197614],[76.36208821546286,30.120258715482404],[76.3604694940207,30.121830872272323],[76.36270134313399,30.123953118574505],[76.36692750171535,30.12423200550465],[76.36142838727713,30.129723319627008],[76.35982297947956,30.13307357052308],[76.359516097888,30.13538478849189],[76.3600824401058,30.137866266925258],[76.35892523289263,30.14025970283916],[76.35368053644038,30.142596369258595],[76.35205373869627,30.14564003098932],[76.35047634371563,30.146885983969657],[76.34683953861965,30.144613947240465],[76.34725098484338,30.142960545415736],[76.34482609810134,30.142818297287853],[76.33779309102117,30.143323377932724],[76.33614159315988,30.14194034070136],[76.33393677931012,30.142040020208743],[76.33348945884974,30.138218281423626],[76.33465846793646,30.136532999012044],[76.33837480895478,30.132937259218323],[76.34121462899625,30.128814777070463],[76.34203555586075,30.126500279380412],[76.34638940582249,30.124118016157734],[76.35215519812921,30.121834611289685],[76.3602147941654,30.12022152353217],[76.35440641237537,30.116930860588425],[76.3533101205408,30.114944341610666],[76.34785996484983,30.108579776665966],[76.34615332813695,30.106169952070548],[76.34618260192096,30.103978908096156],[76.34475929557334,30.10482474422753],[76.3441369870048,30.100877736964517],[76.3414752304168,30.1002093566294],[76.33989110587865,30.09875361727399],[76.33418068842022,30.100093433255335],[76.33151180088937,30.099803721629687],[76.32494497070479,30.097359994169896],[76.32185042658281,30.095131056403947],[76.3192552205908,30.095877906299595],[76.31871417949533,30.09726817185632],[76.31366577147833,30.10217961491514],[76.3089527057999,30.107575993489352],[76.30574548841146,30.11000413363002],[76.30091067930077,30.112618131507773],[76.29610177105593,30.114613867215734],[76.29553386912424,30.11302518228661],[76.291262853477,30.10832426196344],[76.28754330291531,30.10638009195295],[76.28532165514082,30.106226561663316],[76.27865587621547,30.110257914025397],[76.27630259404017,30.113839359736648],[76.27457788246538,30.114873420838364],[76.27082071966312,30.115100776080766],[76.26776259973215,30.114471478052792],[76.26221991630918,30.1176339543461],[76.25366872327596,30.121625213906732],[76.2533446019389,30.1233499907229],[76.25552333695785,30.12396897273566],[76.25568465210561,30.126078846000922],[76.25254470660394,30.127350700407185],[76.24682114814058,30.130766098799246],[76.24542861976883,30.128275364331202],[76.24204913208472,30.12964300685299],[76.24335350168298,30.132319265172296],[76.23916869871758,30.13582484264173],[76.23824525130189,30.135857077101868],[76.23224672839068,30.14010781305817],[76.23458197731402,30.145015469076217],[76.22983689991106,30.145492967597924],[76.22728177551728,30.14456000122929],[76.22479090678279,30.146716159139142],[76.22293293559497,30.147429991976228],[76.21857373658344,30.147830548335136],[76.216082207155,30.15029101337845],[76.21627300402349,30.15227446691533],[76.21342745349818,30.152817697466446],[76.21442423110153,30.15596192683774],[76.20764151787286,30.15660152353686],[76.20952218885805,30.15467453680327],[76.20886534549348,30.151381168972456],[76.20701481101229,30.149519351432822],[76.20773239983279,30.148992270682044],[76.20719252952395,30.144606644603527],[76.21378528064862,30.14124688950808],[76.21549506555756,30.139422265053046],[76.21492226108866,30.135553278348496],[76.21787202835208,30.132267170242184],[76.22123632096736,30.131094167232042],[76.22221815546517,30.12910424035754],[76.22453341522561,30.127125759152445],[76.21947335291543,30.12628240780449],[76.21654903627996,30.124065727510438],[76.21788253696798,30.121546187710372],[76.21967025150747,30.116223374240487],[76.22041147030836,30.115414202073907],[76.21633657338371,30.112420221324022],[76.21673086624754,30.11009200767791],[76.21970200002656,30.11058982244761],[76.2235488015686,30.111922702424156],[76.22866411253469,30.10738318568914],[76.23470491576767,30.104882368547493],[76.23624206654337,30.106492927464572],[76.23821214508023,30.105270891302236],[76.23703698741758,30.10365243243217],[76.23974215600599,30.102779316857912],[76.2415824702195,30.10122197047464],[76.24247721672195,30.098794871204802],[76.2464020503052,30.09438410024299],[76.24898948126534,30.09219238950242],[76.2535280647084,30.089449731458426],[76.25134907135504,30.08732435383063],[76.24961586375743,30.086869733071225],[76.24827941941702,30.084857316920647],[76.24930522528446,30.082479965275095],[76.24755278669576,30.08117146763519],[76.24635544123285,30.081974289270683],[76.24386826639353,30.078686985690293],[76.2398104679093,30.072271423844796],[76.23630654265506,30.067613830672705],[76.23313922720047,30.06496149917504],[76.22893970430641,30.060131699095724],[76.22685254894097,30.059764475094283],[76.22624818858559,30.05867183205448],[76.22860877025931,30.05412278227406],[76.22831297889338,30.05313967958473],[76.22258728344234,30.049378097962563],[76.22191597786187,30.04760020740762],[76.22248263086718,30.042112587560265],[76.22251251320185,30.036943596371625],[76.22024972801556,30.034452721187623],[76.21586499735615,30.03314611303792],[76.21359588642362,30.0317740698815],[76.2148329228094,30.029471371909302],[76.2143686733868,30.024728904734022],[76.21319845097545,30.02273266487535],[76.2164101757961,30.021736536733588],[76.22094080275646,30.01964143838187],[76.2235253486219,30.01938378553274],[76.22917234132744,30.016867416941192],[76.2328768438409,30.015985292352788],[76.23101019326408,30.01588748987307],[76.23109756536412,30.01365881367558],[76.22706557488486,30.009445989503362],[76.22463749857934,30.00837233336313],[76.21524171495551,30.00772465563047],[76.2099632129823,30.00516885338979],[76.20941427775357,30.00401765505889],[76.21099205897683,30.001920301029507],[76.20984090372092,29.99994724906791],[76.20994982883262,29.998209410978752],[76.2114517693547,29.995492625342568],[76.20952275715784,29.994265193382006],[76.20675444811489,29.993864722155426],[76.20734076951224,29.992017180685757],[76.21023269126857,29.989169170968086],[76.21057338943604,29.98812176384572],[76.20771773508164,29.986217450957536],[76.20379093066984,29.989642996267712],[76.2024578567968,29.98946413345487],[76.20182832219255,29.984803083122387],[76.20279755629404,29.984383786593718],[76.20590106999069,29.98041979594355],[76.20478596680199,29.977336142094284],[76.20577864259654,29.974841080942166],[76.20539813923664,29.97377865628306],[76.20189377368834,29.97201577072162],[76.199986915137,29.96974370335303],[76.19534929699633,29.965902827998296],[76.1949097914666,29.96378078595953],[76.19725037059138,29.963279015982977],[76.1971376458028,29.962352722295865],[76.19312055055869,29.962249158463624],[76.19292458773613,29.96063397860729],[76.19060824822469,29.9552840747566],[76.19376944784663,29.952136447361326],[76.18958328248017,29.949404224328934],[76.18885524312905,29.947842590311144],[76.18742737976274,29.948448578609245],[76.1837388872703,29.948355016651163],[76.1799058352313,29.945285258441874],[76.17919381303926,29.942517933154196],[76.17819251625161,29.942113704117038],[76.17840694212413,29.93888363783304],[76.17786027540674,29.933122202502716],[76.17246942104383,29.928806045684937],[76.17196972370122,29.926450423947042],[76.17547253142575,29.92388799748588],[76.17915655715153,29.922691910718235],[76.18164746444045,29.923477377191432],[76.18515483802788,29.92060082499418],[76.18772041422,29.920629479985333],[76.18709460754847,29.918895773675267],[76.18830410998825,29.917459645413054],[76.18790457149915,29.91469463162383],[76.18892362200447,29.913018713982304],[76.18925308168706,29.90864302999085],[76.18632855381293,29.89915405832373],[76.1856397647504,29.8924924625748],[76.18631721996272,29.89087874810241],[76.18965945847934,29.89047030848194],[76.19013691561724,29.889049243168675],[76.19334044416954,29.885786858199427],[76.19492910079393,29.886791704582325],[76.1962123407856,29.886348711046654],[76.19713929420281,29.88792066320967],[76.1994146749216,29.888390035163493],[76.19932730953373,29.884405529446084],[76.20130008220126,29.883759097045616],[76.20499247933724,29.884812739762282],[76.20642872561548,29.885820019254044],[76.20996555137941,29.886284382654377],[76.20870921882064,29.88732334303012],[76.20974967011155,29.88898689255599],[76.2091495953072,29.88992347697629],[76.21084412450526,29.89128998919531],[76.2129289542306,29.887097586639612],[76.21532251547315,29.885212776425746],[76.21873325702516,29.883643040390318],[76.22132354124219,29.883476108726686],[76.22225243985054,29.884934181690372],[76.22619678703667,29.883880507714913],[76.22680165760829,29.88639033473089],[76.2300918722593,29.88541150157915],[76.2347051773699,29.882444683453937],[76.2379679447189,29.87983331900793],[76.23821669582009,29.878817081242865],[76.24101681993025,29.878819463219543],[76.24288970033729,29.876819957303905],[76.24512420206227,29.877104865178076],[76.24672472909295,29.876008997659603],[76.24667272923692,29.874457502246965],[76.24496403391575,29.872135897635975],[76.24385265478337,29.868979706754004],[76.24333733843876,29.8595107287904],[76.24444795605055,29.85506614841857],[76.24379832784264,29.852456876733864],[76.23804793609747,29.852071950710087],[76.2324381274863,29.853753195435925],[76.23058557068259,29.851616840653982],[76.22722877966336,29.85181996987321],[76.22068836824484,29.84681315940432],[76.22055771231256,29.838025863996048],[76.21797889749246,29.838397826899968],[76.21787700582783,29.83933661536637],[76.21528001244282,29.84083918263362],[76.21198962929402,29.843067036618265],[76.20923438562713,29.843424667888225],[76.20122475950993,29.843417857356712],[76.19780403760663,29.8448116908233],[76.19580982733787,29.842264809261277],[76.18489015320434,29.82293159870717],[76.17793723750479,29.820626325604728],[76.17372414303304,29.817959596621524],[76.17213845711369,29.81753918305334],[76.16693338118165,29.818133908034085],[76.16447833301321,29.81765917925093],[76.16088915851724,29.819426419629252],[76.15324323483784,29.82007422417869],[76.14796624981275,29.81998742377247],[76.14546742039207,29.819129166644455],[76.14159566523459,29.815508040444207],[76.14171090907283,29.810884174250983],[76.13960200153878,29.808813899260482],[76.13669796950872,29.80748044793678],[76.13214019547641,29.80322926295926],[76.12924619892885,29.796979533645217],[76.12472010027267,29.793500827577862],[76.12395176773367,29.79102096844371],[76.11965506822449,29.792333927739275],[76.12032450550608,29.80024679602233],[76.12006197436993,29.80085922368064],[76.11561832215158,29.802554603485177],[76.11255821800297,29.80648050229714],[76.10981211390138,29.80739986835561],[76.10508876732958,29.811855331190216],[76.10686265748554,29.81450205608471],[76.11034205660964,29.818276166964672],[76.1098031475119,29.82226522711865],[76.11108263270513,29.823506568868066],[76.1178577184065,29.831890650398282],[76.11751174746428,29.83468563225979],[76.1191295658395,29.834915247992807],[76.12007137126098,29.844474797007233],[76.11806179266037,29.848174266387694],[76.12024127916297,29.85358837042642],[76.11917144078203,29.854603919256302],[76.1226823093202,29.857402986681482],[76.11708168777525,29.859973452006166],[76.11160239892247,29.859713454304664],[76.10869277990109,29.858763526578386],[76.10437335410289,29.855263811819327],[76.10116379250573,29.8507741879574],[76.10029907952423,29.84745972966442],[76.09875411922437,29.847454463481895],[76.0931148413029,29.84923428986496],[76.09102510123158,29.85131410533379],[76.08978526645902,29.850862650189363],[76.08960332870619,29.847417091217988],[76.08671567780456,29.84772939976298],[76.08397603651872,29.84674447479949],[76.0796966065895,29.843704721516346],[76.07504721902062,29.841544890439348],[76.0736573892851,29.84332473276115],[76.07141767944293,29.843474710965868],[76.0702778319386,29.842524789617844],[76.0657784171605,29.841664845843063],[76.06100901779794,29.84533451383388],[76.05986916144657,29.846614400611443],[76.05678953280996,29.85224390603431],[76.05526971355671,29.856123566009217],[76.0536399145336,29.858173384312746],[76.0523701765462,29.861362600766007],[76.05274953514775,29.86297135832359],[76.05607954696129,29.86959240744966],[76.05422977876783,29.870902288368633],[76.05040027206162,29.871492224411863],[76.04898046718904,29.86943239761092],[76.0461308269367,29.871092244535156],[76.04548089761109,29.874421953532437],[76.04345115251769,29.87610180362612],[76.04036156551902,29.87325203788135],[76.03928170648916,29.87295205895193],[76.03729206297365,29.87644151754233],[76.03841179098643,29.879361505227777],[76.03727193086827,29.880761377948634],[76.03541217246764,29.88099135495048],[76.03350241459384,29.882271237105858],[76.0321602621607,29.8820144860899],[76.03204939896995,29.87699807288517],[76.02917299978938,29.87676169625252],[76.02679331764188,29.874951844317447],[76.0226338792617,29.869572293657548],[76.02080412254452,29.868642367564018],[76.01416538623975,29.8736915725248],[76.01557124016759,29.87742608277402],[76.01187520773806,29.884200996018063],[76.01124527145802,29.88795066968855],[76.01191473159524,29.89045852529544],[76.00876557277834,29.892590260514943],[76.0026363556626,29.89496003782336],[75.99961673999414,29.896639881386346],[75.99667712005281,29.89688985070586],[75.991777744611,29.899179635442934],[75.9880682128366,29.901989380140716],[75.9838387535087,29.904059186450603],[75.98304884111216,29.907178915564334],[75.98515855132055,29.910718617093895],[75.98722295949392,29.912478665947567],[75.98657834891793,29.914668283286797],[75.98848808138476,29.91902791174994],[75.98855806172328,29.921157728869623],[75.98988788322886,29.92266760362962],[75.98610836275209,29.925237368126457],[75.98577838592735,29.92955699358696],[75.9849784866325,29.93037692065126],[75.98543559661522,29.932821590426713],[75.98481348014163,29.936406401438838],[75.9878180752123,29.937659999565007],[75.98858797495538,29.940026103078935],[75.98712815924725,29.941001011391084],[75.9905277042519,29.94412575477949],[75.98970780266889,29.945725613296638],[75.99367727799746,29.948015431152065],[75.99602408526684,29.948433936971888],[76.0004864067746,29.945285688651946],[76.00359055301968,29.944903819042878],[76.00763546899829,29.947595512996983],[76.01196490107107,29.949405372169224],[76.01482451096388,29.95333504493891],[76.01868625087042,29.955097152508433],[76.02198356147075,29.95802466230008],[76.02574307064799,29.958984594813092],[76.02652295712902,29.961694363937795],[76.0261529992278,29.963114236672777],[76.02272343543412,29.964614097977165],[76.0207386849379,29.966368939332135],[76.02351331147851,29.969323694214296],[76.02491312775634,29.969613673611104],[76.0271828233902,29.971943479789037],[76.02161352415297,29.97653306367007],[76.01586426098962,29.979062827411603],[76.01493438041447,29.9787928468465],[76.00874517261202,29.981342606097066],[76.00681541401931,29.9833924213219],[76.00820521124986,29.988272005182605],[76.00988498979892,29.989181932687988],[76.01273459761784,29.994391491906846],[76.01491428839613,29.999951021384618],[76.0201135954788,30.00376070998622],[76.02524292144462,30.006110524172954],[76.03153208695267,30.009930217156125],[76.03207200768465,30.011710063178867],[76.02671517590684,30.0129577712117],[76.02861243471867,30.016819612844092],[76.02746257735251,30.01800950361018],[76.02873740194683,30.02035930701753],[76.03400672597675,30.018639473441393],[76.03725129261554,30.02128925535893],[76.03925101817931,30.024378993819848],[76.04201064571915,30.027498735368244],[76.04394888916495,30.031797148736715],[76.04212060434791,30.033468220983483],[76.0382360407947,30.0357171213178],[76.03758684713763,30.03800624909211],[76.04182060648104,30.042067474896374],[76.03950090486845,30.042507428651813],[76.041470622877,30.048186945269734],[76.04281044892825,30.047856980094558],[76.04822974056864,30.049076893812217],[76.0505794407742,30.047677021787564],[76.05160929886212,30.049836837037397],[76.04356033093576,30.052436585694178],[76.04664991525263,30.05570631627166],[76.05066937938889,30.05894604813266],[76.05257911742062,30.061455838908607],[76.05153924122224,30.064575567224193],[76.0552787529682,30.065325512546462],[76.05726848656272,30.066475419816584],[76.06216786645471,30.063095731237006],[76.06437758181521,30.06257578208379],[76.0665339752871,30.06108592379425],[76.06808710684494,30.06128590644734],[76.07665601344003,30.057126297743228],[76.08034554081432,30.055666436232176],[76.08399506822374,30.055586455289664],[76.08735463377693,30.054726540872178],[76.08383506112462,30.06141595342212],[76.08107540873483,30.063805734604095],[76.0826651964854,30.065025634871485],[76.09043415170538,30.07273499663715],[76.09150400611401,30.074344859832255],[76.08895431486943,30.078984451612936],[76.089124287271,30.080154350805394],[76.09274378830501,30.086483817892418],[76.09582336887692,30.09039348963671],[76.09864299347208,30.092463318853476],[76.10082267029264,30.100662620334464],[76.1046945568642,30.10361728867279],[76.10364227404699,30.10740204496721],[76.10145255054667,30.109421863412145],[76.09813296043504,30.113391510292413],[76.09719307381994,30.115931286453645],[76.09327357985175,30.11640123180585],[76.09011399613976,30.115291316802843],[76.07920572635061,30.110734361434677],[76.07730566679011,30.113361439493346],[76.0783755189103,30.115401265130796],[76.08058523097401,30.1155812559059],[76.08169507822427,30.117711077749313],[76.08357482620775,30.119140959743074],[76.08142509088256,30.122440666262012],[76.07547586720753,30.121720707688873],[76.0730661756712,30.12229064969276],[76.07175633700791,30.124380463797028],[76.07196630062228,30.126200308445576],[76.07416600274388,30.129160061275233],[76.07417599081012,30.131429864309073],[76.08011114657381,30.131336257800832],[76.07893458632326,30.136007423310474],[76.07800475499923,30.13716354152157],[76.07565576880488,30.137499344690195],[76.07051642440395,30.14046906987555],[76.06901660236169,30.143848772047175],[76.06475715862354,30.143438793121064],[76.06218261062726,30.14473213320168],[76.06272739637517,30.148788323190683],[76.06541704961228,30.148358370372307],[76.06906658258792,30.146948501513684],[76.07295606326619,30.149868264256156],[76.07318602051465,30.15269802055695],[76.06825664808038,30.15537777175968],[76.06689681130523,30.158267515372557],[76.06344724692075,30.1611572516551],[76.05813792386894,30.163767011433983],[76.0566881032048,30.16581682647861],[76.05640812926106,30.16827661224545],[76.05506829796921,30.16945650830387],[76.05657807396076,30.175585984591685],[76.05414837067829,30.179345647925125],[76.05364842147024,30.182525371555656],[76.05087877224446,30.18436520189817],[76.04930896444185,30.18674498962937],[76.05114872264255,30.187424937140364],[76.05411871564986,30.189647612470335],[76.05675796870847,30.19282449075518],[76.05740016219394,30.192248386251983],[76.06035748858787,30.195484272614205],[76.06006751955931,30.19703413491697],[76.06122736204539,30.198644000632466],[76.06639666883432,30.203353612455395],[76.06421694732063,30.20424352461806],[76.06844638670465,30.20626336513015],[76.06197721407152,30.209263082625743],[76.06247714045824,30.21104293320864],[76.0683263518912,30.216982440297762],[76.06929623151669,30.216012526302507],[76.07085602223265,30.217182430590825],[76.0708232411368,30.220198226827506],[76.07357564729519,30.22206201661303],[76.07527542723821,30.221982028967712],[76.07771509553888,30.225041774855598],[76.08077469813198,30.22480180478153],[76.08126465602477,30.220162209004364],[76.08421427275115,30.220292209575195],[76.08465420741878,30.221712087940205],[76.09513284784134,30.22142214752793],[76.09552280970372,30.218702384445862],[76.10000222585005,30.219092368040595],[76.10667135172702,30.220342284194157],[76.11433034208092,30.22362202552881],[76.11271054336825,30.225461860097163],[76.11406035918317,30.22699173202476],[76.11229057893671,30.22987147574694],[76.11501022594727,30.229271538962898],[76.11836477498316,30.23253126796828],[76.11906967440976,30.234301118384188],[76.1212193832817,30.236510932121718],[76.12310913456581,30.237540851796098],[76.12677866881107,30.23544104677707],[76.13065814097033,30.23946071051083],[76.13261788532495,30.240040668406124],[76.13582749041908,30.23527109289715],[76.13792722599202,30.233291273099525],[76.13963698659357,30.23722093865986],[76.1388996312564,30.23764516489516],[76.14348647244574,30.240150698560292],[76.14312650867738,30.242150524327187],[76.14779589128808,30.244620326692214],[76.1484358004901,30.24567023759048],[76.1536556111888,30.248026365455537],[76.16005428657785,30.246200233163595],[76.1624939682636,30.246500216096774],[76.16420375840849,30.244060434916882],[76.16574358023664,30.239830804831968],[76.16810684855493,30.241624977993567],[76.1759522058259,30.249180030914296],[76.17368864699522,30.251027060405523],[76.18269129217104,30.25708937154534],[76.17931172551569,30.258129270386345],[76.17818186806896,30.259339158683645],[76.17760193214986,30.261768946488782],[76.17902174289999,30.262368901284646],[76.17721197708993,30.263068835118276],[76.17672202634861,30.2659885771428],[76.1786617552074,30.26911831572321],[76.18018155593775,30.270238221744137],[76.18260121834868,30.27519280201818],[76.1868206685745,30.27487784394822],[76.18977029176048,30.273927937559225],[76.19103013445482,30.27223808699304],[76.19439969415872,30.272588070636047],[76.19880911044953,30.274977876326073],[76.1994490190666,30.276557743786743],[76.20235862307595,30.279537495737284],[76.20164871206556,30.280567407139742],[76.20360844933244,30.282247269441267],[76.20396839751834,30.283697141503833],[76.20311849194746,30.286426901825717],[76.19942894640533,30.292346376831922],[76.19829907587808,30.295486100355365],[76.19678926714289,30.2967759799773],[76.1937496632274,30.296735976095917],[76.1870705136257,30.30031564053488],[76.18397090209145,30.303865321769866],[76.18194115643972,30.305545168337215],[76.17962344762121,30.30851058336048],[76.17429214569631,30.30651505595038],[76.16901284982603,30.303285317391104],[76.1671930896049,30.302595370610945],[76.16589265175242,30.304569789159473],[76.1669131122253,30.305315131696524],[76.16778298194315,30.30875483973814],[76.16683309916884,30.31056467790011],[76.16767298094415,30.312484515364464],[76.17009265207085,30.31533427642846],[76.17060257835456,30.316974136422456],[76.16979267466456,30.31862398999168],[76.16689804234487,30.320678803186695],[76.16332351226859,30.319503889192948],[76.16105381845784,30.317304074679274],[76.15731431227127,30.31583418735016],[76.15290487801602,30.317724008084205],[76.14965886331672,30.320885135270707],[76.14800550360582,30.32051374955623],[76.14356609480933,30.317094029579472],[76.14164635631782,30.315054200842628],[76.13825680814932,30.312574401254913],[76.13234257942348,30.312094422841778],[76.12802812945375,30.314784172659035],[76.12656831503571,30.315194131921057],[76.12425860519944,30.317333939732436],[76.1191692593717,30.319583723668956],[76.11117028982952,30.321543526679662],[76.1071708261607,30.318453782339404],[76.10366128008573,30.318563759182624],[76.10203150299874,30.317273865713172],[76.09795203673643,30.315993963613902],[76.09734069452395,30.316586291505885],[76.09138290238688,30.314254088039853],[76.09004308135987,30.313064187816412],[76.08813334417525,30.309914454673695],[76.08443382060445,30.31065437705922],[76.08026435529406,30.312274222078237],[76.07795464624995,30.314574014948732],[76.07673480697872,30.31418404284474],[76.07191542384244,30.316263846070584],[76.06810591879193,30.31646381555249],[76.06802592493877,30.317313740270357],[76.06302655658287,30.32159335480416],[76.0624266224119,30.32408313455601],[76.05869709447907,30.327122859506847],[76.05992692535453,30.329232679813945],[76.0563223757948,30.333247318514164],[76.05473758026353,30.333622282152234],[76.04798843263941,30.33898179185826],[76.04547876703057,30.33758190556182],[76.04308908966908,30.335032118791027],[76.0401794276515,30.33517291476441],[76.03388169691084,30.33731331923251],[76.03017076889307,30.335602023204643],[76.02907092517857,30.332847261329913],[76.02261176696263,30.332042306933023],[76.02355740433288,30.326498436615335],[76.02130196353278,30.32708273212786],[76.01931221202223,30.32891256812726],[76.01613262684495,30.32866257652821],[76.01444284115999,30.330112445258433],[76.01216813992693,30.330067441898247],[76.00973345056225,30.3310023495387],[76.00833362593912,30.332362229907684],[76.0087235648753,30.334362054937728],[76.00714376637926,30.335291971478775],[76.003415727882,30.334053979452644],[76.00227440520585,30.334272040369502],[75.9938654806513,30.33861163866576],[75.9894660599309,30.337251741619347],[75.98794625462212,30.33788167958625],[75.98657641965859,30.34058144006415],[75.98736630064415,30.344221127700525],[75.98463663982322,30.347750813963838],[75.98465662819432,30.350150606485414],[75.98631638508155,30.355830117527685],[75.98550647046605,30.36033972415753],[75.98641633009157,30.364849336016157],[75.9903258020848,30.36900898948295],[75.99228553513564,30.372018733552753],[75.9932754144366,30.36984892259278],[75.9949452042044,30.368309065115678],[75.99676498337455,30.364909363944864],[75.99884471739102,30.364419415671957],[76.00215428194143,30.36490938364665],[76.00513389600424,30.364249451760895],[76.00690366406866,30.364749413319075],[76.01096830372673,30.3642736371149],[76.01077652273737,30.365232558464157],[76.00710363425436,30.365499347644914],[76.00752356135531,30.369219028519503],[76.00980324775665,30.373138696968983],[76.01241289771583,30.37537851197196],[76.01392268683648,30.37840825249952],[76.01744221708232,30.380848053195407],[76.02411135954537,30.37875825842632],[76.02524116617221,30.38849741587167],[76.02371269894604,30.390501089854457],[76.02707090875057,30.39246707794225],[76.02956057619406,30.394546903644574],[76.03403996711113,30.39998645001069],[76.03603969652941,30.401896289556007],[76.03236015357655,30.40703583239253],[76.0316202409516,30.408735681121136],[76.0334699931436,30.410715515732242],[76.04138893913417,30.415075164528396],[76.04359865274894,30.414975182016498],[76.0448734812776,30.415935101569758],[76.04458851245796,30.417424970857017],[76.04792805220374,30.4228045145145],[76.05162755544644,30.42599425268794],[76.0527174049113,30.427514123939893],[76.0513275603549,30.43306363765927],[76.04953778145419,30.43577339672641],[76.05378722064494,30.437803234214226],[76.05680681583651,30.43984306607443],[76.06072628844608,30.44363274906902],[76.06266603286971,30.44436269420765],[76.06543565921578,30.44704247050847],[76.06593558638166,30.448742323940007],[76.06831526142473,30.45186706207697],[76.07033498995905,30.453191954574365],[76.07233473269704,30.452702003753785],[76.0742844898328,30.44973226732421],[76.08039368263476,30.45241205735744],[76.08221343202227,30.455211820458292],[76.0879376719454,30.458306572127743],[76.08546299290718,30.45906149782583],[76.07981371185794,30.462611169062722],[76.08010365658312,30.466440837918285],[76.0808835488443,30.46754074456264],[76.07927375556896,30.468240676928517],[76.08069354994117,30.472540308065295],[76.07686403606658,30.475590030725073],[76.07390441690787,30.476299958146935],[76.06970495392463,30.478779726967044],[76.06707966232555,30.479559790918476],[76.06443562470169,30.482229411245964],[76.06365462681852,30.485380830999958],[76.06331573759435,30.489248797619187],[76.06668527057668,30.49520828966232],[76.06925492304809,30.497658085279724],[76.07113467336451,30.498568014361073],[76.07739385182731,30.49989791995831],[76.081003371683,30.502137737852358],[76.0785336637168,30.508327190911025],[76.07953353047327,30.508957138820456],[76.0811832936171,30.51353674674363],[76.08351298202618,30.51479664351718],[76.08154322920748,30.517516402195284],[76.08074331879772,30.520326155940193],[76.08229310597336,30.522435976579825],[76.08514270636934,30.528345473241448],[76.08793233236183,30.53092525868835],[76.08899217843894,30.53399499462306],[76.0858825686907,30.537194706119063],[76.08656494332135,30.53769265373341],[76.09183858901602,30.53987338796026],[76.09360109159596,30.536658664050368],[76.09554497461687,30.535026187705647],[76.10140914973042,30.53202705739126],[76.10824349819836,30.52934346034757],[76.11102431543826,30.534061466216958],[76.1112309485078,30.535436206383352],[76.1182457974976,30.543101579393923],[76.11991891149744,30.54541731947111],[76.12362395886815,30.54318871783734],[76.12777870842888,30.536985394657876],[76.13023406468965,30.53233719266804],[76.13142841348203,30.52848442107896],[76.13624170921037,30.523581113699255],[76.13877091948537,30.525544155013975],[76.14546091919645,30.53275579002365],[76.14366132845407,30.534742912124123],[76.14989118236079,30.54076902170257],[76.15435194525877,30.544160910354353],[76.15552297244541,30.544493141131962],[76.15956569772331,30.54051289561272],[76.162797333519,30.5383542530131],[76.16566052882405,30.53517565474825],[76.16787765474812,30.541395118451543],[76.16958401222678,30.54439545528232],[76.17308111886965,30.54713656883354],[76.17694072932443,30.54537109678508],[76.18089765884821,30.544155418073906],[76.18310356863448,30.5414288799058],[76.18728216600913,30.545777007610237],[76.18728137335674,30.546656814066488],[76.19138293854924,30.549794018761023],[76.19821376612101,30.55001237955653],[76.20135917330475,30.551203978578766],[76.20259691187191,30.552978927228878],[76.20329360608137,30.556417683689503],[76.20529450076802,30.554177532748785],[76.21208639434327,30.558579126222277],[76.2130801811689,30.561251807380852],[76.21535753473819,30.564385334479756],[76.21730656476183,30.56402924806916],[76.220772302145,30.565438976892914],[76.22936067663984,30.57013192161025],[76.23207210127539,30.567509872070925],[76.23532935124983,30.568136460252155],[76.23789811648291,30.566651678419607],[76.23815846844195,30.563876548277193],[76.23978832586684,30.556838587717973],[76.23637766586938,30.555801422295517],[76.23724232799606,30.550257157838136],[76.24043214333372,30.549630204726697],[76.24445086545049,30.54975607089468],[76.24706202595638,30.551833664109676],[76.24561056727669,30.55421422968102],[76.24944612810096,30.558932235834913],[76.25102802641382,30.559982953962862],[76.256223870302,30.56163865982694],[76.25658541575963,30.56286864333243],[76.25504081139731,30.566666047985827],[76.25626509559893,30.56726326635056],[76.26213881137174,30.561884622523227],[76.26711445608323,30.560391581227847],[76.26842509649641,30.55901548005236],[76.27247340475347,30.55886976005585],[76.27465281751822,30.559961695428775],[76.27557203668806,30.558237925785846],[76.2758755582425,30.55448055446536],[76.27481026305824,30.552880163035127],[76.27660826732063,30.55130994526468],[76.27785831086616,30.55152700644081],[76.28026806993712,30.54917201585491],[76.28174405851257,30.5467231688645],[76.28368688048577,30.544981908659548],[76.28453884775732,30.54658822339853],[76.28596001077752,30.546749658888583],[76.28826194604113,30.544649880286872],[76.29333495451984,30.546952057854448],[76.29387871991375,30.54777081703998],[76.29714182443306,30.546611734967446],[76.29866083711474,30.546872745481235],[76.3000931669717,30.545574386156716],[76.30884701849317,30.54549319366625],[76.31197495168999,30.546285580390524],[76.31453094289539,30.54789144712418],[76.32827882959586,30.5403361306046],[76.32527397070744,30.535856026713965],[76.32465748544932,30.531967847921063],[76.32323107458842,30.528701213728745],[76.32643771680678,30.52377556198598],[76.32728961171544,30.521019112047043],[76.32693629462605,30.518667136015033],[76.32792243292036,30.51761901109853],[76.33110471962655,30.512028962775442],[76.33139547530206,30.50886118413855],[76.33258892493059,30.502823736019472],[76.32809725342143,30.498915155037903],[76.33238297793856,30.495766999984113],[76.32974827852053,30.493398048421682],[76.33248002851522,30.493403068957587],[76.33421503237838,30.49500209836392],[76.33568864776396,30.493143538015776],[76.33590247691455,30.49134264775013],[76.33366250232318,30.487627275864952],[76.335857008279,30.485412390302542],[76.33972942728568,30.48334900274852],[76.34550050032584,30.479560306239392],[76.34567703410988,30.477508534226708],[76.3437655620209,30.47615577443236],[76.34487586102965,30.475053426981226],[76.35222909909908,30.460176818456734],[76.3524642823651,30.46144432416451],[76.35707606242502,30.462530735362893],[76.35919911957244,30.463594620740437],[76.36195481485483,30.466106148101126],[76.36585231176183,30.466414496570327],[76.36973177325919,30.468797011351445],[76.37335980898983,30.46875491663575],[76.37322780139819,30.472552227455015],[76.37609485681637,30.471730982580663],[76.37889750271339,30.470138104582503],[76.38218140353044,30.471676383165857],[76.38420360374893,30.46870416152369],[76.38356154995374,30.466946245063163],[76.38550107573013,30.46384998691233],[76.38929034382032,30.460362211234898],[76.39383600353241,30.458121252177392],[76.39640911969316,30.454833890286167],[76.39655780874111,30.452311758277855],[76.3986499644863,30.452407481081448],[76.40426438098062,30.450229110749728],[76.40693655931355,30.44811671203548],[76.41381597712913,30.45622388760837],[76.41456600847216,30.459596558545407],[76.41717138148164,30.46411867964155],[76.42181631282511,30.461563658932185],[76.42482059055932,30.46047584128812],[76.42894816913588,30.458151018419137],[76.43054306130843,30.45670095677617],[76.42944423114118,30.452559559104294],[76.42706986367924,30.4489347916617],[76.427440234654,30.444072615788645],[76.42975556990594,30.444313251334666],[76.43124441896704,30.442859412948238],[76.43506820113961,30.44315683937515],[76.43807608427872,30.44595659635564],[76.44098388599737,30.447709873201966],[76.44405446436558,30.44870232960919],[76.44663986113409,30.45065899165888],[76.44885116664918,30.448915614776524],[76.45253495889735,30.451218641342194],[76.45341568543104,30.45308559864468],[76.45787914116694,30.457531239419882],[76.46019873594003,30.459403867383813],[76.46913122837401,30.45464375335444],[76.47074303870882,30.456697548600143],[76.4703583393506,30.4590489970946],[76.4670889076321,30.46277143527963],[76.4651108067107,30.465974636944587],[76.47027424086933,30.47261767601558],[76.47036443901877,30.473840840824266],[76.47356930243448,30.47251414492942],[76.47657064913096,30.47031707883826],[76.47561400685605,30.46886091985643],[76.47770991717218,30.468442398966157],[76.48702765415554,30.46455229752707],[76.49369280925188,30.465629081539863],[76.49591818442755,30.46532351919212],[76.49824853836274,30.46355478544307],[76.49980894371292,30.464586847794997],[76.5009036860561,30.466595433687846],[76.50123343162187,30.469145885513086],[76.5028116981203,30.471386081870495],[76.50142839812786,30.473092408172718],[76.50246600680907,30.47881640870508],[76.49887740161347,30.482826198397838],[76.49833046096934,30.484123040223253],[76.49482810204546,30.487655725705732],[76.49810909686222,30.492977388454726],[76.49461777936303,30.495990057144258],[76.49386478956563,30.497918469592484],[76.4913694900567,30.4999263661228],[76.49092328690195,30.501120372305916],[76.49285905888478,30.504027993691672],[76.49674254381118,30.50787683573678],[76.49239125396736,30.513348941730662],[76.49125579127697,30.519660587083347],[76.4930537877387,30.52048506287379],[76.4988782131551,30.525320820202825],[76.50255351687845,30.527379632791426],[76.50110688112085,30.530149087097307],[76.5008404073619,30.533114049547745],[76.5029396032052,30.534515601459734],[76.50010815552034,30.53742213374458],[76.50081865599476,30.54064117318652],[76.49986522178301,30.54218185315457],[76.49914410690843,30.54604779897257],[76.49959810772106,30.54866001102261],[76.50179043817019,30.55155205117824],[76.50740020035283,30.555217429008465],[76.50631673859131,30.556835967157244],[76.5030527291839,30.55986097733241],[76.50460803716416,30.561559995651862],[76.50585822868881,30.56483086446749],[76.50871307816136,30.56557800114489],[76.51268489731076,30.56750386369079],[76.51613221345463,30.56807210283627],[76.52270725763992,30.563103873675185],[76.52574897066393,30.56224420028237],[76.5286401615307,30.562432979808296],[76.53289787897491,30.560099097266754],[76.53467339750426,30.558464463852218],[76.5348150053387,30.559837996986154],[76.53684771640803,30.557936188796663],[76.54056670668822,30.558880744119442],[76.54575149795795,30.559145069586297],[76.5492292437602,30.56080100270112],[76.55245876504904,30.561319126711798],[76.55845697788332,30.56441576694361],[76.56162884815373,30.56516077415634],[76.56373704978823,30.566646243396715],[76.5666988335388,30.565717232483884],[76.56960522940061,30.568139226231946],[76.57222827260638,30.563967847235183],[76.5789410321148,30.567373880469965],[76.57981726780037,30.56823982798315],[76.58040312716174,30.57266800468339],[76.58447907587676,30.572638079892226],[76.59594977736081,30.58975772389957],[76.59665116430901,30.59063357789427],[76.60226160831498,30.59480809819592],[76.6065250448835,30.591091682813342],[76.61185693792454,30.5972360235171],[76.61508178550024,30.60350708330562],[76.61693067968804,30.606430916423147],[76.61963177362333,30.609200894241056],[76.61840108861789,30.61042193481925],[76.62156817620469,30.611854248207777],[76.62240463440968,30.61316384450133],[76.62463270126094,30.612672985538396],[76.62630726232683,30.61407171111794],[76.62958063386041,30.61385447547563],[76.63470673241729,30.620272498701823],[76.6354989466862,30.622142325829035],[76.64148149417771,30.62752977742899],[76.6439719232913,30.62790735521431],[76.65047857096974,30.627145356811035],[76.65342975639406,30.62409546428862],[76.65431014480998,30.620253700940708],[76.65829322379793,30.610568859419395],[76.66252437388958,30.6126755731204],[76.66559991874493,30.611049568605406],[76.66387009614272,30.609002910474594],[76.6633278123407,30.60716603867246],[76.66412847308366,30.603609803621268],[76.66318595595591,30.60153472858189],[76.6647210648755,30.59700895954874],[76.66844043292834,30.593309478571605],[76.66663224484617,30.59107301050703],[76.66231840847641,30.58746886152494],[76.66092305903081,30.587055929183258],[76.66287407855724,30.58327205218506],[76.6682933373779,30.584902196148427],[76.66872528867744,30.584513958350673],[76.67418854571378,30.588373627913118],[76.6792034697391,30.591013316588086],[76.68234871975356,30.592015505813027],[76.68504288524794,30.593897333689583],[76.68924045922799,30.593384688890666],[76.6877241147057,30.591518660897542],[76.68838098550866,30.59003145636888],[76.68377038181454,30.578484016598786],[76.6858002004712,30.572938970789174],[76.68755637531096,30.571861862183063],[76.68424810472777,30.568441937116347],[76.68229147038667,30.56716165293524],[76.68071176843648,30.562787450577794],[76.68743375606921,30.55306037057589],[76.6917530416053,30.552746048376186],[76.70103539635997,30.548754763745194],[76.70812524325798,30.542626022722448],[76.71122120160383,30.540228214245325],[76.71823542665064,30.539500601221146],[76.72624980289743,30.537487936601092],[76.73028101821112,30.53836685919591],[76.73171785676848,30.54036575252467],[76.73307683650283,30.546630790915724],[76.73502638451221,30.551370725058334],[76.73864828048882,30.55323528334138],[76.74030475402249,30.555165247750544],[76.73951052122082,30.55884834617909],[76.74409801094879,30.56330932938228],[76.74563251820038,30.567331759689104],[76.7460522018381,30.571023251159612],[76.74577455073006,30.57382962591259],[76.74399148399966,30.574998478872256],[76.7427118691086,30.585621773384453],[76.7444432487936,30.58737573955409],[76.74684890825084,30.588015404994252],[76.74753917659395,30.59093036452262],[76.74850495039766,30.590291016915913],[76.75007709452125,30.592586548262226],[76.75140681172071,30.596454257166883],[76.75715857523647,30.597038923102662],[76.76054761325204,30.603038407877317],[76.76387541519215,30.606103979498258],[76.77333071679627,30.61042683085414],[76.7782333511175,30.608829290917154],[76.77811916841728,30.608444052082064],[76.78361639544521,30.603096907026828],[76.78417011460003,30.60184659096456],[76.78315148179965,30.600190136131022],[76.78518180385115,30.59796931972948],[76.7878946713036,30.59711587353932],[76.7866933604234,30.59521000820987],[76.7810512430165,30.5931396328663],[76.77979842207537,30.592232158065254],[76.77578684276037,30.58609338750147],[76.77258570808807,30.58317802451974],[76.77665785643327,30.576588837683584],[76.77535010005785,30.57384284805573],[76.77156261300884,30.571431040719368],[76.76872394218162,30.567945035148472],[76.76579033635913,30.56567937951373],[76.76559537144652,30.562873805629323],[76.75992034995029,30.55776692723852],[76.75717482145909,30.557597157060595],[76.7522377438364,30.555578050781712],[76.75081232045295,30.552387240558065],[76.75279661762956,30.550337148167205],[76.75109439748987,30.546983393426135],[76.75219727819238,30.54466487780711],[76.75398001436876,30.543384009595524],[76.75093535347638,30.54065872104145],[76.75138581955207,30.53623500000055],[76.7537831664093,30.533521676919992],[76.75515292768586,30.532799087850485],[76.75818340073887,30.53263451101673],[76.76074572270528,30.533750668573557],[76.76257307421004,30.53214563355697],[76.76585236169788,30.530809444443825],[76.76368106578414,30.528146209943085],[76.76480234634529,30.526730464302307],[76.76801065519572,30.52463829824383],[76.77356760091789,30.522072219281533],[76.77797764815277,30.52083786291671],[76.78251210346006,30.521204341034014],[76.78697858336844,30.51891158967664],[76.78425046135455,30.515880463921697],[76.78039128811677,30.510740404015948],[76.78135645559709,30.508210781075547],[76.78624077381899,30.503971856056438],[76.78837989149429,30.503296068497363],[76.79599282770765,30.503465864097393],[76.79465074486055,30.502830881406666],[76.78332199404255,30.49523951730364],[76.78145890708032,30.49477277231515],[76.77791156629789,30.495168895910368],[76.77489056872315,30.49425778547974],[76.7691146200752,30.4944807654473],[76.76779492288725,30.494078983438637],[76.76840026763423,30.487965824335088],[76.76927286570134,30.48750559407074],[76.76884084688838,30.483792692516534],[76.7670049740735,30.47936400095751],[76.76563749632136,30.47799130829962],[76.76530386395466,30.47544157424504],[76.76053247683672,30.474463448217474],[76.7573512884517,30.471663434533575],[76.75647568386817,30.47278926532898],[76.75303077515377,30.469809223806298],[76.75162171651905,30.462872893407436],[76.75294865746261,30.46141598115537],[76.7521910149024,30.460284698423077],[76.7556913385532,30.458277914162654],[76.75442758697709,30.4567703267321],[76.75528580502402,30.452164931640688],[76.75847154928307,30.451167840761904],[76.75640555641414,30.44581706871638],[76.75234346685193,30.44321618449341],[76.74750980158622,30.444637951615107],[76.74634600726748,30.44317433495872],[76.74646616467987,30.440760875323193],[76.74866935464698,30.43897708821327],[76.74872898997995,30.43287390416004],[76.74827851855699,30.42889960771158]]],[[[75.97314574960237,29.92885081721136],[75.97102418837893,29.92727515119465],[75.97062820575633,29.925520123076655],[75.97196485710214,29.924672898939033],[75.97212904154273,29.920819972024205],[75.96863512232447,29.915150937470127],[75.9713309608344,29.916639035773194],[75.97524007864831,29.91326195790824],[75.97597286669337,29.908566837149632],[75.9777891074018,29.90754892429038],[75.9806428061501,29.904346860979008],[75.97919805128734,29.90343576347712],[75.97716084419885,29.900353190606598],[75.97714970919574,29.898761852183945],[75.97472425253035,29.89492720943529],[75.9701048387509,29.89286615871372],[75.9684560492938,29.89036623481199],[75.9668362202036,29.891716874141366],[75.96367804229894,29.89282807823992],[75.9620260182977,29.889824980964367],[75.96040485229716,29.891177056196547],[75.95810476123306,29.891443894475586],[75.95570176392492,29.890791214569255],[75.9502682116591,29.895434883463114],[75.94930518854528,29.894940103302517],[75.94518902472343,29.896056809849533],[75.93831080081397,29.900041962096044],[75.93535402240418,29.902323919756935],[75.93384777828871,29.906270167046713],[75.93040813602687,29.908135864361327],[75.93439305722367,29.915476820400933],[75.93786330089938,29.917796812378864],[75.94200307609415,29.919944989352498],[75.94700077196778,29.92124889180489],[75.95189398496285,29.92138196190379],[75.957152729544,29.91916789620356],[75.95963298958618,29.917224017803218],[75.95913371222576,29.914547912411045],[75.96114303500954,29.913696186311103],[75.96345718056355,29.91543804103201],[75.96526478975753,29.913332006097953],[75.96709407922528,29.914239843456663],[75.96499804315901,29.91626507049916],[75.96453518817943,29.91861313965813],[75.9657061504118,29.921284073117203],[75.9690568383328,29.920422953421994],[75.9693880135182,29.92644983291145],[75.96786778601368,29.9284699805389],[75.97008811493914,29.930379964389566],[75.97039278191878,29.932805786512535],[75.97239283573678,29.930865738269475],[75.97314574960237,29.92885081721136]]]]}},{"type":"Feature","properties":{"id":"03-494","name":"Rupnagar","source_name":"Rupnagar","state_id":"03","source_agency":"Survey of India (SOI)","district_code":"042"},"geometry":{"type":"MultiPolygon","coordinates":[[[[76.64540618705253,31.209119429189165],[76.64234156271796,31.207316600864],[76.64124622582803,31.20568502653758],[76.63804682943726,31.204473319538728],[76.63433093817774,31.201750953132724],[76.62514760069327,31.197637966238634],[76.62285672182789,31.19557013085079],[76.61857774619563,31.193524136651607],[76.61504274334455,31.1900285776375],[76.61452455919905,31.18700281557188],[76.61267912761193,31.18351502463285],[76.60702765050965,31.18019980054978],[76.60013889309168,31.17852862946167],[76.59990022921615,31.177188181202354],[76.60173993374906,31.175760734710558],[76.60670603156498,31.17779085522897],[76.60832806059786,31.177471094292695],[76.60754851759131,31.174433685622624],[76.60905330918521,31.17330183317956],[76.60668042443923,31.169294678921833],[76.60425088556158,31.167390141853108],[76.60316957337686,31.164380386494305],[76.6052518015023,31.16009668943908],[76.60438574920563,31.159578781909307],[76.60385566352477,31.1568325672724],[76.60180724041456,31.153396043447454],[76.60656435071435,31.151650695452346],[76.60725513116179,31.14862428090912],[76.60998176177152,31.149399754780127],[76.61240289259457,31.148227377320303],[76.61098824883896,31.144590172646083],[76.60897326741225,31.143035110903384],[76.61064233375686,31.140707430031043],[76.60582709277554,31.135125714212162],[76.60432342339534,31.133862418596834],[76.60419178371997,31.130648400342068],[76.60194492663697,31.12903973689515],[76.60205485939474,31.123889568208792],[76.60554401110821,31.122930333482017],[76.60807517587642,31.12352255522501],[76.61040332405882,31.122601029089164],[76.61337882384221,31.12226306510254],[76.61544729443813,31.119377187336557],[76.61698217309146,31.11617638832816],[76.621535906531,31.116019011026665],[76.62441774415832,31.11635907593563],[76.62503977299164,31.11518446336935],[76.62997373801926,31.11674793471523],[76.63194379588153,31.116854623770784],[76.63297628012968,31.11558003226152],[76.63608159049997,31.11637405648057],[76.63708710954793,31.1114589561169],[76.6385763049038,31.107998411379477],[76.6378411181847,31.107001586931684],[76.63780757048991,31.103750617850874],[76.63563452138794,31.101285191436585],[76.63367401722988,31.10161458503219],[76.6318238336565,31.0999343166092],[76.63215305538507,31.09783859401377],[76.62657813516127,31.09289601607472],[76.62494736660469,31.08970412950309],[76.62480803106253,31.086778785764178],[76.62346100852463,31.084089401262695],[76.62358133174115,31.08095879085644],[76.62283955378967,31.07936901043133],[76.61805457927808,31.078215096897924],[76.61868065149034,31.076728004978442],[76.61771514453817,31.073155994838793],[76.61794163575048,31.070227278141704],[76.62041932006679,31.06638775860576],[76.61978642587316,31.063495146061793],[76.62145496813956,31.061529304136023],[76.62330335660188,31.057764508170727],[76.621811689264,31.056812663671717],[76.62254213222,31.05530606863613],[76.61432164061885,31.049482435562258],[76.61097434952815,31.045885746981725],[76.6159397688838,31.036645954111883],[76.61661984582393,31.033215151410797],[76.61653614944049,31.030528233592808],[76.62077747395372,31.028214218879327],[76.62249680536782,31.026115944505506],[76.62824246163989,31.02456611694939],[76.62905430140155,31.023504104832295],[76.62711674330879,31.022961353575134],[76.62653573675766,31.018646922456192],[76.62729927886349,31.01691138508949],[76.62671349738976,31.015513535111477],[76.62677853427253,31.010363251991013],[76.62588845313743,31.00546925668432],[76.62459174343171,31.003843637375102],[76.6248590568159,30.998780390606544],[76.62857751223949,30.998176583601722],[76.6338127682555,30.99593461918405],[76.63597845261339,30.99357520967401],[76.63803362096357,30.99029673566058],[76.65157229963754,30.987723590221453],[76.65446839117821,30.98565044850607],[76.65908193757966,30.981446940642062],[76.66123788258595,30.980901165727687],[76.66248813433307,30.982298444321774],[76.6657634117457,30.98075548172471],[76.66724404192625,30.97811761689633],[76.66916117063725,30.97621260437539],[76.6707138808826,30.976345515187088],[76.6729016503487,30.974192736855056],[76.6741517973064,30.970276212892532],[76.67322861022328,30.968832603733954],[76.68361763609236,30.967912542372627],[76.69223800920658,30.968694836252087],[76.69804600811676,30.970737762133215],[76.70466406188774,30.970565682730147],[76.70562933945932,30.96953732002599],[76.70809958501991,30.970404436980164],[76.71000592929678,30.96948983284413],[76.7113826057845,30.964940485832145],[76.71312271153653,30.96307082139051],[76.71646458435247,30.9608162322009],[76.71697714430346,30.959784078987035],[76.7210553231971,30.961345377422596],[76.72372595778111,30.959769109541824],[76.72541543399473,30.957232434449626],[76.7269681644769,30.956703612827877],[76.73373909898919,30.94932519617305],[76.73688998339571,30.949668474925407],[76.73612754288047,30.946217613455254],[76.73788442959669,30.940839116824076],[76.73724398442367,30.939945462946763],[76.73652908948578,30.938530975714198],[76.73323155314134,30.93628968893111],[76.73126789682948,30.93397625561491],[76.72941445577784,30.934600165999147],[76.72575022084386,30.933073487052724],[76.72517295590909,30.9317080342861],[76.72032018966365,30.92966367440292],[76.71877297833166,30.93001337764454],[76.716493674238,30.928863460351252],[76.71543699239184,30.929473438081025],[76.71310820970993,30.928782489232244],[76.71010116969771,30.92892798161747],[76.70733045881941,30.930767833466895],[76.70401631373389,30.930477575331306],[76.70230649411346,30.93191378599426],[76.69983099338143,30.931855599515877],[76.69655549039895,30.927629086365805],[76.69457322299813,30.92684017182183],[76.69232423739602,30.924782157071565],[76.69091135197387,30.92482256472203],[76.68774824710997,30.92129160803331],[76.68618224702782,30.91757389258892],[76.68379460102005,30.91704976653284],[76.68010550932576,30.914752515118504],[76.67841302806379,30.914286220510245],[76.6736597906711,30.914529293517234],[76.67010188515586,30.914167007673285],[76.66727509898284,30.91485997275205],[76.66332862995637,30.914786844093925],[76.6606826011556,30.913856488137313],[76.66012370016792,30.91190538751199],[76.65827914700715,30.910643315838428],[76.65371528061577,30.909556719471805],[76.6490751803801,30.907338778637737],[76.64467735532837,30.904501372959366],[76.64151349692784,30.903495271365188],[76.63869267867258,30.904274053951607],[76.6381788922734,30.905236518228488],[76.63628244035178,30.904741981071194],[76.6367516450324,30.90259543442512],[76.63118659972797,30.902594225754754],[76.62758824068436,30.90171156517469],[76.62610390119039,30.89944636991888],[76.62641298856447,30.89725773190963],[76.62537521836146,30.89571881969254],[76.62389306677557,30.895403894826263],[76.62059005813187,30.896404387231208],[76.61792423574433,30.89542718403741],[76.61496914224008,30.893152805501455],[76.61163802846889,30.891373210027403],[76.60681457803105,30.89077875584991],[76.60820749516543,30.884579712704955],[76.60895956995967,30.883263439564598],[76.6071628963991,30.882069381388327],[76.60016102597383,30.879363351367314],[76.59772575764649,30.877673472778948],[76.59689848007376,30.874989522358845],[76.59705268569664,30.868921921057495],[76.59908557113152,30.866004093624387],[76.59930973913173,30.864645775874138],[76.60177324511245,30.861417685307636],[76.60280595260991,30.85816901892335],[76.59950056954715,30.856254837689804],[76.59660196791503,30.855613061749658],[76.59295165558822,30.853751102325983],[76.59107248860485,30.853841215686625],[76.5917473931418,30.852065781113595],[76.5876046372317,30.851143107101336],[76.58728748815044,30.854538526022303],[76.58602294973691,30.85958008525688],[76.58472731465123,30.85924996447461],[76.57889510817878,30.85933030278065],[76.57445620073813,30.858366249443495],[76.57345703352381,30.859707053840165],[76.57370693417435,30.86255816516762],[76.57293442386015,30.866153051587382],[76.57816379488466,30.866058301823927],[76.57793196644906,30.86942077919367],[76.57604261524865,30.86864657660853],[76.56645787218808,30.867202851046315],[76.56711259066093,30.865051292397677],[76.56697141674638,30.860239768980335],[76.56779522304863,30.855836418624072],[76.56966508168196,30.85136749772172],[76.57656262293708,30.85495001894525],[76.57885791724256,30.858140021352355],[76.58088416456427,30.857565991526414],[76.58406273889155,30.85167602032073],[76.58283228115421,30.850642651524748],[76.57905014376078,30.849616390984966],[76.57448814141053,30.847229352437747],[76.57105036001694,30.846664866389155],[76.56583342866057,30.842905026907495],[76.56256450787527,30.841626244308763],[76.56227229562712,30.842297849047828],[76.55778617268051,30.839820258215255],[76.55307562617752,30.838304057781627],[76.55667602004091,30.82974664993858],[76.5595589244832,30.831001978175152],[76.56203748245727,30.82690437081988],[76.56269247223375,30.823582199842686],[76.56508037838633,30.818169042139647],[76.56463657723552,30.8170478312711],[76.55948111268637,30.814734663719754],[76.56267946074543,30.812015267193797],[76.56374601835614,30.808046689540536],[76.56236126153577,30.80597421410341],[76.56005920931614,30.805160170520022],[76.56027432359409,30.802634543135074],[76.56181395639051,30.799821423567312],[76.5557481424869,30.796446944251127],[76.55827697305497,30.789745911254922],[76.55886180805312,30.785916925055947],[76.55549975802367,30.78489116888419],[76.55313079838841,30.78266548195317],[76.54917942332716,30.783042446615486],[76.54478421777205,30.78087444558333],[76.54070452888723,30.78076780939755],[76.5398287020929,30.77897003318693],[76.5359448457254,30.77492721908088],[76.53574136333054,30.7733851936177],[76.53294080106987,30.7685985441448],[76.53334162335493,30.766578668814056],[76.53020540647569,30.764700431753432],[76.52410017806645,30.758249145427808],[76.52202093862543,30.757107457333714],[76.52155104781282,30.75760997065426],[76.51785687305555,30.756038967389728],[76.50647787560614,30.74938713862847],[76.50424198132157,30.748731203657986],[76.50037235003732,30.74851945047321],[76.49797855328485,30.746933450564015],[76.49523918676334,30.746214364680586],[76.49186701127745,30.746257761452576],[76.48315039044384,30.750667423885556],[76.47257284892113,30.746476601198744],[76.4694287670701,30.74562359404875],[76.46776796302123,30.74919535125993],[76.46365220815598,30.75469712026275],[76.46044736499266,30.7516180442385],[76.4595593723698,30.7499124912966],[76.45642695384092,30.75479036061191],[76.45475184766437,30.75406064990238],[76.44795070890122,30.75783608279376],[76.44431763223801,30.759470368568113],[76.44467651079562,30.760913126671728],[76.44383467314029,30.775260192896454],[76.44408016718545,30.78364168681324],[76.44160038181552,30.78346170891997],[76.4411816103868,30.79031983789009],[76.44139634301627,30.792788472429585],[76.4431088309372,30.795195784162406],[76.44220728062115,30.797982848587246],[76.43750796372345,30.798408601074044],[76.43404795032028,30.79922345464157],[76.43447060808391,30.800525143214767],[76.43356501036507,30.808204042449344],[76.4352724737326,30.80938971403778],[76.43470229027372,30.81206956257425],[76.431917221347,30.81229894721033],[76.43262896391886,30.81912557984887],[76.43004525525888,30.819762421801634],[76.42537190902763,30.82265736372905],[76.42441256483886,30.822802220869328],[76.4226613895648,30.820921656796436],[76.4155189098801,30.819347316201902],[76.41123352056657,30.819191113317597],[76.40855521614343,30.819653507452347],[76.40353250739327,30.827388208375083],[76.40246831541668,30.830617683874173],[76.40557217254671,30.83558001778306],[76.40831871000519,30.838967895951768],[76.40917995993641,30.83821237118424],[76.41113679356322,30.839930077661144],[76.41075980493478,30.84139069121553],[76.40765480940979,30.84523184786847],[76.40685708820692,30.84701432313813],[76.39927102711668,30.846346540522216],[76.39704731161292,30.845339693716635],[76.39457883872748,30.845141923634028],[76.38914625096561,30.846862099542175],[76.38489761247557,30.849022764752384],[76.3799292768335,30.853180074773793],[76.3801841421091,30.857555207576453],[76.38196335868108,30.86032345744004],[76.38026405100837,30.860336967650543],[76.37408683206765,30.863183010446708],[76.37243352243952,30.86361822614408],[76.37141243709264,30.86521465154586],[76.36946259034691,30.866030340197998],[76.3678404863129,30.868107736862367],[76.36801359913198,30.87218311607837],[76.35900658582626,30.869429897529358],[76.35692122791978,30.869159719425944],[76.35738187137456,30.86618878366902],[76.34862095766294,30.865530742098954],[76.34854745969899,30.873823059186474],[76.34340188244616,30.873813106023334],[76.3374653390296,30.875078827001076],[76.3374131443316,30.87279708916],[76.33583326494102,30.872669077440623],[76.33404804178628,30.86973162240742],[76.33187894789631,30.87247649229466],[76.32966436416359,30.873935720563345],[76.32791838770753,30.87879798072996],[76.31932024609252,30.877055938922446],[76.31869373278242,30.898365667085205],[76.3190572307877,30.901132357044887],[76.31880789011471,30.90501221323902],[76.3192879244793,30.908721873313453],[76.31893716821082,30.910232159116006],[76.3197151762794,30.914304185672208],[76.31555432566495,30.919638497516992],[76.31274059660521,30.924736423178967],[76.3147517112197,30.92567424949137],[76.32154533697104,30.92733240055429],[76.32270375949294,30.930121209158383],[76.32368693179036,30.930118262537416],[76.322950090763,30.934907735181575],[76.32054241422647,30.94113489727751],[76.31845265739132,30.949077973990907],[76.31762259707126,30.95066756820748],[76.31689119589794,30.96007850347797],[76.3161343021707,30.962867154573257],[76.31646285536803,30.96570478250415],[76.31615572144551,30.973831920094817],[76.31518061041517,30.977550067080653],[76.31530704318614,30.979424035719862],[76.31344142449261,30.983397520696446],[76.31364141965379,30.985264307519373],[76.31178330572966,30.988445656819593],[76.30559616354655,30.98783878905607],[76.30593619537915,30.992269393293935],[76.31311021514693,30.993900981898665],[76.31336010666665,30.99515590716328],[76.31679539317342,30.995506865999104],[76.31893458956606,30.99439800769979],[76.3265328930255,30.99427237379303],[76.32736385974495,30.99290062951849],[76.32639040916892,30.988077098070328],[76.32508908094697,30.979205933522504],[76.33195110013368,30.979170875203188],[76.34494535642554,30.980612802314724],[76.342822132406,30.97490647061088],[76.34371204694104,30.974318860147015],[76.35172896452211,30.971758923182936],[76.35876577573966,30.969096755799086],[76.36914704773537,30.972314973679193],[76.36922188919338,30.974738301180075],[76.38125400331886,30.974591214326843],[76.38411518060359,30.97544913123223],[76.39975373484879,30.975929314522332],[76.40648258125817,30.9758558508251],[76.40683066539057,30.972562500996062],[76.41458586010171,30.971351529799616],[76.42073703910533,30.972561497508043],[76.4303532735012,30.97214531750883],[76.43834460528188,30.972033373615872],[76.44228509726071,30.972487209682647],[76.45812596044632,30.973372128768034],[76.45746538551528,30.976260819462784],[76.46776993493009,30.97663250589734],[76.46840943270726,30.97569891237552],[76.47383582467249,30.978111116709893],[76.47942152008807,30.979518554113824],[76.48199258037059,30.977616311112076],[76.48647123801925,30.976540542288333],[76.49029225534781,30.976660734801065],[76.49362043318807,30.975418452989132],[76.49424504757455,30.979457891738978],[76.49886155125394,30.980111529352325],[76.50968943872027,30.97984257568156],[76.51213940655069,30.982389154688597],[76.5157152687259,30.9888593379132],[76.51780522086244,30.994389613671245],[76.51858826292991,30.995348228744056],[76.51556713781603,30.997604454794686],[76.51107104896296,30.99870398228255],[76.50960777136375,30.99950899010954],[76.50921020719134,31.002902299121658],[76.50624400477109,31.005248654651776],[76.50517641938923,31.00457656156196],[76.50023061696724,31.004957504414936],[76.49759481667444,31.008260778791758],[76.49390285954598,31.00871771565804],[76.49068851653922,31.01181340027021],[76.48649985708279,31.014388848857777],[76.48663939236532,31.015736120356852],[76.48509871958574,31.017145821050008],[76.48513478915308,31.019125231570886],[76.48406828020238,31.021334069186924],[76.47762266258722,31.022952405690198],[76.47646978219566,31.025192543929748],[76.47016667871678,31.029804473267223],[76.46971287924791,31.031016461881368],[76.46695890580115,31.031614378753396],[76.46667427286353,31.034029127989516],[76.46572387026274,31.034820828294176],[76.46483830990013,31.03790294257672],[76.46310764535721,31.040274439467545],[76.46204179482224,31.044647688623527],[76.45972555555426,31.04903593221329],[76.4573005866828,31.04986427177858],[76.45732846388675,31.054211287290993],[76.45539637513016,31.055880571021167],[76.45221597856434,31.055827449498814],[76.45110342579764,31.057211030194658],[76.45156434584017,31.059300105519494],[76.4487376258105,31.061111142331203],[76.44709015912777,31.0645595725968],[76.44574369533098,31.064560377153214],[76.4462484575602,31.067514636970124],[76.44464420441524,31.06874964230077],[76.44167132885849,31.072426358194946],[76.43981542389184,31.073866336469738],[76.43736693525676,31.077437574027385],[76.43486203496767,31.079378506976788],[76.43573046935205,31.083254954657207],[76.43283366245298,31.084575874524393],[76.43396546308657,31.087783538794632],[76.43170435344916,31.08941989205825],[76.43216084083785,31.091286614688954],[76.43126032629645,31.092250501624996],[76.42650422325413,31.094652319771928],[76.42577414306268,31.095872218783366],[76.42928813420944,31.09919197669461],[76.4312289787512,31.102455771751334],[76.43234702443793,31.105843292491823],[76.43157215922453,31.108861843622524],[76.4321162082206,31.110120025583015],[76.43123383867105,31.11262013189873],[76.42917238866913,31.116233609269834],[76.42726683288737,31.11702749134818],[76.4238394476779,31.117119749529145],[76.42091207482255,31.11904822546814],[76.42101301551564,31.12136540031516],[76.41944052098457,31.122649706502276],[76.41929823417183,31.124565852967013],[76.41761416724161,31.12497919553571],[76.4165792964653,31.12736872577754],[76.41354239761067,31.129517656350895],[76.41291839308505,31.132720317214826],[76.41028505825673,31.133734492639853],[76.40925516495562,31.135181338542612],[76.40793965464745,31.13464848547804],[76.4060545761883,31.136267124867242],[76.40262545485218,31.137094183078677],[76.40159108444676,31.138598265938885],[76.3994279091303,31.139389056597256],[76.39573963100943,31.141935564475446],[76.39358114336407,31.14659534102534],[76.38848194955715,31.14858329465285],[76.38745539759785,31.151521525688413],[76.38475348599648,31.151950495755035],[76.38347114639191,31.15334373694114],[76.38214272607688,31.157118282482113],[76.382369132881,31.158352286442128],[76.37937585913862,31.16159891203617],[76.37811888150691,31.164342909115295],[76.3783969336862,31.167754649636393],[76.37705761618162,31.170388372608688],[76.3733494707282,31.174390947930718],[76.37371718599704,31.175539018253605],[76.37089044102296,31.17735680403732],[76.37012326203093,31.18122207448965],[76.36744460756056,31.18315221227468],[76.36730145031015,31.185854358177917],[76.36557756213402,31.18780049846551],[76.36565810145986,31.18915735116641],[76.35981457524083,31.19312126966675],[76.36118031284062,31.195775748404017],[76.35619622883172,31.201003916101076],[76.35502528436169,31.206143565092784],[76.35307840318366,31.207279285501443],[76.34815983967268,31.207627529955534],[76.34680667994537,31.21003547009939],[76.34431131825497,31.21205856554665],[76.3418885687658,31.21578123146427],[76.34052983799315,31.216412466772503],[76.34001094990822,31.219450742221962],[76.33885684228565,31.220085067796866],[76.33871320251936,31.22223255465906],[76.33466897373593,31.224824716280736],[76.33257483979284,31.225386125981977],[76.3294202191936,31.223781888452848],[76.3286219704572,31.22410264834834],[76.33017442228557,31.225558955713066],[76.33170009053819,31.228631227297015],[76.33476384455969,31.229188008427954],[76.33957317522892,31.231685726110012],[76.34210772978668,31.231026286348616],[76.34572904862199,31.23455598727326],[76.34789809842717,31.235885576494063],[76.34922359037856,31.238187238107702],[76.34933866287523,31.24144257403032],[76.34411398441218,31.243127665331723],[76.34285721359537,31.244724102284284],[76.34021605395822,31.245113963086403],[76.33987089574704,31.246314500001855],[76.34153718035908,31.249552877485407],[76.3411988229287,31.250990500844317],[76.33717855390968,31.253413799332936],[76.33419783519776,31.257384101957935],[76.3314175127709,31.25980765231783],[76.33041300120529,31.26499998032925],[76.32966681643569,31.266089864964346],[76.32508425878383,31.26856034013047],[76.32195851210514,31.26821477058066],[76.31999072663503,31.269135467343023],[76.3112685455763,31.274577790862345],[76.30848985191153,31.27759739498653],[76.30856224676084,31.282103244248308],[76.30801667239068,31.28702201155858],[76.31038484919891,31.2906339091253],[76.30778236394539,31.29198631573373],[76.30525269444638,31.294056110468038],[76.29679125367983,31.29072615237302],[76.2946884838648,31.292037706431607],[76.29458018852657,31.293498598089467],[76.2924537783966,31.294850923829415],[76.28900236920639,31.295015546551564],[76.2873102044168,31.29847017240521],[76.2877030143373,31.301046501323462],[76.29047743890334,31.305045976877963],[76.28946209493279,31.30683348415643],[76.29150445015529,31.309618662850404],[76.29530049610962,31.31138055749009],[76.29868730569633,31.311360056493395],[76.30206990591655,31.313647039666943],[76.30444574261551,31.3139158958873],[76.31043096023683,31.317743692257878],[76.31122350495198,31.319506449569527],[76.32260345361996,31.321673996774418],[76.31307435730194,31.32997309366713],[76.31113908248548,31.3350858836683],[76.30757957062616,31.342651756580008],[76.31946146611116,31.344463186856142],[76.33130559474004,31.346592825682198],[76.33022275877316,31.34831925129404],[76.33409159073938,31.349412390086712],[76.33558762184266,31.349202237578748],[76.33690142111294,31.34507210605586],[76.33638404290764,31.34162879856932],[76.33770703617412,31.34037504188371],[76.34395943971833,31.3406131774522],[76.34518271586005,31.343268144697547],[76.34681593477688,31.34341026990651],[76.34720648993941,31.34685674882262],[76.35138575647669,31.34711869107678],[76.35190938850157,31.345054426545882],[76.3544457731403,31.344964348773367],[76.35398541604019,31.348125044712592],[76.3530571156632,31.34889780489824],[76.34706896514106,31.349154006428],[76.34610777682873,31.354456786487976],[76.34242135068419,31.354785251405186],[76.34288393040207,31.360690182640663],[76.34256328622642,31.363304920925888],[76.34078083178416,31.363526132391208],[76.3417206206924,31.378152791364467],[76.33544572467216,31.378611980863234],[76.32965598374099,31.378628300277608],[76.33019375759152,31.381157081674928],[76.3318265784999,31.38393012238502],[76.33163172771802,31.38687123736863],[76.33065535459205,31.386872922413875],[76.33114001589944,31.40124244801148],[76.33828445125599,31.400794292999997],[76.3422328022715,31.400910717082702],[76.34245490047262,31.398561827496188],[76.34334568119063,31.398612525053938],[76.3433409264882,31.40225961670146],[76.34672821966716,31.402296970384704],[76.34700685878295,31.398314949236582],[76.34913442455093,31.397845349198825],[76.35302825249077,31.398613668390016],[76.35675673484619,31.400437613672548],[76.35931245707413,31.403219903405095],[76.36294197509444,31.404239829359593],[76.36779474203051,31.403950333710497],[76.36864862723418,31.405546329323762],[76.37028328423924,31.406179244086164],[76.37214159212414,31.408495692416004],[76.37259050649985,31.41128198767514],[76.37225270600067,31.413680617951897],[76.37062092284285,31.415028897127687],[76.37203027847434,31.417282532284194],[76.37091153963648,31.420836840035566],[76.37281376696018,31.42371915019096],[76.37244936147685,31.4258273732698],[76.37026434114848,31.428400992689603],[76.3711281217368,31.432469913518204],[76.37339695530339,31.433340447831945],[76.37395277920135,31.437170341224935],[76.3751630318427,31.437006312565167],[76.37950123607605,31.433283553223834],[76.37902243729715,31.432335624427743],[76.38060499972138,31.43103761432983],[76.37923259919592,31.428438946220602],[76.38322307225718,31.425600305340907],[76.38318613402001,31.423110491374374],[76.3856347792291,31.421998666679976],[76.38642027804771,31.419973052094864],[76.3899590886242,31.416593646537578],[76.389866925888,31.4135189067764],[76.38786391200871,31.409527376373983],[76.38830352669908,31.408885141653954],[76.39494639388346,31.407994710835734],[76.39688798272422,31.407114566406033],[76.3997872496184,31.399506859440205],[76.40331111046771,31.39689367771527],[76.40417807457032,31.394171248391626],[76.40378141432046,31.392312338668358],[76.4002612457716,31.392353905755478],[76.398367518378,31.393400099757546],[76.39430954854696,31.39048652420579],[76.39306420996287,31.39104926841245],[76.39266345105662,31.389550507052476],[76.39606237318456,31.38542325540343],[76.39932422088822,31.38238372401602],[76.39997075579649,31.37979505975729],[76.40108498202498,31.37850686328504],[76.40409446452078,31.377957789344013],[76.40458419073559,31.37364509263005],[76.40720842149271,31.37027919071713],[76.40723876846117,31.367415555335214],[76.4079487839667,31.365827756685704],[76.41343153015526,31.35825451118226],[76.41667561785572,31.3541496653789],[76.4169691106254,31.352299828355267],[76.41946482721252,31.349169394367184],[76.42401440289379,31.34905551169457],[76.42622906831592,31.345352589699342],[76.42654500714343,31.343445192741385],[76.42513190759716,31.339622328073602],[76.4258995304384,31.33756955059093],[76.42953045766086,31.3317346422866],[76.4317462080124,31.326867794443586],[76.43581564155527,31.326125673026635],[76.43770400053101,31.321694435267716],[76.4402436312192,31.319180477502222],[76.44328634268541,31.317498796150478],[76.4473515139955,31.316589497569158],[76.44912990832498,31.314657587651162],[76.45462560935769,31.311769221062256],[76.46307760255823,31.303025617918127],[76.46380922752306,31.30008790709252],[76.46275020173259,31.298212095696748],[76.4585511758626,31.295353007474336],[76.44097512091133,31.287627679070003],[76.44097390138205,31.283803755345193],[76.43968961466855,31.279090204941824],[76.44168029818591,31.27877031828494],[76.44276418525553,31.277227778655963],[76.44779447434742,31.280664811276377],[76.45071258294827,31.28209074544234],[76.45865879879527,31.285296610145256],[76.45976618295335,31.286186476485007],[76.45968450221645,31.288598663512037],[76.4634361357539,31.29349749418923],[76.4684730192821,31.29759192207963],[76.47251011020859,31.299982951203056],[76.4747888826571,31.301958758931185],[76.4764454208745,31.30572049750937],[76.47951423407284,31.30821802918198],[76.48349197192955,31.306514446716136],[76.48522166299202,31.305161907997746],[76.48834942709476,31.299794175760198],[76.48889176218648,31.296216958161697],[76.49189878214125,31.29417972793059],[76.49121348777634,31.29092476005538],[76.49238446935352,31.28795536509598],[76.4951146556958,31.28877392103425],[76.49725870381687,31.28599439925645],[76.49520143657138,31.281622745772776],[76.49670320054751,31.276623824364922],[76.4965099126589,31.27472688143825],[76.49765797450098,31.272553495147445],[76.49672895990035,31.271448855438848],[76.49878043908107,31.269959434450637],[76.50124529534689,31.26987401476108],[76.50388896116853,31.266943298674523],[76.50638107586738,31.26778215758147],[76.51233506344337,31.27319166020762],[76.51673220722803,31.276189763359678],[76.52169553837639,31.28037470955475],[76.52418934637461,31.27837364351697],[76.52741673817319,31.277229534352333],[76.52791693942429,31.273487277392896],[76.53042919679417,31.271157143729134],[76.52857334216343,31.26816556028632],[76.52888269820772,31.265714541704607],[76.52598316799975,31.264860638402826],[76.52391626592022,31.26233607876585],[76.5229157128145,31.26011645114224],[76.52378228148638,31.25819758804029],[76.5286490847725,31.256765354682777],[76.53140699895434,31.2564456058742],[76.5333673432758,31.257128816651264],[76.53552934782586,31.25897374668715],[76.53905177748743,31.260847885755517],[76.54017145135656,31.263386973162266],[76.53993783380004,31.2664152749764],[76.53775430180231,31.270164695170255],[76.53909610804212,31.273041095197872],[76.54107630433828,31.27501819592116],[76.54153290837702,31.277864324512976],[76.54335045815637,31.282509608703947],[76.54688954639927,31.28141402559514],[76.55132295671608,31.27854662312825],[76.54881667737122,31.274294202349434],[76.54891493211058,31.272348566673916],[76.5503134867622,31.270375063657266],[76.54751969123478,31.26724359771788],[76.54844589465952,31.26616720196237],[76.54512466228192,31.260740395696377],[76.543598958261,31.258953853889103],[76.54397668269478,31.256605654139197],[76.54671201682262,31.25503752852885],[76.54919020521645,31.252816773760895],[76.55270486347003,31.255153442940028],[76.55646164602604,31.252458715422414],[76.55964382037192,31.252667030992896],[76.56125840950297,31.253749444216666],[76.56408410540844,31.25995346956399],[76.56613459812843,31.262499435719285],[76.56947843410883,31.261483952372565],[76.5719577288806,31.264956273810352],[76.57130460926611,31.266128268107792],[76.57406097642456,31.269394020622315],[76.5756818811132,31.27057040602055],[76.57913740037837,31.271168743198306],[76.58339225834126,31.276149513260417],[76.58625330839169,31.274372134789953],[76.58766502031686,31.27425240058372],[76.5900722330788,31.271872160722],[76.5923371469525,31.2684192599229],[76.59183875822228,31.265969521909504],[76.59623546815392,31.26124513917644],[76.60106073732138,31.25915033321506],[76.60710243185576,31.252586667970004],[76.61170865169649,31.249837213775514],[76.61214675881892,31.2470647581079],[76.6105464486192,31.244099785756795],[76.60684395798252,31.24187064276732],[76.60085364856253,31.240862441621882],[76.5984307873611,31.239649172973717],[76.59682099708361,31.236853476900254],[76.59483020071823,31.2346955846927],[76.59529374563824,31.232804877721005],[76.59413269921069,31.22996452781709],[76.59524567106772,31.226753826299323],[76.59281110898218,31.22597010558772],[76.59193446375538,31.223077171400213],[76.58868559764744,31.22292889524663],[76.58829177431252,31.221719035087055],[76.58906138310378,31.219159073585466],[76.59233569615999,31.217256749420933],[76.59148587782623,31.214283127155767],[76.5927081633092,31.21424283520766],[76.59316158699892,31.211723429404277],[76.59593238160095,31.211717679796344],[76.60081198042033,31.212576204314775],[76.60131723602184,31.21491761915495],[76.6034615766398,31.21439642600673],[76.60559088297076,31.215420921034564],[76.60663994369745,31.216872366885866],[76.61000935817948,31.216771702968835],[76.61423637864434,31.217937206320855],[76.6171530255169,31.219365822856187],[76.61824977622466,31.22078641054759],[76.62163446532892,31.22186425842908],[76.62328179071268,31.2242807314905],[76.62776362784487,31.226553355658847],[76.63080772935237,31.225324921445615],[76.6319178509326,31.223805042762315],[76.6344312811445,31.22468899446391],[76.63538242338467,31.223361280220804],[76.6387377394453,31.22258171850846],[76.64178497235582,31.22273191065875],[76.64060087852776,31.221414587903904],[76.63718256191486,31.22080902746069],[76.63667560541565,31.217690393672537],[76.63773434783356,31.2154741728004],[76.63946357828439,31.215413828166735],[76.64244266396378,31.214014596150204],[76.64544579321117,31.210192980294046],[76.64540618705253,31.209119429189165]]]]}},{"type":"Feature","properties":{"id":"03-495","name":"Sangrur","source_name":"Sangrur","state_id":"03","source_agency":"Survey of India (SOI)","district_code":"043"},"geometry":{"type":"MultiPolygon","coordinates":[[[[76.08447026910537,30.56200438124102],[76.08137306103549,30.557852890959527],[76.08152305725105,30.554493183996417],[76.07932807930855,30.549228969164325],[76.07577436861273,30.54658321303097],[76.07733364886099,30.544963999644732],[76.08110316676002,30.542464229985367],[76.08656494332135,30.53769265373341],[76.0858825686907,30.537194706119063],[76.08899217843894,30.53399499462306],[76.08793233236183,30.53092525868835],[76.08514270636934,30.528345473241448],[76.08229310597336,30.522435976579825],[76.08074331879772,30.520326155940193],[76.08154322920748,30.517516402195284],[76.08351298202618,30.51479664351718],[76.0811832936171,30.51353674674363],[76.07953353047327,30.508957138820456],[76.0785336637168,30.508327190911025],[76.081003371683,30.502137737852358],[76.07739385182731,30.49989791995831],[76.07113467336451,30.498568014361073],[76.06925492304809,30.497658085279724],[76.06668527057668,30.49520828966232],[76.06331573759435,30.489248797619187],[76.06365462681852,30.485380830999958],[76.06443562470169,30.482229411245964],[76.06707966232555,30.479559790918476],[76.06970495392463,30.478779726967044],[76.07390441690787,30.476299958146935],[76.07686403606658,30.475590030725073],[76.08069354994117,30.472540308065295],[76.07927375556896,30.468240676928517],[76.0808835488443,30.46754074456264],[76.08010365658312,30.466440837918285],[76.07981371185794,30.462611169062722],[76.08546299290718,30.45906149782583],[76.0879376719454,30.458306572127743],[76.08221343202227,30.455211820458292],[76.08039368263476,30.45241205735744],[76.0742844898328,30.44973226732421],[76.07233473269704,30.452702003753785],[76.07033498995905,30.453191954574365],[76.06831526142473,30.45186706207697],[76.06593558638166,30.448742323940007],[76.06543565921578,30.44704247050847],[76.06266603286971,30.44436269420765],[76.06072628844608,30.44363274906902],[76.05680681583651,30.43984306607443],[76.05378722064494,30.437803234214226],[76.04953778145419,30.43577339672641],[76.0513275603549,30.43306363765927],[76.0527174049113,30.427514123939893],[76.05162755544644,30.42599425268794],[76.04792805220374,30.4228045145145],[76.04458851245796,30.417424970857017],[76.0448734812776,30.415935101569758],[76.04359865274894,30.414975182016498],[76.04138893913417,30.415075164528396],[76.0334699931436,30.410715515732242],[76.0316202409516,30.408735681121136],[76.03236015357655,30.40703583239253],[76.03603969652941,30.401896289556007],[76.03403996711113,30.39998645001069],[76.02956057619406,30.394546903644574],[76.02707090875057,30.39246707794225],[76.02371269894604,30.390501089854457],[76.02524116617221,30.38849741587167],[76.02411135954537,30.37875825842632],[76.01744221708232,30.380848053195407],[76.01392268683648,30.37840825249952],[76.01241289771583,30.37537851197196],[76.00980324775665,30.373138696968983],[76.00752356135531,30.369219028519503],[76.00710363425436,30.365499347644914],[76.01077652273737,30.365232558464157],[76.01096830372673,30.3642736371149],[76.00690366406866,30.364749413319075],[76.00513389600424,30.364249451760895],[76.00215428194143,30.36490938364665],[75.99884471739102,30.364419415671957],[75.99676498337455,30.364909363944864],[75.9949452042044,30.368309065115678],[75.9932754144366,30.36984892259278],[75.99228553513564,30.372018733552753],[75.9903258020848,30.36900898948295],[75.98641633009157,30.364849336016157],[75.98550647046605,30.36033972415753],[75.98631638508155,30.355830117527685],[75.98465662819432,30.350150606485414],[75.98463663982322,30.347750813963838],[75.98736630064415,30.344221127700525],[75.98657641965859,30.34058144006415],[75.98794625462212,30.33788167958625],[75.9894660599309,30.337251741619347],[75.9938654806513,30.33861163866576],[76.00227440520585,30.334272040369502],[76.003415727882,30.334053979452644],[76.00714376637926,30.335291971478775],[76.0087235648753,30.334362054937728],[76.00833362593912,30.332362229907684],[76.00973345056225,30.3310023495387],[76.01216813992693,30.330067441898247],[76.01444284115999,30.330112445258433],[76.01613262684495,30.32866257652821],[76.01931221202223,30.32891256812726],[76.02130196353278,30.32708273212786],[76.02355740433288,30.326498436615335],[76.02261176696263,30.332042306933023],[76.02907092517857,30.332847261329913],[76.03017076889307,30.335602023204643],[76.03388169691084,30.33731331923251],[76.0401794276515,30.33517291476441],[76.04308908966908,30.335032118791027],[76.04547876703057,30.33758190556182],[76.04798843263941,30.33898179185826],[76.05473758026353,30.333622282152234],[76.0563223757948,30.333247318514164],[76.05992692535453,30.329232679813945],[76.05869709447907,30.327122859506847],[76.0624266224119,30.32408313455601],[76.06302655658287,30.32159335480416],[76.06802592493877,30.317313740270357],[76.06810591879193,30.31646381555249],[76.07191542384244,30.316263846070584],[76.07673480697872,30.31418404284474],[76.07795464624995,30.314574014948732],[76.08026435529406,30.312274222078237],[76.08443382060445,30.31065437705922],[76.08813334417525,30.309914454673695],[76.09004308135987,30.313064187816412],[76.09138290238688,30.314254088039853],[76.09734069452395,30.316586291505885],[76.09795203673643,30.315993963613902],[76.10203150299874,30.317273865713172],[76.10366128008573,30.318563759182624],[76.1071708261607,30.318453782339404],[76.11117028982952,30.321543526679662],[76.1191692593717,30.319583723668956],[76.12425860519944,30.317333939732436],[76.12656831503571,30.315194131921057],[76.12802812945375,30.314784172659035],[76.13234257942348,30.312094422841778],[76.13825680814932,30.312574401254913],[76.14164635631782,30.315054200842628],[76.14356609480933,30.317094029579472],[76.14800550360582,30.32051374955623],[76.14965886331672,30.320885135270707],[76.15290487801602,30.317724008084205],[76.15731431227127,30.31583418735016],[76.16105381845784,30.317304074679274],[76.16332351226859,30.319503889192948],[76.16689804234487,30.320678803186695],[76.16979267466456,30.31862398999168],[76.17060257835456,30.316974136422456],[76.17009265207085,30.31533427642846],[76.16767298094415,30.312484515364464],[76.16683309916884,30.31056467790011],[76.16778298194315,30.30875483973814],[76.1669131122253,30.305315131696524],[76.16589265175242,30.304569789159473],[76.1671930896049,30.302595370610945],[76.16901284982603,30.303285317391104],[76.17429214569631,30.30651505595038],[76.17962344762121,30.30851058336048],[76.18194115643972,30.305545168337215],[76.18397090209145,30.303865321769866],[76.1870705136257,30.30031564053488],[76.1937496632274,30.296735976095917],[76.19678926714289,30.2967759799773],[76.19829907587808,30.295486100355365],[76.19942894640533,30.292346376831922],[76.20311849194746,30.286426901825717],[76.20396839751834,30.283697141503833],[76.20360844933244,30.282247269441267],[76.20164871206556,30.280567407139742],[76.20235862307595,30.279537495737284],[76.1994490190666,30.276557743786743],[76.19880911044953,30.274977876326073],[76.19439969415872,30.272588070636047],[76.19103013445482,30.27223808699304],[76.18977029176048,30.273927937559225],[76.1868206685745,30.27487784394822],[76.18260121834868,30.27519280201818],[76.18018155593775,30.270238221744137],[76.1786617552074,30.26911831572321],[76.17672202634861,30.2659885771428],[76.17721197708993,30.263068835118276],[76.17902174289999,30.262368901284646],[76.17760193214986,30.261768946488782],[76.17818186806896,30.259339158683645],[76.17931172551569,30.258129270386345],[76.18269129217104,30.25708937154534],[76.17368864699522,30.251027060405523],[76.1759522058259,30.249180030914296],[76.16810684855493,30.241624977993567],[76.16574358023664,30.239830804831968],[76.16420375840849,30.244060434916882],[76.1624939682636,30.246500216096774],[76.16005428657785,30.246200233163595],[76.1536556111888,30.248026365455537],[76.1484358004901,30.24567023759048],[76.14779589128808,30.244620326692214],[76.14312650867738,30.242150524327187],[76.14348647244574,30.240150698560292],[76.1388996312564,30.23764516489516],[76.13963698659357,30.23722093865986],[76.13792722599202,30.233291273099525],[76.13582749041908,30.23527109289715],[76.13261788532495,30.240040668406124],[76.13065814097033,30.23946071051083],[76.12677866881107,30.23544104677707],[76.12310913456581,30.237540851796098],[76.1212193832817,30.236510932121718],[76.11906967440976,30.234301118384188],[76.11836477498316,30.23253126796828],[76.11501022594727,30.229271538962898],[76.11229057893671,30.22987147574694],[76.11406035918317,30.22699173202476],[76.11271054336825,30.225461860097163],[76.11433034208092,30.22362202552881],[76.10667135172702,30.220342284194157],[76.10000222585005,30.219092368040595],[76.09552280970372,30.218702384445862],[76.09513284784134,30.22142214752793],[76.08465420741878,30.221712087940205],[76.08421427275115,30.220292209575195],[76.08126465602477,30.220162209004364],[76.08077469813198,30.22480180478153],[76.07771509553888,30.225041774855598],[76.07527542723821,30.221982028967712],[76.07357564729519,30.22206201661303],[76.0708232411368,30.220198226827506],[76.07085602223265,30.217182430590825],[76.06929623151669,30.216012526302507],[76.0683263518912,30.216982440297762],[76.06247714045824,30.21104293320864],[76.06197721407152,30.209263082625743],[76.06844638670465,30.20626336513015],[76.06421694732063,30.20424352461806],[76.06639666883432,30.203353612455395],[76.06122736204539,30.198644000632466],[76.06006751955931,30.19703413491697],[76.06035748858787,30.195484272614205],[76.05740016219394,30.192248386251983],[76.05675796870847,30.19282449075518],[76.05411871564986,30.189647612470335],[76.05114872264255,30.187424937140364],[76.04930896444185,30.18674498962937],[76.05087877224446,30.18436520189817],[76.05364842147024,30.182525371555656],[76.05414837067829,30.179345647925125],[76.05657807396076,30.175585984591685],[76.05506829796921,30.16945650830387],[76.05640812926106,30.16827661224545],[76.0566881032048,30.16581682647861],[76.05813792386894,30.163767011433983],[76.06344724692075,30.1611572516551],[76.06689681130523,30.158267515372557],[76.06825664808038,30.15537777175968],[76.07318602051465,30.15269802055695],[76.07295606326619,30.149868264256156],[76.06906658258792,30.146948501513684],[76.06541704961228,30.148358370372307],[76.06272739637517,30.148788323190683],[76.06218261062726,30.14473213320168],[76.06475715862354,30.143438793121064],[76.06901660236169,30.143848772047175],[76.07051642440395,30.14046906987555],[76.07565576880488,30.137499344690195],[76.07800475499923,30.13716354152157],[76.07893458632326,30.136007423310474],[76.08011114657381,30.131336257800832],[76.07417599081012,30.131429864309073],[76.07416600274388,30.129160061275233],[76.07196630062228,30.126200308445576],[76.07175633700791,30.124380463797028],[76.0730661756712,30.12229064969276],[76.07547586720753,30.121720707688873],[76.08142509088256,30.122440666262012],[76.08357482620775,30.119140959743074],[76.08169507822427,30.117711077749313],[76.08058523097401,30.1155812559059],[76.0783755189103,30.115401265130796],[76.07730566679011,30.113361439493346],[76.07920572635061,30.110734361434677],[76.09011399613976,30.115291316802843],[76.09327357985175,30.11640123180585],[76.09719307381994,30.115931286453645],[76.09813296043504,30.113391510292413],[76.10145255054667,30.109421863412145],[76.10364227404699,30.10740204496721],[76.1046945568642,30.10361728867279],[76.10082267029264,30.100662620334464],[76.09864299347208,30.092463318853476],[76.09582336887692,30.09039348963671],[76.09274378830501,30.086483817892418],[76.089124287271,30.080154350805394],[76.08895431486943,30.078984451612936],[76.09150400611401,30.074344859832255],[76.09043415170538,30.07273499663715],[76.0826651964854,30.065025634871485],[76.08107540873483,30.063805734604095],[76.08383506112462,30.06141595342212],[76.08735463377693,30.054726540872178],[76.08399506822374,30.055586455289664],[76.08034554081432,30.055666436232176],[76.07665601344003,30.057126297743228],[76.06808710684494,30.06128590644734],[76.0665339752871,30.06108592379425],[76.06437758181521,30.06257578208379],[76.06216786645471,30.063095731237006],[76.05726848656272,30.066475419816584],[76.0552787529682,30.065325512546462],[76.05153924122224,30.064575567224193],[76.05257911742062,30.061455838908607],[76.05066937938889,30.05894604813266],[76.04664991525263,30.05570631627166],[76.04356033093576,30.052436585694178],[76.05160929886212,30.049836837037397],[76.0505794407742,30.047677021787564],[76.04822974056864,30.049076893812217],[76.04281044892825,30.047856980094558],[76.041470622877,30.048186945269734],[76.03950090486845,30.042507428651813],[76.04182060648104,30.042067474896374],[76.03758684713763,30.03800624909211],[76.0382360407947,30.0357171213178],[76.04212060434791,30.033468220983483],[76.04394888916495,30.031797148736715],[76.04201064571915,30.027498735368244],[76.03925101817931,30.024378993819848],[76.03725129261554,30.02128925535893],[76.03400672597675,30.018639473441393],[76.02873740194683,30.02035930701753],[76.02746257735251,30.01800950361018],[76.02861243471867,30.016819612844092],[76.02671517590684,30.0129577712117],[76.03207200768465,30.011710063178867],[76.03153208695267,30.009930217156125],[76.02524292144462,30.006110524172954],[76.0201135954788,30.00376070998622],[76.01491428839613,29.999951021384618],[76.01273459761784,29.994391491906846],[76.00988498979892,29.989181932687988],[76.00820521124986,29.988272005182605],[76.00681541401931,29.9833924213219],[76.00874517261202,29.981342606097066],[76.01493438041447,29.9787928468465],[76.01586426098962,29.979062827411603],[76.02161352415297,29.97653306367007],[76.0271828233902,29.971943479789037],[76.02491312775634,29.969613673611104],[76.02351331147851,29.969323694214296],[76.0207386849379,29.966368939332135],[76.02272343543412,29.964614097977165],[76.0261529992278,29.963114236672777],[76.02652295712902,29.961694363937795],[76.02574307064799,29.958984594813092],[76.02198356147075,29.95802466230008],[76.01868625087042,29.955097152508433],[76.01482451096388,29.95333504493891],[76.01196490107107,29.949405372169224],[76.00763546899829,29.947595512996983],[76.00359055301968,29.944903819042878],[76.0004864067746,29.945285688651946],[75.99602408526684,29.948433936971888],[75.99367727799746,29.948015431152065],[75.98970780266889,29.945725613296638],[75.9905277042519,29.94412575477949],[75.98712815924725,29.941001011391084],[75.98858797495538,29.940026103078935],[75.9878180752123,29.937659999565007],[75.98481348014163,29.936406401438838],[75.98543559661522,29.932821590426713],[75.9849784866325,29.93037692065126],[75.98577838592735,29.92955699358696],[75.98610836275209,29.925237368126457],[75.98988788322886,29.92266760362962],[75.98855806172328,29.921157728869623],[75.98848808138476,29.91902791174994],[75.98657834891793,29.914668283286797],[75.98722295949392,29.912478665947567],[75.98515855132055,29.910718617093895],[75.98304884111216,29.907178915564334],[75.9838387535087,29.904059186450603],[75.9880682128366,29.901989380140716],[75.991777744611,29.899179635442934],[75.99667712005281,29.89688985070586],[75.99961673999414,29.896639881386346],[76.0026363556626,29.89496003782336],[76.00876557277834,29.892590260514943],[76.01191473159524,29.89045852529544],[76.01124527145802,29.88795066968855],[76.01187520773806,29.884200996018063],[76.01557124016759,29.87742608277402],[76.01416538623975,29.8736915725248],[76.02080412254452,29.868642367564018],[76.0226338792617,29.869572293657548],[76.02679331764188,29.874951844317447],[76.02917299978938,29.87676169625252],[76.03204939896995,29.87699807288517],[76.0321602621607,29.8820144860899],[76.03350241459384,29.882271237105858],[76.03541217246764,29.88099135495048],[76.03727193086827,29.880761377948634],[76.03841179098643,29.879361505227777],[76.03729206297365,29.87644151754233],[76.03928170648916,29.87295205895193],[76.04036156551902,29.87325203788135],[76.04345115251769,29.87610180362612],[76.04548089761109,29.874421953532437],[76.0461308269367,29.871092244535156],[76.04898046718904,29.86943239761092],[76.05040027206162,29.871492224411863],[76.05422977876783,29.870902288368633],[76.05607954696129,29.86959240744966],[76.05274953514775,29.86297135832359],[76.0523701765462,29.861362600766007],[76.0536399145336,29.858173384312746],[76.05526971355671,29.856123566009217],[76.05678953280996,29.85224390603431],[76.05986916144657,29.846614400611443],[76.06100901779794,29.84533451383388],[76.0657784171605,29.841664845843063],[76.0702778319386,29.842524789617844],[76.07141767944293,29.843474710965868],[76.0736573892851,29.84332473276115],[76.07504721902062,29.841544890439348],[76.0796966065895,29.843704721516346],[76.08397603651872,29.84674447479949],[76.08671567780456,29.84772939976298],[76.08960332870619,29.847417091217988],[76.08978526645902,29.850862650189363],[76.09102510123158,29.85131410533379],[76.0931148413029,29.84923428986496],[76.09875411922437,29.847454463481895],[76.10029907952423,29.84745972966442],[76.10116379250573,29.8507741879574],[76.10437335410289,29.855263811819327],[76.10869277990109,29.858763526578386],[76.11160239892247,29.859713454304664],[76.11708168777525,29.859973452006166],[76.1226823093202,29.857402986681482],[76.11917144078203,29.854603919256302],[76.12024127916297,29.85358837042642],[76.11806179266037,29.848174266387694],[76.12007137126098,29.844474797007233],[76.1191295658395,29.834915247992807],[76.11751174746428,29.83468563225979],[76.1178577184065,29.831890650398282],[76.11108263270513,29.823506568868066],[76.1098031475119,29.82226522711865],[76.11034205660964,29.818276166964672],[76.10686265748554,29.81450205608471],[76.10508876732958,29.811855331190216],[76.10200592628847,29.810633703556622],[76.09806437831413,29.810657630095566],[76.09605978640265,29.809239845365273],[76.093686194862,29.805840550057134],[76.08951085027469,29.80118181726068],[76.08498681066668,29.80077082552345],[76.0840239475665,29.793263127862758],[76.08293840791623,29.788003991580748],[76.08469708655863,29.784571974078943],[76.08245348701878,29.78100772093608],[76.08163242813181,29.780818471537994],[76.07917385171343,29.777244836460657],[76.07664624517123,29.774917006642443],[76.07391613631071,29.776153134132176],[76.0728664840141,29.77876309140183],[76.06963235159664,29.77513932183787],[76.06699234017344,29.773916336548957],[76.06631987817656,29.77134521300427],[76.06215577011265,29.768228345055665],[76.06021949222975,29.76469145467893],[76.05680116372642,29.76540110666312],[76.05479022083921,29.758601962216282],[76.05368281004195,29.75666856220024],[76.05016178658188,29.75301377554765],[76.05023119512683,29.749434211867424],[76.04713993744195,29.745613276540915],[76.04325992175599,29.742749152610774],[76.03709101311475,29.743620225562385],[76.03470332623584,29.744653797259964],[76.03089180196658,29.747655402240554],[76.03128356131892,29.74998022980598],[76.03066279184112,29.75476931712538],[76.02735378251136,29.75620207116412],[76.02576982845142,29.755998843448086],[76.02392928469834,29.74904106113051],[76.0194867597071,29.747862902533896],[76.01753749424392,29.745777587533347],[76.0167127342977,29.743191849173346],[76.0143298741044,29.742145572535435],[76.00795045304112,29.740925230109863],[76.00049704125676,29.74035345099865],[75.99896030856704,29.741055301520024],[75.99670916371181,29.73924451779728],[75.99434964518287,29.738927906142003],[75.98886438482333,29.733974187001618],[75.98439844381,29.727154563756027],[75.975355037865,29.72867908610375],[75.97476169902087,29.730114966096558],[75.97121218751998,29.73067392084225],[75.96755356480261,29.729455159548024],[75.95746528926536,29.73067724171982],[75.95526322313025,29.731883916451455],[75.95267355995209,29.731203967825145],[75.95058752249754,29.73192267274217],[75.94729488451755,29.7294534114269],[75.94501087317668,29.730610668718487],[75.94106468384017,29.73155643189125],[75.93867499674617,29.730713113553342],[75.93420261960576,29.732703504959762],[75.93115674874102,29.734707226435596],[75.92778765117009,29.73608043478751],[75.92237781914396,29.737708043799586],[75.91990613096375,29.739745181429136],[75.9190500055144,29.741620412275132],[75.91507409648526,29.74295807014055],[75.91525635525399,29.747146674083254],[75.9123493299646,29.749999758531082],[75.9063125896013,29.754059974344727],[75.90572277354916,29.75267248923329],[75.90226091124244,29.75154571346359],[75.90451029964957,29.75004810500589],[75.89887540295018,29.74793912264377],[75.89882115176894,29.746288968727377],[75.88594819624548,29.745449247533514],[75.88440876121241,29.749614657626907],[75.8813278913452,29.751170953784605],[75.87906552257496,29.750266326090856],[75.87497132606849,29.750232886624953],[75.87021173744495,29.749395286627244],[75.86924013336217,29.75201629444035],[75.87026650822051,29.75495479168322],[75.87011113022729,29.75835676731986],[75.8682007405798,29.760428043278477],[75.86671266791247,29.766578892955476],[75.8632970620909,29.766824185070636],[75.85965237031232,29.768153281952902],[75.85779945495828,29.77106419622767],[75.8558665900405,29.770903972570878],[75.85285488366465,29.771651758229442],[75.85106707267163,29.77313936409653],[75.85351071592335,29.776507989121093],[75.8528902723364,29.77808374581653],[75.84581716885513,29.782319214336976],[75.84478727959949,29.78712879530531],[75.84366142537216,29.78987808387591],[75.84047783200907,29.788708645118138],[75.83698889143541,29.794297316455985],[75.83796799253719,29.797136852447327],[75.83547341899377,29.803122389461837],[75.83497845376787,29.810006795556916],[75.83764969738475,29.813102255774538],[75.83519455299457,29.814398193261],[75.83027672412348,29.811838330685617],[75.8279827344813,29.813826407030948],[75.82471103425075,29.814358643383823],[75.8229088354327,29.810456794821913],[75.82319309281517,29.808782773410314],[75.82140296331875,29.80697700951506],[75.81993737682414,29.80695558329451],[75.81576157384558,29.80416778867825],[75.81334127605089,29.805307127775848],[75.80984696482696,29.80567590241343],[75.80645877551058,29.80473602492228],[75.80310259829469,29.8055970697542],[75.80038294461436,29.807306914566922],[75.79670907774985,29.808073506539213],[75.79123411749023,29.809926658964592],[75.78882338618112,29.811120264385064],[75.7870935100962,29.81600664955215],[75.7829585565948,29.8208513425281],[75.77935094264777,29.82240714932452],[75.77786881031456,29.821948819861085],[75.77343190754408,29.818864381160218],[75.77196657607305,29.818365870832178],[75.76751685740449,29.813837502991685],[75.7630465630785,29.81144677862922],[75.75785422143657,29.80564743912135],[75.75502882871865,29.805266943840486],[75.75058720941524,29.807641339407034],[75.74866147367877,29.80692806009186],[75.74645895106279,29.807503412289506],[75.74130261196632,29.81083151141858],[75.73780605586016,29.814061513230534],[75.7448100813903,29.82206546544509],[75.74562996161644,29.824725239437484],[75.75047933533769,29.82432528973516],[75.75319897674147,29.826315127676686],[75.756298569287,29.82781500487319],[75.75814832560746,29.828084990719727],[75.76336765227973,29.82746505777345],[75.76479746844795,29.82778503722532],[75.76992678623242,29.831474735571444],[75.77326618070579,29.83489430192393],[75.77265645658647,29.839913528227324],[75.77202647292549,29.84154387677276],[75.77198645653627,29.846863417416564],[75.77562596732159,29.851203054090803],[75.77560596018131,29.853272876029145],[75.76906679236583,29.856812550105815],[75.7665071214381,29.85732249663293],[75.76069786159037,29.860182233385746],[75.75859813628001,29.85951228361034],[75.75748829077672,29.862590713665494],[75.7585879653811,29.865261361634598],[75.75811823234035,29.86741032825722],[75.759118028287,29.868981468625226],[75.76223761290392,29.871961222205737],[75.76205762977287,29.87383105945719],[75.76013786795167,29.87595087173028],[75.76039773941436,29.878539806805605],[75.75922801320138,29.884959601672364],[75.75974763376259,29.886679139513976],[75.75875857673476,29.887529521194057],[75.76033778729737,29.889539699983022],[75.76019779337354,29.891569526742444],[75.76188756291954,29.89428929374992],[75.76821672931872,29.897759017121405],[75.76729683828785,29.900328793911743],[75.76750680216837,29.90235861637931],[75.76586699916817,29.905608334755936],[75.76554708653875,29.910687009913495],[75.76626689986999,29.91735732012511],[75.76422715748298,29.919127161848568],[75.75917782053045,29.916977330961384],[75.75685812713152,29.915507451337934],[75.75437843984412,29.917527268137235],[75.7469393895745,29.921016943538454],[75.74416974566138,29.921926855769218],[75.73802052602699,29.92553652432445],[75.73562082990766,29.927846320255963],[75.73285116708894,29.932635895376517],[75.73236122063493,29.934885700301702],[75.72982155533617,29.934405735213385],[75.7183630430168,29.93347577793748],[75.70896925788419,29.934455664799696],[75.70817436339192,29.93394570469333],[75.70787444649689,29.92889499931707],[75.70806438820696,29.924386132167186],[75.70719454513713,29.920596852683815],[75.7054747762635,29.918677013165603],[75.6940962718476,29.913927388869944],[75.69122664927285,29.912397511277394],[75.68365764303483,29.909557734180517],[75.67714848416463,29.909817689361734],[75.67548870387053,29.909037751830645],[75.67198915157489,29.910197639983828],[75.67075930584468,29.911507524375164],[75.67080928900621,29.913877320396136],[75.6728990091411,29.91615712948893],[75.67274902157574,29.918286944325487],[75.66893950476968,29.920656729596224],[75.6690594782996,29.923506483292904],[75.66810959587801,29.924826366880204],[75.66936942745954,29.926086263395863],[75.66701972469114,29.92773611412892],[75.66221033114522,29.932215710171356],[75.65787088978381,29.932855641840497],[75.65695101751291,29.93111578974225],[75.65454633048262,29.9305958269542],[75.65330148288015,29.93307560903217],[75.65022186186894,29.937515215820817],[75.64757220367478,29.93842512933037],[75.64105305340135,29.936985232637937],[75.64275281571194,29.941524849355517],[75.64283779143236,29.9446395793587],[75.64388265036155,29.94595446955179],[75.6442825767414,29.951453995282403],[75.64617231491097,29.955593642569298],[75.64763171409625,29.95777279110899],[75.64711219676668,29.96182190779627],[75.64842197006254,29.968642526430727],[75.64814208041881,29.97226126502448],[75.648811894675,29.97487199000065],[75.65222142941374,29.980091549650243],[75.64753202639014,29.982951288135443],[75.64733217173351,29.983590240541123],[75.66124019423658,29.996240182098806],[75.66563960794778,29.99993987699422],[75.66760935644675,29.998749986132403],[75.67274868578802,30.00001989409832],[75.67527834819906,30.002359698592024],[75.67928738085419,30.004628872575385],[75.67979774241397,30.006809327620388],[75.68433714599693,30.009169139506877],[75.688156649005,30.008579203286345],[75.68999638748573,30.014048733321676],[75.6869567751013,30.015888566864856],[75.68633684602979,30.018168368030086],[75.68756667769142,30.020418176069427],[75.68771664528973,30.02344791524459],[75.6821773559944,30.025867689244237],[75.68123748283195,30.02455779953719],[75.67916773934178,30.0273075550745],[75.67361844012179,30.0321671194625],[75.67760790845941,30.035616833492416],[75.6775779075553,30.036766732251987],[75.67933767210917,30.038186614801237],[75.67438830649357,30.04008643719538],[75.67221858742182,30.040236417181088],[75.67062881729326,30.034726889594452],[75.65850038325206,30.036476700474953],[75.65701058024797,30.035986736150615],[75.65570076005433,30.033766923678844],[75.65341106357913,30.03177708847997],[75.65254119033224,30.02880734366645],[75.6494316134417,30.023737770049923],[75.64861395751103,30.02319928644571],[75.64154263295448,30.02492764557018],[75.64087271161009,30.02717744840081],[75.63807306469913,30.029507235984358],[75.63985282489877,30.031417079524935],[75.6420625142975,30.037916523126363],[75.64222247643424,30.041616206275222],[75.63588328719996,30.04466592219842],[75.6351233787491,30.046575754296928],[75.63553331307726,30.049055540506146],[75.63745305009797,30.052555244269122],[75.63735305518705,30.05466506204282],[75.63850288610513,30.05946465166769],[75.6387128450901,30.06315433304775],[75.64003266609902,30.06472419951578],[75.63955228063928,30.06621443401957],[75.6326651732,30.069937753474612],[75.63682260677506,30.073253815239802],[75.62811370970128,30.079833220282158],[75.62234444157733,30.084722780127247],[75.62399421293404,30.087802518761396],[75.63211314409008,30.091692207630125],[75.63693249874183,30.096171837192077],[75.63982210640303,30.10024149151756],[75.64402154983217,30.103171250364618],[75.64674585012071,30.103039036564926],[75.65089107411221,30.109520362179172],[75.65473055575033,30.1141899696887],[75.65411063106869,30.115279873831323],[75.64876132533821,30.11498988088419],[75.64689158127571,30.11250009219646],[75.64444189468554,30.11344000527165],[75.64081235841101,30.115739793934715],[75.63755278355211,30.11510983879457],[75.63556303526599,30.11652970885218],[75.63305335129175,30.119519441661737],[75.63386324222812,30.120419366160817],[75.63256340513296,30.121719249563153],[75.62813396800135,30.12465898116946],[75.63027368528904,30.12621885447342],[75.62816894705013,30.1288186231692],[75.62569426838635,30.129118588443678],[75.6238944810716,30.1340181620286],[75.62761399444085,30.135128076028035],[75.62567423066912,30.13843778399108],[75.62700405244613,30.14005764827861],[75.62552452357141,30.142735611857777],[75.61813520226661,30.14080755570477],[75.61250593571096,30.13971763239229],[75.6083464859641,30.137877779435918],[75.60549686367726,30.135967935907967],[75.59537816352486,30.139677582165195],[75.59352839935838,30.140787481491863],[75.5916586498916,30.13912761930398],[75.58950892084644,30.140567488343063],[75.58707923799659,30.140787461735776],[75.58630933412985,30.141907363261637],[75.5820998707449,30.14396716929903],[75.57673378449535,30.143955399858353],[75.57833034156582,30.149186708684553],[75.57450082907344,30.151406505754537],[75.57504643894457,30.15467170372837],[75.57614060099147,30.15563614265071],[75.57095125405864,30.160835677225663],[75.56181240168131,30.170614804863558],[75.5625722971533,30.171994686443796],[75.55847281037055,30.17713423075172],[75.5555016728776,30.177329132122033],[75.55683301107055,30.18029395098529],[75.55895272885384,30.181903817326695],[75.55651303975624,30.18320369715796],[75.55660864033369,30.18394750890749],[75.55969261287875,30.186943383783465],[75.55833277997533,30.189423166571643],[75.55645302032653,30.19024308835921],[75.5568729554585,30.192992852162718],[75.55547313330219,30.194362728535854],[75.55723289565172,30.195792611557568],[75.55734287439546,30.197842433851115],[75.5587126936054,30.198592372895824],[75.56027275902957,30.2018133048567],[75.56196368284613,30.201488763392167],[75.56295212813893,30.202472047972144],[75.56767151535509,30.20244206634755],[75.57229090194862,30.205351827315408],[75.57137101094158,30.207301656969097],[75.5748205608279,30.20853156190732],[75.57963991446825,30.212511229501334],[75.5804298135646,30.212751212011675],[75.58077975638058,30.215760951445642],[75.58238954821499,30.215420987756087],[75.58522917522922,30.216120932759992],[75.58502582732797,30.219550225937247],[75.58043977235262,30.222350381515582],[75.58009981169796,30.22382025401771],[75.58370083883085,30.228251746866814],[75.58693890693654,30.22780992709749],[75.58625899968966,30.226600029270976],[75.58925152752639,30.22554873629187],[75.5921382506998,30.222500402320712],[75.59533783677244,30.22211044591037],[75.59978726259322,30.220820573529938],[75.60964599651477,30.217340902115367],[75.61649510305804,30.21760090284751],[75.61809489272589,30.21841083718122],[75.61896476844407,30.221030614019522],[75.62171440475481,30.222440497654357],[75.62255429185092,30.22362039849653],[75.63169307990988,30.228959962420614],[75.63330124825467,30.228486271524737],[75.6380522471657,30.23056984419804],[75.6418017549868,30.23161976668982],[75.64444296318673,30.234277742862957],[75.64624116548028,30.23450952886521],[75.64853085400402,30.23803922933355],[75.65114051754136,30.237059323008797],[75.6533002339433,30.237779265465146],[75.6588195211935,30.236489396995072],[75.66368888536945,30.237009365184807],[75.66834828321265,30.236329438756734],[75.67489742734722,30.236949406590018],[75.67517738688461,30.23814930328317],[75.68047669022943,30.239989159422322],[75.68194650811743,30.237749360262786],[75.6863459494849,30.234879621904785],[75.69120533564111,30.230170045878122],[75.69211521374086,30.231049970487863],[75.68981549507185,30.235199605189145],[75.68695585742142,30.237729376476008],[75.6878757277672,30.239744205018837],[75.69130528418249,30.239359249696093],[75.69018542400994,30.24108909623003],[75.69222515032475,30.243268912558932],[75.69474482684821,30.242039028496592],[75.6974612666643,30.2418967821204],[75.69737447343135,30.24436883324341],[75.69881428137136,30.245648728110492],[75.69827434526296,30.247088601026288],[75.69950418063074,30.248528481049583],[75.6994841686541,30.25168820535945],[75.70204383048457,30.253218082326086],[75.70444352078574,30.252598142932538],[75.70663322741483,30.254407992824916],[75.71201906953297,30.255544924283257],[75.71233247731273,30.25653782642972],[75.71582201234224,30.259247602380828],[75.71874162799456,30.260237527091245],[75.71848165634484,30.261517414443762],[75.72090132707783,30.264997120762906],[75.71910154790353,30.268336825796606],[75.72067132949664,30.271536552087053],[75.72389089976946,30.274246329582844],[75.72903023970274,30.272416502864242],[75.73111995205215,30.275156272203528],[75.727930362912,30.277096095695097],[75.7264723669545,30.278728202009102],[75.72279101910138,30.279975828839785],[75.72097124769341,30.281335703892136],[75.7162818521392,30.283315517101887],[75.7148820349288,30.28307553286218],[75.71191241620055,30.28407543746043],[75.70845286834194,30.283865444526416],[75.70580676843771,30.28501158529623],[75.7048633392711,30.283085500317107],[75.70090385068566,30.284065405511942],[75.69878412689903,30.283645434447095],[75.69333483109554,30.28440535181684],[75.69004526301194,30.28419535919868],[75.68899823429012,30.28497415307087],[75.68143637019728,30.286885099202472],[75.67888670333767,30.286725103962354],[75.67541714965405,30.28798498403508],[75.67004783603919,30.29094471151515],[75.6688279881111,30.29272455065228],[75.66504846852517,30.29530431765062],[75.66303871398082,30.29919397349711],[75.66189885012035,30.30249368312355],[75.65905919816642,30.307093277178467],[75.6567494900256,30.30960305165542],[75.65548965234103,30.310103004371815],[75.65535966013965,30.31207283311167],[75.6581992767103,30.316092495261767],[75.65666945697805,30.31973217360907],[75.6534698536925,30.325171690726286],[75.65355983529577,30.326551571768565],[75.65190003917029,30.32964129923109],[75.64997973355226,30.331052313742536],[75.6538597574647,30.33566078256979],[75.6539597396846,30.337270643319304],[75.65623944029471,30.337940591715945],[75.65848914725206,30.337570630121135],[75.66140877854187,30.335250841566065],[75.66430840468928,30.33436092757869],[75.6675179856755,30.334770902797505],[75.67096752304482,30.337760653223313],[75.67338719743444,30.340450428628763],[75.68188606870423,30.345779992282683],[75.68025627231539,30.34757983082575],[75.68364581825922,30.350429595010986],[75.68393577650649,30.3514795033354],[75.68242596687678,30.353239345745337],[75.68012626425235,30.35371929947455],[75.67723663015438,30.356039087220974],[75.67668669400294,30.358328888244063],[75.67738659657722,30.359608778661837],[75.6762767357246,30.360558688535992],[75.67596676220927,30.363928398424235],[75.67765653226762,30.366738159576155],[75.67655666742402,30.3684080126444],[75.67746654439459,30.369487920536052],[75.67533680921707,30.372387661862124],[75.6775465085389,30.375717378762378],[75.67726653184513,30.378957097086424],[75.67362699593988,30.38094691253652],[75.67393695194333,30.382256802005813],[75.6702474277047,30.383256702017174],[75.66627793059955,30.386706390711012],[75.66598795610956,30.38936615883426],[75.66665786491592,30.390656049955208],[75.6664785869457,30.39568271043883],[75.66471808153358,30.399095311025768],[75.67035732949195,30.403104979505],[75.66776765129052,30.407714569851652],[75.66470803560765,30.410594313028046],[75.66494800044013,30.41190419907396],[75.66924741856674,30.416853782313208],[75.66992731815019,30.42014349810994],[75.66700769183026,30.42127339149948],[75.66589782467207,30.42449310659182],[75.66332020556284,30.426993168157956],[75.65991858388784,30.42880271410535],[75.65530918704121,30.42841273557473],[75.65325943917955,30.432172402605538],[75.6523495440104,30.4354921087136],[75.64928994045448,30.436092049919342],[75.649709877101,30.438121873420805],[75.64635030421286,30.440751636508086],[75.65433923122411,30.448370998727498],[75.65825873787236,30.44413137760256],[75.6645778984822,30.44793106682965],[75.66939725085962,30.45294064747514],[75.66998716420647,30.454630501249714],[75.67274678876083,30.458920137619984],[75.67315671585715,30.46293978903617],[75.6729267158542,30.470689115293283],[75.6753363936322,30.472548961619403],[75.6717533729796,30.473489585123406],[75.66892722390949,30.4733688711382],[75.66781736737398,30.47409880346946],[75.66476776842265,30.47325886745963],[75.66322142795184,30.47555051443282],[75.66328794663109,30.47705853035411],[75.66123820458964,30.479088350073628],[75.65906848415663,30.479918271289762],[75.65730870481545,30.482208065718257],[75.65735868502887,30.484987823369202],[75.65972836003311,30.489047478254093],[75.66039826377873,30.491287284997334],[75.65873846255917,30.495696895925132],[75.66194320206114,30.49772608975383],[75.66508762284951,30.498286691411415],[75.6681472242345,30.4978767369166],[75.67096685322203,30.49908664112548],[75.67102684012066,30.500346532027283],[75.673016576871,30.50152643499738],[75.67556622756207,30.505096133138498],[75.67690605378695,30.505056140823992],[75.67855583157359,30.506815993700222],[75.68025559331332,30.510465681119257],[75.67803585881552,30.516395157409264],[75.67701885561549,30.521140760678424],[75.67084676757538,30.523134548369068],[75.66523749322478,30.524504411901297],[75.66411762174096,30.528594052367232],[75.65851690254853,30.529910741540807],[75.65791841678707,30.53246369619972],[75.65351895932568,30.539303088527298],[75.6522190853949,30.54309222468895],[75.6534489495093,30.5449625964505],[75.65572864311672,30.54669245191898],[75.65899820014579,30.550732110507145],[75.6650635279768,30.552209749242163],[75.6656973102944,30.55425182502363],[75.6627676778026,30.558021488313237],[75.66118787060755,30.560771243182554],[75.65900083380085,30.56269864511711],[75.66389749827658,30.56538085074632],[75.67137372725402,30.571067753538244],[75.67466086965304,30.57644393496202],[75.67637580656101,30.580829543817813],[75.67621131621014,30.583600463147327],[75.68006530306846,30.58618908995628],[75.6847446776822,30.58983878651862],[75.68458469183665,30.591558636806162],[75.68192321536517,30.59222644508138],[75.68122511893105,30.593578449184687],[75.67700696860415,30.597637085334217],[75.67831072740385,30.59875462375508],[75.67952288233917,30.602532306099558],[75.68286177208594,30.606109936095887],[75.68521454590899,30.606567331328378],[75.69371344233272,30.60516747944366],[75.69729297183162,30.605887429897226],[75.70096249716958,30.604747539148022],[75.70305023421047,30.60325123346635],[75.70483880699587,30.60397164309364],[75.70923140449528,30.60792728918396],[75.71612049110546,30.611277018295834],[75.72034993660199,30.611746989219487],[75.72806704361199,30.616615731869597],[75.72763052430916,30.617956361973935],[75.73196679594565,30.6192919447656],[75.7337672282184,30.62052914921296],[75.73474570355884,30.62371706200687],[75.73570410321511,30.62443310534409],[75.7380375479507,30.63010544736833],[75.73832089230105,30.631800465239323],[75.74704129844739,30.63174542031378],[75.7543517101428,30.63261967903131],[75.7546148451388,30.633322207740967],[75.76030469977182,30.63735507768428],[75.76423959693498,30.635888948354573],[75.76995261777566,30.631715008294698],[75.77096477544364,30.631927580532977],[75.7747227600826,30.629815591320803],[75.78053261172388,30.628050447971663],[75.78213284279923,30.624716641356912],[75.7890290067594,30.623520947807208],[75.79495012838818,30.6277858322945],[75.79732039369556,30.630081364532487],[75.79683226181946,30.632026404340518],[75.79294035889899,30.634475241745534],[75.7860012546271,30.637474958259965],[75.78043543150338,30.641397059287428],[75.77431626021061,30.649220075934213],[75.77331294451163,30.652929814582322],[75.77289987060858,30.659641139294198],[75.76520303059871,30.6580241283126],[75.76322412826072,30.66079285437873],[75.76304279793891,30.663528336361267],[75.76394228038723,30.668811043315586],[75.7652890844247,30.671030709467328],[75.76746229985113,30.672230779179188],[75.77168565903885,30.67338041435853],[75.77550701742352,30.67250434991446],[75.77823334017897,30.67238561400479],[75.78199165192011,30.670416520975305],[75.78133174105835,30.666042453125304],[75.78154498776554,30.661778152049827],[75.78090992906755,30.660890608856835],[75.78189796811155,30.65891667407365],[75.78592052588586,30.65682797934826],[75.78732099297898,30.658303147764595],[75.79118547930103,30.660292988319362],[75.79478938937635,30.661151411898214],[75.80372882179302,30.664382672762333],[75.80790908196921,30.66405101436759],[75.81133782148176,30.665472602141254],[75.81335756018882,30.665372618195924],[75.81504824927298,30.66421156114526],[75.81718256571273,30.665997878751437],[75.81787695809568,30.668132393130453],[75.81676712744738,30.670501592452947],[75.81768906865096,30.671627306199923],[75.81650711426774,30.67310195418766],[75.81692739471774,30.674325752526478],[75.82226622406863,30.677948554174463],[75.82132209997796,30.68085863180784],[75.8193866923861,30.683721037909898],[75.81630120069815,30.68704642754058],[75.81931230636447,30.688442575815344],[75.82180760891654,30.690701762070518],[75.82655572605391,30.690570463573167],[75.8311851171982,30.69134041076912],[75.83381773715023,30.69227954392066],[75.83597825391959,30.68638500636112],[75.83780559723606,30.680048825115666],[75.84379435641863,30.680349649108532],[75.84427211337263,30.67818483305379],[75.8463262287949,30.675553563119678],[75.85077264518384,30.671442211132494],[75.85406009615626,30.669408180860934],[75.85921035315872,30.670524001907065],[75.85984137506962,30.672091983281124],[75.86324351431271,30.67564333279475],[75.866792732356,30.678214711334846],[75.8675192837689,30.67729327566068],[75.87133993413369,30.67736176306102],[75.87711392125757,30.676743130298252],[75.88067721967133,30.675795829758393],[75.88151046593612,30.666514480019377],[75.88514729160916,30.662800430866103],[75.88813431773062,30.663446126912817],[75.89050438987991,30.66178484358355],[75.8950100297148,30.659954547404233],[75.89572684410341,30.655763725786482],[75.89505988612403,30.654852891355254],[75.8977284225537,30.65050939836068],[75.89714698973349,30.648544072652616],[75.89792465742444,30.647523293814924],[75.89212735798291,30.64622454652169],[75.88847613381624,30.64483313368583],[75.88661522748595,30.645246816260748],[75.88347850050508,30.64294480403962],[75.88017005613925,30.642036483839306],[75.88003816618713,30.640665423984515],[75.87459967562756,30.639365085799202],[75.87247347729844,30.639280864226766],[75.87284737020589,30.637237661824958],[75.87205101430514,30.632661633325938],[75.87233001854572,30.628925987121814],[75.87425345581119,30.62714940337581],[75.87764488520806,30.625638547555006],[75.88603387897787,30.621296347612454],[75.88814704824567,30.62047408146222],[75.88823163574159,30.6187174077497],[75.88695040360749,30.61362757751051],[75.88677795690334,30.608641510898867],[75.88794499632316,30.607089417321543],[75.88939620030818,30.607267893367847],[75.89116323974841,30.606037641462258],[75.89482718409447,30.605798077687293],[75.90276989011689,30.60379172834696],[75.90386527380849,30.607237017244785],[75.90819625100791,30.6114018930475],[75.90989588704713,30.611928085477604],[75.91119849917993,30.610341968261608],[75.9147365424653,30.61103262144211],[75.91701333186936,30.608678819743645],[75.9196568691247,30.609850609620405],[75.92351681227792,30.60867670215254],[75.92300521687937,30.606913392186957],[75.92925322932324,30.5973016555469],[75.92601504243734,30.59508086278891],[75.92314746326718,30.593835504277706],[75.9208860279298,30.59199001107901],[75.9232533772715,30.588401048205135],[75.92430692272116,30.58876433349206],[75.9269364741768,30.583784906964638],[75.92534009021921,30.577977585675782],[75.9298355211905,30.574591434488482],[75.93537652405745,30.56822627551043],[75.94083134704844,30.56898143815838],[75.94771222560479,30.570490650812438],[75.94831281256205,30.57227054957959],[75.9530497272515,30.574580989992135],[75.955370577121,30.57791097084786],[75.95614928535386,30.582500312945925],[75.96038869838092,30.589819690100544],[75.96256988965922,30.591159949827613],[75.97189480858947,30.592510428581495],[75.97973073663121,30.595884387101655],[75.9828377264214,30.598682681875584],[75.98686669343087,30.59837990772095],[75.9921302216545,30.60087922099565],[75.99820484377899,30.60245002569866],[76.0006537671582,30.603524500107977],[76.00448226762268,30.606550432020228],[76.00874947306673,30.612967950228082],[76.01009517518233,30.615789201279203],[76.02072787544316,30.614887621164076],[76.02784150696162,30.61536294141129],[76.02950956586682,30.613997821201576],[76.02968930795326,30.610490032545925],[76.03252389414186,30.609335252806975],[76.03372905206332,30.606364078422438],[76.0331556377042,30.603948822643208],[76.03400010684688,30.603327166673953],[76.03215928265757,30.60082897803014],[76.03325476657298,30.59767668642222],[76.03450691785508,30.5909647966651],[76.0353550215139,30.58898382677387],[76.04327511775396,30.587596684672725],[76.04955708922893,30.583880515145776],[76.05370622570963,30.583215842049004],[76.05402651969241,30.580970783364734],[76.05785400003238,30.57859942704047],[76.06621602425017,30.583424260332563],[76.06904586501527,30.580573902734166],[76.06914336959088,30.576961940087063],[76.06660386001832,30.574706203974706],[76.06647266857851,30.572227322496058],[76.06537399866775,30.56910443890373],[76.0669580242993,30.56800638905669],[76.06963456210316,30.564302289134414],[76.07402399345234,30.56337238535523],[76.07674564266215,30.564071132972394],[76.07855821116438,30.565763403082116],[76.07992321611758,30.56479228207363],[76.0825928695036,30.564662302517053],[76.08447026910537,30.56200438124102]],[[75.97314574960237,29.92885081721136],[75.97102418837893,29.92727515119465],[75.97062820575633,29.925520123076655],[75.97196485710214,29.924672898939033],[75.97212904154273,29.920819972024205],[75.96863512232447,29.915150937470127],[75.9713309608344,29.916639035773194],[75.97524007864831,29.91326195790824],[75.97597286669337,29.908566837149632],[75.9777891074018,29.90754892429038],[75.9806428061501,29.904346860979008],[75.97919805128734,29.90343576347712],[75.97716084419885,29.900353190606598],[75.97714970919574,29.898761852183945],[75.97472425253035,29.89492720943529],[75.9701048387509,29.89286615871372],[75.9684560492938,29.89036623481199],[75.9668362202036,29.891716874141366],[75.96367804229894,29.89282807823992],[75.9620260182977,29.889824980964367],[75.96040485229716,29.891177056196547],[75.95810476123306,29.891443894475586],[75.95570176392492,29.890791214569255],[75.9502682116591,29.895434883463114],[75.94930518854528,29.894940103302517],[75.94518902472343,29.896056809849533],[75.93831080081397,29.900041962096044],[75.93535402240418,29.902323919756935],[75.93384777828871,29.906270167046713],[75.93040813602687,29.908135864361327],[75.93439305722367,29.915476820400933],[75.93786330089938,29.917796812378864],[75.94200307609415,29.919944989352498],[75.94700077196778,29.92124889180489],[75.95189398496285,29.92138196190379],[75.957152729544,29.91916789620356],[75.95963298958618,29.917224017803218],[75.95913371222576,29.914547912411045],[75.96114303500954,29.913696186311103],[75.96345718056355,29.91543804103201],[75.96526478975753,29.913332006097953],[75.96709407922528,29.914239843456663],[75.96499804315901,29.91626507049916],[75.96453518817943,29.91861313965813],[75.9657061504118,29.921284073117203],[75.9690568383328,29.920422953421994],[75.9693880135182,29.92644983291145],[75.96786778601368,29.9284699805389],[75.97008811493914,29.930379964389566],[75.97039278191878,29.932805786512535],[75.97239283573678,29.930865738269475],[75.97314574960237,29.92885081721136]]]]}},{"type":"Feature","properties":{"id":"03-496","name":"Barnala","source_name":"Barnala","state_id":"03","source_agency":"Survey of India (SOI)","district_code":"605"},"geometry":{"type":"MultiPolygon","coordinates":[[[[75.67700696860415,30.597637085334217],[75.68122511893105,30.593578449184687],[75.68192321536517,30.59222644508138],[75.68458469183665,30.591558636806162],[75.6847446776822,30.58983878651862],[75.68006530306846,30.58618908995628],[75.67621131621014,30.583600463147327],[75.67637580656101,30.580829543817813],[75.67466086965304,30.57644393496202],[75.67137372725402,30.571067753538244],[75.66389749827658,30.56538085074632],[75.65900083380085,30.56269864511711],[75.66118787060755,30.560771243182554],[75.6627676778026,30.558021488313237],[75.6656973102944,30.55425182502363],[75.6650635279768,30.552209749242163],[75.65899820014579,30.550732110507145],[75.65572864311672,30.54669245191898],[75.6534489495093,30.5449625964505],[75.6522190853949,30.54309222468895],[75.65351895932568,30.539303088527298],[75.65791841678707,30.53246369619972],[75.65851690254853,30.529910741540807],[75.66411762174096,30.528594052367232],[75.66523749322478,30.524504411901297],[75.67084676757538,30.523134548369068],[75.67701885561549,30.521140760678424],[75.67803585881552,30.516395157409264],[75.68025559331332,30.510465681119257],[75.67855583157359,30.506815993700222],[75.67690605378695,30.505056140823992],[75.67556622756207,30.505096133138498],[75.673016576871,30.50152643499738],[75.67102684012066,30.500346532027283],[75.67096685322203,30.49908664112548],[75.6681472242345,30.4978767369166],[75.66508762284951,30.498286691411415],[75.66194320206114,30.49772608975383],[75.65873846255917,30.495696895925132],[75.66039826377873,30.491287284997334],[75.65972836003311,30.489047478254093],[75.65735868502887,30.484987823369202],[75.65730870481545,30.482208065718257],[75.65906848415663,30.479918271289762],[75.66123820458964,30.479088350073628],[75.66328794663109,30.47705853035411],[75.66322142795184,30.47555051443282],[75.66476776842265,30.47325886745963],[75.66781736737398,30.47409880346946],[75.66892722390949,30.4733688711382],[75.6717533729796,30.473489585123406],[75.6753363936322,30.472548961619403],[75.6729267158542,30.470689115293283],[75.67315671585715,30.46293978903617],[75.67274678876083,30.458920137619984],[75.66998716420647,30.454630501249714],[75.66939725085962,30.45294064747514],[75.6645778984822,30.44793106682965],[75.65825873787236,30.44413137760256],[75.65433923122411,30.448370998727498],[75.64635030421286,30.440751636508086],[75.649709877101,30.438121873420805],[75.64928994045448,30.436092049919342],[75.6523495440104,30.4354921087136],[75.65325943917955,30.432172402605538],[75.65530918704121,30.42841273557473],[75.65991858388784,30.42880271410535],[75.66332020556284,30.426993168157956],[75.66589782467207,30.42449310659182],[75.66700769183026,30.42127339149948],[75.66992731815019,30.42014349810994],[75.66924741856674,30.416853782313208],[75.66494800044013,30.41190419907396],[75.66470803560765,30.410594313028046],[75.66776765129052,30.407714569851652],[75.67035732949195,30.403104979505],[75.66471808153358,30.399095311025768],[75.6664785869457,30.39568271043883],[75.66665786491592,30.390656049955208],[75.66598795610956,30.38936615883426],[75.66627793059955,30.386706390711012],[75.6702474277047,30.383256702017174],[75.67393695194333,30.382256802005813],[75.67362699593988,30.38094691253652],[75.67726653184513,30.378957097086424],[75.6775465085389,30.375717378762378],[75.67533680921707,30.372387661862124],[75.67746654439459,30.369487920536052],[75.67655666742402,30.3684080126444],[75.67765653226762,30.366738159576155],[75.67596676220927,30.363928398424235],[75.6762767357246,30.360558688535992],[75.67738659657722,30.359608778661837],[75.67668669400294,30.358328888244063],[75.67723663015438,30.356039087220974],[75.68012626425235,30.35371929947455],[75.68242596687678,30.353239345745337],[75.68393577650649,30.3514795033354],[75.68364581825922,30.350429595010986],[75.68025627231539,30.34757983082575],[75.68188606870423,30.345779992282683],[75.67338719743444,30.340450428628763],[75.67096752304482,30.337760653223313],[75.6675179856755,30.334770902797505],[75.66430840468928,30.33436092757869],[75.66140877854187,30.335250841566065],[75.65848914725206,30.337570630121135],[75.65623944029471,30.337940591715945],[75.6539597396846,30.337270643319304],[75.6538597574647,30.33566078256979],[75.64997973355226,30.331052313742536],[75.65190003917029,30.32964129923109],[75.65355983529577,30.326551571768565],[75.6534698536925,30.325171690726286],[75.65666945697805,30.31973217360907],[75.6581992767103,30.316092495261767],[75.65535966013965,30.31207283311167],[75.65548965234103,30.310103004371815],[75.6567494900256,30.30960305165542],[75.65905919816642,30.307093277178467],[75.66189885012035,30.30249368312355],[75.66303871398082,30.29919397349711],[75.66504846852517,30.29530431765062],[75.6688279881111,30.29272455065228],[75.67004783603919,30.29094471151515],[75.67541714965405,30.28798498403508],[75.67888670333767,30.286725103962354],[75.68143637019728,30.286885099202472],[75.68899823429012,30.28497415307087],[75.69004526301194,30.28419535919868],[75.69333483109554,30.28440535181684],[75.69878412689903,30.283645434447095],[75.70090385068566,30.284065405511942],[75.7048633392711,30.283085500317107],[75.70580676843771,30.28501158529623],[75.70845286834194,30.283865444526416],[75.71191241620055,30.28407543746043],[75.7148820349288,30.28307553286218],[75.7162818521392,30.283315517101887],[75.72097124769341,30.281335703892136],[75.72279101910138,30.279975828839785],[75.7264723669545,30.278728202009102],[75.727930362912,30.277096095695097],[75.73111995205215,30.275156272203528],[75.72903023970274,30.272416502864242],[75.72389089976946,30.274246329582844],[75.72067132949664,30.271536552087053],[75.71910154790353,30.268336825796606],[75.72090132707783,30.264997120762906],[75.71848165634484,30.261517414443762],[75.71874162799456,30.260237527091245],[75.71582201234224,30.259247602380828],[75.71233247731273,30.25653782642972],[75.71201906953297,30.255544924283257],[75.70663322741483,30.254407992824916],[75.70444352078574,30.252598142932538],[75.70204383048457,30.253218082326086],[75.6994841686541,30.25168820535945],[75.69950418063074,30.248528481049583],[75.69827434526296,30.247088601026288],[75.69881428137136,30.245648728110492],[75.69737447343135,30.24436883324341],[75.6974612666643,30.2418967821204],[75.69474482684821,30.242039028496592],[75.69222515032475,30.243268912558932],[75.69018542400994,30.24108909623003],[75.69130528418249,30.239359249696093],[75.6878757277672,30.239744205018837],[75.68695585742142,30.237729376476008],[75.68981549507185,30.235199605189145],[75.69211521374086,30.231049970487863],[75.69120533564111,30.230170045878122],[75.6863459494849,30.234879621904785],[75.68194650811743,30.237749360262786],[75.68047669022943,30.239989159422322],[75.67517738688461,30.23814930328317],[75.67489742734722,30.236949406590018],[75.66834828321265,30.236329438756734],[75.66368888536945,30.237009365184807],[75.6588195211935,30.236489396995072],[75.6533002339433,30.237779265465146],[75.65114051754136,30.237059323008797],[75.64853085400402,30.23803922933355],[75.64624116548028,30.23450952886521],[75.64444296318673,30.234277742862957],[75.6418017549868,30.23161976668982],[75.6380522471657,30.23056984419804],[75.63330124825467,30.228486271524737],[75.63169307990988,30.228959962420614],[75.62255429185092,30.22362039849653],[75.62171440475481,30.222440497654357],[75.61896476844407,30.221030614019522],[75.61809489272589,30.21841083718122],[75.61649510305804,30.21760090284751],[75.60964599651477,30.217340902115367],[75.59978726259322,30.220820573529938],[75.59533783677244,30.22211044591037],[75.5921382506998,30.222500402320712],[75.58925152752639,30.22554873629187],[75.58625899968966,30.226600029270976],[75.58693890693654,30.22780992709749],[75.58370083883085,30.228251746866814],[75.58009981169796,30.22382025401771],[75.58043977235262,30.222350381515582],[75.58502582732797,30.219550225937247],[75.58522917522922,30.216120932759992],[75.58238954821499,30.215420987756087],[75.58077975638058,30.215760951445642],[75.5804298135646,30.212751212011675],[75.57963991446825,30.212511229501334],[75.5748205608279,30.20853156190732],[75.57137101094158,30.207301656969097],[75.57229090194862,30.205351827315408],[75.56767151535509,30.20244206634755],[75.56295212813893,30.202472047972144],[75.56196368284613,30.201488763392167],[75.56027275902957,30.2018133048567],[75.5587126936054,30.198592372895824],[75.55734287439546,30.197842433851115],[75.55723289565172,30.195792611557568],[75.55547313330219,30.194362728535854],[75.5568729554585,30.192992852162718],[75.55645302032653,30.19024308835921],[75.55833277997533,30.189423166571643],[75.55969261287875,30.186943383783465],[75.55660864033369,30.18394750890749],[75.55651303975624,30.18320369715796],[75.55895272885384,30.181903817326695],[75.55683301107055,30.18029395098529],[75.5555016728776,30.177329132122033],[75.55847281037055,30.17713423075172],[75.5625722971533,30.171994686443796],[75.56181240168131,30.170614804863558],[75.57095125405864,30.160835677225663],[75.57614060099147,30.15563614265071],[75.57504643894457,30.15467170372837],[75.57450082907344,30.151406505754537],[75.57833034156582,30.149186708684553],[75.57673378449535,30.143955399858353],[75.57372095528538,30.14503705245881],[75.57061136458573,30.14431710576251],[75.56847163327947,30.14630692813998],[75.56668186752505,30.14627692440883],[75.56441215301034,30.147966771721805],[75.56147253584565,30.147686787760133],[75.55780301979298,30.146566873006062],[75.55681315926704,30.144017090428882],[75.55471343651496,30.14215724471444],[75.55117390602308,30.14017740647618],[75.54847426635666,30.137737608572834],[75.54436479026892,30.140047399185345],[75.53806560054325,30.14231718127411],[75.53369614940623,30.146996763628216],[75.53289626153429,30.14518691775881],[75.52994665689768,30.141967189182807],[75.5268970589062,30.14032732075619],[75.5229675734307,30.13962736925908],[75.51868811690194,30.143027062477646],[75.50996412557687,30.14437777159644],[75.50732325972336,30.1434765270751],[75.49548109550841,30.15224619598127],[75.49438123877984,30.151766234719332],[75.49141161189594,30.15535591550337],[75.49212150824877,30.157965691764346],[75.48935186002927,30.16046546717345],[75.49106163147697,30.161815357150395],[75.49179153222055,30.16354520646571],[75.48995176999436,30.16392516951363],[75.48887190296107,30.16543503375763],[75.48850194083397,30.168294786429826],[75.48919923618854,30.170423655368356],[75.48725209225918,30.17137451755277],[75.48696211520513,30.174694228811774],[75.48180278783568,30.174754207475605],[75.48255267092682,30.179013842191704],[75.48051293326219,30.179923756330663],[75.47979302158429,30.181273639231705],[75.47616348385499,30.183713415297948],[75.4731138669719,30.187323095682974],[75.46655470050366,30.19230264420616],[75.4617953089833,30.195092390319452],[75.45677596530612,30.19437243589095],[75.45387634866881,30.192282609916226],[75.45091673711752,30.19126268800299],[75.43939823783568,30.190532718526345],[75.4386883261079,30.191572625817184],[75.43032942184736,30.189352796225155],[75.42795973798658,30.187312964887973],[75.41864095183425,30.186752987529125],[75.41682118934457,30.186413010065063],[75.41368159554636,30.186972953487576],[75.40948212931706,30.190162664691297],[75.40614255099712,30.19344237286952],[75.40024331265353,30.19477223989686],[75.39896347704948,30.195622161400404],[75.39559389688253,30.20037174061583],[75.39341417998689,30.200431730206244],[75.39293423506291,30.202161578818586],[75.39450403038299,30.202081590829106],[75.39354414883135,30.204381388910196],[75.39660855978607,30.20644156120389],[75.39641376341707,30.207271146316113],[75.39347414805434,30.206661190598428],[75.39207432630877,30.20780108956753],[75.39177056320231,30.209724084669745],[75.39026455752314,30.208551019021975],[75.38928468111023,30.209740911243145],[75.387944856035,30.209360939629864],[75.38722496107421,30.206891154018063],[75.38465530290915,30.204861324068393],[75.38047584744592,30.204291357465078],[75.37397671572974,30.198071879772407],[75.37029343002408,30.198031873221733],[75.3695245246014,30.199005975534618],[75.37033127129699,30.199430262923208],[75.36929345439093,30.20128450120627],[75.37102863789383,30.202431656759934],[75.36966065888485,30.203650229883472],[75.37000563932631,30.20535246827749],[75.36666979926824,30.205465300374815],[75.36569553496167,30.203211759205765],[75.36322809021841,30.203911344017296],[75.35989590247759,30.20569818311698],[75.36240851866144,30.20814578682324],[75.3667840793493,30.208100920666165],[75.3670348122181,30.209435950143916],[75.36903456853332,30.208672020763814],[75.37053274589736,30.209299638921046],[75.37251740087038,30.212179982585855],[75.36990721361005,30.21411732149278],[75.37315466622567,30.21783919420558],[75.37244979867745,30.218155962636036],[75.37500726276696,30.220078282038614],[75.37664627330625,30.224239620504996],[75.37704752568462,30.228300310399113],[75.37637941397047,30.229838099580533],[75.37689620844009,30.23216893345083],[75.376136288563,30.237258491426605],[75.3719368299591,30.238438376844538],[75.36617121925845,30.240640009538186],[75.36380957550968,30.2411388683369],[75.36420557448558,30.242924727180064],[75.36318661357429,30.244165607835228],[75.36432847046044,30.245519191984247],[75.36622239023673,30.2450271041389],[75.36850631627269,30.246792636669348],[75.36819726121193,30.253387072204028],[75.36733736230123,30.25605683696516],[75.36531250961782,30.25634216079667],[75.3649102300898,30.257808688731107],[75.37128059639195,30.26121315867602],[75.36837719950738,30.263576188179382],[75.3646576812436,30.263756161933454],[75.36124825124027,30.267870258441913],[75.36261420202912,30.27590225669274],[75.36351777448256,30.278684866012814],[75.3639479955967,30.282238796771797],[75.36156490460448,30.284742314441516],[75.3613257889195,30.28382650799079],[75.35960684327915,30.285423161755237],[75.35877733489343,30.28477484141818],[75.35501981278581,30.28711361813316],[75.34895333922867,30.282825489161162],[75.34602353804473,30.285061865098037],[75.3419390175272,30.285502569838577],[75.34038933515171,30.288147879472522],[75.34128079080341,30.29001709862483],[75.3397081406436,30.292480440350754],[75.34309727159201,30.295531770024965],[75.34338824024714,30.296605485141],[75.34645579565077,30.300193828198886],[75.33882771159232,30.303589726580274],[75.3341414966546,30.306452373631267],[75.32924789958335,30.30516030578166],[75.32836093239432,30.30646928773599],[75.32743922352873,30.304822758981935],[75.32376285303995,30.304682500959625],[75.32238383276099,30.302606768063438],[75.32056031605622,30.302208786145208],[75.31755459849231,30.305054844205596],[75.3184818085189,30.308600968439865],[75.32055370342404,30.30883070749291],[75.3191063382692,30.31055962716521],[75.32182060444761,30.3146186362784],[75.3219344661726,30.317802449826353],[75.32123358276628,30.320630065231658],[75.31830545757211,30.32327062835487],[75.31812280142915,30.32511011827371],[75.31383616143974,30.327287678172823],[75.31473710982014,30.330101124080734],[75.31458217275296,30.332048557045542],[75.31585434855548,30.333205861177277],[75.32063048192425,30.335423963260126],[75.32349526996624,30.336250755625123],[75.32930957327208,30.33394562234962],[75.33115678509661,30.33386942262037],[75.3328468634453,30.332716281342922],[75.34110899755875,30.334550988990028],[75.34375395614852,30.334354712723183],[75.34517458809596,30.337277181082225],[75.3451828059984,30.342449956458527],[75.34366212963121,30.344427446907208],[75.34165168553234,30.343144113232555],[75.33954050586408,30.343090280076613],[75.33689099464961,30.344579076754847],[75.33505122494078,30.34748881706956],[75.32776488894939,30.35136933618197],[75.325429100367,30.350647079649786],[75.32522785038371,30.354141519223486],[75.32609602972713,30.354729422483373],[75.32491815598787,30.356301046602688],[75.32699432056127,30.35777262028463],[75.32709567971503,30.36293797271929],[75.32946136262345,30.365716553708808],[75.33003419518838,30.367530090526383],[75.33231684354358,30.370500074571176],[75.33159194272096,30.372417807842496],[75.33335545822469,30.375535156875927],[75.3332951487974,30.378047269423966],[75.3320315061855,30.37731622100966],[75.32500241749514,30.378746077848422],[75.32192914009737,30.375869992199434],[75.3168220130697,30.379174430054157],[75.31327247791492,30.38070395566684],[75.3115327032606,30.380543966056802],[75.30706390289185,30.378631947597988],[75.30486296591076,30.38003834256944],[75.30560061542505,30.38135807569061],[75.3067062296933,30.387201092851797],[75.304976575705,30.387732236859698],[75.30492815765993,30.39056369298483],[75.30301299661387,30.393221641675712],[75.3032760605652,30.396722436722378],[75.3005101931704,30.39764498833639],[75.30166227784223,30.399669730643204],[75.3023561529115,30.402869493709787],[75.29926286855417,30.407848371233147],[75.30434257508055,30.41561071422532],[75.30537435586677,30.418044896835195],[75.30428608188218,30.419748689801345],[75.29978045489507,30.424473995187835],[75.29054302470796,30.42849527934186],[75.28867445733637,30.431029695342172],[75.28297448095432,30.44184824271426],[75.27327375297733,30.439895799872023],[75.26842957386908,30.43754081518978],[75.26495880072498,30.43648741419401],[75.26226512557066,30.43983947997094],[75.26320209573755,30.44083873441169],[75.26199978016557,30.44392480213883],[75.26561133288669,30.444371091331995],[75.2676443755229,30.445194317355988],[75.26406009233493,30.451699572496207],[75.25932800003169,30.45724087968047],[75.2581967771006,30.459953926374467],[75.25372686811117,30.46403670269105],[75.25599997979249,30.466128775872562],[75.25784354193394,30.469054616834363],[75.2595112875849,30.472868372594352],[75.26062127310034,30.47340326631951],[75.27005098856861,30.482413494440333],[75.2776789597709,30.491277602641645],[75.27959790367355,30.496335735423113],[75.2799986393364,30.49991529120976],[75.28281345564274,30.50811504869554],[75.28524711741763,30.5105045175834],[75.28792677355075,30.50890466431326],[75.2940879514449,30.511640778917982],[75.2930279186486,30.51609929183181],[75.29729551356206,30.51905380494184],[75.30195354474229,30.52284252259116],[75.30417824258197,30.527540070152217],[75.30691423048778,30.52663317304495],[75.30941983886578,30.526892402822796],[75.3098207648196,30.528560078221037],[75.31166903859557,30.528493222286254],[75.31302158260776,30.5358824255871],[75.32119233128468,30.53674233389742],[75.32255214645836,30.538342197889506],[75.32644164918713,30.535892422526032],[75.32906130981408,30.535062501293382],[75.33168098047508,30.53178279203967],[75.33197392144338,30.528991610373083],[75.33014238441135,30.526013808202826],[75.33334078291635,30.52648325970121],[75.33490058975067,30.524043475897464],[75.33480061536021,30.520843753764016],[75.33812018667545,30.519453885815544],[75.34494931283658,30.514834306779207],[75.3466490842443,30.516814136105076],[75.3495187064571,30.51724410987803],[75.35586788248546,30.516524188674598],[75.35969251813398,30.514568230933854],[75.36068149172829,30.513123953642268],[75.36107277394301,30.515382809693335],[75.36364686840295,30.516314230201036],[75.36491669483166,30.518224067656146],[75.36777631905602,30.519103998343013],[75.36889618144079,30.51704418240887],[75.37113588298911,30.518644046853513],[75.37210576025954,30.517834123109463],[75.37443545446017,30.518474072481446],[75.37544827451832,30.51964582727886],[75.3753559013178,30.521662085369666],[75.37705509867033,30.521803790069146],[75.38021468127124,30.52340366075902],[75.38308430441884,30.52369364322029],[75.38825666822747,30.525790018856235],[75.3899633930965,30.527473333899852],[75.39525270505055,30.527143377881814],[75.3970024719658,30.528103298789368],[75.40000208031422,30.528333287039622],[75.40351160968216,30.531593013499766],[75.40837096144574,30.535422695149695],[75.4122789893116,30.540197335016053],[75.41380695849567,30.543810054144366],[75.41833962208052,30.545921808938612],[75.41955178322767,30.548772628191355],[75.41966941862385,30.553241176654684],[75.41555994079187,30.557070831331206],[75.40867083142798,30.559040639598887],[75.40925074434254,30.56191039115121],[75.40425138158989,30.566389988410695],[75.4064723245736,30.567308109348765],[75.40611112875294,30.569329737904244],[75.40493127704981,30.57024965203353],[75.40483126805245,30.575729176667263],[75.40880625472741,30.58406893184955],[75.41397444246932,30.58346956088409],[75.41784660036734,30.584032198458644],[75.42097076101257,30.585234572224778],[75.42456722397203,30.585401874644536],[75.42749738201532,30.584146570937314],[75.43160108662804,30.584253045181487],[75.43407119355368,30.593305672935475],[75.43723213905244,30.591073120365497],[75.44175258247131,30.59352574086098],[75.4421259372463,30.5942873720171],[75.44486597915355,30.592007874811614],[75.44856368409538,30.596934554680956],[75.45060487583758,30.59671751713458],[75.45215895942654,30.599396833874433],[75.45399810117034,30.601255477559732],[75.45670535219874,30.600744704935494],[75.4614632322471,30.598780434930944],[75.4640467456944,30.599515422884306],[75.46431503769571,30.605933677520248],[75.46905276955958,30.605366780526563],[75.4767757408945,30.601450412309624],[75.47765166188329,30.602007098252425],[75.48396351803584,30.60211465732021],[75.48875022062748,30.599967310058506],[75.49045059645371,30.598539188676508],[75.49604761174562,30.59856412804865],[75.4962292565839,30.596487633920063],[75.4903783433281,30.586046638893237],[75.48773725039739,30.583143951861665],[75.49958839579222,30.57460149418533],[75.50157278156608,30.573666419801206],[75.50485428253823,30.5741624970131],[75.5066121030449,30.572465641722296],[75.50962785319072,30.576160345153266],[75.50971906220337,30.580076798140492],[75.51309152291057,30.584128182323965],[75.51669562081176,30.585074210307564],[75.51865349952998,30.58723866259677],[75.52251146477253,30.585340572400657],[75.52886281202812,30.585157465858494],[75.52677989470811,30.579207581850298],[75.52828727398513,30.576415408398823],[75.52819518227923,30.572239839011083],[75.52887937654602,30.570347720457914],[75.53219241473492,30.567831744402792],[75.53334561665385,30.56833869688437],[75.53699066416301,30.56730869203237],[75.5381458308821,30.569352225475523],[75.54064154983591,30.57622878990077],[75.54086016203028,30.578385722456424],[75.54478298554925,30.579729237747834],[75.5487939952337,30.58027198073255],[75.55316069590823,30.580130214511982],[75.56019143660339,30.576475179030663],[75.5632235093699,30.57332141621448],[75.56846992752791,30.571330041605457],[75.57588896685517,30.569780196629303],[75.57888800096507,30.569684116808705],[75.57996991099222,30.57135915344266],[75.57980702330154,30.573540439156492],[75.58419379364379,30.574215861746616],[75.5857477307733,30.576299534457778],[75.58908598261705,30.582546465501405],[75.59077696477102,30.584218985738804],[75.59492247284822,30.58628740681466],[75.60373300510419,30.594143301230208],[75.60638488616053,30.594568130404888],[75.60772646043573,30.593542546610283],[75.6094028091449,30.594889467656767],[75.61728344929054,30.59758790203412],[75.6221371220989,30.598961548791713],[75.626877898953,30.60085156288977],[75.63156117362813,30.597410516386173],[75.6379807628095,30.594368246320595],[75.64243907078942,30.59299931220483],[75.65264559509366,30.591062536356457],[75.65867807001865,30.591908524439518],[75.66503712397112,30.59385764937544],[75.66956663876459,30.59437834529087],[75.6733261436244,30.59562824778501],[75.67700696860415,30.597637085334217]]]]}},{"type":"Feature","properties":{"id":"03-497","name":"S.A.S Nagar","source_name":"S.A.S Nagar","state_id":"03","source_agency":"Survey of India (SOI)","district_code":"608"},"geometry":{"type":"MultiPolygon","coordinates":[[[[76.77611996149835,30.905915240316038],[76.77662027243414,30.905250026050403],[76.77739972317275,30.89679902899589],[76.78083693731321,30.88562293859776],[76.78438065646245,30.877912162946853],[76.79046251444562,30.869844657086485],[76.7993320058156,30.867165817944798],[76.8014486178262,30.865861694087233],[76.80474716223486,30.860644018770067],[76.80615944641461,30.8602906641229],[76.8113540520751,30.856088185984422],[76.8146955317849,30.8524995204631],[76.8135656355726,30.850965605094594],[76.81318757050737,30.848236909897274],[76.8139964328567,30.846205507313545],[76.8140257257368,30.84315560470992],[76.81822390440381,30.842824457896608],[76.82315722542185,30.844537374674022],[76.826174542659,30.840798358194604],[76.82806039234049,30.840783715185587],[76.82984003986154,30.839129225713013],[76.83370164937485,30.83861674293311],[76.8375727715138,30.83613432167814],[76.84322879231607,30.83607266373416],[76.84672381468201,30.83396083255733],[76.84586219062294,30.83161549590067],[76.84817303534075,30.828738550552153],[76.84817448312896,30.82343938049059],[76.84886150183094,30.8141986009819],[76.8473837833936,30.81033775907765],[76.84535210432438,30.807247981252026],[76.8469201355203,30.803722466561492],[76.85419440101285,30.799248941395508],[76.85700213358132,30.794799836534583],[76.85283993921963,30.79358836013417],[76.85078169788204,30.79122939788222],[76.85301086156844,30.788194735254418],[76.85439338503737,30.787312688981704],[76.85078712441485,30.78343804122418],[76.84918844021662,30.782633178790338],[76.84876579088113,30.78099596675949],[76.84701118360607,30.779227770998148],[76.84535587195536,30.778780663142296],[76.84375800722613,30.775849004930127],[76.84180502929479,30.774513601926362],[76.84171414333453,30.772096394764723],[76.84042219840799,30.770749642971392],[76.83905543684008,30.766268561907],[76.83886044807655,30.763835318993642],[76.83995988074435,30.7633296266855],[76.83927897772885,30.761823995606736],[76.84017045301552,30.758949099661045],[76.83884002655348,30.755469242044853],[76.83773262580982,30.75456267497648],[76.82651496996316,30.76351107089141],[76.82430332056047,30.761315914211682],[76.8201732093154,30.761066272811142],[76.81830179189643,30.75735687061079],[76.81784073476898,30.75465823731672],[76.81498274051158,30.753087748712883],[76.80509570276779,30.76523947217722],[76.80578085896157,30.766166599499716],[76.81134390594508,30.768599158767355],[76.81259021874415,30.76864824727268],[76.81539438084647,30.77042099506692],[76.81792046220903,30.771255670962088],[76.81953764354623,30.775048505958363],[76.81782076907949,30.7751099630926],[76.81854706577538,30.77793014896588],[76.81521940699211,30.77848119529629],[76.81318583885785,30.780170224309323],[76.81203447046019,30.779220559203345],[76.81057165478776,30.77981170912645],[76.80745306126605,30.77745977512156],[76.80465659875051,30.77669584749688],[76.80126435112712,30.77480699630826],[76.80055184751178,30.773671967680148],[76.7911832418435,30.768675429303375],[76.79014617913306,30.770849173007548],[76.78268321975271,30.770798333404368],[76.77933632087802,30.777996997740093],[76.78700406224755,30.77968218875495],[76.78272347344807,30.789227457934295],[76.78165002361955,30.78912745697499],[76.77503021229052,30.79091839008436],[76.7715276496152,30.795262180194566],[76.76829720388082,30.79455647870601],[76.76105445548092,30.79106601554312],[76.75844093419241,30.788693234675183],[76.75830831019213,30.78755157519627],[76.75177064108213,30.784266242444446],[76.75243335875788,30.78316150159494],[76.75225567732295,30.78032149446676],[76.75093348225079,30.779986287405595],[76.74791075261373,30.777612746486213],[76.7437546535073,30.77608861577993],[76.74540916749046,30.772671124159952],[76.74387173390691,30.77154209394969],[76.7440230587527,30.769733615544098],[76.73764364888909,30.767754141987606],[76.73396194022787,30.766100758931255],[76.72883731471302,30.764918924564867],[76.72478160130518,30.76596999474617],[76.72127482286325,30.764053028669174],[76.7189476248564,30.76373926297393],[76.71134949043451,30.76152541330223],[76.71021762902919,30.760118439074688],[76.70521152266132,30.756007061754527],[76.70733932405662,30.753779504509687],[76.70833018016636,30.75026212740609],[76.70714086386569,30.74787549189966],[76.70588401069024,30.74725014602794],[76.70668456933778,30.745128229526305],[76.70516329940772,30.742974478868078],[76.70746901821542,30.739546349363767],[76.71268654899339,30.741257224350747],[76.71416525216506,30.740976038737358],[76.71564596333207,30.737365877582224],[76.71848359407245,30.733289348610185],[76.72125116064848,30.730020408667325],[76.72320275612188,30.72846394544046],[76.72483168226508,30.7284107947871],[76.72676531254119,30.727014711844763],[76.72955404681242,30.7235384883783],[76.73107471182432,30.723494702772918],[76.73066003984655,30.720672401755895],[76.73112501360463,30.71756833087673],[76.72868827080217,30.715938352429166],[76.73125268670456,30.71257740134806],[76.72907027519535,30.71182932460933],[76.73000893691331,30.706881701490566],[76.73610207224837,30.705859734422802],[76.73909805309754,30.70578466281135],[76.73933834777759,30.700380461601686],[76.73794481174382,30.699886007736037],[76.73950966900742,30.69807913531718],[76.73930201202295,30.692966356122525],[76.74317877725422,30.69370234584061],[76.74714730852124,30.695553051642893],[76.74821242098163,30.687539339943505],[76.74991858285497,30.688360853028367],[76.7525405619651,30.684600140034945],[76.75885954820627,30.686536103233387],[76.762017046186,30.686665414429303],[76.76427177239876,30.68608650498083],[76.76695825886131,30.68239863062693],[76.76991445858536,30.679824485609114],[76.77422402384568,30.672129175021208],[76.77698485561413,30.670372679536452],[76.77910019653002,30.67155573988751],[76.78122016124256,30.67434197609895],[76.78172742642192,30.6738197018726],[76.78934038189898,30.67561245771035],[76.79415106220576,30.66954749789509],[76.79679270175819,30.66753726939573],[76.80018203244448,30.670207238801577],[76.80215582350749,30.6667316309796],[76.80865968064002,30.66742748134943],[76.81149410600281,30.670100979657533],[76.8163335742672,30.67143648071837],[76.8168030146609,30.673024907541343],[76.82076964169802,30.67494948809005],[76.82086949509706,30.677681222317187],[76.82730799365744,30.682188155485626],[76.82918971138722,30.681011752160767],[76.83123948650515,30.679028890471443],[76.83004318280827,30.676441991495352],[76.83120345243996,30.67223671542149],[76.83203096347297,30.67092453978373],[76.83227531161371,30.66696248715325],[76.8313056030059,30.66533631793936],[76.83254868143983,30.663182530606232],[76.83591200838121,30.664743905839604],[76.83800748033373,30.664727218091723],[76.84133495120237,30.667844622480146],[76.84576159118988,30.668684491533536],[76.84699578075374,30.66812100405087],[76.84807640404314,30.665956450573663],[76.84468096225301,30.6624468194549],[76.84494287782313,30.659073364223357],[76.84683844439365,30.65672812465168],[76.84878835250879,30.657918979514033],[76.84983370164458,30.656905067752476],[76.85116435911188,30.65823228333189],[76.85301600563669,30.65727643742407],[76.85474031729248,30.65899406598926],[76.85921096223885,30.661051196235206],[76.8619912359602,30.66364479878061],[76.8641455420276,30.66740195056342],[76.86829303181656,30.67351335663982],[76.8705886964058,30.675791014048052],[76.87642772790346,30.680552824239264],[76.87585670972122,30.677643397452435],[76.87424644517206,30.673959988476778],[76.872121024487,30.65130794757228],[76.87172172332824,30.65098107749807],[76.87120551541554,30.6421775208143],[76.87334003949645,30.641102978231718],[76.87556094412753,30.641167080834578],[76.87720519771621,30.64398833967173],[76.88005891983651,30.644406005756448],[76.88100008721813,30.645459146229435],[76.88355810645469,30.645004823526158],[76.88436614221344,30.64566417173856],[76.88580348970153,30.6441699717054],[76.89436852703042,30.63791724870772],[76.89489033362518,30.636443443957937],[76.896449747307,30.635883961938685],[76.89549457559305,30.632614283217272],[76.89280192821417,30.63109656917431],[76.89583791747832,30.628753522172467],[76.8995954669312,30.628243227269227],[76.902762679087,30.6244224692139],[76.90517363930233,30.624308782780183],[76.90833435192688,30.626645714364617],[76.91006436412458,30.62620224277731],[76.91305947208535,30.616910559833055],[76.91329817761726,30.614107419218886],[76.9118743574923,30.613037578521038],[76.9135057146406,30.611462147248357],[76.91723494351396,30.609963940754685],[76.91957540967296,30.611766867956455],[76.9223625309757,30.61174561030694],[76.92424841075781,30.610086444599027],[76.92597767030925,30.61012109026708],[76.9223377692778,30.605650186014657],[76.92710201940925,30.603635009321042],[76.92469528401773,30.60037691387338],[76.92325982266583,30.597003938435897],[76.92020807414308,30.593288698583294],[76.91686581951699,30.592257004095572],[76.9097241692388,30.591947881393846],[76.9127204504946,30.5906522666668],[76.91524755169259,30.588364822116898],[76.91660357682083,30.588486585599384],[76.919766388481,30.58519443740534],[76.91689120367613,30.58289582800513],[76.91512562573575,30.58223151747347],[76.9149987916285,30.578353128433065],[76.91768764387471,30.576179210956916],[76.91386982835732,30.5706995096787],[76.91044422910048,30.5674892670717],[76.90895024702715,30.56481938950317],[76.91115134383489,30.562839062777545],[76.91531513194778,30.561967397375287],[76.91805488808438,30.558232099484552],[76.91638116512782,30.5541987498808],[76.91359091725225,30.550985675807283],[76.91139112361074,30.54929954039658],[76.91051478383974,30.54747485811654],[76.9088786246791,30.547202951286916],[76.90494009145682,30.543040612007985],[76.89799807738069,30.546804021459817],[76.89394950035839,30.548691933746948],[76.88717090627313,30.551084159406635],[76.88665928079104,30.54864121801291],[76.88887868202157,30.545086922530842],[76.89142116018884,30.54283154176201],[76.8936195150999,30.53989064568646],[76.89637554250871,30.537995919206086],[76.89942740110958,30.538078158857974],[76.90217464036189,30.536505720894837],[76.90676488859133,30.537033058488984],[76.91287529859157,30.533621734091366],[76.91223320615308,30.530428734851668],[76.91561857423534,30.525782186388632],[76.91648584779792,30.526527462982553],[76.92148428566564,30.52624027515618],[76.93200580646469,30.52224003498487],[76.9296592449379,30.5183622916543],[76.92891746811684,30.51461459651524],[76.92860592426766,30.507563468759862],[76.93085907512382,30.503126339748263],[76.93113382866811,30.500920705102242],[76.92879013784128,30.49906405041346],[76.91899904686538,30.48954009703686],[76.91769077503288,30.490010297979126],[76.91343666717017,30.493197156198555],[76.91074190970274,30.494311828925415],[76.90890105902307,30.493172157924658],[76.90858872998734,30.49192503241025],[76.90658656584918,30.49230568714357],[76.90378913544231,30.491471481566442],[76.89897276384261,30.488859808491902],[76.89932427100032,30.486395982169356],[76.89823264178327,30.485471465501202],[76.89860313631658,30.483399437029973],[76.89694687975424,30.481149390747373],[76.89866343392877,30.47937191154725],[76.90285208950571,30.47728721506352],[76.90734827689108,30.47442759924275],[76.91109332870876,30.47079111232137],[76.91245142241684,30.468634961584165],[76.91226065743241,30.465802458985024],[76.90810834946211,30.461447071964646],[76.90637497598335,30.45699352835654],[76.90285880397478,30.454077595051103],[76.89957726164495,30.448636043713112],[76.89885077638326,30.44647038552357],[76.89521948241939,30.446044653880417],[76.89697426176818,30.441720864640384],[76.8960500999978,30.43954200711089],[76.89060920738694,30.44104722442326],[76.8864198655072,30.429676079125787],[76.89490550562692,30.427328403317606],[76.89797719028934,30.43141220665896],[76.89736341677875,30.434220627544924],[76.90051014639324,30.434736994212873],[76.90097085680969,30.435512927300802],[76.90501123961187,30.434123663977545],[76.90656938365304,30.434624211174835],[76.89863054318683,30.425802253924793],[76.90182335770022,30.42449405209482],[76.90733841180167,30.425055414070872],[76.9097485625571,30.429466148592624],[76.91472283211077,30.425092309565077],[76.91121014858078,30.419199155893246],[76.9141923270743,30.415854737740645],[76.91580236690683,30.414816884374833],[76.91721868234524,30.410844379208868],[76.91652838123917,30.409715152538325],[76.91776234882207,30.408269667306158],[76.916739555813,30.40743544288559],[76.91797429798606,30.40651313142251],[76.91440248273045,30.403567199166332],[76.91118986725594,30.399910434398752],[76.91833646857366,30.398003933850244],[76.9213263328773,30.40030991496819],[76.92331815133957,30.399775754211532],[76.9257485756816,30.400739309911913],[76.93100263281916,30.40090805491068],[76.93323376872176,30.39962342616601],[76.93622450379945,30.396667983029683],[76.93942604784192,30.39478560916363],[76.93916794614644,30.391944630283863],[76.93788710311195,30.387705637535547],[76.93672968690475,30.38580310232585],[76.93306724291851,30.381718900397786],[76.93055859862334,30.381064097965005],[76.92802828611477,30.378457864089317],[76.92119563192722,30.374705366990938],[76.91951046850188,30.37112510487006],[76.9155611811167,30.365255430424693],[76.91098557141555,30.363712180218286],[76.90752523869917,30.36341541774554],[76.90577636305494,30.361844640305538],[76.90453083921737,30.362708985074605],[76.90183041899223,30.362385178876945],[76.89751395793174,30.3593519026251],[76.89621046096701,30.36002948097176],[76.89543950611821,30.36310531266806],[76.8907080506037,30.36920230131375],[76.89063408704934,30.37226153807931],[76.89501324392533,30.37868718803611],[76.89795088431059,30.38215047898246],[76.89508387019964,30.384765430326127],[76.89511693080817,30.386914573862708],[76.88585331224606,30.394292007591442],[76.88328673668245,30.39217792408699],[76.88087806269792,30.393883729317153],[76.88388101746523,30.397654157432626],[76.88234243257682,30.400506397952945],[76.88424906721261,30.40432225356191],[76.8813415468591,30.40591028295602],[76.8833335186724,30.408673782930713],[76.87767637823318,30.409765832134937],[76.8745559737543,30.409537589741596],[76.86828546565951,30.413990258114925],[76.86329646990372,30.415040663919974],[76.85729117734213,30.416957819007358],[76.85595907170527,30.417917882649085],[76.85427605587752,30.425638089548467],[76.85287195973974,30.427479999260992],[76.85250425136299,30.429691329642715],[76.85101836188652,30.432319012697135],[76.8517000463701,30.433505053680474],[76.85102064992957,30.43530899885255],[76.84677182682682,30.438131573505963],[76.84376353798285,30.437432992367263],[76.84261196601808,30.43510030527043],[76.83813217470546,30.431982709812857],[76.83624023562471,30.42969635958569],[76.839288430555,30.426118581664568],[76.83616570582357,30.423574851875646],[76.83410862330811,30.420965823409873],[76.83184096006123,30.41907110154304],[76.83196273854077,30.4181204302301],[76.82884945673774,30.41488949621143],[76.82338056571761,30.411604619979503],[76.8196341564675,30.411828754440602],[76.8157992864622,30.41325883804673],[76.81121377178734,30.416367122965507],[76.8086027838681,30.415323874465003],[76.80387900045626,30.412580993577965],[76.80003523070735,30.41613293694337],[76.79512077929601,30.41871133249209],[76.79031519407552,30.414681408550063],[76.78044434228302,30.423067283323924],[76.77733134109815,30.42483639184072],[76.77880175398778,30.427855279877217],[76.7802400369563,30.429495648044227],[76.78332044194521,30.431481596640012],[76.78590773367645,30.432033507201776],[76.78757657121085,30.4335113405739],[76.78415928839514,30.43701069089721],[76.7840678570582,30.43779099633144],[76.7794236639602,30.440389606910212],[76.77631547345747,30.44133572423388],[76.7746061159328,30.439166466320394],[76.77195514105163,30.43408198454201],[76.76887418667513,30.430884881812233],[76.76711514950101,30.430689904716406],[76.76146904009295,30.428250743584613],[76.75840992927051,30.428711014638626],[76.75299068903975,30.427849824544637],[76.7488470971041,30.429208687259493],[76.74827851855699,30.42889960771158],[76.74872898997995,30.43287390416004],[76.74866935464698,30.43897708821327],[76.74646616467987,30.440760875323193],[76.74634600726748,30.44317433495872],[76.74750980158622,30.444637951615107],[76.75234346685193,30.44321618449341],[76.75640555641414,30.44581706871638],[76.75847154928307,30.451167840761904],[76.75528580502402,30.452164931640688],[76.75442758697709,30.4567703267321],[76.7556913385532,30.458277914162654],[76.7521910149024,30.460284698423077],[76.75294865746261,30.46141598115537],[76.75162171651905,30.462872893407436],[76.75303077515377,30.469809223806298],[76.75647568386817,30.47278926532898],[76.7573512884517,30.471663434533575],[76.76053247683672,30.474463448217474],[76.76530386395466,30.47544157424504],[76.76563749632136,30.47799130829962],[76.7670049740735,30.47936400095751],[76.76884084688838,30.483792692516534],[76.76927286570134,30.48750559407074],[76.76840026763423,30.487965824335088],[76.76779492288725,30.494078983438637],[76.7691146200752,30.4944807654473],[76.77489056872315,30.49425778547974],[76.77791156629789,30.495168895910368],[76.78145890708032,30.49477277231515],[76.78332199404255,30.49523951730364],[76.79465074486055,30.502830881406666],[76.79599282770765,30.503465864097393],[76.78837989149429,30.503296068497363],[76.78624077381899,30.503971856056438],[76.78135645559709,30.508210781075547],[76.78039128811677,30.510740404015948],[76.78425046135455,30.515880463921697],[76.78697858336844,30.51891158967664],[76.78251210346006,30.521204341034014],[76.77797764815277,30.52083786291671],[76.77356760091789,30.522072219281533],[76.76801065519572,30.52463829824383],[76.76480234634529,30.526730464302307],[76.76368106578414,30.528146209943085],[76.76585236169788,30.530809444443825],[76.76257307421004,30.53214563355697],[76.76074572270528,30.533750668573557],[76.75818340073887,30.53263451101673],[76.75515292768586,30.532799087850485],[76.7537831664093,30.533521676919992],[76.75138581955207,30.53623500000055],[76.75093535347638,30.54065872104145],[76.75398001436876,30.543384009595524],[76.75219727819238,30.54466487780711],[76.75109439748987,30.546983393426135],[76.75279661762956,30.550337148167205],[76.75081232045295,30.552387240558065],[76.7522377438364,30.555578050781712],[76.75717482145909,30.557597157060595],[76.75992034995029,30.55776692723852],[76.76559537144652,30.562873805629323],[76.76579033635913,30.56567937951373],[76.76872394218162,30.567945035148472],[76.77156261300884,30.571431040719368],[76.77535010005785,30.57384284805573],[76.77665785643327,30.576588837683584],[76.77258570808807,30.58317802451974],[76.77578684276037,30.58609338750147],[76.77979842207537,30.592232158065254],[76.7810512430165,30.5931396328663],[76.7866933604234,30.59521000820987],[76.7878946713036,30.59711587353932],[76.78518180385115,30.59796931972948],[76.78315148179965,30.600190136131022],[76.78417011460003,30.60184659096456],[76.78361639544521,30.603096907026828],[76.77811916841728,30.608444052082064],[76.7782333511175,30.608829290917154],[76.77333071679627,30.61042683085414],[76.76387541519215,30.606103979498258],[76.76054761325204,30.603038407877317],[76.75715857523647,30.597038923102662],[76.75140681172071,30.596454257166883],[76.75007709452125,30.592586548262226],[76.74850495039766,30.590291016915913],[76.74753917659395,30.59093036452262],[76.74684890825084,30.588015404994252],[76.7444432487936,30.58737573955409],[76.7427118691086,30.585621773384453],[76.74399148399966,30.574998478872256],[76.74577455073006,30.57382962591259],[76.7460522018381,30.571023251159612],[76.74563251820038,30.567331759689104],[76.74409801094879,30.56330932938228],[76.73951052122082,30.55884834617909],[76.74030475402249,30.555165247750544],[76.73864828048882,30.55323528334138],[76.73502638451221,30.551370725058334],[76.73307683650283,30.546630790915724],[76.73171785676848,30.54036575252467],[76.73028101821112,30.53836685919591],[76.72624980289743,30.537487936601092],[76.71823542665064,30.539500601221146],[76.71122120160383,30.540228214245325],[76.70812524325798,30.542626022722448],[76.70103539635997,30.548754763745194],[76.6917530416053,30.552746048376186],[76.68743375606921,30.55306037057589],[76.68071176843648,30.562787450577794],[76.68229147038667,30.56716165293524],[76.68424810472777,30.568441937116347],[76.68755637531096,30.571861862183063],[76.6858002004712,30.572938970789174],[76.68377038181454,30.578484016598786],[76.68838098550866,30.59003145636888],[76.6877241147057,30.591518660897542],[76.68924045922799,30.593384688890666],[76.68504288524794,30.593897333689583],[76.68234871975356,30.592015505813027],[76.6792034697391,30.591013316588086],[76.67418854571378,30.588373627913118],[76.66872528867744,30.584513958350673],[76.6682933373779,30.584902196148427],[76.66287407855724,30.58327205218506],[76.66092305903081,30.587055929183258],[76.66231840847641,30.58746886152494],[76.66663224484617,30.59107301050703],[76.66844043292834,30.593309478571605],[76.6647210648755,30.59700895954874],[76.66318595595591,30.60153472858189],[76.66412847308366,30.603609803621268],[76.6633278123407,30.60716603867246],[76.66387009614272,30.609002910474594],[76.66559991874493,30.611049568605406],[76.66252437388958,30.6126755731204],[76.65829322379793,30.610568859419395],[76.65431014480998,30.620253700940708],[76.65342975639406,30.62409546428862],[76.65047857096974,30.627145356811035],[76.6439719232913,30.62790735521431],[76.64148149417771,30.62752977742899],[76.6354989466862,30.622142325829035],[76.63470673241729,30.620272498701823],[76.6334910051686,30.621928918351806],[76.63179885651626,30.626440848304323],[76.63038876907581,30.628931688164773],[76.63167284223988,30.632081195690816],[76.63177425888902,30.63677474034847],[76.63102773584198,30.639361855522075],[76.62816095684647,30.643389815157967],[76.62202847796382,30.643236842510245],[76.61645941366919,30.644658775961545],[76.6105239034123,30.647886232611604],[76.60599673698219,30.651728935402453],[76.60312208986343,30.64809580631283],[76.5973815276919,30.653262622167983],[76.6010338921126,30.65636147283624],[76.59970308027266,30.66111571353964],[76.59844427254838,30.662405731754447],[76.5974789971153,30.661666202840777],[76.59341076832911,30.662834861928225],[76.59002727671547,30.667008999154227],[76.58804087750102,30.667345196014086],[76.58345923961225,30.666268123191422],[76.57968383546938,30.666646103245768],[76.57534121859214,30.671798737846448],[76.57217166379358,30.674121843851243],[76.57275279955785,30.675461928544713],[76.56611193589814,30.68792903700552],[76.5647948836245,30.68916575822725],[76.56155471521866,30.69024076542193],[76.55583125855601,30.690603141881812],[76.55490180747474,30.691516933762237],[76.55402917646062,30.69450315485035],[76.55526482152867,30.695956155800662],[76.55428103885072,30.697982195517994],[76.55446124885502,30.702149870660158],[76.5501288758118,30.70817714210016],[76.5468087618929,30.710441862143153],[76.54265306189217,30.709024118370042],[76.53442571677412,30.709017488580383],[76.53155774584297,30.718726574135836],[76.5319397992682,30.721967667686354],[76.53127632172179,30.72452582938335],[76.52933046843215,30.724423616678173],[76.52674259448517,30.72759218749175],[76.52584600095862,30.727663054111986],[76.52161173110241,30.733172888834353],[76.52706055299939,30.738162188663836],[76.53176131025495,30.74102031227504],[76.52959156723584,30.744845159205966],[76.52689457055915,30.751361372338906],[76.52202093862543,30.757107457333714],[76.52410017806645,30.758249145427808],[76.53020540647569,30.764700431753432],[76.53334162335493,30.766578668814056],[76.53294080106987,30.7685985441448],[76.53574136333054,30.7733851936177],[76.5359448457254,30.77492721908088],[76.5398287020929,30.77897003318693],[76.54070452888723,30.78076780939755],[76.54478421777205,30.78087444558333],[76.54917942332716,30.783042446615486],[76.55313079838841,30.78266548195317],[76.55549975802367,30.78489116888419],[76.55886180805312,30.785916925055947],[76.55827697305497,30.789745911254922],[76.5557481424869,30.796446944251127],[76.56181395639051,30.799821423567312],[76.56027432359409,30.802634543135074],[76.56005920931614,30.805160170520022],[76.56236126153577,30.80597421410341],[76.56374601835614,30.808046689540536],[76.56267946074543,30.812015267193797],[76.55948111268637,30.814734663719754],[76.56463657723552,30.8170478312711],[76.56508037838633,30.818169042139647],[76.56269247223375,30.823582199842686],[76.56203748245727,30.82690437081988],[76.5595589244832,30.831001978175152],[76.55667602004091,30.82974664993858],[76.55307562617752,30.838304057781627],[76.55778617268051,30.839820258215255],[76.56227229562712,30.842297849047828],[76.56256450787527,30.841626244308763],[76.56583342866057,30.842905026907495],[76.57105036001694,30.846664866389155],[76.57448814141053,30.847229352437747],[76.57905014376078,30.849616390984966],[76.58283228115421,30.850642651524748],[76.58406273889155,30.85167602032073],[76.58088416456427,30.857565991526414],[76.57885791724256,30.858140021352355],[76.57656262293708,30.85495001894525],[76.56966508168196,30.85136749772172],[76.56779522304863,30.855836418624072],[76.56697141674638,30.860239768980335],[76.56711259066093,30.865051292397677],[76.56645787218808,30.867202851046315],[76.57604261524865,30.86864657660853],[76.57793196644906,30.86942077919367],[76.57816379488466,30.866058301823927],[76.57293442386015,30.866153051587382],[76.57370693417435,30.86255816516762],[76.57345703352381,30.859707053840165],[76.57445620073813,30.858366249443495],[76.57889510817878,30.85933030278065],[76.58472731465123,30.85924996447461],[76.58602294973691,30.85958008525688],[76.58728748815044,30.854538526022303],[76.5876046372317,30.851143107101336],[76.5917473931418,30.852065781113595],[76.59107248860485,30.853841215686625],[76.59295165558822,30.853751102325983],[76.59660196791503,30.855613061749658],[76.59950056954715,30.856254837689804],[76.60280595260991,30.85816901892335],[76.60177324511245,30.861417685307636],[76.59930973913173,30.864645775874138],[76.59908557113152,30.866004093624387],[76.59705268569664,30.868921921057495],[76.59689848007376,30.874989522358845],[76.59772575764649,30.877673472778948],[76.60016102597383,30.879363351367314],[76.6071628963991,30.882069381388327],[76.60895956995967,30.883263439564598],[76.60820749516543,30.884579712704955],[76.60681457803105,30.89077875584991],[76.61163802846889,30.891373210027403],[76.61496914224008,30.893152805501455],[76.61792423574433,30.89542718403741],[76.62059005813187,30.896404387231208],[76.62389306677557,30.895403894826263],[76.62537521836146,30.89571881969254],[76.62641298856447,30.89725773190963],[76.62610390119039,30.89944636991888],[76.62758824068436,30.90171156517469],[76.63118659972797,30.902594225754754],[76.6367516450324,30.90259543442512],[76.63628244035178,30.904741981071194],[76.6381788922734,30.905236518228488],[76.63869267867258,30.904274053951607],[76.64151349692784,30.903495271365188],[76.64467735532837,30.904501372959366],[76.6490751803801,30.907338778637737],[76.65371528061577,30.909556719471805],[76.65827914700715,30.910643315838428],[76.66012370016792,30.91190538751199],[76.6606826011556,30.913856488137313],[76.66332862995637,30.914786844093925],[76.66727509898284,30.91485997275205],[76.67010188515586,30.914167007673285],[76.6736597906711,30.914529293517234],[76.67841302806379,30.914286220510245],[76.68010550932576,30.914752515118504],[76.68379460102005,30.91704976653284],[76.68618224702782,30.91757389258892],[76.68774824710997,30.92129160803331],[76.69091135197387,30.92482256472203],[76.69232423739602,30.924782157071565],[76.69457322299813,30.92684017182183],[76.69655549039895,30.927629086365805],[76.69983099338143,30.931855599515877],[76.70230649411346,30.93191378599426],[76.70401631373389,30.930477575331306],[76.70733045881941,30.930767833466895],[76.71010116969771,30.92892798161747],[76.71310820970993,30.928782489232244],[76.71543699239184,30.929473438081025],[76.716493674238,30.928863460351252],[76.71877297833166,30.93001337764454],[76.72032018966365,30.92966367440292],[76.72517295590909,30.9317080342861],[76.72575022084386,30.933073487052724],[76.72941445577784,30.934600165999147],[76.73126789682948,30.93397625561491],[76.73323155314134,30.93628968893111],[76.73652908948578,30.938530975714198],[76.73724398442367,30.939945462946763],[76.7400671636287,30.93754951952133],[76.73995229304201,30.935501720746124],[76.74465795710846,30.932696967367445],[76.74686039968198,30.93205296049011],[76.74834724529164,30.930368049231312],[76.74916981018971,30.927898201810304],[76.75069100764779,30.927401450209594],[76.75354846159844,30.92821241720893],[76.75695442210638,30.927665428557454],[76.75997491473692,30.925245484081746],[76.75976149548879,30.9231093373284],[76.76104296487047,30.922162441794946],[76.76454172035555,30.921725756835524],[76.76614661139817,30.920792838323884],[76.76654283232374,30.917522644739776],[76.7706013091154,30.912802348296058],[76.77210546835903,30.90936241387929],[76.77127445534747,30.90743380366105],[76.77295306773988,30.906202589126746],[76.77611996149835,30.905915240316038]]]]}},{"type":"Feature","properties":{"id":"03-498","name":"Tarn Taran","source_name":"Tarn Taran","state_id":"03","source_agency":"Survey of India (SOI)","district_code":"609"},"geometry":{"type":"MultiPolygon","coordinates":[[[[75.29048344238365,31.491231448076814],[75.28558347466594,31.484669198796087],[75.28275351414554,31.482157488749483],[75.27878438212406,31.481299477251756],[75.26741588481856,31.480219542475066],[75.25275785501148,31.4693804562842],[75.25268735886463,31.468397620698145],[75.24946127473567,31.463252274016565],[75.24323916135583,31.455241678175668],[75.23495510044852,31.459245952694662],[75.23111077678531,31.450272083199884],[75.22734132672855,31.43603332950466],[75.22447448557119,31.42198553369641],[75.21407441444232,31.421956654850444],[75.21189338465658,31.428593942277594],[75.21004215595221,31.435143787144437],[75.1997131273896,31.436101504604288],[75.19166966352213,31.433180547720568],[75.18707594243902,31.42473975720753],[75.1864263723921,31.414713868685876],[75.18730645735434,31.414734753054915],[75.19427757812618,31.40801293429],[75.18990580804144,31.406106261162275],[75.18781911928134,31.407604311141753],[75.17854410169925,31.39892608801151],[75.18143651128136,31.39604074554606],[75.16830413018182,31.379143165742676],[75.16328518273743,31.3829839642035],[75.16062891613346,31.374678425548645],[75.15996192396557,31.374376941427293],[75.15602067501241,31.36520220270598],[75.15725999652759,31.36182134266563],[75.16321906260688,31.36126676240768],[75.16501531559621,31.361590281084336],[75.1643459447762,31.356784770447835],[75.16116983308596,31.353213803715562],[75.15737085361069,31.34814088476211],[75.15144165206935,31.34202140535154],[75.14602238444279,31.336791851739008],[75.14674775667085,31.336617727192383],[75.14832209532683,31.333282168461473],[75.14727223789714,31.331862290879524],[75.14779221080619,31.320143321644494],[75.14326050609509,31.31709988398771],[75.13456130360781,31.31054638584922],[75.12963462004362,31.314203796395763],[75.123926480516,31.316915989246542],[75.11825230042834,31.320353042537896],[75.10675074862569,31.316865425704293],[75.1095872669887,31.310954032857754],[75.10320743170846,31.302527969140982],[75.09337834974292,31.283906584766637],[75.10387467237057,31.27971834286836],[75.0823257868154,31.273764543443928],[75.07934936485815,31.268937226978775],[75.08220600933643,31.26759819584506],[75.07929824824598,31.264586321515917],[75.08141703498863,31.253682188309952],[75.08095124439531,31.249829335201838],[75.07893051439976,31.245837511800794],[75.07147251674186,31.2417900163329],[75.06669315709605,31.238320309561423],[75.060404003311,31.23248080733963],[75.05833428779671,31.228921115316087],[75.05749511327757,31.226123828011993],[75.06123581277794,31.225302191113897],[75.0608497122734,31.218103251763367],[75.05969795763569,31.210596511987948],[75.0587842982009,31.209192850942213],[75.05500119392572,31.20616825303813],[75.05064539024244,31.20188347079456],[75.05237414549968,31.198540851971458],[75.04806576515219,31.19137438810696],[75.04622962466642,31.19068432563803],[75.0399368351072,31.19046444700143],[75.03226785117204,31.187644676509347],[75.02599868967924,31.18373500328177],[75.02179924418492,31.181795162579434],[75.01625643218905,31.17985450032629],[75.012060543474,31.176135635318797],[75.00906235872804,31.174196924709918],[75.0044315520842,31.174170790006126],[75.00040209075047,31.1717059972226],[74.99749248352006,31.168526268123863],[74.99141330180208,31.16255677805106],[74.9860540159616,31.158937082252212],[74.98353361385573,31.159776094449988],[74.9797648452272,31.158147136194778],[74.96484057419177,31.153608906691094],[74.95547637869312,31.15249235611931],[74.94918988674468,31.152343892224987],[74.93631539038276,31.155142803970946],[74.93296698250565,31.156481046350425],[74.92226928942256,31.161651181956383],[74.91799700696981,31.162204643558347],[74.91313745909615,31.157609876885363],[74.91107953969734,31.157974770483914],[74.90721732032293,31.15669435680089],[74.9051952903842,31.157034156887676],[74.9004391086666,31.158809664024087],[74.89794794725988,31.160859212317057],[74.89281111553588,31.158444684155302],[74.8854613792466,31.155604929368916],[74.88256604163165,31.151658653386157],[74.8791170638198,31.150932433214457],[74.86897116017767,31.145428399858226],[74.86532831454355,31.14370920281993],[74.85252700299303,31.136132031742097],[74.84784992479872,31.133640700014087],[74.84409956806306,31.132531017607047],[74.84132943816851,31.13323773575144],[74.83530167864375,31.13387867330652],[74.8306118428322,31.133505292201537],[74.82511634985295,31.134103968274193],[74.81444630721633,31.137825261050455],[74.80952187623873,31.134610797268763],[74.80226361844714,31.13027329902672],[74.80192836255767,31.128127550495254],[74.80617362780868,31.12488086991904],[74.80389534111276,31.120347392852416],[74.80061429777787,31.115023405878286],[74.79559938703984,31.12423845392622],[74.79232959018505,31.12536947321484],[74.7891599464655,31.130064258589982],[74.77587076970744,31.129357328935743],[74.7657000286535,31.125533755640735],[74.76087387670641,31.122372052821433],[74.76277447430633,31.12025574356779],[74.75837343048867,31.117271806893704],[74.75154624805378,31.115601062601105],[74.74549694713203,31.117782771420835],[74.74168608101614,31.11863599277962],[74.74266464457396,31.116793246041084],[74.74255180354808,31.108562634995376],[74.74142977815661,31.105958430320783],[74.74151348919081,31.104053911503616],[74.73365351811844,31.103770441278314],[74.72898610824187,31.10390901069999],[74.72503722096563,31.102438280004606],[74.72068692826794,31.101624616084663],[74.71966342800349,31.096227706183967],[74.71702238334389,31.089790093581215],[74.71551299601539,31.08532997430543],[74.71117369062333,31.08097788588296],[74.71010886397805,31.08107604008604],[74.70785058329376,31.072041749986244],[74.70236494776387,31.07343872274148],[74.69591126805635,31.074243587557287],[74.69063906980541,31.081494227729113],[74.69726470993234,31.08474823379183],[74.70235460331187,31.091838107914924],[74.70134365985628,31.097255339324075],[74.69889947969199,31.101447427091333],[74.69736230054914,31.102675260981353],[74.69793219360099,31.10372332408628],[74.69852226308362,31.10888010834678],[74.69808360542474,31.11240845996114],[74.69207982143931,31.117639361256906],[74.68978475628181,31.1184473510207],[74.69001577724022,31.124510521332525],[74.68901289431057,31.12795028388868],[74.68231548554013,31.127104061142713],[74.67318724614782,31.123579810294704],[74.66647793406837,31.124414724300767],[74.6644868246217,31.126495188852648],[74.6590597834901,31.133966238950784],[74.6529755733149,31.129458363558115],[74.6510000010304,31.129168708321153],[74.64673130999783,31.126896774423553],[74.64531967825913,31.12444783388948],[74.64290661769324,31.12281042440481],[74.6403424737515,31.11971762427903],[74.63626952220977,31.118263322483966],[74.63236291880594,31.121520854024965],[74.6327028002085,31.123811551794912],[74.63100566806472,31.128223393892785],[74.63229375640128,31.131321475919748],[74.63087718793233,31.13271034743252],[74.6265219321202,31.131073543229768],[74.62188560771614,31.133084463979067],[74.61842525866068,31.13137080679856],[74.61627473645801,31.132003592656076],[74.614298363555,31.13153626949162],[74.61076464169231,31.13358705687473],[74.60845018368757,31.133653152265182],[74.60490728962817,31.13266630340884],[74.60341780416245,31.133659362467593],[74.60099364418616,31.132015649455],[74.59891612362094,31.128935766540582],[74.59658767998741,31.128484618092376],[74.59754127211548,31.125322182561618],[74.60292478547848,31.11901722721841],[74.60545642649814,31.114471393152083],[74.60806175895182,31.113559403533174],[74.61003827665388,31.11172711425221],[74.60976909434764,31.108983741398443],[74.61045649970931,31.105474165119524],[74.61066736903898,31.099295958419912],[74.60730693446402,31.09492745656102],[74.60436399283225,31.095100684798716],[74.60423089058807,31.09322435601289],[74.59943595926003,31.09306010238498],[74.60080967890588,31.087997620425877],[74.59786126348278,31.087884321104188],[74.59671261799436,31.088971836660235],[74.59150026842161,31.088788293650953],[74.59082095776711,31.09246016496284],[74.58909365489188,31.092481304933926],[74.58658754058688,31.091190382145747],[74.58875677935661,31.08779431738554],[74.58386073847883,31.086569132786085],[74.58361476892009,31.087521169504292],[74.58024695303189,31.087073045452968],[74.57869561579271,31.085801965680464],[74.57381707351671,31.08575837275251],[74.57133756961778,31.081523674321115],[74.56424188647223,31.08231998765315],[74.56203503412279,31.08339189462348],[74.56048109016926,31.082606975041053],[74.55824426077598,31.08313136449674],[74.55625938521278,31.084851833948576],[74.55349137204999,31.085189437316572],[74.55148584574319,31.086414778832328],[74.55040635764868,31.089385944523265],[74.55045576472114,31.094256067207905],[74.55095762386769,31.09679748553957],[74.54906589206423,31.1011581749999],[74.5501060442022,31.103540799236256],[74.54961176696328,31.108850765336726],[74.54964717237691,31.113046894967866],[74.5477461004296,31.114557399885378],[74.54854235279235,31.117256320173933],[74.54835510041538,31.121927359406918],[74.54542760106538,31.12222748079168],[74.54381976103362,31.120921045565773],[74.53917519247214,31.122356761270492],[74.53128530816278,31.12575728680848],[74.52840479080278,31.127630329602113],[74.52472979662437,31.129152800028745],[74.52193601691815,31.12914134937795],[74.51038883768516,31.131981544292813],[74.51149763505127,31.135485505920776],[74.51379268977298,31.139338442734427],[74.51438388246694,31.142522873689455],[74.51388635199967,31.148571300611653],[74.51522646206848,31.1521251653039],[74.51317590883184,31.15358592045251],[74.51389122752242,31.155950151140836],[74.51101490834097,31.15798368880957],[74.51308937920143,31.164184421204688],[74.51214079552425,31.164679096456776],[74.51296770723543,31.16673191987474],[74.51105623096538,31.16845763472284],[74.51122316184637,31.17096887255905],[74.51006953856735,31.17372945041897],[74.51075794052426,31.181158216227267],[74.51239845854215,31.182686058524016],[74.51922308623452,31.183620833911835],[74.52031698150856,31.18806530257987],[74.52155873942004,31.19087851079664],[74.52016161506356,31.193982136434613],[74.52157873582051,31.196781527718656],[74.52089232212758,31.19865994029992],[74.52177589682374,31.202821691811117],[74.5247783090006,31.203436333378768],[74.5253765383603,31.205834715649072],[74.52378996396857,31.208610114288277],[74.52594432020206,31.21188577360532],[74.52490321126074,31.21579758315759],[74.52369079123132,31.21809690722098],[74.52449542317157,31.220295048105825],[74.52290813617009,31.221020275998757],[74.52273576731919,31.223010979730848],[74.5207250914678,31.225141648470675],[74.51717860541764,31.226824450314155],[74.51754669851353,31.229096434356475],[74.51970741771713,31.23185071052513],[74.51903022875219,31.23330638019146],[74.52324714130475,31.23752919994745],[74.52558207949856,31.23757843844473],[74.52816202472675,31.240040544208703],[74.53101947535566,31.245367671301036],[74.5327683859682,31.25049042167815],[74.53200444345919,31.252376519069866],[74.52834194236222,31.255596043984163],[74.5269378217419,31.259018114624844],[74.52392067537988,31.261282395709998],[74.52206249399724,31.266678588253793],[74.52060281226045,31.268922218869548],[74.52119262213496,31.27208389387094],[74.52279274437238,31.274081238761053],[74.52652143452089,31.276796022038443],[74.52687724906221,31.278717961221936],[74.52856177913684,31.281383779025152],[74.5311968238093,31.284343831667268],[74.53263116502507,31.290137264728813],[74.53463221021636,31.293146317122105],[74.53455157414425,31.294058306523173],[74.53698103829257,31.298468971625912],[74.53765078010638,31.30095343315502],[74.53881467808054,31.30219108656069],[74.54176265675883,31.30339724445483],[74.54065181232565,31.305959951930912],[74.535917773135,31.30468807876822],[74.53415455526077,31.305081657762283],[74.53129498367353,31.30817460249884],[74.52850653772036,31.308947429914415],[74.52638138201986,31.311699835832734],[74.52916230260197,31.31404633518935],[74.53184139048477,31.31298616060013],[74.53253360959579,31.31377493046176],[74.53482670516829,31.313466334436256],[74.53527987631897,31.315077300080414],[74.5338984256528,31.31603516765541],[74.53725558231905,31.317861418796593],[74.53748256318468,31.32052574168992],[74.53434801540203,31.321994333313953],[74.53385810706556,31.324911103404318],[74.53741776838837,31.326758171783574],[74.53687342276585,31.32985441189978],[74.5416605941174,31.33254444087992],[74.54359192962038,31.335071938151685],[74.54877364014001,31.33473593257304],[74.54593170523023,31.340755000103712],[74.5472030382416,31.34159529273151],[74.54874534653892,31.344394057077324],[74.55115604364225,31.353093960333805],[74.5530098178203,31.356322835336798],[74.55059546622846,31.357067906933363],[74.55027054322137,31.3608410007628],[74.55165309866939,31.364352108548275],[74.5538705540255,31.366612115741685],[74.55772181291437,31.367584389384074],[74.56754277190963,31.371949640278416],[74.56998600916495,31.372241532162114],[74.57155434935915,31.37153585828839],[74.57309035970906,31.374038280538322],[74.5783588335932,31.374952293526537],[74.5780374442459,31.375884414345443],[74.58067538555966,31.377810560214783],[74.5834820870648,31.379039044562482],[74.58487316432974,31.380874724661894],[74.58630848968201,31.38585397939267],[74.58612708957934,31.388399134055405],[74.58724780321002,31.398121823812986],[74.59057549585035,31.400997257158384],[74.5923536432385,31.405660916015194],[74.59416888519296,31.407802691029165],[74.59423637901173,31.41050682703907],[74.59616614815938,31.413221608968122],[74.59662097254338,31.416233856090763],[74.60066382086337,31.415545962933027],[74.60259072975683,31.41575673081223],[74.60285950415563,31.417451795680588],[74.60140932168092,31.41986099443145],[74.60254415351412,31.420497312226452],[74.60528536346563,31.419701835164126],[74.60874192424818,31.422094340328545],[74.60893293054596,31.42366007850584],[74.61156641929121,31.42242687697946],[74.61928129055595,31.420099829118975],[74.6211257279997,31.424672322969588],[74.62243223798905,31.43012244425079],[74.62774646204655,31.42907415898956],[74.62965105064892,31.425621763619993],[74.63137331290972,31.425472249923903],[74.63360600367217,31.418719225613195],[74.6354515064352,31.418770257157146],[74.64204818434318,31.416173065644383],[74.64357501387894,31.41610801140566],[74.64565797738756,31.41862346662572],[74.64565657079518,31.42046903500207],[74.64809693017739,31.423630375907248],[74.65190633841654,31.426419084529314],[74.65448806245801,31.425840537413457],[74.65389315298904,31.42779103011526],[74.64767062028112,31.432420530336273],[74.64594560830403,31.434849298735116],[74.64329107110731,31.436456877903858],[74.64219449112277,31.439242205639893],[74.63951522251672,31.441064693179985],[74.63860020983861,31.44439611121405],[74.64018037108907,31.448163008872395],[74.64409921296622,31.450748893315378],[74.6477169896984,31.451739432821192],[74.65128341085115,31.45199242427423],[74.65310429439293,31.455320700100785],[74.65014820845207,31.460483946249106],[74.64767236250387,31.465596997110474],[74.64399447120621,31.469130959272643],[74.63844710591184,31.472889663545637],[74.63610000243577,31.477592726666852],[74.63229211307745,31.477918108879],[74.63194663317266,31.476895360867687],[74.62754639434237,31.47690178980119],[74.62900107894194,31.4786899604424],[74.62800340573355,31.480188980779264],[74.62944187512333,31.48216599809489],[74.62976053252551,31.483987641974757],[74.63142568105572,31.481480005477056],[74.6336702533989,31.48254370250306],[74.63485947450253,31.484545300501313],[74.6322287017629,31.486649597290246],[74.62817249244007,31.485629057625836],[74.62508210113725,31.485938346104515],[74.62575554347693,31.482775291635612],[74.62382594937999,31.483337993835622],[74.62282057263336,31.481791621007687],[74.62177606527287,31.483041958476022],[74.62217799681238,31.485165333360644],[74.61866894610097,31.48511658502491],[74.61686964568801,31.486266020078098],[74.61449258979358,31.489120735777682],[74.61357818425085,31.49187491902822],[74.61303611686289,31.496217346001853],[74.6108935212427,31.499049296251385],[74.6135221441312,31.499195680260982],[74.61622771753274,31.502528693755377],[74.61805771700014,31.51046946464641],[74.6196606375359,31.51025863961615],[74.62425541567683,31.511733093675712],[74.62815233984944,31.51552491369918],[74.62889201868191,31.518867715117196],[74.62629159368453,31.522698043696636],[74.62642306013204,31.525149384104356],[74.63756263750807,31.531501792888612],[74.63919400394434,31.532739270498492],[74.6403660165782,31.53526783554644],[74.64551492208251,31.537060887924127],[74.64854436939031,31.53917339180354],[74.64925040900584,31.540403767871815],[74.65142706301636,31.53876107440328],[74.65338179492088,31.538761237966533],[74.66063839068549,31.537180384508073],[74.66219102069962,31.5363360892398],[74.6646151173435,31.533175745154377],[74.66850287664873,31.532937527498852],[74.66900159846944,31.537864930835966],[74.6705552006219,31.54038382450868],[74.67264955811069,31.539759897583433],[74.67483708972804,31.54188429331549],[74.6758070814582,31.548361337704673],[74.67887405610558,31.548513960652727],[74.68001561569501,31.55016910705087],[74.68651930154086,31.548808633701434],[74.68936250844428,31.547640795814434],[74.69394062043729,31.54463672953752],[74.69464846881577,31.543457951906504],[74.6966922305226,31.543039278936284],[74.69653255907122,31.54126338039241],[74.6983808174758,31.539161963913603],[74.70019513737827,31.540902902391682],[74.70265392499287,31.541402286906663],[74.70690426319541,31.53940851880494],[74.71088044137235,31.543707909690347],[74.7115829401006,31.55034532781536],[74.71507373256314,31.55285550206136],[74.71734271997859,31.550545035024964],[74.71977206070822,31.554128284000246],[74.72275909467115,31.55468660596146],[74.72290707398257,31.55681732564777],[74.72692429939656,31.55863174978059],[74.72792541369049,31.562472166103404],[74.72957523259176,31.56338304968065],[74.73785272160607,31.565169494682035],[74.74105796283752,31.563235206611974],[74.74342703852604,31.560742082225467],[74.74619819639217,31.559310996749353],[74.75389405275982,31.558350592461302],[74.75479299263377,31.560173482294267],[74.75087540413116,31.56056671956781],[74.75100288558784,31.56240545997726],[74.75290345609518,31.565791339732773],[74.7564151988648,31.56321257878217],[74.76303725251178,31.562409253995],[74.76627463747467,31.56128544147584],[74.77019630461976,31.5615333788838],[74.77325412824736,31.559533118881298],[74.7737934862418,31.5615223156989],[74.77955700994225,31.564720345010176],[74.7810945881283,31.566131441885158],[74.78491321649177,31.562053795361276],[74.78634203563256,31.564139908709382],[74.79093039323332,31.569385208959925],[74.79374018361491,31.571053815220687],[74.79835223291425,31.56894764148316],[74.79757118183048,31.56618608590309],[74.79868784358709,31.56239831080996],[74.80353797260659,31.559599809235422],[74.80472161001778,31.558256088737714],[74.80603311611061,31.558473666188057],[74.80886319823476,31.55662922283197],[74.81184250648235,31.557086770776728],[74.81107329748872,31.55815666371201],[74.81300617353298,31.55870109437506],[74.81321259461093,31.559809739414426],[74.81891908458066,31.556565251287676],[74.81721824011781,31.554165496632738],[74.81946123549193,31.553352050366392],[74.81842912867063,31.54814720975889],[74.81710246467934,31.544423845509236],[74.82043500855688,31.54160036213452],[74.8212849289703,31.538901559556585],[74.8238264786279,31.53652903122979],[74.82824909350288,31.538803861017527],[74.83066212741828,31.53898637950653],[74.8398877345758,31.53573608795272],[74.8415776559236,31.534697954642432],[74.84380499895902,31.53123203260794],[74.84819222842167,31.53085361069179],[74.85375051704987,31.533366440621656],[74.85593122436875,31.534766224269003],[74.86151394289071,31.535290276847984],[74.86542618303822,31.53603121806712],[74.86713574203668,31.538614465044446],[74.87221627328955,31.536971455755246],[74.87570099135414,31.53724515017608],[74.87882209322457,31.538225314761466],[74.8791451131963,31.54351630406024],[74.87977353701508,31.545638825481323],[74.88571121673375,31.550776514836308],[74.88902881128868,31.55441788953221],[74.89293915089699,31.554391425072087],[74.89899874146606,31.55282408800423],[74.89743334996068,31.548614737257523],[74.89780310115081,31.5471695497857],[74.89731826542793,31.540066184738006],[74.89809117305934,31.537379358311814],[74.89711681724042,31.5351737438388],[74.89757108722837,31.532165029201096],[74.89704447037244,31.52993212799939],[74.90096808693704,31.52417887250051],[74.90224181907814,31.52334465794395],[74.9054329975285,31.524782660506645],[74.90678209415293,31.524685504564847],[74.91585586327469,31.52759065966793],[74.91961527476235,31.526688324876403],[74.92738508341925,31.525448248751697],[74.93456860145903,31.523861033141017],[74.93738421464651,31.523536557005716],[74.94074236005459,31.521223957856613],[74.94002301045914,31.518646699959834],[74.94072683318285,31.51082150496665],[74.93822872703007,31.50942085137529],[74.94656554846955,31.504233170199356],[74.9509240116475,31.49981983868288],[74.95092804986295,31.4978376112084],[74.95259715615141,31.49680321202963],[74.95456944838797,31.497516122932154],[74.95676234844103,31.496550949301113],[74.96336976495925,31.50694368019509],[74.96080148821419,31.508280962928488],[74.96503111319663,31.514119580382008],[74.97175531329628,31.51185214956021],[74.97366202854715,31.511634556361578],[74.97548736056213,31.512791930086028],[74.97724057116585,31.512740487529715],[74.97776962725014,31.51413619400692],[74.97722068826373,31.516697376578545],[74.97304543496686,31.51849180637127],[74.977366779405,31.523171246620723],[74.97943615863757,31.524031915059382],[74.9819900239465,31.52680652408001],[74.98405542535755,31.526373089248203],[74.98499100053903,31.522714879256],[74.98620529580062,31.520274193505795],[74.98825033214443,31.521059566034094],[74.98981845442208,31.518569965313677],[74.98748614034312,31.51813001824682],[74.98711913329443,31.51594599231906],[74.99167923228458,31.507881026998348],[74.99032146085403,31.506867850415325],[74.99107555344803,31.505198622445008],[74.99364998620787,31.504438789589454],[74.99539345314612,31.506001482903752],[74.99636058833863,31.508007467361622],[74.99666057314002,31.511099913384008],[75.00001039021396,31.512823713070727],[75.0006356527923,31.514936015895294],[75.00225542063448,31.517061387387464],[75.00528353745439,31.519268566244886],[75.0061858081425,31.52115103891775],[75.00492082900364,31.521810533097675],[75.00689301180266,31.524546412999353],[75.00897841748385,31.525429215017414],[75.0120817408012,31.523980556613868],[75.01834190484955,31.52350625783561],[75.02022385235156,31.525415634455772],[75.02208507625173,31.52520604982005],[75.02304585967808,31.527403430891226],[75.02901148922433,31.526198899421924],[75.0334912759587,31.52735848579207],[75.03380898384168,31.526397815113864],[75.0358473512745,31.527172687499267],[75.03712249607003,31.52533480279348],[75.03866402247546,31.52523537385431],[75.03929226945226,31.523755750223415],[75.04157407634496,31.525253748418702],[75.04423512427287,31.521743262407867],[75.04538527226106,31.518248327468058],[75.04825971433016,31.51696584548289],[75.05437758478278,31.520359812017485],[75.05806265374883,31.521477355071386],[75.06045436404007,31.523348030702344],[75.06334956346195,31.52453486006347],[75.0665533910914,31.52502823192998],[75.06984883950823,31.527361668594942],[75.07049507297151,31.528788808221904],[75.07652292779788,31.524228623327957],[75.08161400280477,31.521527828886384],[75.08481916293606,31.521360558664494],[75.08746588723028,31.52034802954865],[75.0951034589054,31.522355813838256],[75.10242759713312,31.522339846551464],[75.10471028661024,31.523316703118397],[75.10699439586688,31.52140882282854],[75.10816235574738,31.519133437867847],[75.10930679491909,31.515170392431234],[75.10934597353716,31.51297987642638],[75.11053422498124,31.511395874333942],[75.11439776408821,31.510016386197574],[75.11446074984097,31.508345241704664],[75.11677833917759,31.50467818102349],[75.12182028472574,31.499716830405575],[75.1219047918347,31.496373500750188],[75.12459294379714,31.495246782155746],[75.1276895138072,31.49993598882607],[75.13088928839613,31.504017287072106],[75.13799387667606,31.508335066875773],[75.13968340521521,31.50838046094546],[75.14736765978613,31.505918800672088],[75.1535493214276,31.50790911809282],[75.15558021448999,31.508135472155587],[75.15673205620016,31.5096858751184],[75.16158621390633,31.51100149447913],[75.16457008163671,31.514134399492036],[75.16513382380863,31.51620565426022],[75.16753261103027,31.515905250613827],[75.16783951043854,31.524415406517672],[75.1726050995077,31.5255505002903],[75.17831872051518,31.529608475453163],[75.18122299579053,31.527925764463046],[75.18761309859983,31.522612090367097],[75.19020964784836,31.521498137188406],[75.1908081350682,31.5196143184288],[75.18738152364959,31.51823646581703],[75.18947951348208,31.51530177528781],[75.18689212776832,31.513604021703628],[75.18584204343684,31.510099268732784],[75.18307000805056,31.509741618717563],[75.18443616042669,31.50711295452326],[75.18721659880484,31.50488728135169],[75.18903747972375,31.504324213586962],[75.19459222959078,31.500494487511705],[75.1954186163841,31.500466551186758],[75.19889171485215,31.503935748056907],[75.20204989014412,31.503821899325896],[75.20264719649042,31.501876810626527],[75.20538729298893,31.498686047566526],[75.20710708669415,31.498996526749497],[75.2079233651691,31.497190223638153],[75.2098970443798,31.49801990467072],[75.21310345254736,31.49641383969411],[75.21416257838372,31.4944593070576],[75.21715953888364,31.494098947032313],[75.21855778446702,31.492600785319045],[75.22539238898709,31.49132135158931],[75.22841348765192,31.491388068436496],[75.22980382123855,31.496345241441034],[75.23422703436924,31.49924505996808],[75.23706198673052,31.49800854193614],[75.24061911944446,31.498252561693636],[75.24381424841114,31.499990601286132],[75.24898794284863,31.501372103573058],[75.2505125846654,31.502460135873285],[75.26151863449948,31.49982090095666],[75.29048344238365,31.491231448076814]]]]}},{"type":"Feature","properties":{"id":"03-499","name":"Fazilka","source_name":"Fazilka","state_id":"03","source_agency":"Survey of India (SOI)","district_code":"651"},"geometry":{"type":"MultiPolygon","coordinates":[[[[74.47912163828596,30.755714882224076],[74.47250251213494,30.751491623640668],[74.46912187751111,30.74690011368148],[74.46879606645788,30.745151623444],[74.46999276802502,30.737280058003982],[74.47005603826811,30.734766775817704],[74.47131325313742,30.73093446926358],[74.47262457871622,30.724937951306547],[74.47404152378478,30.71437842316472],[74.47377245863423,30.708315390022943],[74.47275695882188,30.699138990958264],[74.47361251406576,30.694926558995405],[74.47550227380762,30.692026816235977],[74.4771453105137,30.688345788977156],[74.47780411651776,30.68525729032351],[74.47866189754303,30.678228024699276],[74.48020353813034,30.67303093856264],[74.48756832961206,30.670722155699405],[74.49317280229467,30.669651764884154],[74.50454446460871,30.6688722201068],[74.50166721680715,30.665085763871883],[74.49703398917039,30.66307930277301],[74.4933392382706,30.66265392554467],[74.48767820804245,30.66417939438736],[74.48335476905869,30.66400132581469],[74.47953387437524,30.65969617157339],[74.47637228633663,30.65523374712036],[74.47556698688658,30.65294097088717],[74.47583011978973,30.6477703720885],[74.47722328634697,30.64575198734267],[74.48289962794382,30.639694758731064],[74.48768011288082,30.636944980214395],[74.49013691523851,30.636431937223794],[74.4939519246682,30.637258782122434],[74.4922951773742,30.636038330567267],[74.48873695472123,30.634626223943165],[74.48493503745883,30.632080173236634],[74.48258322989732,30.631042602666724],[74.47414001911979,30.628969440268424],[74.47204614019218,30.627008262529344],[74.46682557627739,30.624767128328333],[74.45801261408127,30.62044839669985],[74.46418530127403,30.61557777725594],[74.46180409454277,30.60836340502057],[74.45767992800855,30.612883136267996],[74.45524585532698,30.614230074823002],[74.455200113542,30.61509557790225],[74.45154095629297,30.6192962565745],[74.44962975479501,30.62001149347918],[74.44706291553287,30.62445088957739],[74.44408298801976,30.62462969958398],[74.44336807370945,30.625629540706086],[74.44029363857358,30.626171037041658],[74.43639854255026,30.623615906364936],[74.43276152840816,30.622308454553675],[74.4307180781357,30.620721135132467],[74.42922369168711,30.618537329788218],[74.42727964173554,30.6170195698987],[74.42439091439394,30.616020161522037],[74.42438249378536,30.615118254986843],[74.42138745533879,30.61365628384255],[74.41859697333058,30.611008642633397],[74.41553540959978,30.610946909306758],[74.41375971338155,30.6122650726988],[74.41419567579844,30.60951062727808],[74.41523796051523,30.609568967007576],[74.41752487173437,30.606949850775955],[74.41769703952454,30.60507069441752],[74.4193224343961,30.60425886760046],[74.41988664265808,30.601810257502866],[74.41950240644134,30.597098927468114],[74.41464566403654,30.597676375547486],[74.41464426502763,30.598267171488864],[74.40439623504462,30.598206739928887],[74.40136883540255,30.597194964675648],[74.3927461415188,30.595803260437762],[74.39142907199172,30.59481122321635],[74.38625570381487,30.593138896157186],[74.38440223918225,30.590633640451664],[74.37806169062752,30.59054561201327],[74.37799269112556,30.589803084491322],[74.3731538463103,30.589894150816573],[74.37311247949444,30.588845384921044],[74.36874359777357,30.588421452386395],[74.36795292182423,30.585424453326404],[74.36679771949655,30.583771173861944],[74.36824593300798,30.58386042724668],[74.36796855029127,30.579461048949984],[74.36899531284791,30.579479013828607],[74.36905776805477,30.576791738085845],[74.37025521130232,30.57691939994729],[74.37136351266633,30.57213970316074],[74.37278849235213,30.571520631162837],[74.37419143065867,30.567848322354926],[74.37488466804092,30.567845304712925],[74.37476014710936,30.564628833694556],[74.37542718486299,30.56464356535128],[74.37536917528756,30.56154040035822],[74.3760777114405,30.5615600406285],[74.37607864577792,30.558763987853386],[74.37739847097733,30.557756200318618],[74.37977754167787,30.557533101040068],[74.37906805304814,30.555149848648107],[74.3774451236645,30.554093468866604],[74.37740717026355,30.55271829391315],[74.37567306426392,30.551485480984365],[74.37498530711555,30.548720407399937],[74.38054426535003,30.548394000649946],[74.38819557132483,30.546010707927284],[74.39049545025172,30.54447887627792],[74.39084178632262,30.54197441438156],[74.39324640289665,30.53992034349128],[74.39476045904263,30.539662642228684],[74.39581322126172,30.53780450245805],[74.4010719560051,30.535391101973644],[74.39878635209827,30.5268486352304],[74.39482857690224,30.52812273091248],[74.38742118102373,30.524790182712728],[74.38261970248556,30.520951838952634],[74.37625557530288,30.514872185405157],[74.37300471142977,30.512538900685215],[74.37716842420546,30.50977947557256],[74.38026687817441,30.50395696442847],[74.3830588162063,30.49991293382377],[74.37882470698362,30.49580214868223],[74.37776384299916,30.492390349860752],[74.377148581114,30.487460431277828],[74.3765185430638,30.485637584974892],[74.37487910110882,30.484184757786903],[74.36396450880531,30.480500481110724],[74.35609877505823,30.480684285060796],[74.35039418576328,30.4822035746345],[74.34620756171421,30.484276147259482],[74.34685354893297,30.475078436384763],[74.34634097177121,30.470401828309477],[74.34389538255527,30.463564407096367],[74.33762668647802,30.45528440685277],[74.33255182165611,30.450368600861605],[74.32813041347131,30.445701968718886],[74.32498027901607,30.445317388551878],[74.31603602450666,30.446233265628692],[74.3145264911071,30.44664793542379],[74.30632356271504,30.44609066184019],[74.30502554440812,30.444217517396577],[74.29747782051538,30.440237066676623],[74.29017369485952,30.436074781031156],[74.28727351317991,30.43530376217258],[74.2783320076809,30.4303995134982],[74.27455598043748,30.431214216078267],[74.27130867562846,30.42783976437638],[74.26681293316967,30.42814459613737],[74.2526871166914,30.426887590902897],[74.24917677602798,30.427065947143287],[74.24500406107363,30.428162440318292],[74.2440510780629,30.427498231849206],[74.24917297245788,30.425329684601355],[74.25822122917705,30.42267861543901],[74.26324191802017,30.42199120928578],[74.27450475859884,30.42115025168562],[74.2801970635012,30.4195935327662],[74.29254128473201,30.41415897041829],[74.29476873736945,30.414154672368475],[74.29971699680046,30.412699505433206],[74.30599376637296,30.4116195401972],[74.30926729278269,30.41160431023258],[74.31698392172889,30.409956169828703],[74.32832660701996,30.409242117570244],[74.33587628579278,30.40846169611991],[74.35129456078954,30.40540976928066],[74.35763222347926,30.402759378182644],[74.35842680804738,30.395731009350083],[74.3574821778701,30.38929293979603],[74.3533063298952,30.38233601778336],[74.34171447059573,30.38600512112002],[74.31653219523385,30.389143879428776],[74.31481794875297,30.387202638475518],[74.31247994815628,30.383054961802078],[74.30896858454771,30.374545841227384],[74.30779220958347,30.370213490608442],[74.31004554574673,30.36025382146815],[74.31751377926665,30.35642958013264],[74.31882770400634,30.35442553521146],[74.32108971483791,30.345782590112833],[74.32115322677458,30.340484094383083],[74.32176299390788,30.3347170287459],[74.32264918157115,30.331062941350286],[74.32544147660398,30.329586975098984],[74.32064159454708,30.326323124384164],[74.31212051806146,30.319778970324254],[74.3033802729198,30.30891289278259],[74.3033008498574,30.3062411909179],[74.30611022843297,30.30222148515972],[74.30222409314067,30.292456213440566],[74.29872123655633,30.279338611716582],[74.29730677383716,30.274725561827257],[74.29682837111453,30.269210161735995],[74.29752592981764,30.26534367279322],[74.28538028954189,30.273447542492928],[74.28318279143123,30.274649324831977],[74.27900354963418,30.271372382803023],[74.2734247736269,30.266156458243394],[74.27111000621164,30.263433373747784],[74.26831665606588,30.258671785515908],[74.26438955656431,30.253568369260186],[74.26312710049254,30.249906347850242],[74.26381897490202,30.246470937071546],[74.26935729430264,30.243541989117517],[74.27331193505422,30.242199107353468],[74.28643946801581,30.233351086999967],[74.30338695025294,30.24000110729549],[74.31181823569337,30.242603324010695],[74.31589996822453,30.24360532346529],[74.32376976875837,30.24497960628726],[74.32542686190365,30.24499896129979],[74.33542289660778,30.24319847012665],[74.34018227424498,30.243587915811464],[74.3581803017747,30.240701683488314],[74.35610524410907,30.232376288502508],[74.35268752371313,30.21399099150469],[74.34923321889237,30.208237634391082],[74.34480665470855,30.19918908261318],[74.34755082373951,30.19350689100599],[74.3479932515315,30.191868994465317],[74.34493143859116,30.18287757671018],[74.3426117832034,30.178039347721352],[74.34095703839691,30.17348322681634],[74.33655248006642,30.165267748176596],[74.33586968112789,30.163394129953023],[74.34538180407307,30.159527786057353],[74.35998365533311,30.154973964503373],[74.37466447090381,30.15341387365984],[74.37428280894925,30.146338871950572],[74.37865366840714,30.136625619052754],[74.38042175287435,30.132157777075125],[74.38174119641198,30.130193599831458],[74.38886070571553,30.124174484719312],[74.39464893014811,30.11880219621294],[74.399974551107,30.11654768001574],[74.39976233759891,30.112941476979127],[74.40070159077135,30.111055114742143],[74.40492796536739,30.105579104503082],[74.41283348839805,30.09760339373637],[74.40826419182818,30.095630612235635],[74.40286307677675,30.102301151222285],[74.40160514673964,30.10300321592238],[74.3965026582512,30.108404104422913],[74.39343770632833,30.10969079227908],[74.39082900307568,30.11007924964056],[74.38808093574006,30.111323347182264],[74.38364341399068,30.111935129384452],[74.37683553442824,30.11017685098981],[74.37183416757865,30.107660707013718],[74.37330610957414,30.104824819129863],[74.36995341092323,30.09627209743274],[74.36572800815338,30.087164757361926],[74.3805674357214,30.07917053610675],[74.38908888452526,30.074406778875314],[74.38744303001522,30.071769708123234],[74.38706789030762,30.069745583357374],[74.38831798684234,30.066199174367775],[74.3910018936354,30.06249506353644],[74.39387744409282,30.059447901246042],[74.3956088234692,30.05831309442008],[74.39284018005414,30.056764774671393],[74.39474044427361,30.0544450490411],[74.40312487260444,30.045638699913887],[74.40614247810238,30.043742520906832],[74.41342779928578,30.037001618961902],[74.41415793134358,30.035659144100887],[74.41444373826127,30.03226537259543],[74.41371357486769,30.028863247914927],[74.40580620872545,30.02856770254427],[74.40881990755896,30.027925271103264],[74.41221499783552,30.026523658104352],[74.42335413462398,30.026119077613746],[74.430405270182,30.0269568230136],[74.43599735076602,30.02804844374746],[74.45061813364887,30.029784959431503],[74.45148443241546,30.029724200210744],[74.45440870259199,30.026211481370662],[74.45804273305683,30.019249547235678],[74.46114946321619,30.014087409425546],[74.4626041062508,30.008885440254435],[74.4599022187043,30.006450885829757],[74.45277089889385,30.004969211189042],[74.44222252131367,30.003180074958845],[74.42876721832845,29.999941266863004],[74.42216171338671,29.99771531842222],[74.42750425121949,29.979058033046297],[74.43086783534956,29.97025444011805],[74.43291829306696,29.965995464883438],[74.43697519908706,29.962054800741623],[74.44492147684788,29.95178576298751],[74.44810460732754,29.94709807392379],[74.41876821452948,29.948535006509008],[74.38383813587534,29.95033730541944],[74.35123593636256,29.952305928763842],[74.31776173507261,29.954215208484445],[74.30163593810752,29.95522040064392],[74.29191729312583,29.955638847135845],[74.27184423231027,29.95674332677118],[74.26330225013508,29.9571062177069],[74.24929947990312,29.95814610975662],[74.21625992800278,29.960314159275093],[74.19851420358437,29.96139430157513],[74.17811999376546,29.96285666308648],[74.16913341880841,29.963189145973494],[74.16262219905452,29.963723518729832],[74.14180815477836,29.96503144289457],[74.10169448266592,29.96711460447033],[74.04792209439104,29.969015782031303],[74.02337600929621,29.969761520830648],[74.01171657654213,29.970009122496947],[73.99623065740337,29.9706276064432],[73.9637646802263,29.971524207342313],[73.9473166630964,29.97221098623621],[73.9099798052095,29.973516256957666],[73.89555161082053,29.974155416310193],[73.8961200034843,29.978716925088385],[73.8948644737076,29.983366100678722],[73.8872286753977,29.99448563247023],[73.88616239143548,29.997231705460404],[73.88657698780843,30.00513466115442],[73.88627544381995,30.01210744754215],[73.89376320106699,30.02239106789616],[73.89618513024152,30.028705439987007],[73.90134694578921,30.043805703345633],[73.90402903618643,30.05008376289755],[73.91097220238964,30.054549547985253],[73.91602990424185,30.058091168736617],[73.9298853790257,30.068595590512217],[73.93434910513609,30.075160937160412],[73.9364673071081,30.07892161335811],[73.94379723123883,30.08884100070043],[73.9494146064527,30.095937385256086],[73.95217013660998,30.104068224311867],[73.9676172049067,30.118965345363844],[73.97277548709235,30.120125253259143],[73.97512159340666,30.120094715392355],[73.97325019023147,30.122772486289392],[73.97073269504386,30.125143764358032],[73.96944597381902,30.13249979116489],[73.96800365161238,30.143727282439553],[73.96823550621914,30.16392027408837],[73.96818811178274,30.168492669985934],[73.97204610192564,30.175076376602377],[73.97379833475256,30.183008800961957],[73.97419363689869,30.18881341567178],[73.97388521855447,30.19196637647124],[73.9726253118955,30.19810013494013],[73.97235229345169,30.20094572112925],[73.97036021995528,30.21030994251565],[73.96968195668096,30.216680982411905],[73.96786885415747,30.224895912487533],[73.96726934074961,30.23526818605059],[73.96529993577089,30.242920432646258],[73.9642275332303,30.248484770785403],[73.96432893603361,30.25415392944899],[73.96393795826278,30.257218267399207],[73.9623264294655,30.263475782575576],[73.96094674801046,30.26630072757133],[73.95977432144568,30.270177704926507],[73.95651476788456,30.276092462367462],[73.94618198881312,30.29074194782374],[73.93997345179466,30.30053833722456],[73.93896124583084,30.30369296863404],[73.9369513286452,30.306397234614735],[73.93420910314448,30.31329674578478],[73.93086710866116,30.320068465531097],[73.92449211956843,30.325390900316737],[73.91451160994029,30.334946862951035],[73.91357183749082,30.336800808743305],[73.90260753142297,30.34911879413032],[73.89421700163453,30.35355934211351],[73.88805313178483,30.35633382154383],[73.8836126364713,30.3578002688817],[73.87977595891277,30.359722015671128],[73.88286271918864,30.365628823272402],[73.8850704276021,30.3665303435163],[73.89044201768974,30.36983864457861],[73.89206010522987,30.369191192222452],[73.89265311023509,30.370245463734282],[73.90426330659342,30.375216870726188],[73.91411320155382,30.383486536925655],[73.91624128637675,30.38561005388618],[73.91833774477476,30.39294529588607],[73.9195710645652,30.395625605032084],[73.92221416359904,30.398091574441526],[73.92563768929452,30.39955781766472],[73.93153862351618,30.400151500338296],[73.93556910806237,30.401463023560282],[73.93961523009493,30.404816111255844],[73.9466327479796,30.41499218043698],[73.95049972567386,30.41807861630315],[73.95449538617113,30.42016477696031],[73.96017930722519,30.42223170432021],[73.96461708091506,30.424520161510525],[73.96627818586288,30.43258139972021],[73.97381408689789,30.44388942294009],[73.97191695795297,30.44410163407124],[73.97079232078505,30.441920313392995],[73.96772858853114,30.440082167217962],[73.96010368515005,30.440870389421704],[73.9496696534276,30.43702557520738],[73.9368404211064,30.436453721597832],[73.92625874024591,30.43893027911258],[73.93729810182533,30.445069330560766],[73.93754163062383,30.452231291112824],[73.93155438479315,30.46011231312343],[73.92774958533586,30.46590093749111],[73.93174133532678,30.4672147689647],[73.93104327940576,30.47619950410556],[73.93288894652204,30.484999305122813],[73.93452859590572,30.490234536216338],[73.94345552881029,30.4851442323067],[73.94771835747902,30.483895597002263],[73.94669801670038,30.474016370486748],[73.94584544756513,30.46827142617444],[73.9475323437635,30.468268697030812],[73.94700396750089,30.463826841283705],[73.95012680223702,30.460084125026366],[73.95406305541734,30.458234190750442],[73.9641386756919,30.456484901790617],[73.96502465048455,30.462455701865732],[73.96758194286217,30.468538994755583],[73.96970898102937,30.475278235743545],[73.96962095723957,30.478304274277605],[73.96365797877208,30.48485221992969],[73.97594368819006,30.494120214016363],[73.98205783490937,30.504082249321947],[73.99268860654875,30.514263729065213],[74.01998642311823,30.514170305993396],[74.01108219102534,30.52110032303326],[74.01207753318887,30.53355741404986],[74.02384242853843,30.526069307782855],[74.03101548294117,30.526930571090222],[74.03796015353741,30.531651604217885],[74.03922041897843,30.542617387371624],[74.0477794702665,30.539584818182323],[74.05001097005547,30.537159983791124],[74.05172104486023,30.53184121943025],[74.05156623495557,30.527679543521387],[74.05364236513854,30.523254464340376],[74.05731776267405,30.51868809769094],[74.05897892205743,30.51846009610386],[74.06353042915521,30.519233354816116],[74.06717171598689,30.52080555628047],[74.07148285330331,30.523563640289577],[74.07228966729366,30.52291657311332],[74.07855990684111,30.530938229811834],[74.08135376680245,30.53347300517313],[74.08273545911473,30.536462652831165],[74.08907806265837,30.54597040277687],[74.09091418149872,30.549397147531653],[74.08733270635501,30.54943850845261],[74.07999460977082,30.548470158370257],[74.07342036272571,30.55467685227876],[74.10212837958345,30.57923192723866],[74.09803008617604,30.584219933572093],[74.0965667391048,30.587242515089798],[74.09872193269464,30.59058955798528],[74.09531032509703,30.601201092465455],[74.10142312451217,30.603305608860268],[74.10259866978119,30.60705489200612],[74.10195143166796,30.61109843984609],[74.09607696712727,30.611603798575647],[74.10507780505415,30.619240363232603],[74.117975032312,30.607934835264334],[74.12126274657315,30.622482021925396],[74.12686070083683,30.62413583047673],[74.12861192785327,30.632323666038324],[74.1273823123236,30.63478192430383],[74.13770042568652,30.627481742804754],[74.13946266464944,30.62832934497487],[74.14910843837322,30.63166186031433],[74.15323908005135,30.63510777955112],[74.15608207265758,30.640757927366725],[74.15854685837708,30.640904560374082],[74.16319688746606,30.64643136038145],[74.16335629358218,30.648417487721225],[74.16936012343815,30.648728660478984],[74.17249499786192,30.65189964567393],[74.17731711150235,30.655143462941115],[74.17917115150763,30.658365078559502],[74.18176490665091,30.661456434782725],[74.18776825296662,30.663672349600336],[74.19338540378192,30.665204321551382],[74.19749242161578,30.669012345392165],[74.19796572915293,30.670787540347426],[74.20329694457836,30.675160699835292],[74.20532880468812,30.676070007766228],[74.20916869959508,30.68120205251016],[74.2090332222989,30.682445660727723],[74.21205632575801,30.68776234711431],[74.21918677931043,30.693563268469347],[74.21973522916875,30.696046403223104],[74.22135433471858,30.69876855937531],[74.22181815327528,30.701914107408957],[74.22317187259493,30.70684713108705],[74.22327815449448,30.709342453943254],[74.22532223382089,30.7130892240818],[74.22760777053732,30.712906354683767],[74.2266622546206,30.71658368737334],[74.22733514898201,30.71883451030684],[74.22864362045681,30.719738427954287],[74.22994918571108,30.72213949573475],[74.23264936158627,30.724546458138224],[74.245233409092,30.72295151563877],[74.24540036773803,30.72452324329241],[74.24204447550271,30.725998313027684],[74.24843325553356,30.725965864108847],[74.25292245598732,30.72432775665197],[74.2609018891245,30.72310727080792],[74.26543946786927,30.724909728615135],[74.26700080680999,30.72627613684821],[74.26911916048613,30.730317909638348],[74.26846296678387,30.73439374599695],[74.27120391835501,30.73225608266341],[74.2735933046095,30.734045494609497],[74.27483105951002,30.737115878209345],[74.28151424294681,30.730904771285097],[74.28646893727768,30.735645175383187],[74.28184379052594,30.73967324611599],[74.27447983734582,30.74426522496755],[74.2736909272576,30.75346371979302],[74.26910057609427,30.759394983925215],[74.26509527971398,30.765167576649105],[74.26077374292254,30.76986158292166],[74.25995299398386,30.77259119493731],[74.2613584561117,30.774946548090508],[74.26482648582933,30.777091957415504],[74.26734639697831,30.7768673722683],[74.27440711848512,30.77348542784112],[74.27720669344438,30.77435715755764],[74.2802230455373,30.774071694570324],[74.2833507541079,30.774462687881726],[74.28669263381107,30.775877753114656],[74.28986861916685,30.775193805993336],[74.29463494089491,30.777103475133288],[74.29757554794122,30.777033854333204],[74.30048907124369,30.779442774411052],[74.30196721582115,30.779368810279834],[74.30340069663174,30.78151533702049],[74.30679881962311,30.789218456718764],[74.30129925335547,30.78975264992821],[74.29828751280641,30.79368901024559],[74.29487555168467,30.794506992974398],[74.29673112745232,30.79682669918993],[74.29672667489821,30.799756402799346],[74.29940641587368,30.804577194979917],[74.30147171315527,30.803837522035366],[74.30736926049084,30.80104482367273],[74.32163147344507,30.796469551591322],[74.32394096935965,30.799031617265193],[74.32977580484398,30.797477665653606],[74.32844534503877,30.7947342806822],[74.33817271560541,30.800231733446555],[74.33957911936763,30.80378571502257],[74.33913523835375,30.805159269517485],[74.3412934306722,30.803737869345323],[74.34123449688533,30.801248087516637],[74.3420655954554,30.801219417282137],[74.34281050080902,30.79792057177685],[74.3441918191456,30.7973196494947],[74.34388018521076,30.79410150296479],[74.34824355536509,30.7918359710525],[74.35369066865596,30.79177600930682],[74.35363166026586,30.789926541338847],[74.35951051804268,30.78979344280552],[74.36244412053352,30.789106717409037],[74.36421311537399,30.790978730328188],[74.37246861412487,30.790966484856074],[74.3737223644895,30.791423813791944],[74.37535601503457,30.793683434666043],[74.37531002166514,30.795107001962958],[74.37689474263406,30.796851250937124],[74.37813287016733,30.80085909137561],[74.37997023341379,30.801385481546575],[74.38436546571093,30.801288018960975],[74.38693591471115,30.80175654018983],[74.39549648442436,30.801563733213897],[74.39636018316487,30.79959133266591],[74.39906636673558,30.79961433657708],[74.39908590880093,30.797905345439716],[74.40182886339501,30.797906067934207],[74.40250806629676,30.795138452547942],[74.40384597531416,30.79510016511368],[74.40548462073455,30.793418351005432],[74.40549955948462,30.79163714790402],[74.4071139184055,30.79163729285953],[74.40695839061937,30.790143291371002],[74.40839099327738,30.78957814036552],[74.41201185808563,30.789540877141246],[74.41356087529229,30.788372356465537],[74.41580205600268,30.788368562130234],[74.41752873707311,30.785794457589002],[74.41887760107882,30.785701945713004],[74.41878622801488,30.784059679298704],[74.42021891281243,30.783002827532933],[74.42438975574659,30.78234305185042],[74.4292395081672,30.778852104552634],[74.42999062336023,30.776589941935903],[74.43341943600542,30.777037746673983],[74.43561760889145,30.77973357858404],[74.43938055311774,30.780423112607092],[74.44262593665738,30.783255457298743],[74.44332567427989,30.786692820215496],[74.44550819891246,30.786786954411326],[74.44796242864246,30.78304133130563],[74.449515483664,30.779531894375268],[74.45247415983081,30.77644867079864],[74.45828616110798,30.772247409362368],[74.45954962887201,30.77083699422007],[74.45940160642168,30.769104086089737],[74.46735933085398,30.76878429425604],[74.47224691982821,30.76644206924047],[74.47507385146038,30.765824028046694],[74.47505585839876,30.76505272704894],[74.47791240598505,30.764592684113065],[74.477892301664,30.75957777920546],[74.47917225206918,30.759542776445276],[74.47912163828596,30.755714882224076]]]]}},{"type":"Feature","properties":{"id":"03-500","name":"Pathankot","source_name":"Pathankot","state_id":"03","source_agency":"Survey of India (SOI)","district_code":"662"},"geometry":{"type":"MultiPolygon","coordinates":[[[[75.9340705477232,32.3921947242102],[75.93243410612858,32.39157169872959],[75.93028182054118,32.39408220548781],[75.92789388117205,32.39377886307265],[75.92523385246984,32.391647312479904],[75.92295948353357,32.39135232699114],[75.92221636164372,32.3922657579056],[75.92274952589428,32.39485356466072],[75.92171037157641,32.39653004043437],[75.9185637031125,32.39546649675177],[75.91555946362162,32.39699007741106],[75.911420631012,32.39415910519166],[75.90781039539037,32.39399745573369],[75.90474990130599,32.39514943073788],[75.90127112044786,32.39353393984225],[75.89823928050639,32.39392436234154],[75.89377879351989,32.393254922592895],[75.88938843975887,32.394308455752544],[75.8871861764056,32.39609852927638],[75.88132689688604,32.39627844139021],[75.87422233443779,32.39577672559121],[75.87073164805189,32.39366596547157],[75.86961956675367,32.39212419728515],[75.86412538747827,32.38835947287025],[75.85654813826933,32.384754491807264],[75.85289612878343,32.380006711896385],[75.84739511379816,32.37385433471178],[75.84657886411308,32.37227812313761],[75.84780213616655,32.36913341489461],[75.84662983551951,32.36651722972504],[75.84565401060689,32.362613026289786],[75.84534728173514,32.35738691262272],[75.84417030314374,32.35584308540051],[75.84122198121398,32.35565992526387],[75.83729630089312,32.35700478958125],[75.83433049578257,32.356894972203854],[75.83199011901182,32.35535251783009],[75.82959894290097,32.352018684035485],[75.82703256760205,32.35052907021444],[75.82049302274548,32.34886785116753],[75.8127254659231,32.34881420779529],[75.81122819708817,32.34855261518284],[75.8079384319681,32.341813520951],[75.81020279360418,32.33835187979406],[75.81349387057415,32.33584211082338],[75.81516423314851,32.33036054022222],[75.80477216229232,32.32895977631017],[75.80222403060273,32.32818277160667],[75.7978171674302,32.324627351828624],[75.7926206183905,32.319731612466654],[75.78939479966103,32.31519860842103],[75.78267254785771,32.31032021186727],[75.77879325215001,32.30465311914201],[75.77590830942272,32.29800659534394],[75.77458468480587,32.2960527097978],[75.77300006170537,32.29026779395123],[75.7668628875954,32.286582494059495],[75.75249732456751,32.28043907673352],[75.74915677685412,32.278624645443145],[75.74482467779639,32.27690745373604],[75.74037402934788,32.27581182317244],[75.72468363012244,32.27378398269106],[75.71334460437633,32.27263724270151],[75.70355470077665,32.26781177191004],[75.6978609874631,32.265838628058034],[75.68421097763435,32.261800866885544],[75.679656014685,32.259240162962065],[75.67172528475672,32.25624024277805],[75.66956539717461,32.25566976242462],[75.6668714007593,32.25397086049078],[75.66135773546313,32.25296957202973],[75.65710869259077,32.25121216102503],[75.65508870284026,32.25102184435286],[75.65109713517226,32.25167710886665],[75.6434637377706,32.25236443114677],[75.63976350582656,32.25229884082158],[75.63722722700217,32.25111107776374],[75.6360830350806,32.24800413202074],[75.63296890933529,32.244928029593915],[75.62918443042726,32.24255741142154],[75.62083390730403,32.238669916914176],[75.6178195643569,32.236608582565246],[75.61960535796268,32.234618707093354],[75.62648127024781,32.23233577506156],[75.62878585636291,32.23194054526051],[75.63622973487564,32.23155628286785],[75.63710216676652,32.230924163355596],[75.63777899511307,32.2281765465066],[75.63763315262315,32.22403385893715],[75.63869487759762,32.221271468590764],[75.63730685302869,32.21857249975576],[75.63183346659996,32.21587729834051],[75.62650496687084,32.2155089833882],[75.62528822302954,32.20895287282675],[75.62732426067207,32.2067487845344],[75.6267609916304,32.19991921880991],[75.62437875000005,32.194651847684284],[75.62461637597887,32.18999419368528],[75.63126183980052,32.18932137960667],[75.63277796731344,32.18666039391626],[75.63763592065081,32.187483827985815],[75.63735471194757,32.192504029273515],[75.64510005663011,32.192840518566534],[75.6518722735185,32.196917802920694],[75.65503317782294,32.19730705034483],[75.65518658856777,32.19569407579414],[75.65687700367087,32.1955794268265],[75.65788075471468,32.193957321210185],[75.66190799874946,32.19304841330337],[75.66318414361827,32.19159526273454],[75.66311375771691,32.18970228004429],[75.66193005647071,32.18972426950326],[75.6609960252724,32.18756453836406],[75.6597835967556,32.18722850261671],[75.65975370824546,32.18351545560102],[75.65674693009879,32.18345570845493],[75.65899402641276,32.18265394469816],[75.65889797465069,32.17740297206006],[75.66722261659936,32.17760146136005],[75.66609773926116,32.17220583808498],[75.66750862158352,32.171913536168844],[75.66615357847532,32.16433402602199],[75.66440933731639,32.16456974725015],[75.66390120442635,32.16238382996288],[75.67307952925246,32.15876991795673],[75.66962920307225,32.154338904820584],[75.66741973558756,32.14864742479532],[75.66325505720361,32.14176264981947],[75.6612872611372,32.13687768082736],[75.65296644133821,32.13118312865251],[75.64859585915508,32.12941707475304],[75.6436305449869,32.12650997131708],[75.63728807813133,32.12457152980537],[75.62895445158617,32.12118051648199],[75.62550361179657,32.1182052326319],[75.62773147860635,32.11690677589242],[75.6266168800819,32.10693019408828],[75.62533225563395,32.10463381642022],[75.62351875167064,32.1032876068136],[75.62036768461245,32.09787989980436],[75.61694150211044,32.096325018003775],[75.61350504509213,32.093835515651925],[75.6108836878873,32.0931649359636],[75.60553303006921,32.093384066141965],[75.60085915595357,32.09310822073416],[75.6005633548204,32.094589663668394],[75.59783735084433,32.095127060793594],[75.59509012814308,32.104632420661765],[75.5948639570282,32.10968800261607],[75.59419979051657,32.111585565770426],[75.58940857164728,32.10838726894886],[75.58527241959483,32.105095302676574],[75.58250590342107,32.10749310671075],[75.58288069576174,32.11109357421747],[75.5860178269489,32.11846510781422],[75.58869270888273,32.11842701592892],[75.5887601054639,32.12945834078544],[75.58698874207974,32.132154388570335],[75.58737772262052,32.14112853860672],[75.58551371562278,32.141140135637805],[75.58481507502599,32.139560537148796],[75.57923048878475,32.139333240906716],[75.57746646831717,32.137640782908626],[75.56911489789475,32.136928553259736],[75.562366384369,32.13530746480775],[75.55776385139515,32.13521604067569],[75.55590729719509,32.132751883637034],[75.55160099050734,32.13340661878084],[75.55196797711619,32.138226918455814],[75.54941857196361,32.13871395189436],[75.54850732784286,32.14030572909867],[75.54279384606882,32.1406756779612],[75.54346064190989,32.14570916626095],[75.5370107294682,32.14666572218387],[75.52642682229018,32.147386525221094],[75.51989793459028,32.14867069151539],[75.51046946433007,32.14909686130549],[75.50868469950213,32.145394697422915],[75.50580647724578,32.145375629086416],[75.5017158669862,32.14818496016586],[75.50165303296487,32.149214754817635],[75.49751659110045,32.15128852028189],[75.49693097031555,32.1533184155987],[75.48851265164097,32.15353969504752],[75.48694303494273,32.1521156459772],[75.48370550673218,32.152842369607434],[75.4807835364281,32.154516947540294],[75.48302155718605,32.15689808194599],[75.48085963898632,32.15994198052336],[75.47600857000984,32.1597583520823],[75.47516015561949,32.15716938328523],[75.46811948198165,32.1577102594551],[75.46315830173414,32.15486034502946],[75.45793307999752,32.15716750197429],[75.45739637134093,32.154514672788885],[75.45531803388961,32.15188410738692],[75.45203669930959,32.151211998471496],[75.4519041885967,32.15288417806916],[75.44856063304974,32.15328673331575],[75.44792999976873,32.15123470305673],[75.44660661851223,32.15109982690689],[75.4404988698929,32.15305574723553],[75.43941601237148,32.151214576971824],[75.436495431443,32.14896489123421],[75.43441481064687,32.14917669615709],[75.43556927410245,32.15800863468983],[75.43763860919749,32.15803039876663],[75.43778243170827,32.159646784938936],[75.43374034233926,32.16087092050211],[75.43414197659462,32.16469693831883],[75.43905669677109,32.16346784798029],[75.44047516563772,32.16362598085857],[75.44223763156954,32.166887368336184],[75.44009117780288,32.167971308399615],[75.43155865624752,32.16883750433175],[75.43011011623183,32.169250827247964],[75.42539657828584,32.16623878002243],[75.4241986786575,32.164517119436894],[75.42191067608431,32.165739774468584],[75.42061555618726,32.16419170548404],[75.41642509782733,32.16631855959161],[75.4163814066406,32.168294640560646],[75.41468614782643,32.17144922138121],[75.4120320874853,32.17278307905622],[75.41314062899832,32.17727088532904],[75.4060712061512,32.17836782171117],[75.40349762377687,32.17812220782146],[75.40260551013512,32.18146644204158],[75.40353971823372,32.18609780882138],[75.40314668368096,32.18804933840317],[75.39953014324966,32.19078611971639],[75.39622627592448,32.18993326556623],[75.39248146489226,32.18976083862203],[75.3881301984538,32.188425094903124],[75.38539906625184,32.18562901719487],[75.38260050055543,32.18357311144986],[75.37938751198128,32.183358852269855],[75.37834320277356,32.18508833906999],[75.37746507572442,32.190800363465684],[75.37325204509516,32.19191665792579],[75.36805688520789,32.19275668880166],[75.3583659334746,32.19665960029029],[75.35662993646544,32.1977117143602],[75.34767468828986,32.20609784972504],[75.34637192810295,32.20703952659131],[75.3399194016131,32.20674396680635],[75.33735206457875,32.20703725187094],[75.32701824571191,32.21393850325029],[75.33137684453285,32.21957784831595],[75.33670806810686,32.21954565734702],[75.3421292892167,32.217030810198125],[75.34660404015024,32.21783231610519],[75.34961591455959,32.21766174552279],[75.35480584173028,32.21835887309233],[75.3573909118682,32.218062978945],[75.36547440343662,32.21993574859928],[75.36583678036851,32.22392102522522],[75.36865793921973,32.22619291300026],[75.37159758123967,32.224706546294314],[75.3732071424349,32.22885100404426],[75.37240349047548,32.233917339579996],[75.37422130430497,32.24139950791691],[75.3704976140694,32.24246400684703],[75.3709735773448,32.24791634135666],[75.3708381890671,32.25756214524477],[75.37131858371986,32.25955863581974],[75.37434442286335,32.26588679689643],[75.37788069245697,32.26631308298466],[75.380694657968,32.26602582613724],[75.38185508463346,32.26895412036206],[75.37858147538938,32.27030780223453],[75.3781464139982,32.27315458890113],[75.37515808298372,32.27684009006006],[75.37309499954706,32.277649912950466],[75.37314393859288,32.27883488734352],[75.37147503312093,32.27960798978198],[75.36075150254659,32.278848007010176],[75.35177103091165,32.279199706882885],[75.3437103937584,32.27855199082641],[75.34900259950582,32.28697504235671],[75.3502262917204,32.289949793615705],[75.34295475647555,32.29194588036894],[75.33258852283808,32.29442900040951],[75.33016357262815,32.29548870527794],[75.32537821916725,32.29566049163946],[75.32049648762467,32.29738997790122],[75.32404226942216,32.302514511219506],[75.3298593575414,32.306831278810016],[75.33356813864008,32.31101470032506],[75.33500819847615,32.311524359456506],[75.33006915491997,32.312555637025774],[75.33275102646861,32.31602974672532],[75.33661328602841,32.316613663301375],[75.33774077832192,32.3189503204994],[75.3377051804998,32.321840975606115],[75.33578520218725,32.324234486751166],[75.33210456557663,32.32669530298601],[75.3357117958117,32.33005274887573],[75.33525420251998,32.335231545249414],[75.3366265460561,32.33730776726478],[75.33925792331688,32.335968116755346],[75.34136121890737,32.33812259515261],[75.33832822054103,32.341209614608516],[75.33920756872513,32.34368812091546],[75.34143042720417,32.346100284659954],[75.34423733613862,32.34514474198009],[75.34933846176214,32.34500168283183],[75.35082280205395,32.34292739922722],[75.35394107294873,32.34038417048255],[75.355533686169,32.33839036751583],[75.3555599580149,32.33705657607329],[75.35943003438324,32.336147995179886],[75.3626560669157,32.33615818053564],[75.36169166481275,32.334332877611395],[75.36336425015296,32.33348118129188],[75.37163660173562,32.334492997853914],[75.37519443073394,32.337846437090285],[75.3763291023451,32.33524619207148],[75.37990638431029,32.33505273493843],[75.38982877541734,32.329201555489384],[75.39386823417597,32.32756645617435],[75.39515439831946,32.327623097902766],[75.39949074675266,32.33066906350733],[75.40202345786892,32.33055735518024],[75.40382474819353,32.327833902375815],[75.41029191458667,32.32895472698831],[75.41325588120635,32.32669985734889],[75.41902989575932,32.32005320009874],[75.42676536003522,32.318381300404596],[75.42935473751761,32.315917088547884],[75.43172579241836,32.316154909449295],[75.4317266033194,32.317323694342384],[75.4397359614972,32.31805873094936],[75.44106539319627,32.3184361058261],[75.44256471773511,32.320967978578544],[75.44503011562995,32.32205895688791],[75.44832507236431,32.32647508528068],[75.45035990338555,32.324653802587015],[75.454268666523,32.32556145823456],[75.45515019423033,32.3263325882685],[75.4624582610659,32.32727232691228],[75.46568087915794,32.326974206209165],[75.46755374256256,32.32556129039943],[75.46886964017988,32.32839278910411],[75.46604233105626,32.32995922306575],[75.46755790373598,32.331562108858556],[75.47161324335131,32.3337609864006],[75.469899957994,32.33532073112666],[75.46858059725444,32.338975680184795],[75.47316186494157,32.33911648089739],[75.47519762808848,32.34032073668931],[75.47510218545685,32.33885336935227],[75.47746851139136,32.33968075923619],[75.47853952269146,32.3389746545964],[75.48442083298622,32.34165345147188],[75.48686095732138,32.34368485159247],[75.48632566379817,32.344185846134685],[75.48916651477295,32.345999810789195],[75.49464383473021,32.34111382596344],[75.48983857376241,32.33991952325965],[75.48738338189494,32.33980357343063],[75.48653015523522,32.337336220349556],[75.48504361928138,32.33796316748856],[75.48018232537243,32.3343335371676],[75.48023474688132,32.33346275634981],[75.4829503763796,32.32975211538937],[75.48334735702704,32.32685979695591],[75.48579134449602,32.32421013888725],[75.48213565986049,32.32043555583579],[75.48629601045738,32.31712379488179],[75.48842121976608,32.31728301606711],[75.4914744494177,32.316540841040265],[75.49405149846854,32.31481038137854],[75.498546177911,32.313250991852954],[75.50267416554816,32.31128018032461],[75.50489234941429,32.31273116578908],[75.51211942630212,32.30794118037822],[75.51084616841571,32.30400080690709],[75.50965696544084,32.303097612012046],[75.50699247695219,32.29858438046205],[75.50562783721857,32.297362304967166],[75.50343538864685,32.29167008648961],[75.50446230085461,32.29112758695651],[75.50646666916093,32.287700618033234],[75.50765407323742,32.28736132652669],[75.5077655795433,32.28568434689274],[75.5093281615949,32.2837584386321],[75.51270605504622,32.28329673606756],[75.5181815614938,32.281285487568496],[75.51878633442702,32.279555217337716],[75.52096964255367,32.27899919344091],[75.52100179945337,32.27701717347751],[75.525634274222,32.276221531749506],[75.52545607103747,32.2774652336548],[75.52889594308108,32.278435550890684],[75.53344781542161,32.27765976724079],[75.53489510426763,32.278910289599395],[75.53539105085858,32.28152141947158],[75.53648358824037,32.282656666175654],[75.53892617833681,32.291290562610776],[75.5394256183801,32.30013331208351],[75.54009914740202,32.302307081931424],[75.54251951235365,32.30568484829253],[75.54300514597747,32.30984140506599],[75.54161275537759,32.315236558075185],[75.54219926562206,32.32188000355483],[75.53711098694984,32.326004537897894],[75.53950179190544,32.33623189069994],[75.54534948030201,32.34295556853505],[75.54727785148567,32.345607270035686],[75.55093072886018,32.34939068221993],[75.55813252230932,32.35434484203446],[75.559803970441,32.357132868661765],[75.56986886122836,32.362720256161516],[75.59176743977386,32.37535746576847],[75.59673287573897,32.37766955464571],[75.60369829212561,32.37664442257192],[75.60955745074526,32.376796596994815],[75.62439800012966,32.37835152142454],[75.63109755908319,32.37949275488308],[75.63596030244757,32.38083874931029],[75.64307137439307,32.3855219694625],[75.64769104621713,32.38745604259085],[75.65800183510369,32.390095697288764],[75.66333047562925,32.39175197322687],[75.66678916406518,32.392090911283546],[75.67407602937155,32.3936243772459],[75.67701914908108,32.39199802567645],[75.67769527494129,32.39014561495629],[75.67904641296775,32.38972165310322],[75.6870103707563,32.3905099979738],[75.69413751165054,32.39558157600822],[75.70117563210346,32.399560895040224],[75.7051733589959,32.40530999899],[75.7085314389896,32.4089290768209],[75.71133081699662,32.4110013484048],[75.7148573554239,32.40748470556289],[75.72251440274107,32.405457843810744],[75.72355374953005,32.4101885020001],[75.72787136586368,32.41700718035754],[75.73033689626693,32.41981830260075],[75.73193301589828,32.42293770944403],[75.73177464715893,32.42513641807421],[75.72764195175701,32.42892892746081],[75.72845083037372,32.43250612594054],[75.7305919523066,32.432886754322865],[75.7337948554881,32.43066358535504],[75.73736601386895,32.42965002099726],[75.74250670715428,32.43040256416444],[75.74345984650259,32.432891279877076],[75.73831968610514,32.43575513888099],[75.73510164879625,32.43897539320532],[75.72972566449705,32.43890547075938],[75.72861600221894,32.44328725922461],[75.72734446013048,32.445844030555314],[75.72876526699754,32.44742259683692],[75.72809364142846,32.45130147888454],[75.72954469099612,32.45315749863628],[75.74223123364605,32.45513199657519],[75.74670935809023,32.45446826554308],[75.75254054175996,32.45530799626871],[75.75499358115265,32.45629222374817],[75.75693931368524,32.45910852021423],[75.7593273719595,32.46050542059062],[75.7625103837687,32.45979002590371],[75.76557256225071,32.461762134802946],[75.77091076493694,32.46214348044765],[75.77774496124373,32.46568487306095],[75.78363302893364,32.471664068778665],[75.78910626463455,32.47655728586025],[75.79285032959056,32.47861606282918],[75.80162670874218,32.48561811057581],[75.81404616389419,32.48867813401174],[75.81951271460106,32.49153798635666],[75.82333584319598,32.49508034291482],[75.82606318126393,32.49961867952386],[75.82452236793945,32.501811942523254],[75.82562851536498,32.501795054886486],[75.82602520949266,32.50388871666053],[75.82715468914093,32.5045452336923],[75.83246330578412,32.50339867834517],[75.83359288290644,32.505599108265365],[75.8317874749008,32.5105936264789],[75.83438423071227,32.511784937193774],[75.83652698161758,32.512749973623286],[75.83874665838358,32.51269490196663],[75.8416488236863,32.51122326150778],[75.84380161250348,32.50912349048792],[75.84527137474772,32.50660349243272],[75.84705223746042,32.500652436956806],[75.8490572541768,32.498195877735505],[75.84722536204438,32.49706511796501],[75.85098326152031,32.49174935455373],[75.85347891295953,32.48768649329414],[75.85759513562628,32.48390440849439],[75.86242531937538,32.48104813357803],[75.86825022035117,32.47816184318763],[75.87223895877652,32.47341783211571],[75.87485735850927,32.47103073888255],[75.87664946279966,32.472406806763914],[75.87913377369567,32.470407669308464],[75.88333687116994,32.46585857199254],[75.88361957689078,32.464100988003324],[75.8866094517677,32.46306333811957],[75.89038871700541,32.457643238184055],[75.89937153845372,32.45430797987338],[75.90146286178579,32.45309695909206],[75.90346624461262,32.447399411304175],[75.9038751066728,32.44419740839773],[75.90575748701866,32.43938022949155],[75.90967523741891,32.43463375227434],[75.91860392194477,32.430940635349316],[75.92061073182349,32.4291262259629],[75.9201481367715,32.42576968262167],[75.91881050821232,32.42253728996597],[75.91758108031189,32.41669585058857],[75.91922872616706,32.41209488553141],[75.92183565591041,32.40935811416264],[75.92816455430736,32.403760321024194],[75.93222519934585,32.39902740155282],[75.93649423162695,32.39741793817282],[75.9340705477232,32.3921947242102]]]]}}]}
