{"type":"FeatureCollection","features":[{"type":"Feature","properties":{"id":"06-203","name":"Ambala","source_name":"Ambala","state_id":"06","source_agency":"Survey of India (SOI)","district_code":"058"},"geometry":{"type":"MultiPolygon","coordinates":[[[[77.12283733977992,30.56331018450953],[77.12362002833486,30.561869117366705],[77.12632679355038,30.56022716464247],[77.12952398732406,30.556072011068053],[77.12982921168758,30.554271763613986],[77.13270041080523,30.55007789618757],[77.13532010879199,30.5454542498417],[77.13759597565708,30.543593240039932],[77.14510098827427,30.538876602299997],[77.15147823756033,30.53699685662238],[77.15995483377137,30.53670064836892],[77.16146216679356,30.53697154467757],[77.16498663093137,30.535516533470926],[77.1689673351519,30.536083892163013],[77.17143474302505,30.535058153228313],[77.17114013217845,30.53301383859897],[77.17546796169847,30.53124723630825],[77.1787450415527,30.5311052612714],[77.1832795148744,30.52879102085718],[77.18430985242978,30.52733252067584],[77.18712089558416,30.526538344247847],[77.18846519774594,30.52697005063893],[77.1929405184079,30.525597315232602],[77.19624080677674,30.52120397585748],[77.19903669124083,30.51853570489605],[77.19953053775612,30.51692871973992],[77.20130795771748,30.515346549194213],[77.20224740426319,30.513099876892234],[77.20435004821493,30.510303974254565],[77.20681870378986,30.505816648247944],[77.20803327391864,30.49035285839057],[77.20629854899336,30.48853772023917],[77.20476121877853,30.483608796237117],[77.202057833125,30.478635723689536],[77.20135345909787,30.480064777561868],[77.19742940707552,30.481865855786683],[77.19457568747916,30.480531813758382],[77.1918741548751,30.477370305107456],[77.19090663917906,30.475457090737777],[77.18797519813484,30.47209852859204],[77.18639578751377,30.471673058275236],[77.18346220730106,30.46607469110988],[77.18354398347873,30.46446468425475],[77.18010331767447,30.462083826014744],[77.18048526711215,30.459625070034846],[77.17907368892737,30.45809735592678],[77.17372942743397,30.45748687438865],[77.17461545945554,30.45102250734523],[77.17535132331967,30.450829521017447],[77.17350260917777,30.448557689330237],[77.17296474930747,30.446074974019858],[77.17356101589831,30.44273903098771],[77.17267104082885,30.441199166484758],[77.170241597357,30.442329669292423],[77.16914508252987,30.441604432357284],[77.17047694162,30.437466956755454],[77.17435251565456,30.43151370227207],[77.1735544939473,30.42974759882719],[77.17438041557897,30.4261075862833],[77.17390442033401,30.424512996434373],[77.17040330409631,30.42161298025139],[77.1730281914314,30.41946462645193],[77.17411544655512,30.417472161724483],[77.17483516888186,30.41145107318187],[77.17795116482256,30.406089377889728],[77.17757787967734,30.404478606760645],[77.18033231550278,30.403823847094895],[77.18428449913874,30.4010046532238],[77.18458987714408,30.39918380857528],[77.18674918756578,30.396912776904475],[77.18711515664184,30.39408187233365],[77.18456000653859,30.38795900309251],[77.18495766049853,30.38676273485964],[77.18373827195171,30.384704500102238],[77.18755219809698,30.38266936325255],[77.18456558236748,30.379114248269392],[77.18094575979376,30.373902797512258],[77.18118955859693,30.371603544305856],[77.18381163802434,30.369325744093143],[77.18221327282284,30.366953617422563],[77.1809174664967,30.36348185819795],[77.17959264297215,30.365173908463497],[77.17260970642158,30.368869895597914],[77.16991264565416,30.36718305004757],[77.16192631165002,30.360738361970924],[77.16184437452495,30.356087885136905],[77.1655096318067,30.353641881792477],[77.16967883143491,30.359866823193908],[77.17084267160533,30.35911553534214],[77.1703666551707,30.356657074401895],[77.1730591342645,30.350583058315443],[77.17236794131959,30.346625458124823],[77.17111855105394,30.34453072369779],[77.17107934791788,30.342362403199097],[77.17348217576657,30.338906138560173],[77.1774479352079,30.33817296210912],[77.18118264843156,30.334464912421506],[77.18188585951276,30.332324923467894],[77.18136749136062,30.330872523628624],[77.18261871921132,30.32857880798816],[77.18027388396418,30.32528589814567],[77.1797055561829,30.322176286679273],[77.18163459699522,30.3216039871383],[77.18385209413164,30.317909156035007],[77.18619371877305,30.31618037468342],[77.18721996548382,30.316764644598354],[77.19158346529944,30.316960862773616],[77.1898952545898,30.31393307231984],[77.19208880938099,30.31240360686266],[77.19044246408039,30.30798085812081],[77.18906920074832,30.307308183150298],[77.1867423984814,30.307854204270207],[77.1846390303608,30.306614787004115],[77.181867869429,30.306549585821102],[77.18012386612986,30.307518824840063],[77.17811706198229,30.3053799757027],[77.17288795342127,30.305353042354383],[77.16960596713976,30.306258650153097],[77.16833565768918,30.307202672485886],[77.1678740462026,30.3019821139749],[77.16844011226,30.30113136206131],[77.16658672852758,30.298872671320773],[77.16568252615613,30.296536456917966],[77.16565081752961,30.293931621531627],[77.16078396458384,30.29573954720017],[77.15626692893628,30.29245808939689],[77.15299129332074,30.291355981726884],[77.15031203505866,30.289801606011434],[77.14717468834506,30.288818778022026],[77.14578861243666,30.285297151047796],[77.14339332081268,30.28642717550037],[77.1416023296291,30.285962270713217],[77.13889229647043,30.282480789374528],[77.13918291904467,30.281171686455412],[77.13704132234271,30.277787339716607],[77.13515799621169,30.271038412214665],[77.13318342670304,30.267875520581587],[77.13759059197098,30.26487328427481],[77.13577074224003,30.261858490599753],[77.13931276004689,30.260241821628583],[77.13816543020987,30.259981612612275],[77.13322067516721,30.25423009158812],[77.13212328011421,30.251541189716118],[77.13381525814307,30.248994926024494],[77.13214226866141,30.246730798097996],[77.1389989097914,30.241994374949197],[77.14163767586192,30.240821349490968],[77.14228723958176,30.242228488725605],[77.14490064889192,30.244203650345852],[77.14873473414599,30.24559671599046],[77.14959220560971,30.246453452306415],[77.15226224469798,30.246105672858302],[77.15869224235364,30.24216658755254],[77.16079071904126,30.24142183980704],[77.15983421864482,30.23964052461799],[77.16149821582793,30.237466007478517],[77.16356267382251,30.236468693200784],[77.16326031267893,30.233735513759406],[77.16157753815003,30.234065231171932],[77.15812701575527,30.229939221729435],[77.15742466077205,30.226434808154853],[77.15615116133738,30.22333654111951],[77.15518494156666,30.222854111155314],[77.1546440608376,30.22054944853923],[77.15019141702523,30.213992412032066],[77.14365875966776,30.216438096478644],[77.1410469397273,30.218977774194837],[77.14154852104704,30.22152838877726],[77.14089201759636,30.22449395845784],[77.14137012897312,30.225684696065148],[77.1374905565984,30.22811620616935],[77.13453014394528,30.229126767363944],[77.13022438581693,30.23228878331327],[77.12680652375094,30.228256633531412],[77.12105918264308,30.2321445958372],[77.11602860812421,30.232387890387958],[77.11373067514327,30.227121944051195],[77.11226343221497,30.22642154116401],[77.10580253904665,30.22496282273407],[77.09442216425239,30.226990384770296],[77.09181440689967,30.22827527766926],[77.09329534453882,30.226011360783986],[77.08822281348193,30.220971992086188],[77.08725694648871,30.220529730081527],[77.08428252105541,30.21679434229193],[77.08223061887763,30.217763380820077],[77.08075100410518,30.216599224739035],[77.07760367932987,30.216999558276314],[77.07586518908266,30.2126695937199],[77.07466691158209,30.211581570344865],[77.07471498821249,30.208942959398804],[77.07242636840182,30.206069051005805],[77.07395323041682,30.20569522841157],[77.07771951888063,30.20248070797683],[77.07674987963357,30.199706482258733],[77.08435836949371,30.19596994593833],[77.09003443130808,30.193608081393382],[77.08993599216042,30.19294504731223],[77.09310929875767,30.190086253042164],[77.09848375239692,30.187381258329346],[77.1034734706963,30.185974890155904],[77.10793884269184,30.1835443704633],[77.11005253841624,30.17870498622991],[77.10921196334782,30.175570160639584],[77.10774816270879,30.17447847950823],[77.1037000804245,30.169575155529188],[77.10226802648279,30.166548452506117],[77.10261606101388,30.165664464189117],[77.09990164874408,30.164116942382822],[77.09746874596169,30.158523554054923],[77.09810724632536,30.155999019098278],[77.09543440681826,30.15773827906788],[77.08909597006077,30.160636909303328],[77.08401334132279,30.16334172616875],[77.08485397475707,30.164185401161596],[77.07088321309118,30.16903593805286],[77.06980547798148,30.16556025298716],[77.06874206442485,30.164319440109413],[77.07152061944574,30.161420388773802],[77.0708441369641,30.15675308603119],[77.07139923712633,30.155367379541236],[77.0677863662148,30.147143386875562],[77.06606455129315,30.145045319397887],[77.06534009890927,30.141621611274626],[77.06652933910513,30.140124628052718],[77.0668009426857,30.137071177614764],[77.06804163752182,30.13622833178548],[77.06840712015762,30.132353977129597],[77.06925346941257,30.131262840085157],[77.06789951515682,30.130612799479337],[77.06447159962971,30.127417845651355],[77.06250511948703,30.124560673746018],[77.05828381688778,30.123878713189256],[77.04881685423966,30.127811260783837],[77.0395031906333,30.133714235839935],[77.0358944685613,30.136350434721894],[77.03714691696474,30.140112934110526],[77.03695184845542,30.143621923488784],[77.03120110538777,30.14436666610143],[77.02245803949361,30.147964022628052],[77.02282521290479,30.149276869712647],[77.01890886901467,30.152286712767456],[77.01164321406267,30.15647987918128],[77.00787378350297,30.16201537802189],[77.00362724789399,30.16256630476199],[77.00259517879542,30.161884242967535],[76.99997068805342,30.162642426933235],[76.99647046265628,30.165305655425044],[76.9951630800966,30.1651744207998],[76.99206515253094,30.167308447787995],[76.98541744373959,30.168856771932433],[76.98173684416393,30.169371298393013],[76.98036412559468,30.166479539978223],[76.97402100358838,30.161329119143733],[76.97286381587118,30.16163666743602],[76.96830391036043,30.1588164951265],[76.96374084261535,30.158007876485925],[76.96323347456489,30.154718954836902],[76.96155630342912,30.152590442657228],[76.9591459376378,30.154409400188687],[76.95742886099552,30.157389577935067],[76.95114495919843,30.15933734557401],[76.94843151389824,30.161213278852887],[76.94528340288382,30.164782813788065],[76.94061273427825,30.166350253285685],[76.93976122647756,30.1722522687171],[76.94096218193904,30.178062016283995],[76.94606455543433,30.184158562797812],[76.94783902836697,30.182709648724625],[76.95622924357733,30.18322794456981],[76.96021691070617,30.189697854860615],[76.9607650991226,30.19318625616105],[76.95662785551397,30.194354860904674],[76.95242776262984,30.19491669897864],[76.94889860742587,30.19710633103688],[76.94100670269114,30.197954041572647],[76.93778207270365,30.197851847194897],[76.9314286268577,30.20151273871975],[76.92999572533208,30.201883176867398],[76.92502914933895,30.205472186993628],[76.91976564323781,30.202280048117217],[76.91587292627908,30.205546926207205],[76.90972821416092,30.200645395576366],[76.9068919896826,30.19734000125985],[76.90382112949739,30.190232275471313],[76.89754437637956,30.191834764123865],[76.89740440597106,30.19308185249079],[76.89012549967573,30.19640943228298],[76.88517208682728,30.198069730620873],[76.88238388743207,30.19986051022892],[76.88242060801551,30.20443409223457],[76.88296095759846,30.208069451777025],[76.88636703267582,30.209603360664175],[76.88726203124821,30.207579728917636],[76.88910701614824,30.20899350593288],[76.88826326522421,30.20971982190639],[76.89031490401283,30.21181239065885],[76.88160103209036,30.217031718331622],[76.87589348880847,30.219891481202687],[76.87350961816952,30.22270141422273],[76.86627932833909,30.228875927529405],[76.861801901094,30.23048123347245],[76.85865899293042,30.232997688319287],[76.85978580906185,30.235550750779062],[76.86471998904614,30.240300575699244],[76.86775874212029,30.243656515147],[76.8643817050439,30.247205918887328],[76.86475203481722,30.2490309005463],[76.86056161264257,30.25109212118671],[76.85456949082027,30.252963409988446],[76.8515871007437,30.254634126039285],[76.85037479649154,30.254342524731804],[76.84686622179377,30.250855096621205],[76.84276265793825,30.245781498899362],[76.84078474358138,30.250115727629368],[76.8375973419128,30.254093043299793],[76.83325400473383,30.251774952973665],[76.83220371339414,30.25290830105707],[76.83045116810653,30.252220143925232],[76.82591699522263,30.2530254828489],[76.82433321778,30.251326624605262],[76.82257562304565,30.251179716793466],[76.81889835790525,30.243209617468363],[76.81759889403786,30.24215981385247],[76.82177028710632,30.240398662295252],[76.82268553990626,30.23854521082],[76.82524103980802,30.235907214610542],[76.8231341827271,30.23484241350969],[76.82291722617036,30.23248787403672],[76.81987027909122,30.228616711949623],[76.81897933413137,30.224281853455626],[76.81685610667935,30.222517412662157],[76.8194177983757,30.220506857526637],[76.81702407047246,30.217466410594827],[76.8118437617619,30.21972100413231],[76.80775097288587,30.21548136888461],[76.80441263040672,30.21281384011172],[76.80223513430532,30.212558011522955],[76.80001597186298,30.211287066731128],[76.79889769944603,30.213564230548535],[76.79604817245018,30.21488855948683],[76.7923593841674,30.213551252892778],[76.78796594245551,30.213440173199498],[76.78476013238301,30.214935370624566],[76.7819600171266,30.210612554901726],[76.77683067961796,30.203852242119147],[76.77755731596106,30.20205732405219],[76.775593252926,30.202381987557995],[76.77276888431925,30.199744733544918],[76.76913892541869,30.200120708442114],[76.7667928397179,30.199463760201166],[76.76687334277158,30.198445265430717],[76.7648164040893,30.197496670812317],[76.76481800798857,30.196089395836065],[76.76342581458049,30.191947711276367],[76.76011582799173,30.191949365783167],[76.75402836539699,30.19644383087755],[76.74889161370545,30.196356469313532],[76.74557716778787,30.19707477137079],[76.73643953721758,30.1979038288299],[76.73455261726812,30.19609223235626],[76.731422022203,30.19648268615386],[76.72774416717594,30.19488897032665],[76.72540844703178,30.195666595404276],[76.72173177883037,30.195064965180066],[76.71711677651112,30.196146367027378],[76.71308879967347,30.191792100781573],[76.71128691268528,30.19149109846202],[76.70602317272632,30.192743880837238],[76.70348909773459,30.192402581761407],[76.69852138702501,30.193871364030628],[76.6949957631434,30.193701987120935],[76.6934582782095,30.192967584096444],[76.6919142076629,30.19003665497001],[76.6893810033482,30.19068293338773],[76.68664871664836,30.188785330701904],[76.68540778498783,30.18865512221189],[76.68461120279484,30.18507425955646],[76.68296253114544,30.180194810167546],[76.68037586124692,30.17786401377314],[76.67754402940757,30.17307515455014],[76.67436494487622,30.168931430853206],[76.67148310233557,30.166947875566873],[76.6698236596168,30.168373789164594],[76.66681596703764,30.165569349308246],[76.66407889518118,30.16176791468258],[76.66025723743049,30.157971215732342],[76.65603121242968,30.15430084912793],[76.65513807559994,30.15288033581333],[76.65247323791394,30.1517937089428],[76.64952730997273,30.15167267717188],[76.64823480873973,30.150852078465753],[76.64217521619257,30.149656712710424],[76.63977429471443,30.150292836406702],[76.63881894393765,30.151822949149427],[76.63874898137716,30.154183557727638],[76.63669227788104,30.157825319222173],[76.63507773593174,30.15967463598444],[76.63559129757925,30.16178172901985],[76.63327549741899,30.166972925629874],[76.62873611134637,30.168217459536297],[76.62420098041481,30.166821250862192],[76.62244449870317,30.167606894890387],[76.61865873545077,30.171313636001006],[76.61658280904777,30.174267982796877],[76.61196420184817,30.17588448826207],[76.60912979134817,30.178565935732156],[76.6003058865346,30.183931050323526],[76.59988895841413,30.184744506324584],[76.60344165013453,30.18728173879664],[76.60502180738186,30.190196284208447],[76.60336360505879,30.193107723774173],[76.61041295481384,30.19763858613949],[76.61007179026478,30.19852080084781],[76.61416557210156,30.204479522088942],[76.61706884770342,30.20105823873572],[76.62208499619382,30.20010523462279],[76.62324755212208,30.19933259650211],[76.63310334477251,30.197670521825252],[76.63627773912759,30.196629774809228],[76.64082365857756,30.193351966986246],[76.64251281074775,30.190798428210353],[76.64503169454179,30.188852214799887],[76.64476578772131,30.18748174868311],[76.64251326874614,30.18617993888219],[76.63857196118259,30.18530848640735],[76.63536480621347,30.183945771949585],[76.63179394305891,30.180271373114167],[76.62919157684149,30.18021306209028],[76.628633062901,30.178556111462274],[76.63115659303561,30.175636795692007],[76.63449959322219,30.17400805617634],[76.6342500004216,30.169757458259724],[76.63591440322034,30.168636477369873],[76.64130156142573,30.169632971265717],[76.64223459562473,30.172097827737808],[76.64545355409558,30.174873475894042],[76.64740733382231,30.17394699728234],[76.65171164078147,30.17684725636854],[76.65100085641463,30.17830677904926],[76.65311580040347,30.179501008449137],[76.65310183879346,30.182202861338848],[76.65562656140834,30.184047306347036],[76.65601725658706,30.186189166022555],[76.65340636837962,30.18863835075958],[76.64980048595251,30.19107619840343],[76.65084650276407,30.193352236719093],[76.65114456184655,30.19610665520452],[76.6532001955599,30.201169361412727],[76.6463348224662,30.20267945115371],[76.63883020483225,30.20624868190391],[76.63747702004075,30.20609194575836],[76.63536659915187,30.204364677534215],[76.63096701301016,30.204872360148705],[76.62609928419643,30.20482442352394],[76.62061223855994,30.20541467962393],[76.6168113762557,30.208182182886244],[76.61510443292359,30.210857900423925],[76.61661445387179,30.213555892228197],[76.62102955391988,30.216787416776974],[76.62298804270623,30.21688372371452],[76.62464959087036,30.218702648890982],[76.6273787542071,30.22409410468899],[76.62543517446073,30.22524414930109],[76.62386404978925,30.22783277175887],[76.61871001687915,30.230421286950147],[76.6163014553626,30.23108134440512],[76.61032212832392,30.23478447588333],[76.60699309098172,30.23571104191854],[76.60355793821209,30.237809286537992],[76.60043656052044,30.235588581222736],[76.60000032188806,30.234571943868687],[76.59623032174987,30.237418181616537],[76.59609389723428,30.238798424774288],[76.59852106090206,30.23999977371883],[76.60263987388672,30.24393695399271],[76.60360958101776,30.246332402005446],[76.60365396672924,30.249212285394965],[76.60287657698666,30.251680125198856],[76.59610439571568,30.255713430655362],[76.59065029947625,30.253464954837217],[76.59165945047884,30.25048734229127],[76.59185040516041,30.24604547186884],[76.5853279580501,30.245342670526203],[76.57959351981276,30.24086639136516],[76.57676602165195,30.239139091428715],[76.5751119337662,30.237334458355093],[76.57240952070016,30.236690880388235],[76.56954784162501,30.234657165355735],[76.56795454234562,30.23196982633929],[76.56559409008949,30.231951701557072],[76.56522334669907,30.230144836838885],[76.56273840699336,30.225826684971953],[76.55938026642087,30.22562710614891],[76.55756709289815,30.223650534807753],[76.5537630298093,30.22360825188314],[76.55364008943062,30.222781973363006],[76.55086390794204,30.22301912781673],[76.54858381985649,30.222279410290415],[76.54555947007354,30.225250333783496],[76.54761437725934,30.22681782102914],[76.55264788277015,30.22651976981168],[76.55564605641605,30.226858272518673],[76.55710377735987,30.232321366719315],[76.56025679007519,30.237216813343924],[76.56197536177592,30.241538405761773],[76.56115324970625,30.242836641070852],[76.55815260875832,30.249929133237025],[76.55709604953496,30.25644345814015],[76.557848143175,30.25833811615371],[76.5566130240526,30.262372169759196],[76.55957741633078,30.26489129036203],[76.56201526754002,30.262004835891286],[76.56561342744926,30.264062783110692],[76.5698909053994,30.264274330755836],[76.57201148312977,30.26525847837467],[76.57512937420289,30.261929399388944],[76.5806072772717,30.265250546349495],[76.58259556444318,30.269060486042537],[76.58380161149212,30.270271695545105],[76.58645530438802,30.268608683855163],[76.5880608463312,30.264824439722727],[76.59289532639099,30.261800799524107],[76.60111501233712,30.270364435012397],[76.60340512899772,30.26925274233046],[76.60857423400029,30.26796096904254],[76.6098468758012,30.270460763704172],[76.61151415539088,30.269538135900532],[76.61440138401176,30.27255753738399],[76.6198196716402,30.266867359177663],[76.6204591293293,30.265066991456532],[76.62341543783987,30.264601904515924],[76.62722019142637,30.269515398070265],[76.62562739810643,30.271144631659553],[76.63116682840986,30.275872458658345],[76.63037865621084,30.277744744986034],[76.63214358853064,30.28390356667027],[76.6354013513753,30.2896375605545],[76.63661542770063,30.28914031848148],[76.63864575541527,30.28439300041002],[76.64353606332513,30.28718604177802],[76.64856841758287,30.29065286484987],[76.65002582324011,30.290754990874035],[76.65453220919498,30.296479522941205],[76.65566730583113,30.29843606953182],[76.65655752891706,30.297967456143187],[76.66377426215264,30.303899097336885],[76.66530473876642,30.30584115598422],[76.66617408794292,30.305523662987575],[76.66737221169329,30.307798299489914],[76.67050087633078,30.311515603338872],[76.67181910027864,30.311122057136007],[76.67697664217427,30.307987786853626],[76.68189302449805,30.3113017914327],[76.68597816064094,30.314616191692235],[76.6810513397424,30.318261970731996],[76.68893167960852,30.327478327601124],[76.69575163242087,30.3216648309477],[76.6988437428614,30.32519698772612],[76.70003726185392,30.328101484250787],[76.70488679910765,30.325930611455444],[76.71085955707662,30.32584837829149],[76.7121794522182,30.32891641517848],[76.71636946284924,30.336069520147156],[76.72233237566793,30.33337195749547],[76.72492085830756,30.33595922497385],[76.72658385406316,30.33619863047908],[76.729666756522,30.338955610614057],[76.72736442855063,30.34111527830112],[76.73260750194733,30.348375175335743],[76.73492643910653,30.346787504845363],[76.73849850127915,30.346398752706154],[76.7430780892779,30.349139261893107],[76.7460572355514,30.349705753243608],[76.74574826764415,30.351049196055676],[76.74873245842994,30.352181315176285],[76.7487974533987,30.36100153687938],[76.7485880367253,30.362944980924603],[76.74547513686134,30.36779615822093],[76.74003589709896,30.36918167343264],[76.73753563622462,30.370466206885467],[76.7356759883913,30.368435173102544],[76.73337893148549,30.36887815633259],[76.7295321033546,30.364720386952403],[76.7255387262589,30.36184807552977],[76.72304705474374,30.362350657291586],[76.72175679350002,30.36360678631385],[76.7202048591528,30.36329326315599],[76.71897327837203,30.3665659644994],[76.72088812209441,30.367795470059896],[76.72366075761197,30.37205434428972],[76.72968619948304,30.377479842633473],[76.73117609350265,30.37980184129677],[76.72947231628241,30.382293678882643],[76.71982218846124,30.37867061963628],[76.71762738755568,30.38012156733825],[76.71861303720667,30.381262628368077],[76.71753752299742,30.384040164088514],[76.71342571288923,30.388152223239764],[76.7128830950513,30.390355790191492],[76.71400523256472,30.392104631508456],[76.71522403100394,30.399148996178372],[76.71411427472925,30.401763070226384],[76.71518099924538,30.402871696429102],[76.72224769912198,30.399152763695003],[76.72525292560304,30.402245721209248],[76.72821139404341,30.400416350956732],[76.73570941432621,30.406104685542406],[76.73978147347074,30.411089131678562],[76.73652419794038,30.41627146154469],[76.73512042085285,30.419285185156976],[76.74104035582106,30.424295737615967],[76.74103730717363,30.426260341924408],[76.74827851855699,30.42889960771158],[76.7488470971041,30.429208687259493],[76.75299068903975,30.427849824544637],[76.75840992927051,30.428711014638626],[76.76146904009295,30.428250743584613],[76.76711514950101,30.430689904716406],[76.76887418667513,30.430884881812233],[76.77195514105163,30.43408198454201],[76.7746061159328,30.439166466320394],[76.77631547345747,30.44133572423388],[76.7794236639602,30.440389606910212],[76.7840678570582,30.43779099633144],[76.78415928839514,30.43701069089721],[76.78757657121085,30.4335113405739],[76.78590773367645,30.432033507201776],[76.78332044194521,30.431481596640012],[76.7802400369563,30.429495648044227],[76.77880175398778,30.427855279877217],[76.77733134109815,30.42483639184072],[76.78044434228302,30.423067283323924],[76.79031519407552,30.414681408550063],[76.79512077929601,30.41871133249209],[76.80003523070735,30.41613293694337],[76.80387900045626,30.412580993577965],[76.8086027838681,30.415323874465003],[76.81121377178734,30.416367122965507],[76.8157992864622,30.41325883804673],[76.8196341564675,30.411828754440602],[76.82338056571761,30.411604619979503],[76.82884945673774,30.41488949621143],[76.83196273854077,30.4181204302301],[76.83184096006123,30.41907110154304],[76.83410862330811,30.420965823409873],[76.83616570582357,30.423574851875646],[76.839288430555,30.426118581664568],[76.83624023562471,30.42969635958569],[76.83813217470546,30.431982709812857],[76.84261196601808,30.43510030527043],[76.84376353798285,30.437432992367263],[76.84677182682682,30.438131573505963],[76.85102064992957,30.43530899885255],[76.8517000463701,30.433505053680474],[76.85101836188652,30.432319012697135],[76.85250425136299,30.429691329642715],[76.85287195973974,30.427479999260992],[76.85427605587752,30.425638089548467],[76.85595907170527,30.417917882649085],[76.85729117734213,30.416957819007358],[76.86329646990372,30.415040663919974],[76.86828546565951,30.413990258114925],[76.8745559737543,30.409537589741596],[76.87767637823318,30.409765832134937],[76.8833335186724,30.408673782930713],[76.8813415468591,30.40591028295602],[76.88424906721261,30.40432225356191],[76.88234243257682,30.400506397952945],[76.88388101746523,30.397654157432626],[76.88087806269792,30.393883729317153],[76.88328673668245,30.39217792408699],[76.88585331224606,30.394292007591442],[76.89511693080817,30.386914573862708],[76.89508387019964,30.384765430326127],[76.89795088431059,30.38215047898246],[76.89501324392533,30.37868718803611],[76.89063408704934,30.37226153807931],[76.8907080506037,30.36920230131375],[76.89543950611821,30.36310531266806],[76.89621046096701,30.36002948097176],[76.89751395793174,30.3593519026251],[76.90183041899223,30.362385178876945],[76.90453083921737,30.362708985074605],[76.90577636305494,30.361844640305538],[76.90752523869917,30.36341541774554],[76.91098557141555,30.363712180218286],[76.9155611811167,30.365255430424693],[76.91951046850188,30.37112510487006],[76.92119563192722,30.374705366990938],[76.92802828611477,30.378457864089317],[76.93055859862334,30.381064097965005],[76.93306724291851,30.381718900397786],[76.93672968690475,30.38580310232585],[76.93788710311195,30.387705637535547],[76.93916794614644,30.391944630283863],[76.93942604784192,30.39478560916363],[76.93622450379945,30.396667983029683],[76.93323376872176,30.39962342616601],[76.93100263281916,30.40090805491068],[76.9257485756816,30.400739309911913],[76.92331815133957,30.399775754211532],[76.9213263328773,30.40030991496819],[76.91833646857366,30.398003933850244],[76.91118986725594,30.399910434398752],[76.91440248273045,30.403567199166332],[76.91797429798606,30.40651313142251],[76.916739555813,30.40743544288559],[76.91776234882207,30.408269667306158],[76.91652838123917,30.409715152538325],[76.91721868234524,30.410844379208868],[76.91580236690683,30.414816884374833],[76.9141923270743,30.415854737740645],[76.91121014858078,30.419199155893246],[76.91472283211077,30.425092309565077],[76.9097485625571,30.429466148592624],[76.90733841180167,30.425055414070872],[76.90182335770022,30.42449405209482],[76.89863054318683,30.425802253924793],[76.90656938365304,30.434624211174835],[76.90501123961187,30.434123663977545],[76.90097085680969,30.435512927300802],[76.90051014639324,30.434736994212873],[76.89736341677875,30.434220627544924],[76.89797719028934,30.43141220665896],[76.89490550562692,30.427328403317606],[76.8864198655072,30.429676079125787],[76.89060920738694,30.44104722442326],[76.8960500999978,30.43954200711089],[76.89697426176818,30.441720864640384],[76.89521948241939,30.446044653880417],[76.89885077638326,30.44647038552357],[76.89957726164495,30.448636043713112],[76.90285880397478,30.454077595051103],[76.90637497598335,30.45699352835654],[76.90810834946211,30.461447071964646],[76.91226065743241,30.465802458985024],[76.91245142241684,30.468634961584165],[76.91109332870876,30.47079111232137],[76.90734827689108,30.47442759924275],[76.90285208950571,30.47728721506352],[76.89866343392877,30.47937191154725],[76.89694687975424,30.481149390747373],[76.89860313631658,30.483399437029973],[76.89823264178327,30.485471465501202],[76.89932427100032,30.486395982169356],[76.89897276384261,30.488859808491902],[76.90378913544231,30.491471481566442],[76.90658656584918,30.49230568714357],[76.90858872998734,30.49192503241025],[76.90890105902307,30.493172157924658],[76.91074190970274,30.494311828925415],[76.91343666717017,30.493197156198555],[76.91769077503288,30.490010297979126],[76.91899904686538,30.48954009703686],[76.92879013784128,30.49906405041346],[76.93113382866811,30.500920705102242],[76.93277379135854,30.50000157950662],[76.9401878127822,30.49317467427595],[76.94863316201605,30.486059272945987],[76.94637593835604,30.48189482536013],[76.95041063458275,30.475419095228457],[76.95413244586355,30.474640386772574],[76.9565610974871,30.472912450702893],[76.95837198200881,30.470608268730153],[76.96171147378006,30.47317787593761],[76.96265643441262,30.475892617471178],[76.96697860545804,30.481578590945023],[76.97210834396473,30.48616811114218],[76.97539749752539,30.485454501001037],[76.97767439342033,30.483311244936075],[76.98015078460367,30.48318042958052],[76.98235632566468,30.480222502419267],[76.98666887170747,30.477166291757182],[76.98977575401274,30.474245628704725],[76.99151677665854,30.47637513426731],[76.99541447293471,30.47978280893571],[76.99506765584705,30.48040055586463],[76.9981173235679,30.484990012241095],[77.00580934695924,30.490492508735876],[77.00805963053864,30.49136200640618],[77.00997913181854,30.49329295521648],[77.00964714943686,30.494680140965663],[77.0116046604308,30.49757294765289],[77.01245597349332,30.50001138892143],[77.01022082363535,30.50254300394745],[77.01887239373288,30.5045571832104],[77.02028791831178,30.505832795014417],[77.02395380681496,30.503357524035852],[77.02915571508778,30.50576877013486],[77.02957200442184,30.50814373664873],[77.03440931580242,30.508445439026058],[77.03846864224342,30.509297826752803],[77.0380788727542,30.513221377467058],[77.0397115297363,30.515936605552024],[77.04256242374768,30.51863279155044],[77.04461836249745,30.51875253676072],[77.04789138804044,30.5219088344912],[77.04998881976903,30.52174631759594],[77.0456730299289,30.529266797904977],[77.04019267810119,30.530372333183323],[77.0390102549051,30.533872943908378],[77.03751644957511,30.53347062298826],[77.0353459778631,30.53680995969757],[77.03672597422667,30.539955057971014],[77.03755899468727,30.550353234087336],[77.03974739928731,30.551348953708004],[77.04240013098423,30.551285275852337],[77.04387444901312,30.550185318300805],[77.04696901622127,30.549493235169297],[77.04724104737831,30.550358511631906],[77.05135635993395,30.548810145208012],[77.05230614141577,30.544159324312684],[77.05605087473833,30.542485186576116],[77.05972675577776,30.54386221765324],[77.06261738378323,30.544273301635016],[77.06250440348916,30.54320016706748],[77.0663532451201,30.543129705387422],[77.0661628580728,30.542041287772072],[77.06875056264813,30.543593386632125],[77.07103205897168,30.54135943725147],[77.0744611207721,30.54103351444318],[77.0761506883746,30.544078555849907],[77.07756126880612,30.54523420857131],[77.07968166933696,30.54904549971513],[77.08141566007927,30.55003972915219],[77.08152489384922,30.55225542520767],[77.08249470335572,30.552802771450434],[77.08291588170391,30.55517419648154],[77.08500047002926,30.55695723168592],[77.08963503524065,30.5572772544724],[77.09288288453465,30.556617061491753],[77.09778994118177,30.557926304104715],[77.10193466377353,30.556156498660407],[77.10556193843426,30.559733652682695],[77.1111280850709,30.555980699421337],[77.11378377695895,30.55215272628447],[77.11718249612973,30.55540350447361],[77.12092123986196,30.562516367205216],[77.12283733977992,30.56331018450953]]],[[[76.57657714971053,30.10155667578406],[76.58110702855488,30.10523650170733],[76.58408823512347,30.109196883352936],[76.58852338880294,30.11143287266366],[76.59637529733509,30.112939057346235],[76.59936676124558,30.112572680124547],[76.60305867390475,30.118643303964006],[76.60765306810018,30.12229718649367],[76.60973814788233,30.124987985982727],[76.6127843752908,30.126849445011096],[76.61644088825963,30.132480863088148],[76.62078361732333,30.137373773449827],[76.62186012814878,30.137706792445066],[76.62345659594344,30.140179525967486],[76.62438162688969,30.140112797309104],[76.62951608754045,30.142606408314414],[76.63184055381613,30.142152285613555],[76.63410256207648,30.146593827207816],[76.63803760616092,30.147619675952704],[76.63707682763145,30.1424029674521],[76.63750905217456,30.140689340874495],[76.63601499187402,30.13880554897372],[76.6389961669146,30.133328096478067],[76.63875425129535,30.130648655085988],[76.64462685971,30.127845752899802],[76.64168901380789,30.122867742482175],[76.6426491484138,30.122032708997594],[76.6388748986705,30.116232426612285],[76.63525647374867,30.11203784359001],[76.64314322990775,30.108356436770553],[76.64414701907388,30.102622896728814],[76.64280553430771,30.101696247170953],[76.64188678288905,30.09957088877501],[76.63559085556548,30.097147075302598],[76.63410164296901,30.096101026158827],[76.63140782922022,30.09276001340656],[76.62631234187717,30.09142250442544],[76.62386478376803,30.09011576276374],[76.62042239204375,30.087436753873504],[76.61966886382042,30.08314066592731],[76.61608647963438,30.07812344193902],[76.61554457803526,30.074697678762927],[76.60696702259493,30.07561380061915],[76.6050575129831,30.076098475621258],[76.60197780736642,30.074607627859372],[76.59752626259012,30.074313330451623],[76.59639675427111,30.071420297123396],[76.59317243427485,30.0681069200955],[76.59062440746723,30.06997628948768],[76.58798621556896,30.070923635906304],[76.58857786484934,30.072537887215052],[76.59021979766801,30.073432269695974],[76.59324553010259,30.077170629434455],[76.59554228421722,30.078541765958175],[76.59916579820529,30.08378862848174],[76.59572303050523,30.08503752208006],[76.59184546040711,30.085229083047064],[76.59033659731686,30.08444911961794],[76.58677300548122,30.0855927565165],[76.58691664840246,30.08961792562478],[76.5789223034991,30.095051083834907],[76.57769504636771,30.096333882929812],[76.57657714971053,30.10155667578406]]]]}},{"type":"Feature","properties":{"id":"06-204","name":"Bhiwani","source_name":"Bhiwani","state_id":"06","source_agency":"Survey of India (SOI)","district_code":"059"},"geometry":{"type":"MultiPolygon","coordinates":[[[[76.22861636776547,28.989183411079274],[76.22651164752477,28.98717857397313],[76.2243319481622,28.982588955967078],[76.22098239330685,28.979579199794774],[76.21602304811611,28.975874498317722],[76.21386333996985,28.972759754250266],[76.21379335636745,28.971079896898203],[76.2148328342548,28.967671068524687],[76.2144732677392,28.962644132706522],[76.21343345511333,28.959940842378796],[76.21324846728638,28.95670139579246],[76.21242745122738,28.95529473274637],[76.21849283432324,28.95369139072177],[76.2224431410557,28.953386973099505],[76.22305232774839,28.950342470551696],[76.2271717423491,28.94854186118642],[76.23153119524379,28.946042089710915],[76.23645297431077,28.943886531157837],[76.24392240961282,28.941445948555245],[76.24229985595302,28.9366029326598],[76.2397801962065,28.93343319072529],[76.23935026567862,28.930023479185163],[76.23646067343913,28.922664096402993],[76.23630071763034,28.917054571628015],[76.23572537714654,28.911480549842526],[76.23800053151038,28.910425142201618],[76.24359440455206,28.909446021321763],[76.25363855461839,28.903885756032697],[76.25590990696179,28.90518552271239],[76.25944780507314,28.904905687599673],[76.26769392204264,28.90299982808585],[76.27085231854325,28.903355805501693],[76.2775154524049,28.905929589421003],[76.27791510623535,28.908309549369477],[76.28247483762094,28.90715558302569],[76.28891709638508,28.906440918810592],[76.29650134934853,28.903656562683512],[76.30441070843052,28.90131116320369],[76.30697173713565,28.898416413627235],[76.30890172365194,28.898706867625133],[76.31004132832028,28.900966210943945],[76.31783033432231,28.89973634207561],[76.31927015666066,28.898716435796963],[76.32590930958283,28.89689661368947],[76.33323837604244,28.896216699281545],[76.34083739595573,28.896486705202744],[76.34206724526314,28.895836764993298],[76.3475965392534,28.894896863185217],[76.34889636482478,28.896156760303615],[76.3526296546111,28.895297880915955],[76.35101006086144,28.893224137347964],[76.35224041680978,28.891153412607547],[76.35554554887904,28.889037392440056],[76.35822857961769,28.886174736233713],[76.35831521404948,28.884077822966823],[76.36070492480896,28.880548132376163],[76.36260468898006,28.879088262955435],[76.36519057141803,28.878868796507085],[76.36243472263122,28.87637849328573],[76.35905518411705,28.871148926337998],[76.35274603268515,28.862879605590553],[76.34873657510207,28.856480132221485],[76.34794867419,28.853603724507643],[76.3458469797517,28.849600706332044],[76.34462222211282,28.849517579204022],[76.3440115303055,28.844583389203795],[76.34487713841206,28.842631292116405],[76.34497713832936,28.840141504927978],[76.34707687515875,28.83884162473232],[76.34694689659574,28.837811709835215],[76.34444516994722,28.83398617982502],[76.34413671918377,28.831372303518723],[76.34106771721595,28.823962864536128],[76.33626817823128,28.819132536471248],[76.33414497452667,28.814705994721102],[76.33402835928739,28.81348911782884],[76.33232562497133,28.813872472633804],[76.3210584762548,28.814552601457763],[76.31348940271855,28.814137846078832],[76.31205924864862,28.811988214585003],[76.30739074177339,28.808996338306276],[76.30589535407678,28.80892819612784],[76.29990341491822,28.809973843948438],[76.2938394497475,28.808458988072662],[76.2919777757926,28.80671886817689],[76.29256770517114,28.796935678176133],[76.29186215347313,28.788325925121676],[76.2922572375473,28.785118984559887],[76.29042089030476,28.782700676109634],[76.29059928960372,28.781591337428676],[76.28805605019525,28.77856519105769],[76.27776604555166,28.77953640103098],[76.27732400042471,28.772987729379064],[76.27580517890182,28.763226396500123],[76.27456577969009,28.7617279593462],[76.27426659528756,28.75839818075215],[76.27577305461489,28.75777083854952],[76.27395142131593,28.756750354425066],[76.27569359678634,28.755076946654437],[76.27388947195739,28.748795480112992],[76.27355674358047,28.745889239282285],[76.27164700773234,28.741799577780647],[76.26931731309713,28.740349693682454],[76.26437796859739,28.735550082318042],[76.26036847318983,28.73779987684623],[76.2574088405524,28.74035964814183],[76.25543908706392,28.741209567879675],[76.25277609370434,28.737969175901345],[76.25357934298847,28.737889846043995],[76.25172961151384,28.731120410003093],[76.24968236406039,28.72783348424027],[76.24891999625336,28.725660863491917],[76.24586039312352,28.72432096720946],[76.23815993476019,28.722728979727314],[76.23800141551416,28.721411183855196],[76.24221090896062,28.71465177257321],[76.24382597008488,28.70968803849276],[76.24421908761755,28.705728111905195],[76.24323041551204,28.699812885769287],[76.23093532218324,28.696036547085342],[76.23334437639308,28.68847065679462],[76.23286992229649,28.68483482951659],[76.23275986193663,28.677327930156803],[76.226300216607,28.676738365979812],[76.21696230163428,28.676816255566955],[76.20288341609175,28.67589579776732],[76.20394549958678,28.6801540106442],[76.1968152956793,28.68188140891562],[76.19310704883763,28.68308336869972],[76.1925284838248,28.682289575194766],[76.19047219847424,28.682863585659636],[76.18750254027745,28.67884078090379],[76.18297082675838,28.671168856654955],[76.17823383965114,28.670760354135002],[76.17762903558271,28.668315354318622],[76.17174853856643,28.672910160809433],[76.16942761601655,28.676380287388284],[76.16745854235822,28.67752234265096],[76.16356078109636,28.678394214127316],[76.1595814743292,28.68055625209095],[76.15229203921497,28.68294454964741],[76.15014876956991,28.684163009956574],[76.14982674866921,28.68525481004965],[76.14553469087629,28.68696545429022],[76.14241898557843,28.686704198622788],[76.13377280848809,28.687305109209994],[76.12636963275489,28.682590947966087],[76.1242362821772,28.68165258370933],[76.12704482887122,28.680258560109763],[76.12892721475019,28.67461018984941],[76.13514691627864,28.667111818142388],[76.13564757759843,28.661021276700723],[76.13538124789667,28.657082881277525],[76.13279252491347,28.648502249774683],[76.1291460877416,28.649066340383587],[76.12565811168835,28.65101538590506],[76.12274287977876,28.651335674009328],[76.12362763472062,28.656072684592054],[76.1235662926993,28.658766028262228],[76.12697795506715,28.66511360108776],[76.12359695230582,28.667446094764276],[76.12098293331294,28.671050663956358],[76.12121815403681,28.674235750438474],[76.11795947549516,28.674912395031107],[76.11795945409392,28.675792055578157],[76.11449114127889,28.67579186094914],[76.11198983825274,28.673563041904966],[76.10866977659953,28.67467700733144],[76.10541107960125,28.674857053336908],[76.10276137806423,28.674184421227345],[76.10132309609993,28.677942202703246],[76.10132274455087,28.679647561801502],[76.09733724277964,28.680882941326384],[76.09691319864001,28.6785414198815],[76.09869347934097,28.678410953834224],[76.09750241528316,28.675144417987003],[76.1010324595923,28.673539001307006],[76.10027098397701,28.670638009426796],[76.0984504922191,28.668381989474565],[76.09965313154176,28.665973079369284],[76.10294759861809,28.664340471567417],[76.10374068014333,28.662784143140247],[76.10368514307827,28.65938709640691],[76.10441671883203,28.65821872012373],[76.10394661146019,28.656044097494156],[76.10552720641724,28.654740540207168],[76.10115932242685,28.65531732055607],[76.08362484703905,28.659445671257483],[76.082294772207,28.660058778120444],[76.08376144903866,28.663352646002718],[76.08570414070633,28.66610068541939],[76.08575477614907,28.667643563733556],[76.08302817920172,28.667913435933404],[76.08264513470591,28.66605113171172],[76.07690544915697,28.667645279176373],[76.07277237310292,28.667675368416674],[76.07113104758362,28.666402465350703],[76.06872190246449,28.66627520727362],[76.06786917706336,28.66344616609466],[76.06296428062971,28.662717692168606],[76.05942642532632,28.66012193094892],[76.0559179452328,28.659538236746787],[76.0556688063563,28.657323034246183],[76.05024318428896,28.65574112442433],[76.05021335551808,28.65465388845975],[76.04782998341453,28.654521711779406],[76.04658389314014,28.652057741575913],[76.04554050205961,28.652057140100286],[76.04363465841132,28.649750669206174],[76.044398679276,28.64705329880838],[76.04363824360388,28.645031710913656],[76.0398798275822,28.644433828697778],[76.0389398815217,28.64318810474435],[76.03569252650638,28.643190560737917],[76.03253282635917,28.64230420988117],[76.03062520567867,28.642406638771348],[76.02277233851652,28.64019039253614],[76.01941927753596,28.63847795377903],[76.01611037884602,28.63879116845572],[76.01485418584176,28.637084866675202],[76.01279364294847,28.636767344242585],[76.00900617465236,28.635185124683893],[76.00595164908727,28.63206958192036],[76.00607431786051,28.62756282403283],[76.00350103020239,28.62426259755277],[75.99516870966792,28.622258793870863],[75.99325816890656,28.620088999790916],[75.99056443719076,28.619445144269758],[75.98541059973618,28.616868189094948],[75.97935094219503,28.616947030946612],[75.97463700273336,28.61565815546653],[75.9721825555456,28.61392819907873],[75.96442942287888,28.61078049724979],[75.96420773612772,28.608182951589257],[75.95633162284655,28.604517537060623],[75.94922457940628,28.60341011824629],[75.94662008189384,28.603850973788596],[75.94269810206167,28.60354285890399],[75.9333103374969,28.60729514025015],[75.92511511517749,28.607195072837428],[75.9215733182743,28.606420926116314],[75.91797365719269,28.607223384970855],[75.91458677315575,28.60913719117898],[75.90762120785445,28.61076753467617],[75.904986817186,28.610070235799263],[75.89933773694348,28.60973537391052],[75.8948593039547,28.608417855141816],[75.89089753108615,28.608330419339172],[75.88898725810087,28.605851063743525],[75.88314880615692,28.604063317130116],[75.8807630225859,28.600311413514913],[75.87229551820259,28.597997263361158],[75.87083447277833,28.59799722886699],[75.866349533558,28.596421209073164],[75.86424496753806,28.593826346259714],[75.86178291145153,28.59333519070298],[75.85689866537115,28.591335976148095],[75.84991032452517,28.58796866568064],[75.84717054154943,28.586951317685365],[75.84760995119615,28.58477959833871],[75.84705493859148,28.581308123503756],[75.84777031677949,28.57871345646193],[75.8476519104516,28.576048543930842],[75.846382109826,28.573032754213383],[75.84654145074994,28.571209382928913],[75.85005052580408,28.56669786487071],[75.84782019008647,28.566400703707718],[75.84218386316283,28.562226827818645],[75.83908761039726,28.561033895495363],[75.83650798372058,28.558789052858224],[75.83293575809621,28.55710489804359],[75.83084147280103,28.553632726118963],[75.82810217571499,28.547192332146277],[75.82552588282178,28.545215387878425],[75.82493173069065,28.54272562008538],[75.82299072669817,28.53890220762026],[75.82307164356442,28.535746377897706],[75.82446262095178,28.531854688991718],[75.82490876412695,28.52922497955454],[75.82301128637806,28.516606130306137],[75.82132198125278,28.51623853869211],[75.82056299520832,28.514643984930274],[75.8159363719076,28.512597409631432],[75.81685626032247,28.51084756107625],[75.82154566193718,28.510497605373626],[75.82268131278347,28.5088514668395],[75.82543517668202,28.50765785695045],[75.83142442263593,28.504318159032003],[75.83717837594098,28.502075188961825],[75.84416160713239,28.502147101558297],[75.84842741001796,28.500254470592232],[75.85257531914345,28.499423211828642],[75.85347933611055,28.49720445447811],[75.86305976139133,28.497105506002242],[75.86636669760647,28.496421309436226],[75.87141252795433,28.49429569271668],[75.8733026891359,28.492027629064655],[75.87803380481273,28.490474803347116],[75.87818508051791,28.49457770505746],[75.87939485884755,28.502127135130014],[75.8794348225551,28.50569685634006],[75.88007472073134,28.507826699823408],[75.87997470296831,28.51107644446427],[75.8808645673843,28.513986232008406],[75.88906897654225,28.5145447328793],[75.88943339072256,28.515188475368394],[75.89572316438922,28.515899179868928],[75.89979212383824,28.515406472047736],[75.89996212699046,28.512946672057403],[75.89897348561523,28.500721635525245],[75.90280187268831,28.500257716979565],[75.90759125540757,28.500247806984657],[75.92376010796391,28.497556273043394],[75.93624804054488,28.49522318017045],[75.93531330773828,28.488833289026903],[75.93402077024722,28.48385646905106],[75.93372495251532,28.479192031972453],[75.93059336557646,28.479041604854082],[75.92560575792568,28.48076154425116],[75.90969482174158,28.485703452777628],[75.90561454587159,28.4866179485719],[75.90331712036051,28.487834420806905],[75.89905843135058,28.489203972184633],[75.89526662887879,28.489643329565517],[75.88336252308859,28.489962271933745],[75.88029384025391,28.489005670637468],[75.88320357456804,28.485032543100594],[75.88507404724128,28.483997327230874],[75.88599608222678,28.48004033266109],[75.88912627022997,28.474573345452196],[75.89044304100081,28.474253670007066],[75.8952953808189,28.471232118203588],[75.89899803166578,28.4704801951612],[75.90232446007225,28.465524827172175],[75.9041370318113,28.46218527140176],[75.909709141871,28.45792323364089],[75.90968945507949,28.455468968519618],[75.91085915757148,28.45444244248201],[75.90995138183042,28.45127044571127],[75.90826952254831,28.443051376193264],[75.90910122726332,28.436979796243467],[75.90397623720281,28.434726390842762],[75.90260208615601,28.432343956789882],[75.9035179544611,28.431772161682655],[75.90426879547938,28.42842572529996],[75.90328686259836,28.42684583355654],[75.89784803255785,28.425622300311094],[75.89734400399927,28.423373512978614],[75.90051070987708,28.422667787075916],[75.89968245973371,28.420242482502626],[75.89736807196033,28.416804333325544],[75.89829647413234,28.414743026822205],[75.90114112701626,28.413963155829247],[75.90353196574104,28.41106807929472],[75.90216942730484,28.408182756680723],[75.8988968556144,28.408383741919774],[75.8995751732903,28.40254987433112],[75.90055374107102,28.399374556189525],[75.89682823023192,28.399041285574107],[75.89632444790895,28.39743814770143],[75.8970524263825,28.395263078291215],[75.8967512729407,28.3923837175078],[75.8957134338197,28.392213036515972],[75.89634878258809,28.390110894034382],[75.89331061942642,28.389887160049135],[75.89169904729259,28.38684014389881],[75.89150559719988,28.38385891201193],[75.89010991310235,28.383084262598615],[75.88660938114376,28.385131008331623],[75.88527054037813,28.384685560871475],[75.8815292730944,28.385986036232545],[75.87870752631166,28.385540013743146],[75.87509978178419,28.387234268722228],[75.8719701736475,28.38619514166549],[75.87141765466129,28.38705039549357],[75.86654475617274,28.385105830886886],[75.86359292721234,28.385608947115053],[75.86407185082032,28.38896548749492],[75.85872940303408,28.389220559895758],[75.85471635637295,28.389865395851878],[75.85448836497625,28.391578238046755],[75.85175465300553,28.391881641378287],[75.84491467403844,28.391797124963208],[75.84430683066478,28.3946040935393],[75.84007986284072,28.394175089219868],[75.83742788443186,28.3974111928439],[75.83739550994805,28.402126135115083],[75.83457754557804,28.403010071402683],[75.8328310100809,28.40539370525765],[75.8273644995227,28.405120107254277],[75.82479720573883,28.40300253624292],[75.82209175991784,28.403082618247847],[75.82278053859562,28.405738867996316],[75.82014186070978,28.40659328090958],[75.81865312866593,28.40995101453732],[75.81533274498503,28.409678845493552],[75.81539972850783,28.407649628631063],[75.81248016001904,28.407774536472264],[75.80980047799616,28.405871130441717],[75.80600363024593,28.405888463943743],[75.80692338762096,28.409170517246906],[75.80523258052007,28.408975971758814],[75.799548284379,28.40718638104771],[75.79946291955554,28.40380744219584],[75.79790460010334,28.403515118767007],[75.79711625595067,28.400970812252716],[75.79463556682698,28.399687861008342],[75.78997899524092,28.401236909460035],[75.78857603737225,28.401235631769595],[75.78855100646291,28.404184905130847],[75.78551624047357,28.40422457873581],[75.78536428611434,28.402146631432426],[75.78275237013737,28.401970119931843],[75.78130440162877,28.401017629598698],[75.77686325224522,28.400458771692637],[75.7763198716035,28.404145367077955],[75.77201882557515,28.40743412599441],[75.77021289271583,28.412269250920232],[75.76657216072255,28.413403113173903],[75.76758170243164,28.41791796093364],[75.76818639173777,28.418033520331253],[75.76969729027962,28.42281251262252],[75.77221877358139,28.42441178826098],[75.77601865708412,28.424563185158547],[75.77689368409283,28.426157375119345],[75.77977231243636,28.42753449838261],[75.7809642951897,28.43294694952535],[75.78206098657932,28.433624430611584],[75.78523346742388,28.43305583175917],[75.78850471979604,28.433599320279086],[75.79052271819796,28.44032030026806],[75.79197844517147,28.442778069601527],[75.7919304585288,28.44544187900061],[75.79107513524262,28.445816388296556],[75.79047782234554,28.448592681294254],[75.7882779719141,28.453593977360978],[75.78381348690412,28.453403045273355],[75.78340758858751,28.455459111826666],[75.78079479236895,28.456087737530957],[75.78054278249165,28.45690850498636],[75.77801699540125,28.457293375305515],[75.7669677073759,28.461346012538733],[75.7616739354607,28.46217674899257],[75.75282092861951,28.464255627074365],[75.74916001746922,28.465990845724278],[75.74587107085301,28.46588980061358],[75.74332095323415,28.467172678701882],[75.74019680484373,28.467430015852575],[75.73565085909465,28.46888124799862],[75.73632831760706,28.47316533220863],[75.73566269634907,28.475984515621224],[75.73840619933584,28.4774982038977],[75.7387277119101,28.48201838752204],[75.73946323915268,28.48477630297241],[75.7344776413913,28.4846917525876],[75.73134585436748,28.485979255819224],[75.72981377284417,28.487294790114532],[75.72927917854977,28.49056974636727],[75.72762000150938,28.490827944485556],[75.72551346242506,28.48954413013891],[75.72108614896516,28.490310122640775],[75.71720022691632,28.4905329865898],[75.71339605563901,28.491989186206883],[75.71039123640199,28.49252238789554],[75.70845697693326,28.493720931125075],[75.70695584629459,28.492437246586846],[75.70299671552112,28.492050515180814],[75.70087773713372,28.49261557614192],[75.69923426980087,28.495441591476688],[75.69672365376057,28.49639287268862],[75.69328935298854,28.49864658717216],[75.69025271832271,28.499813253011922],[75.68814203339792,28.50437777027063],[75.68566370038317,28.507358058804886],[75.68425298616964,28.510935114484063],[75.68119730424573,28.51244198460289],[75.67737376530535,28.51529987392108],[75.67089967280417,28.517360272273194],[75.67130659824392,28.5217664770368],[75.66965307539273,28.529955184499478],[75.6707108148374,28.531801594547673],[75.66873558728163,28.532050739316603],[75.66578062776117,28.536032798490837],[75.66369908917493,28.53679990344582],[75.65766134881453,28.53634968916255],[75.65419951197653,28.53645915654923],[75.65162156665109,28.53773386000889],[75.64522246688753,28.53941488511969],[75.63993651008896,28.543914830068598],[75.63868058450178,28.544365707021285],[75.63337562676917,28.5446307606801],[75.63300054118194,28.54754005885511],[75.63194294502307,28.550465753367103],[75.63185400195968,28.5532528527721],[75.6307040220489,28.556314744010965],[75.62803493870933,28.560250442553276],[75.62579704105943,28.565454139010637],[75.62577344178764,28.575216280253642],[75.62415605627636,28.581821818841227],[75.62319729428071,28.5890522883644],[75.6232468920742,28.591886936479572],[75.62401369979034,28.595024515515743],[75.62353774018328,28.598556046154833],[75.62241462285373,28.601395145944473],[75.61889522929351,28.603332673670106],[75.60966119051453,28.6039834903909],[75.60031233775392,28.60410846680869],[75.59374874205922,28.605911673818824],[75.59117179277833,28.6056059321326],[75.5880820751606,28.60751458008508],[75.58699556024499,28.61014391703418],[75.58659664278198,28.61299725045652],[75.58063879556295,28.6136462897942],[75.56539210205018,28.612952595910258],[75.56154744487428,28.613207499555493],[75.56140960830076,28.618167760010333],[75.56080972433098,28.62499858629843],[75.56027723481184,28.627800879643633],[75.56070615671119,28.635959428073548],[75.55799224524536,28.63902239848753],[75.55534555863048,28.64328878434391],[75.55386918053372,28.64391159505409],[75.54950885606691,28.641497916191945],[75.5470303479023,28.64600689306897],[75.54689207307902,28.649592725212493],[75.54423045485964,28.654187518834714],[75.54393070826954,28.656030690451928],[75.54506736981189,28.659476130303343],[75.54118749795076,28.6605296174527],[75.54221968643485,28.663641845495405],[75.54354279861555,28.6702454037054],[75.54434808457725,28.68154084415235],[75.54499808038507,28.683145156468957],[75.5440479042652,28.68381488955672],[75.5404606795819,28.69108521716869],[75.5388838362856,28.694818812925945],[75.53991347654843,28.696758522248246],[75.5387985168145,28.699697363880848],[75.53917536287139,28.703408114879565],[75.53855013200858,28.704772269612246],[75.5378667546376,28.71080452512533],[75.53816382921006,28.71248040914123],[75.53742644865116,28.718052784583772],[75.53989368214238,28.721381929035623],[75.53994513090538,28.72492491907678],[75.53801646749929,28.72666744384845],[75.53043316872274,28.73829498418433],[75.53081179795969,28.739899139719956],[75.53233186915597,28.740019893593736],[75.53294041996854,28.742623996724543],[75.53539628817263,28.74370293535469],[75.53602178659212,28.745014913651765],[75.5399893493469,28.746997621589955],[75.54061321957585,28.74926961000898],[75.5348014441548,28.746636727676734],[75.53034201152708,28.74747664337629],[75.52913178566995,28.748700843518183],[75.52870220421093,28.75195625873385],[75.52734403306505,28.753616378281112],[75.52591255521001,28.75389608734004],[75.52386280495952,28.75719579983061],[75.52395459812908,28.760992725694443],[75.52219539933199,28.761084547476667],[75.52147632834566,28.763750918346304],[75.52297288510826,28.766045046019364],[75.52110338395441,28.768833420201382],[75.51808350046691,28.769214764799333],[75.51647370267985,28.77072463085052],[75.51782352348302,28.772654470010327],[75.51673365217674,28.774799284958895],[75.51418963625957,28.774454471488315],[75.51343406696837,28.776794106910128],[75.51140905216383,28.780501492929304],[75.5083360101414,28.78063909419639],[75.50730447072338,28.781794670771163],[75.50357195110219,28.781972589209296],[75.50348427927929,28.783396250157217],[75.50485130724725,28.787601038096017],[75.50814799077942,28.788640992955415],[75.50814792699407,28.79011692935651],[75.50636415361454,28.79095682452108],[75.5098673821013,28.791650211856716],[75.50978139085227,28.793304353752458],[75.5114017815787,28.79350401715425],[75.51077076991221,28.795592377548765],[75.50886908571313,28.795640474784992],[75.5085842168474,28.800840905483284],[75.5089145500752,28.802801887224998],[75.51184416928164,28.804261770304773],[75.51198414380347,28.80583163928577],[75.51436383003293,28.808121450837877],[75.51471377553423,28.81067123647858],[75.51614358498395,28.812381096887936],[75.5192131917871,28.812636082192885],[75.51851326444103,28.816710735040374],[75.51909317305918,28.8218602998482],[75.5200930435308,28.822220267983887],[75.51898316842741,28.82631992055249],[75.52026298934403,28.830049606210565],[75.52022298217871,28.83403927045828],[75.51922310524058,28.834599216986273],[75.51570633366256,28.834264851023597],[75.51507363666335,28.83540913620137],[75.51634346137581,28.838358890436048],[75.51529358921178,28.839878759524183],[75.50780455405939,28.839258788654963],[75.5076545594418,28.8428484817558],[75.50504488851753,28.844388343004574],[75.5053138006928,28.85115218828815],[75.50103093042165,28.85098456721733],[75.49921067016064,28.848749003006276],[75.49848374908032,28.848957567842394],[75.49705582775437,28.8549662530673],[75.49689877629517,28.85879196304785],[75.49751881976584,28.860733274861783],[75.49858961938395,28.87048342968124],[75.49845363783913,28.874099848938],[75.49777262938966,28.876946366280713],[75.4981158975429,28.87928865238002],[75.49715919962036,28.882020164438813],[75.49692539898373,28.885292451262472],[75.49738931754219,28.891736781146236],[75.49655014501018,28.896259550709075],[75.49422629279063,28.89756055421111],[75.49380850356592,28.900398769411627],[75.49279689190965,28.901230708307153],[75.48995732726746,28.901103998192998],[75.48754616578225,28.9032063333174],[75.486304252929,28.90663957401579],[75.48729930934878,28.90792694064653],[75.48395690168283,28.907577375577322],[75.48489937213803,28.90869822044065],[75.48164079956288,28.911385857390783],[75.47428291690221,28.921105122946315],[75.47337232222831,28.923424327005335],[75.47553606503182,28.92871412481731],[75.4763094624821,28.932055301076925],[75.47719678348413,28.93474190129808],[75.48051475017589,28.93324416281755],[75.48414811353769,28.93361788530949],[75.4841973357951,28.934678779034662],[75.49071300057798,28.934451075788164],[75.49331001320213,28.936313621632543],[75.4940931247603,28.934795025462094],[75.49872842824345,28.934029924945623],[75.5007091737067,28.93477178929419],[75.50044997192656,28.935979228777672],[75.50293676153095,28.936537435339474],[75.50556593307856,28.935943315099244],[75.50618860577234,28.938009438250617],[75.50768370827903,28.93816435939022],[75.50871847689024,28.942288403927254],[75.51153988912692,28.942104279618107],[75.51184567150328,28.943737093870503],[75.51025027777986,28.944651344988998],[75.5083312954261,28.94835122870049],[75.50885761191532,28.95022976400148],[75.51043827594663,28.950498790305303],[75.51001210522173,28.95384075160832],[75.51271313040434,28.955330659584646],[75.51228345461682,28.957375887890574],[75.51472771896759,28.960772872531265],[75.51604623131573,28.96061217501127],[75.51871122965501,28.96312541046593],[75.52114238790655,28.96291386640286],[75.523204135558,28.967415309894616],[75.52417729497789,28.967535683710345],[75.52434072631716,28.96953909852029],[75.52723682858537,28.970498109410077],[75.53773022365826,28.968077929513896],[75.54800683197834,28.966405336556246],[75.55438710435617,28.97227363538732],[75.56492419526572,28.98054476527089],[75.57012798067396,28.98070937518829],[75.57200576172644,28.981236913582556],[75.57932379789627,28.981829678201937],[75.57983855505827,28.984235494744315],[75.58257324555188,28.98599066894341],[75.58287042429389,28.983274677297814],[75.58642045774303,28.982739177541625],[75.58704062058716,28.983826260831556],[75.58985083160012,28.98402903719316],[75.59149124291932,28.98543917997741],[75.59351749532539,28.988533695952853],[75.59679255152957,28.989696267894423],[75.60157192886366,28.989666284132714],[75.60633132938943,28.988726379039296],[75.61600574938218,28.985633474996224],[75.62021863168818,28.98362137824736],[75.6231988827435,28.981311712462077],[75.62809894196454,28.976322336815777],[75.62981361510508,28.978212292284947],[75.63054825876004,28.975897544929524],[75.62962964469659,28.973599409889665],[75.63123819181861,28.97061799779569],[75.6329941483603,28.970671371451],[75.63542721052124,28.969631707526673],[75.63675767106942,28.96782952139395],[75.6363074943484,28.96305647079397],[75.63884977419303,28.962232357551514],[75.6395886064249,28.957718492241117],[75.63788795970952,28.95406335521932],[75.6391547098812,28.95376396209822],[75.63925353180225,28.951914036149805],[75.64079378558033,28.94917571628874],[75.64171866045422,28.950010187166917],[75.64411290862299,28.948551023973433],[75.64345666699548,28.94656992049042],[75.64577125238183,28.94631741487629],[75.6480361507685,28.941720505524422],[75.64788619313448,28.93772084476435],[75.65002132051856,28.936435189540646],[75.65461026175952,28.936699673833697],[75.6579348822824,28.938483835739113],[75.65879629702077,28.939771718136353],[75.66025601459974,28.93817392067563],[75.66237504520076,28.938029004973153],[75.66260360039934,28.93644009876121],[75.66437702129888,28.935720564733188],[75.66443653884879,28.933775713022694],[75.66555423217339,28.933280240353163],[75.66775997177872,28.929367084865003],[75.66997806116079,28.92899022018434],[75.67184248455267,28.927473063519578],[75.67395290980319,28.91933248666104],[75.67858044809545,28.915761516353047],[75.68032559879353,28.91228566947049],[75.68238186078631,28.91098322466362],[75.68462933947873,28.910993942770123],[75.69109749143749,28.907245895171613],[75.69518725289323,28.90591547230592],[75.70714871035702,28.904273872816866],[75.70924843955773,28.904363871873848],[75.71426291867584,28.903232029403085],[75.7183472713037,28.90413391903837],[75.72447648351952,28.904913872120666],[75.73061569612116,28.905273860029993],[75.73667491446288,28.905053898609445],[75.74395398012312,28.905263903713024],[75.75107306848722,28.904573984750268],[75.75139302603885,28.905298924070923],[75.75383271424934,28.904813972017212],[75.75849212925863,28.90250418083893],[75.76240162792004,28.901364291739828],[75.76781094308785,28.898814528073245],[75.77132049049916,28.899594470391015],[75.7728702735395,28.90388411142493],[75.77753964021709,28.91217342292598],[75.77776854333213,28.918071517952967],[75.78547858671556,28.921312670868343],[75.79172776380844,28.925222358726277],[75.79978701049227,28.925763018980447],[75.81127527990031,28.919162937455397],[75.81373497753854,28.915763235085027],[75.82255385087073,28.914423377004642],[75.8247035784376,28.913553459022943],[75.8290736681124,28.912989229900628],[75.83206264051171,28.91158364980131],[75.83733196076602,28.912643575541853],[75.84746559651518,28.920917401410723],[75.8508501710726,28.92553252310397],[75.85669939196887,28.932251969604348],[75.85856913890322,28.935211725908708],[75.85865910862117,28.939451368290502],[75.85323974966069,28.95252023656759],[75.85746919035554,28.956229935100446],[75.86301846331052,28.959719654422464],[75.86715791009233,28.964469266830726],[75.87043747977029,28.96711905287052],[75.87370704927282,28.96915888851629],[75.87790650269494,28.971018744740057],[75.88400567725391,28.981487873198088],[75.88559544837571,28.986387462412218],[75.88576541799009,28.988237306412085],[75.88688527518839,28.988237309840933],[75.89303449419194,28.986027518028017],[75.89548418059138,28.985867539848982],[75.89675400935621,28.988167348580735],[75.89678398779569,28.991947025869315],[75.8983637611768,28.997486560942093],[75.89831375141165,29.001046257769584],[75.89731386996799,29.003686029897498],[75.89982353211327,29.007095747453604],[75.90451288775337,29.017184903855945],[75.91151336137082,29.021479555426343],[75.92215059365842,29.023084460033516],[75.93035955543891,29.019464794071283],[75.93584886988444,29.015215176016856],[75.9466475050518,29.009435702885646],[75.94818731604792,29.008315805773364],[75.94896722588196,29.0054260533835],[75.95015707489945,29.004676120808337],[75.95531641663437,29.0045161515454],[75.95703619688068,29.003206269329628],[75.95898596025123,29.000026547015754],[75.96117568344485,28.99954659348148],[75.96791482835346,28.99712682279596],[75.97214428626292,28.996326906835023],[75.97572882460248,28.99628691972286],[75.97938335868815,28.9954570038384],[75.97930335301363,28.999436666967775],[75.97838346737929,28.999986615173675],[75.97809345302012,29.011395643401222],[75.97721355718004,29.013895427611523],[75.97780346814108,29.017955084778034],[75.97747346532765,29.027454273625484],[75.97830334513063,29.030733199866606],[75.97457381873076,29.03201387695935],[75.97387388662194,29.036283512392625],[75.9734139171152,29.04308292792437],[75.9725340164154,29.04620266132768],[75.97005430723809,29.05272209998578],[75.96816952190547,29.05896655853799],[75.96890442169334,29.060471433152692],[75.96796453365916,29.062681242363606],[75.97595348843814,29.06732088336136],[75.98081282677424,29.075120223894423],[75.98387240606505,29.08137970323439],[75.98635209552556,29.079349884137503],[75.9903415926838,29.077040094175203],[75.99210006779182,29.074388763793987],[75.99547095892977,29.070970629442105],[76.00184016270384,29.06613106103937],[76.0101391165824,29.06107152282342],[76.0127687827921,29.06022160294303],[76.01657829004917,29.060711575661465],[76.01738818320293,29.061351521753473],[76.02228755149632,29.06199148563393],[76.02287254281755,29.06274864284774],[76.0276018575046,29.064476292971452],[76.03139637366299,29.06444130889801],[76.0349459200547,29.062661471063837],[76.03915326345859,29.061359113166056],[76.04093514632464,29.063541417251994],[76.04408723140016,29.065966222995687],[76.04528459289968,29.06226154096998],[76.04367481875873,29.05791190891378],[76.0435648886635,29.04544296904696],[76.04397485263993,29.04195326722154],[76.04559466558993,29.037263670962627],[76.05097400239632,29.031034220072826],[76.05231383488311,29.029974315102717],[76.05907297878699,29.026894601447893],[76.0647822601248,29.02355490423956],[76.06860979519726,29.022829078116285],[76.07497095734364,29.022964990584658],[76.0755208745422,29.024384872287904],[76.0746809692029,29.02797456312621],[76.07589080052672,29.030674338469407],[76.07556083095032,29.033334109923306],[76.07774053009427,29.037933726525445],[76.0802501930473,29.041183458014018],[76.08764922407771,29.04493316332831],[76.08991893588514,29.04454320338403],[76.09770792604657,29.04601310726946],[76.09826784856492,29.04732299792357],[76.10021760409073,29.046343086081546],[76.11573563182401,29.04119358160201],[76.11831465097961,29.04095420097966],[76.1315573280511,29.035167346610365],[76.13310431795598,29.039857887901245],[76.13716349504645,29.045463329144173],[76.13898518583458,29.045588990054217],[76.14181511737534,29.044319650669777],[76.14752379343491,29.044508282784395],[76.15037797748104,29.044151312877535],[76.152041801902,29.045869812788695],[76.15512754099402,29.047091608776025],[76.15761226344769,29.04710679870469],[76.15776137014208,29.047884957330247],[76.16659787500569,29.050747102954475],[76.1771012238344,29.050752776909807],[76.1799973216828,29.052012887500403],[76.18181658766213,29.05103978798634],[76.18764634388984,29.050613035749727],[76.18901616368024,29.051412972389983],[76.19132586798632,29.051123004335107],[76.19312564972452,29.048383242278543],[76.20031475470037,29.042093806412662],[76.20111465911947,29.040873913195316],[76.20093470718984,29.03567435337248],[76.20148464189585,29.03445446054926],[76.20663399917399,29.02988486736175],[76.20622405924551,29.028584977411576],[76.20291948750005,29.02808000910796],[76.20005486950842,29.024735281706185],[76.19954494837529,29.022135501950135],[76.19770519921104,29.019055756239275],[76.19640536621415,29.01916574356927],[76.19718527764753,29.01678594967821],[76.20049485580485,29.015706054647076],[76.20103479821692,29.01319626891331],[76.20209466450966,29.012636319627806],[76.20283458166922,29.009986548351492],[76.20174473623209,29.00684681211916],[76.20460923426675,29.006181378484857],[76.2049243389696,29.004936986176993],[76.20906381457046,29.002697192492022],[76.209593759543,29.000047417032178],[76.21171349226296,28.999087507812614],[76.2170528283863,28.99457791136192],[76.22509180801178,28.99148820209376],[76.22710173647936,28.991236857275233],[76.22861636776547,28.989183411079274]]]]}},{"type":"Feature","properties":{"id":"06-205","name":"Faridabad","source_name":"Faridabad","state_id":"06","source_agency":"Survey of India (SOI)","district_code":"060"},"geometry":{"type":"MultiPolygon","coordinates":[[[[77.497986560849,28.248061472153452],[77.49485597504349,28.246895286745268],[77.49320156868181,28.243607743662682],[77.49351389077302,28.2358247947011],[77.49770173557528,28.231652232116392],[77.49773509384134,28.22959040504016],[77.49561782530573,28.229443904406587],[77.49363773966687,28.228159316498832],[77.49158610053934,28.224664520637578],[77.4890416165007,28.22216262776932],[77.49014864590315,28.218994508580604],[77.48835248863935,28.217740671066455],[77.48710735116371,28.218604528756476],[77.48613726015519,28.221303324867346],[77.48426755860154,28.221020631995284],[77.48294971564056,28.21827701764188],[77.47854648453931,28.218386906957868],[77.47746355923945,28.216974443205064],[77.47848252094958,28.214372848849344],[77.47099838925374,28.21556020213028],[77.46988020231692,28.212506549206733],[77.46816783478886,28.21139782483946],[77.46637762389143,28.20856116129369],[77.45990067056766,28.21042420875568],[77.45664333540869,28.20684389224236],[77.45662193758915,28.20550385148551],[77.44902953879159,28.207412146667714],[77.4456321873283,28.206935749783774],[77.4421132129395,28.207546617923843],[77.44241003008831,28.209784307947093],[77.4342224432747,28.213920914799896],[77.42491812315059,28.20594782885792],[77.42372696881816,28.207216104701846],[77.41982423880576,28.20530745187718],[77.41776097554668,28.202322851648987],[77.41581477731266,28.200455578123034],[77.41180255652449,28.20302845849312],[77.4136725214767,28.205333485987847],[77.4140703500256,28.206962104531122],[77.41146858120183,28.20925028798574],[77.4099416420198,28.212255469231525],[77.40761467937669,28.21462469216715],[77.40550499395815,28.21117373627309],[77.39700012886301,28.21515474572569],[77.39542619910294,28.215033248216844],[77.39172853389374,28.21615263616611],[77.38177099526577,28.220638166234473],[77.38033964975195,28.221008197704307],[77.37768076046444,28.223327350364816],[77.37519502716397,28.22649010295852],[77.37424169994837,28.229521009109636],[77.3734160258997,28.235378960039462],[77.36791500914019,28.236961743827685],[77.36642598761641,28.235477024368326],[77.36485364436494,28.23248592996437],[77.36095634592175,28.234195522382155],[77.35531144805893,28.23604917990092],[77.35159270523042,28.234920645152712],[77.34900459024178,28.2353713677484],[77.34566789237535,28.23487890985669],[77.34477107707524,28.23555548424895],[77.3443317468307,28.240040012959955],[77.34220183633323,28.241239734217586],[77.34102867673813,28.24549396550857],[77.33175006800658,28.25012583549899],[77.33076649074026,28.25212193538547],[77.32684529876829,28.257338429910355],[77.32204396280663,28.260318770104753],[77.31918423859281,28.2600113282995],[77.31771960293217,28.26063144418833],[77.31444488593277,28.25985798783491],[77.30841819202354,28.255276534583025],[77.3070181769702,28.257417173209767],[77.30124841069205,28.262252940985675],[77.29998755951304,28.26175426811812],[77.29787450087355,28.26336940079747],[77.2933886041175,28.262817031275357],[77.28622390459789,28.26513996468055],[77.28611334289168,28.266052492677495],[77.28246959011875,28.267706701803235],[77.27962663657735,28.269716418697865],[77.27328904428869,28.26665935613502],[77.27031942634468,28.26888473144029],[77.25988160276013,28.27202073872928],[77.25714504045196,28.272375333705366],[77.25605419986199,28.26746456396706],[77.25621937023904,28.263254432722725],[77.25703786759763,28.260918807623696],[77.2556263115223,28.258168403569993],[77.24610537955256,28.262602442361082],[77.24159354641962,28.266925459468727],[77.2370752830688,28.2700395723786],[77.23863641146455,28.272475940993136],[77.24182050871876,28.279312307921334],[77.23560243910481,28.283794347109342],[77.23276401823797,28.286312935548445],[77.22838549755718,28.289487467129216],[77.22701413323139,28.289528288414562],[77.22375377703686,28.287681548799515],[77.21991672944888,28.290609634624417],[77.21376034155567,28.29442571720902],[77.20814833567465,28.2989211025691],[77.2068271914292,28.297718526208218],[77.20498613343473,28.29368908140473],[77.20088350814552,28.289535304398164],[77.19586672262942,28.293551645458287],[77.19423062433508,28.294170009217712],[77.18938483347173,28.29841214697465],[77.18863099256953,28.298267222450466],[77.18242771406695,28.302915350950634],[77.17938090327947,28.304527357421588],[77.17302072014395,28.30657610148864],[77.16616434371515,28.308344140121783],[77.16654467271368,28.311003387274987],[77.1620201831637,28.31277153310256],[77.16239626596236,28.31501558652552],[77.1578949353656,28.316025653382876],[77.15615565268868,28.317708596490444],[77.1542304997687,28.329805148341617],[77.15113557965262,28.340189555244784],[77.1506198175517,28.34936817836339],[77.15222046117199,28.352133248673166],[77.15233326840868,28.356102016815765],[77.15135644166276,28.362981411446942],[77.14927377640619,28.363767824681045],[77.1535352446688,28.379562435949303],[77.15076244872398,28.380113977293036],[77.15316721307785,28.389030256100966],[77.15729165080265,28.392523317411072],[77.16123492698621,28.39427871931215],[77.16756454274609,28.39530793435329],[77.16995312828882,28.394649234845712],[77.17136068403055,28.39688956545188],[77.17287629443055,28.401330543999894],[77.17449549236616,28.4046263595724],[77.17794712967915,28.407701950529745],[77.18203749358081,28.40903154978603],[77.18437685463583,28.41045858379543],[77.19052324990712,28.40723850702346],[77.1938374287681,28.408386332017958],[77.19931378239015,28.408232881990035],[77.20404989108661,28.408868668421718],[77.20715228116052,28.409836151086385],[77.21030119695754,28.40988671630747],[77.21589054764854,28.41144464710466],[77.21671740165037,28.409826977225798],[77.22195623388755,28.412476245703626],[77.22459285209504,28.412696539768277],[77.22852489786816,28.413939575059988],[77.23396866712686,28.418078803146628],[77.235580101503,28.418508156867574],[77.23861590814286,28.420921394681436],[77.2495228784874,28.42449386104697],[77.25258977979504,28.432814878109596],[77.24896063015007,28.43295157367591],[77.24986484084229,28.437844474174042],[77.2489379761754,28.44698853440941],[77.24575689709532,28.45420449517604],[77.24184875988276,28.456203881672835],[77.23442250721038,28.45473932224042],[77.23292492983963,28.45805552032013],[77.23560319611981,28.47116148111266],[77.24341192269833,28.478882648500925],[77.24875307057894,28.481008711170624],[77.24954991975322,28.480853582925093],[77.26197626508852,28.48506798380489],[77.26579470311516,28.4861657463524],[77.26936280904715,28.48665013592596],[77.26998139532938,28.488342265591683],[77.27206623331453,28.490824999425353],[77.27665898750635,28.493350239085306],[77.28300102262426,28.49454194456082],[77.28701634817091,28.496053054214165],[77.29026465694594,28.496566275743398],[77.29542890995526,28.495909607376277],[77.29838144252393,28.4943092692093],[77.30054995354436,28.494173436639365],[77.30074698748061,28.489977155185162],[77.3065283802223,28.48941426500413],[77.31003311218181,28.4871497295052],[77.31382453646441,28.483745294711415],[77.31584291212575,28.4846673761304],[77.31672239575506,28.486496264868176],[77.31962426562406,28.48791643804054],[77.32260556290872,28.488553681554006],[77.32683292051179,28.490133684395303],[77.33013076350286,28.495658843713255],[77.33495874563486,28.50176676187439],[77.33611610842955,28.505220203638444],[77.34326675314433,28.5110922776406],[77.34543766970125,28.513260686555547],[77.34761110087982,28.510490201170786],[77.34728468091235,28.50582380291427],[77.34773440661776,28.504216447820273],[77.3516389832308,28.500106599663663],[77.35421344940434,28.499071232625422],[77.35654558334005,28.49993000732103],[77.35808612936185,28.501799735471042],[77.36184407638936,28.499203770047348],[77.36419377169717,28.49854362962802],[77.36773338560278,28.500174088044236],[77.36995160661175,28.499706605988052],[77.37173656130257,28.49846292113293],[77.37006173081846,28.492760246579348],[77.37103885161784,28.486971765993804],[77.37006379993878,28.48572571392851],[77.3731800171927,28.48112362457711],[77.37475234253124,28.476502492505094],[77.37833172145912,28.47446675135382],[77.37819566492593,28.472725741265585],[77.3804704801731,28.470299225696788],[77.386207889026,28.468058175472635],[77.38735533286652,28.468044651764004],[77.38912621069186,28.470262261425418],[77.39199760283313,28.47204290272988],[77.39953568250874,28.468289850437255],[77.40584242231826,28.465805870759198],[77.40808990689138,28.46619808800659],[77.40315770580229,28.461722093126998],[77.40005882939917,28.455667992820924],[77.41393321351144,28.452532817681156],[77.41541957147612,28.453311174531482],[77.4196279827659,28.452260529533593],[77.42254298802213,28.452628832177563],[77.4334436824391,28.454936167857415],[77.43826810858357,28.438707231813044],[77.43621213886082,28.437331047507577],[77.43919475907431,28.43508776710955],[77.43787250099439,28.43425181992127],[77.43552553702838,28.430977178259994],[77.44204412498551,28.430854258397073],[77.44125976785934,28.428751628425974],[77.44641170813932,28.427324769775826],[77.45209998927652,28.426925260576645],[77.4523628009607,28.42477299189657],[77.46250382575491,28.42438387107874],[77.46171580642402,28.422559025963693],[77.46114709028414,28.417741618997617],[77.46345732925285,28.415247167633755],[77.46636127626918,28.415431134334078],[77.46666696898939,28.41629328941449],[77.47036633848634,28.417431074690715],[77.47274471255655,28.41690771363707],[77.47524196175033,28.419346787644898],[77.47763153453565,28.419078434654594],[77.48135077009118,28.412164886616846],[77.4838016310913,28.409087040730068],[77.48322540356706,28.406196908142967],[77.48197926640088,28.406263546805853],[77.4807035668738,28.40136014435405],[77.48111708648413,28.39979658464998],[77.47993592592853,28.398521645607342],[77.47580771134496,28.39956895844277],[77.4747006700628,28.39927382970173],[77.4734494312695,28.397005744696866],[77.47858274025427,28.39231294293787],[77.48283974479473,28.38783093352435],[77.48861086758392,28.3854351233817],[77.49122595220464,28.385151185402908],[77.4942230887417,28.380480880415398],[77.49832657973445,28.37494756651871],[77.50202238811977,28.37198606672394],[77.50296469719532,28.369963751230603],[77.50471506511215,28.369938655398173],[77.5010167808443,28.367293413941248],[77.50010502994698,28.36575144157112],[77.50514720938935,28.362728063948694],[77.50221020064292,28.359389710226587],[77.49876965527295,28.353178549457674],[77.49635924295634,28.350840461000914],[77.4963026808666,28.349164629005614],[77.49016014815524,28.34348950572287],[77.4869125696401,28.34319294213806],[77.48174637787494,28.340499807186372],[77.47818331705153,28.339364279953582],[77.4724801002919,28.336705484525176],[77.471265723772,28.334966980728563],[77.47318380376281,28.332574486666704],[77.47165442943152,28.32823305736316],[77.47579660212946,28.326733164805695],[77.48199997454151,28.325099733355806],[77.48491126984358,28.32563704372915],[77.4857124599836,28.321655536761153],[77.48803144435321,28.320353953618866],[77.49562876062113,28.31454171607503],[77.50045200208,28.3105602733447],[77.5023695855691,28.30807124441218],[77.50703243621696,28.30562477004771],[77.50622464315741,28.304145590111492],[77.50424595626272,28.294283870797265],[77.50294297319596,28.289112129608665],[77.50169064308051,28.287018625544956],[77.49850029205643,28.285626079664578],[77.50173591868408,28.28389108656217],[77.50029626647212,28.281543678851047],[77.50329483860706,28.280058456524348],[77.49993070118161,28.27907838649845],[77.49472123225358,28.272928931353093],[77.4939332829302,28.273758300092066],[77.49079889577878,28.271352408560798],[77.49119364927452,28.266673124096048],[77.49226885761671,28.26246636038676],[77.491430644011,28.257980368389095],[77.4927316030739,28.25193632451588],[77.49386414577816,28.250106865684693],[77.49542310301047,28.250061442450235],[77.497986560849,28.248061472153452]]]]}},{"type":"Feature","properties":{"id":"06-206","name":"Fatehabad","source_name":"Fatehabad","state_id":"06","source_agency":"Survey of India (SOI)","district_code":"061"},"geometry":{"type":"MultiPolygon","coordinates":[[[[75.94729488451755,29.7294534114269],[75.94762903474803,29.726614473940632],[75.94720234900161,29.716692436067163],[75.94571714365009,29.710346492829178],[75.94474441080646,29.703042445015868],[75.94373385302788,29.700010264290647],[75.9415743266655,29.697694387346615],[75.94016211711751,29.694897986329437],[75.93973609739099,29.691994546235783],[75.93587984404152,29.687893495748128],[75.93357220752505,29.684680519408342],[75.93649764401529,29.681835146635716],[75.93961733046055,29.6825224488166],[75.94226329612928,29.682292600009603],[75.94667377380263,29.677848348776553],[75.95075647816401,29.672484728957585],[75.95154315958808,29.66939240156645],[75.94858573575452,29.66057938742067],[75.94868631692005,29.655136904442895],[75.94526169302819,29.650500209695885],[75.94348036438974,29.64739230222413],[75.94145170843092,29.641398813297563],[75.94334479126454,29.640840092490393],[75.94699986332503,29.64143985229255],[75.94682591834412,29.63869485139696],[75.95246876959985,29.632717059040807],[75.95445237795738,29.629480570843086],[75.9566561674349,29.627014692630215],[75.95709910781636,29.621040936783782],[75.95490377036187,29.613894563186562],[75.95732303444336,29.612886831529313],[75.9552362270057,29.612066510367622],[75.95358355787839,29.60842748290812],[75.95160586040991,29.605973869540218],[75.9526226281078,29.601330931809695],[75.95200661642579,29.598631080568104],[75.94872411569973,29.593952454871946],[75.95673379265284,29.593856002066097],[75.96095700474949,29.591888292083024],[75.96237422076594,29.585771263594143],[75.96184335108411,29.58366213222822],[75.96047337646516,29.582029486907345],[75.96010493051998,29.575855511635165],[75.96086016924876,29.573998973777087],[75.96086869992871,29.570205364175585],[75.96225771745512,29.56702500077347],[75.96419463259184,29.56462749272384],[75.96320304741789,29.562763090391584],[75.95894735502976,29.566070402035113],[75.95612222495517,29.56692894466401],[75.95388833204774,29.569349830808115],[75.94970223511955,29.570198555040403],[75.94850004275274,29.572566281633563],[75.94656482004774,29.573997080538543],[75.94647337146299,29.575265676050837],[75.94345901669013,29.575010077035078],[75.94193114185015,29.576097711774064],[75.9410641579278,29.579150676966307],[75.9395745673673,29.580061545712255],[75.93480457922077,29.580313562220322],[75.93287150088169,29.5789738587387],[75.92810250658461,29.577609113750682],[75.92659972904268,29.576125385410222],[75.92477421285278,29.572725534898268],[75.92361084670446,29.56477682608802],[75.92294241117361,29.56284378809401],[75.92105354537618,29.561677354706728],[75.91943713295505,29.558098828177425],[75.91800059953434,29.55688273061597],[75.9169071783459,29.554468414405864],[75.91452039405989,29.553681988966527],[75.90953979145947,29.554450701424837],[75.90052754980137,29.557329100907204],[75.89507139401904,29.557954316664645],[75.8941300991429,29.55739337592086],[75.89436095766307,29.553089387141156],[75.89537359705248,29.552134589746956],[75.89548025436353,29.54904434203719],[75.89702359688266,29.546860184192063],[75.89644840046829,29.5426777968891],[75.89436090337713,29.53647382986301],[75.88826351296528,29.537112075439932],[75.87699319850817,29.537733444744823],[75.8729782308545,29.543840976386974],[75.87167737095898,29.548340456663144],[75.8716474326061,29.55373243273833],[75.8720570999389,29.55571495502439],[75.8650369624975,29.55333565027707],[75.85870264290874,29.55076377278033],[75.85576262367506,29.548002003114515],[75.85361602697583,29.544890791712906],[75.85225016227689,29.539282998326822],[75.8550409006828,29.536352593259874],[75.85489178954339,29.52911763382743],[75.85385036276823,29.524835072337744],[75.84840572940159,29.520888998084665],[75.84413966463431,29.51609156328192],[75.83974547430469,29.50986897512866],[75.8341818192179,29.5085343596352],[75.82241515482201,29.512235261093323],[75.81626320142769,29.518204349986775],[75.81258106254471,29.51912433077256],[75.80688923426366,29.521492249849967],[75.80250470254191,29.521281293679344],[75.80138851955051,29.520566646047474],[75.7988439158893,29.515545048987338],[75.79455203689838,29.51606656404262],[75.79199266454464,29.51739395660792],[75.7878276716726,29.518174429103755],[75.78375012855186,29.513352022370857],[75.77748682269886,29.510545999793454],[75.77445738702372,29.50968170245742],[75.77030013007872,29.509383488113773],[75.76183552517182,29.50661281302364],[75.75721176282795,29.4999899599879],[75.75485644938895,29.49466363997326],[75.75418084154835,29.490356559893396],[75.75266003036053,29.48582174105849],[75.75181597704207,29.48032213506134],[75.75487555595042,29.47831762478085],[75.7564105436773,29.474976363928437],[75.76074480357296,29.466878593785744],[75.76831381278394,29.45532787462097],[75.7723112305541,29.447233968817578],[75.77605291606518,29.441886857084224],[75.77919248437465,29.440774903059534],[75.7809785511503,29.437505762328012],[75.77598227476506,29.424348295576078],[75.7715860701151,29.415047954088696],[75.768443171433,29.415099572483836],[75.76530275893882,29.412868626284816],[75.75951926570878,29.40955621288416],[75.75563808134932,29.40788034996795],[75.75401864860791,29.405036982704253],[75.74897923371513,29.402546777332997],[75.74554184495783,29.401453841702466],[75.74139685490822,29.398660696394288],[75.73956242542378,29.39815264457808],[75.73807699999237,29.396484861960367],[75.73226380081122,29.398966208366318],[75.7262200895443,29.402895436724165],[75.72415117858532,29.405057751704994],[75.72474083176525,29.407375930986827],[75.72755437721442,29.4115246968922],[75.73076299551536,29.41705174423277],[75.72640699429337,29.419883494807177],[75.72313268038977,29.422642157158513],[75.71938552687698,29.42518212497444],[75.71618791186117,29.42932328178298],[75.70995879032651,29.4302341323226],[75.70280231254215,29.424735205531334],[75.69974144153736,29.42450241891908],[75.69575778180204,29.425596433630126],[75.68906562213525,29.42525682178272],[75.68498496431152,29.425669219038433],[75.6783377298063,29.42547767268529],[75.67294755222441,29.424361517330958],[75.66031866606363,29.42502858766036],[75.64788432469358,29.421192578764824],[75.64452975182799,29.41970451863044],[75.63852129774791,29.414643963666585],[75.6371470286656,29.416232417259433],[75.6350584485876,29.41671901827218],[75.63092050176742,29.416763984182662],[75.62400766615129,29.40945263019996],[75.62391500948297,29.407179176863643],[75.6215503039636,29.407914397379862],[75.62008733058876,29.40331765287149],[75.61606398280249,29.403263412930286],[75.61529155265494,29.39915835922922],[75.61529214550313,29.39247315661251],[75.61433431265867,29.3901183450268],[75.6143089810299,29.38617124949373],[75.61653419422927,29.38450688946793],[75.61537626074355,29.37325639836264],[75.61539704863925,29.37147004637723],[75.60991744300694,29.3717898800705],[75.60790897846367,29.371410703667586],[75.60254310638078,29.369425171933294],[75.59547993134306,29.360604877188827],[75.59922915797173,29.359013217095313],[75.60459589307781,29.353488203271116],[75.60517901794145,29.34663156699472],[75.6049734659404,29.344542905248375],[75.60059349463779,29.33801033084317],[75.59565140842918,29.337066548322756],[75.59039507615739,29.336898447693134],[75.58762498574085,29.33769616578279],[75.58551839066979,29.340253270145826],[75.58375020499342,29.346058418365],[75.58436714633085,29.348354635867732],[75.58435493084706,29.3533302804342],[75.58209787172312,29.35738940731725],[75.58049093902035,29.35832718085791],[75.57497539125784,29.359705670088495],[75.57234391923043,29.359803883936337],[75.56492971542072,29.358339199774765],[75.56084199228691,29.356889319783402],[75.55970374577258,29.357258677823985],[75.55986122902114,29.36078182292512],[75.54899584619949,29.360722015042814],[75.54379953730778,29.36137306436499],[75.53404600780296,29.36191715359197],[75.52970943481125,29.36268996569842],[75.52448499426617,29.370805984513993],[75.52055353746881,29.385481612164774],[75.51975069018583,29.38737107695916],[75.51850850148969,29.393139633447877],[75.51653558139519,29.39809100604809],[75.50933074119824,29.39645653209506],[75.50682727349147,29.396355097963347],[75.50088938776923,29.395149875921906],[75.49804428604232,29.395067798154717],[75.49076352834136,29.393224879059435],[75.48195137455657,29.389780574310855],[75.48172392426386,29.388847787676713],[75.47593964482299,29.383754965976316],[75.47131795342014,29.376626568826246],[75.47084199444991,29.374362454570004],[75.46738442111804,29.36665564698839],[75.46870930767153,29.36267603195898],[75.47043274239674,29.360686859782366],[75.47378306095345,29.358860512272898],[75.46927589181016,29.357235349392692],[75.45899128080606,29.35542435206502],[75.4562570777132,29.355335836453893],[75.44966458621097,29.353251186075273],[75.44798343485047,29.356874378500574],[75.4464452453856,29.358968336933113],[75.44237453567673,29.362547677250934],[75.4393208891507,29.367507867103033],[75.43887332447669,29.369809912754572],[75.43497329852656,29.369001960747212],[75.42778890711449,29.368779539112108],[75.42768400234215,29.364660947099928],[75.42690503048915,29.36196824970428],[75.42359068099444,29.355401546252374],[75.42005132673744,29.35115793785864],[75.41680634470546,29.34838027712591],[75.41519877911811,29.34570120578816],[75.41028115113875,29.343713311321594],[75.40629576493639,29.342730867105672],[75.40095441771194,29.342593747945866],[75.39845835063744,29.336787112586112],[75.39900855670317,29.33415250612637],[75.39841035329121,29.329853697403678],[75.398264007795,29.320524981344835],[75.39848555354529,29.3177992156425],[75.39409959713561,29.31696573634656],[75.39097445418443,29.3154737217806],[75.38402048982113,29.31383691595239],[75.38160095588601,29.31280627936291],[75.36933082422267,29.311103479952248],[75.36495089310797,29.309885254871887],[75.35856361097001,29.310038050839278],[75.35472250427826,29.30724847482795],[75.35516246060487,29.304138742640877],[75.35414381851713,29.302648463346873],[75.35357267252398,29.299669121425225],[75.35048073248969,29.297460132881803],[75.34786792723602,29.291780312404534],[75.348063977113,29.288711292541],[75.34743625999087,29.28704136317246],[75.34707317163728,29.28295853309181],[75.3442671593655,29.282531391654725],[75.3406044107816,29.280800698343814],[75.34000785203195,29.28284216557726],[75.33501507819491,29.28692779013076],[75.32931799720025,29.288680766915288],[75.32294101742751,29.289513030670328],[75.31928020981968,29.283908369944434],[75.31386401503099,29.279020076046667],[75.30671396237625,29.274672166963516],[75.29834374390653,29.27189304824844],[75.2955690386594,29.271906606691687],[75.29053077868134,29.27359522525668],[75.2885775288073,29.273574469253525],[75.28615988758821,29.270604372132844],[75.28589357285296,29.269155961177507],[75.2862903795664,29.262569506792367],[75.28619057377571,29.258906128029583],[75.28496635984148,29.258526336915647],[75.2840645206133,29.25464804509755],[75.28475833142697,29.249327376273154],[75.28279259833644,29.24859649197302],[75.27831359374831,29.24898376125671],[75.27784297632112,29.249630712880307],[75.27338142443111,29.25073870568754],[75.25581246170596,29.25185376732239],[75.2490582654935,29.251640445520238],[75.24751166646625,29.250598461946222],[75.24512196448195,29.250379134726582],[75.2433899736095,29.25397188839581],[75.23840728620247,29.260408965897838],[75.23574958336538,29.26497720923857],[75.23401343690634,29.268731123208624],[75.2362874687954,29.27431385290163],[75.23736701308347,29.278133760658456],[75.2381536639314,29.286893515363655],[75.24112390915396,29.2969505393983],[75.23542080255974,29.310213228541944],[75.23338084650838,29.31345834198947],[75.2283382095508,29.319935625528856],[75.22578576556303,29.325856039796793],[75.22654967735673,29.327363557021858],[75.22828016637867,29.327409196177374],[75.22827761573069,29.328908644966152],[75.22988951130573,29.328912480356315],[75.22986386594472,29.330655933275704],[75.23153805783492,29.330485665344735],[75.23409642304497,29.332769298161242],[75.23555444008535,29.335862240392924],[75.2467950317688,29.33570398568125],[75.24884017746867,29.336331536111043],[75.25393906975573,29.336003025596842],[75.25591372804713,29.33679077333446],[75.25769686537288,29.339993540232502],[75.26513499066705,29.345743922675197],[75.26342023173834,29.36025435231794],[75.25722494545145,29.365156916037723],[75.25383978010966,29.36673725453316],[75.25071988509244,29.37025294107133],[75.24312783624279,29.376468448629225],[75.24208446667389,29.376081395644768],[75.22770881955546,29.379826132089285],[75.22670675369174,29.381633013161224],[75.22116750101377,29.395788500953508],[75.22002974782033,29.397856389301907],[75.22331143804601,29.401879590298815],[75.22844651570955,29.406248462495718],[75.23394188887244,29.412303377100525],[75.23492672647377,29.415156855083687],[75.2351562992494,29.41879796907165],[75.23808330990775,29.41830284430487],[75.24489090064122,29.419438070926546],[75.25868567050914,29.421364674227952],[75.26598543685483,29.42265646053472],[75.27619200100068,29.42326877212337],[75.2855665733402,29.422865103895003],[75.2957027179232,29.43286749555962],[75.30109334233929,29.4392986423113],[75.30203426230815,29.44228988871092],[75.29840937036562,29.444908693402553],[75.29557765961866,29.44792485846328],[75.29206409051231,29.452681781175865],[75.28681995480959,29.461488199981478],[75.28472303968361,29.46631795317459],[75.28095320167635,29.473695216233867],[75.28060751392591,29.476807487442866],[75.28104296906155,29.47980527811242],[75.28766877381749,29.49373262550716],[75.28033962756069,29.500042264250812],[75.27805336495213,29.504513281270043],[75.27396101764701,29.509353283639268],[75.27564056165473,29.511266511303646],[75.27796324738155,29.515086594311157],[75.28245176436596,29.51673588580575],[75.28769675832717,29.517909868080174],[75.29323718048103,29.521070008621773],[75.29591907143953,29.523690389544065],[75.30048653441308,29.523492055440013],[75.30222039018382,29.524423889538166],[75.29976851308837,29.525374275980667],[75.29860053966318,29.52735015787739],[75.29605618382053,29.529920105595387],[75.29485684408634,29.533824669149134],[75.29689090854995,29.53813108911874],[75.30271027116137,29.54181390852183],[75.30266919800845,29.545695435597352],[75.30383320144928,29.54932380938316],[75.3030075834184,29.552101321890696],[75.30095410465374,29.5561355283882],[75.30291318027543,29.55970977086942],[75.3094110813194,29.561019395800834],[75.30927812137838,29.56193512566132],[75.31041258541862,29.57618632817905],[75.31127727483127,29.580188640058054],[75.31262105418035,29.581823424927297],[75.31984635181486,29.587517297304977],[75.31663612556012,29.59036912323447],[75.31400081234081,29.58929979070546],[75.31085174645794,29.59249350301898],[75.3052916300738,29.596044561711157],[75.30407453576117,29.598135809874673],[75.30343617679293,29.602627577020534],[75.30209287150899,29.603279645669925],[75.29775099196434,29.60372874555386],[75.29364422923123,29.605368572475253],[75.29006804360229,29.60733451373617],[75.28977033645117,29.609007521277793],[75.2948981320051,29.615754540943563],[75.29543409205995,29.618768836784646],[75.29575221148689,29.62511529291584],[75.29700038029094,29.625501166050768],[75.30228753407863,29.62532871315738],[75.30581001728287,29.624539986972152],[75.30934302203903,29.626448732275215],[75.31110321026759,29.629456791235874],[75.31656871417728,29.630662879833864],[75.3193084928028,29.634532375858615],[75.32090351564112,29.639050671296978],[75.32346732705042,29.64250229786253],[75.32117186009394,29.64665085700426],[75.32223025924817,29.651638803639774],[75.32522997745632,29.656047642100212],[75.32868425944314,29.659090359698887],[75.33183586481078,29.663218300386546],[75.33284204674439,29.672633002586323],[75.33425422489323,29.67377748039019],[75.3410392080115,29.675292407718437],[75.34344365572501,29.67354499982451],[75.34646718359265,29.668897876399612],[75.34863482965058,29.666622469756714],[75.35325044701956,29.664376818789346],[75.35825750972093,29.660801808709103],[75.36014776700523,29.662642948452653],[75.36078728318964,29.66452506993479],[75.35982010742715,29.668181904156693],[75.35789607198926,29.67003381680991],[75.35423719130537,29.674942128154285],[75.35343366812174,29.676930388627618],[75.35367821993219,29.67931689054326],[75.35018729484466,29.68588337862509],[75.3489929415568,29.68626943439822],[75.34695469396519,29.69161912051203],[75.34571241148615,29.69603303799063],[75.35150763137835,29.69619364364802],[75.35181058463266,29.697170574494233],[75.35844068954175,29.699705057978104],[75.35861064406171,29.70208353169395],[75.35789379775228,29.70443021864422],[75.35905531346168,29.705548205056047],[75.36462724488294,29.70396165363705],[75.37079079742314,29.7045091260995],[75.37001995397958,29.705932002084776],[75.37099640308776,29.7071951287434],[75.36985791790173,29.71089933817211],[75.37037946422416,29.711676985207887],[75.37566678844432,29.714130605419637],[75.37861887070794,29.71291995858681],[75.38021577519301,29.714214454893007],[75.38399887470565,29.712243642713066],[75.38632323941205,29.7130215031338],[75.39218434993147,29.713412696642415],[75.38931004789444,29.716214955484052],[75.39127389867855,29.717371544963232],[75.3907284241047,29.719063219377734],[75.39317717802375,29.720920919148615],[75.39344985892865,29.722021757285805],[75.39199139467243,29.724650828577865],[75.38808410142445,29.72813616155429],[75.38828343154341,29.730245069863255],[75.39126788737362,29.73278938535098],[75.39503510128806,29.733229893599066],[75.39571542689534,29.733921425121995],[75.39621375987537,29.73927217756006],[75.40131301186281,29.74025111157035],[75.4047583045958,29.73904057021633],[75.40532598725679,29.743655154912435],[75.40536656292183,29.75001081997982],[75.40568492276302,29.75230241975628],[75.40512677315962,29.757678817150232],[75.40597483068893,29.76075442736041],[75.40811052363307,29.762362988304627],[75.41418070968793,29.770076211862524],[75.41629400403117,29.769197536984947],[75.41962060557002,29.77053709776282],[75.42082426861671,29.774347023388824],[75.4213420305312,29.773397816714645],[75.4261909959739,29.77101224844782],[75.42807544242028,29.771116969555152],[75.42981346751212,29.773807259999614],[75.43319617292254,29.775788254244908],[75.43834871789977,29.780075872962865],[75.44550889610942,29.782577930934448],[75.44785576855035,29.78384631930791],[75.4508146398872,29.781587616250796],[75.45395836987404,29.782048783280345],[75.45556566513346,29.783871651852845],[75.45625759505158,29.786226442611852],[75.45603343157121,29.790520527756563],[75.45812077836793,29.794916887556408],[75.45587543510298,29.797020437475076],[75.45511421035717,29.799171713389264],[75.45299788140848,29.80146690953665],[75.45468748649625,29.80519793755511],[75.45664707587305,29.8066464534144],[75.46159641255625,29.807775597925136],[75.46745808247572,29.80283344109796],[75.47274976685843,29.799595984229008],[75.4750881493664,29.796402850281257],[75.47957781780002,29.792826618592372],[75.48161555076028,29.791969902432555],[75.48552514712226,29.791568886004466],[75.48732483554154,29.790459461489313],[75.49215536878846,29.785818379477007],[75.49625077574234,29.78502010316623],[75.49937664473921,29.782974540709922],[75.50308137270976,29.777748840965586],[75.50645262458818,29.77679697832107],[75.51105957137511,29.77631849656444],[75.51625606736603,29.77636302302884],[75.51889808814569,29.775609403796025],[75.51947663156851,29.7732682920778],[75.52266610308423,29.77013277822739],[75.5232445888973,29.76796755608921],[75.52230800598971,29.764453901349547],[75.52270581317443,29.763123110049527],[75.52193476308952,29.759871079827263],[75.52399210075578,29.758792652022724],[75.52489234131541,29.76189588575056],[75.52724713378764,29.761701409463377],[75.52883229742142,29.763550444318785],[75.52998617905882,29.766937706400274],[75.53268109599729,29.770658436866952],[75.53513760310325,29.77245299897456],[75.53879857179739,29.77359766032472],[75.54068061233609,29.773624142034244],[75.54487261237014,29.770835192787644],[75.54884171044822,29.77077177407462],[75.55627847144638,29.77114650312693],[75.56101998775979,29.770734581792794],[75.56266300835799,29.76985812494921],[75.56508068817568,29.766785052712603],[75.56716565445996,29.761208902586834],[75.56972678195744,29.756836649498034],[75.57147953550015,29.750011007899218],[75.57215711208528,29.74332578279619],[75.57720490332783,29.740521755648103],[75.5800521741478,29.73947354349472],[75.58571645610108,29.744950441511623],[75.589864225076,29.747554842497706],[75.5955879888929,29.74914309226279],[75.60091790824032,29.74960825144853],[75.60500909551308,29.75193258229672],[75.60760052848576,29.748627039669497],[75.61289642113742,29.746355304468295],[75.61670359581561,29.744286110614617],[75.61786665599523,29.74432121910972],[75.62045420100326,29.74692604944913],[75.62576380250643,29.747683330168417],[75.62981683788306,29.7499889183488],[75.63267834775942,29.752789054630146],[75.63446848771859,29.755311407333092],[75.6343856896613,29.759041812770864],[75.63534082965595,29.76201343257488],[75.63452039537478,29.767048176185902],[75.63531454241206,29.76929820114783],[75.63526455450815,29.772367307561574],[75.63806606519601,29.77377899916254],[75.6401454384533,29.77251605039957],[75.64244210110843,29.775127544552888],[75.64636209463927,29.775547233095104],[75.65215270220163,29.775364771471825],[75.65506938107394,29.773974297172742],[75.6609605204378,29.77686980908826],[75.66410168694523,29.775257900593132],[75.66806065976313,29.77743380784577],[75.67162980190766,29.776651127738532],[75.67442480302412,29.776852733211644],[75.67829628058033,29.776134786765457],[75.68169930161685,29.772244289467555],[75.68227859572441,29.768077838022748],[75.68346861612537,29.765780293481],[75.68984672652668,29.759438252123033],[75.69097857174211,29.756495605471656],[75.69206221175219,29.755456600224232],[75.69571411259147,29.753971658291594],[75.70044808040655,29.753360200534416],[75.70277757982375,29.75238226898365],[75.70642363892505,29.753229196134185],[75.70889803841449,29.755427240581135],[75.70834593471778,29.757845117617354],[75.70572877979293,29.75972118140053],[75.70464398411187,29.762285166717376],[75.70478145059388,29.764152101029172],[75.70756364443315,29.769560636399337],[75.71029067868952,29.770634312489594],[75.71237145423638,29.774187616630538],[75.71170907279068,29.776383134937134],[75.70996448839553,29.777869933780035],[75.71010953154074,29.78044988900547],[75.712865327158,29.782754903426646],[75.71458175249717,29.785047968097484],[75.71466270446085,29.786613080234094],[75.716205406381,29.78738646819516],[75.71661570623598,29.78886299924773],[75.71276456194244,29.79256573889689],[75.71419854341862,29.794444414182447],[75.71457903219932,29.797050930871755],[75.71385274714608,29.798427829493985],[75.71415237977801,29.801882543235077],[75.71614610466632,29.803083671729453],[75.71795626792174,29.803040080510286],[75.71804603171672,29.808687215069217],[75.72114313799352,29.81056919527511],[75.7207903215207,29.813560939263606],[75.72402892679288,29.812664674242036],[75.732578756418,29.812555086745956],[75.73780605586016,29.814061513230534],[75.74130261196632,29.81083151141858],[75.74645895106279,29.807503412289506],[75.74866147367877,29.80692806009186],[75.75058720941524,29.807641339407034],[75.75502882871865,29.805266943840486],[75.75785422143657,29.80564743912135],[75.7630465630785,29.81144677862922],[75.76751685740449,29.813837502991685],[75.77196657607305,29.818365870832178],[75.77343190754408,29.818864381160218],[75.77786881031456,29.821948819861085],[75.77935094264777,29.82240714932452],[75.7829585565948,29.8208513425281],[75.7870935100962,29.81600664955215],[75.78882338618112,29.811120264385064],[75.79123411749023,29.809926658964592],[75.79670907774985,29.808073506539213],[75.80038294461436,29.807306914566922],[75.80310259829469,29.8055970697542],[75.80645877551058,29.80473602492228],[75.80984696482696,29.80567590241343],[75.81334127605089,29.805307127775848],[75.81576157384558,29.80416778867825],[75.81993737682414,29.80695558329451],[75.82140296331875,29.80697700951506],[75.82319309281517,29.808782773410314],[75.8229088354327,29.810456794821913],[75.82471103425075,29.814358643383823],[75.8279827344813,29.813826407030948],[75.83027672412348,29.811838330685617],[75.83519455299457,29.814398193261],[75.83764969738475,29.813102255774538],[75.83497845376787,29.810006795556916],[75.83547341899377,29.803122389461837],[75.83796799253719,29.797136852447327],[75.83698889143541,29.794297316455985],[75.84047783200907,29.788708645118138],[75.84366142537216,29.78987808387591],[75.84478727959949,29.78712879530531],[75.84581716885513,29.782319214336976],[75.8528902723364,29.77808374581653],[75.85351071592335,29.776507989121093],[75.85106707267163,29.77313936409653],[75.85285488366465,29.771651758229442],[75.8558665900405,29.770903972570878],[75.85779945495828,29.77106419622767],[75.85965237031232,29.768153281952902],[75.8632970620909,29.766824185070636],[75.86671266791247,29.766578892955476],[75.8682007405798,29.760428043278477],[75.87011113022729,29.75835676731986],[75.87026650822051,29.75495479168322],[75.86924013336217,29.75201629444035],[75.87021173744495,29.749395286627244],[75.87497132606849,29.750232886624953],[75.87906552257496,29.750266326090856],[75.8813278913452,29.751170953784605],[75.88440876121241,29.749614657626907],[75.88594819624548,29.745449247533514],[75.89882115176894,29.746288968727377],[75.89887540295018,29.74793912264377],[75.90451029964957,29.75004810500589],[75.90226091124244,29.75154571346359],[75.90572277354916,29.75267248923329],[75.9063125896013,29.754059974344727],[75.9123493299646,29.749999758531082],[75.91525635525399,29.747146674083254],[75.91507409648526,29.74295807014055],[75.9190500055144,29.741620412275132],[75.91990613096375,29.739745181429136],[75.92237781914396,29.737708043799586],[75.92778765117009,29.73608043478751],[75.93115674874102,29.734707226435596],[75.93420261960576,29.732703504959762],[75.93867499674617,29.730713113553342],[75.94106468384017,29.73155643189125],[75.94501087317668,29.730610668718487],[75.94729488451755,29.7294534114269]]]]}},{"type":"Feature","properties":{"id":"06-207","name":"Gurugram","source_name":"Gurugram","state_id":"06","source_agency":"Survey of India (SOI)","district_code":"062"},"geometry":{"type":"MultiPolygon","coordinates":[[[[77.0997967889678,28.51126918977278],[77.09707762197762,28.506475973620294],[77.10250379676425,28.503486598134756],[77.10566669815542,28.50227360802095],[77.10856580644351,28.500034496387283],[77.11696850442772,28.496359177397345],[77.12064243687212,28.49595654490424],[77.11861075253897,28.48801991424616],[77.11768005048404,28.485929490621412],[77.1154135566469,28.48300961072908],[77.11465005313164,28.480755470889388],[77.11301008715046,28.471326522157455],[77.11093365685355,28.471242344522388],[77.11686136023603,28.46290420194626],[77.12184975408695,28.458532047885896],[77.12381986168366,28.445418954115468],[77.12884115185705,28.440707082508627],[77.13135720461598,28.4406606170469],[77.13228716257017,28.439160953191756],[77.14103730965938,28.436741859154715],[77.14247076882629,28.43738467656329],[77.14844256650218,28.437273368649496],[77.15159762279814,28.435047456964824],[77.15205574281704,28.434080647842325],[77.1566619316273,28.431340324028028],[77.16226273445358,28.428967876829244],[77.16588525137034,28.42559774274169],[77.16556249081908,28.4202446382316],[77.16483243779507,28.4150376762063],[77.16534684591014,28.41409818603155],[77.1684728922053,28.412305800595018],[77.17121887577579,28.408849053176745],[77.17142695077204,28.406313076691642],[77.17449549236616,28.4046263595724],[77.17287629443055,28.401330543999894],[77.17136068403055,28.39688956545188],[77.16995312828882,28.394649234845712],[77.16756454274609,28.39530793435329],[77.16123492698621,28.39427871931215],[77.15729165080265,28.392523317411072],[77.15316721307785,28.389030256100966],[77.15076244872398,28.380113977293036],[77.1535352446688,28.379562435949303],[77.14927377640619,28.363767824681045],[77.15135644166276,28.362981411446942],[77.15233326840868,28.356102016815765],[77.15222046117199,28.352133248673166],[77.1506198175517,28.34936817836339],[77.15113557965262,28.340189555244784],[77.1542304997687,28.329805148341617],[77.15615565268868,28.317708596490444],[77.1578949353656,28.316025653382876],[77.16239626596236,28.31501558652552],[77.1620201831637,28.31277153310256],[77.16654467271368,28.311003387274987],[77.16616434371515,28.308344140121783],[77.17302072014395,28.30657610148864],[77.17938090327947,28.304527357421588],[77.18242771406695,28.302915350950634],[77.18863099256953,28.298267222450466],[77.18938483347173,28.29841214697465],[77.19423062433508,28.294170009217712],[77.19586672262942,28.293551645458287],[77.20088350814552,28.289535304398164],[77.20498613343473,28.29368908140473],[77.2068271914292,28.297718526208218],[77.20814833567465,28.2989211025691],[77.21376034155567,28.29442571720902],[77.21991672944888,28.290609634624417],[77.22375377703686,28.287681548799515],[77.22701413323139,28.289528288414562],[77.22838549755718,28.289487467129216],[77.23276401823797,28.286312935548445],[77.23560243910481,28.283794347109342],[77.24182050871876,28.279312307921334],[77.23863641146455,28.272475940993136],[77.2370752830688,28.2700395723786],[77.23439748146559,28.270022255422813],[77.22877119537434,28.268169354250286],[77.22410751308945,28.266180205751926],[77.2204400572932,28.263050361087554],[77.21901356574848,28.263796822035356],[77.21387357162635,28.26173851484054],[77.21314335893015,28.259154811018877],[77.2134503884132,28.256964071247996],[77.21100898901915,28.25316429031089],[77.21122974934626,28.252371319621346],[77.20919058095231,28.24920445241943],[77.20496919837947,28.251131860834672],[77.20245611829215,28.249720045901626],[77.19538026335997,28.244980263753064],[77.19656365578317,28.24303287164705],[77.193721390706,28.23919929176155],[77.19396240147483,28.237765841751596],[77.19116411301528,28.234826927885738],[77.20145467389337,28.228990039235455],[77.19762905058437,28.222459851961254],[77.19987798171155,28.220873496213265],[77.20370226853767,28.21930575312419],[77.20201454711629,28.216119516863397],[77.20187974728007,28.21313828732],[77.20301387831996,28.212459037378654],[77.20026357254443,28.21153397737452],[77.19828723201013,28.210072921212863],[77.1930441183674,28.208580490611908],[77.19145296769096,28.208667627488207],[77.18828751079049,28.210789412496176],[77.1859678345284,28.20872934747442],[77.18236741173392,28.209848582777024],[77.1813860115646,28.208064609374453],[77.17542978062238,28.20314016562502],[77.17157907190763,28.199072101464445],[77.1678691387754,28.202291867776747],[77.16601866639199,28.20466830695201],[77.16525165523869,28.20991118736836],[77.16199817618336,28.212880873676472],[77.16010859486242,28.213255862066408],[77.15269882767777,28.217187307142016],[77.14933185552694,28.216596984175986],[77.14658671922437,28.21811789948387],[77.14361259948988,28.221028446968234],[77.13846081557504,28.22523173426801],[77.13739357793018,28.224614487099533],[77.13414381226616,28.226402911755983],[77.12980365491794,28.224458604148246],[77.12868809530929,28.224535313904575],[77.12477086124355,28.220474848849133],[77.12368077288843,28.22124181601524],[77.12096702173459,28.218138563831463],[77.11634680833838,28.219436634862376],[77.1147201300723,28.21899782842645],[77.10538609082685,28.22369758676191],[77.10629289473326,28.225297560508743],[77.10270337373441,28.227534060968384],[77.1013487109693,28.2260404625438],[77.0993466010546,28.22665143285391],[77.09859363471341,28.2244141124749],[77.09673433334079,28.222872372872164],[77.09599192521867,28.220626175894196],[77.09457932924771,28.219397692854894],[77.09229411742,28.22158712702713],[77.0927714262403,28.222731611662184],[77.08601608429406,28.22522945725325],[77.08644620081529,28.226084540042173],[77.08131143154581,28.22994220307486],[77.07842008171458,28.227428851740395],[77.0762308200381,28.224860909366726],[77.07414409048262,28.220834559777465],[77.07369735051918,28.21778554048829],[77.07280615150769,28.21727996855239],[77.07165490852861,28.21437528858963],[77.06936911708839,28.21522573998969],[77.06533362927358,28.217755198663347],[77.0646569193281,28.216423893354982],[77.06278767998845,28.216319346255425],[77.06057626949722,28.217793667344626],[77.06031035275663,28.2195621375058],[77.05448338693476,28.22305879356048],[77.0573892677835,28.229040380919713],[77.05697411462192,28.236666878159213],[77.0582192960379,28.240454944725865],[77.05631676833637,28.243833308249187],[77.05191419224084,28.244764990920245],[77.0468653434465,28.244527616949856],[77.0396298284974,28.245669336539855],[77.0333887755279,28.245372081058655],[77.03122913221299,28.247642238890734],[77.02784316180872,28.248030135220958],[77.02289149330086,28.24728666918222],[77.02111230452316,28.248354593177783],[77.02065685128753,28.250936415161753],[77.02141544095004,28.254482748309094],[77.02148891882032,28.26026413251601],[77.02009098547025,28.266275898404576],[77.02046414405534,28.26844632588083],[77.01997338588177,28.276512205200547],[77.01747773250443,28.28364551288897],[77.01599241006825,28.28472829165169],[77.01313378652121,28.288382845731427],[77.01243884173648,28.296183057821118],[77.00992753820599,28.303859035465504],[77.01076047018462,28.305419489630605],[77.008642179041,28.30780049768835],[77.00345982710952,28.31112426803374],[77.00354929893626,28.314090542018246],[77.00160441865832,28.317443000702088],[77.00029341485036,28.318694080547367],[77.00044025670012,28.32315286019895],[76.99960925002756,28.325514251399415],[76.99820202784215,28.325488463156216],[76.99689827295117,28.326834081852347],[76.99383683869492,28.327188732938318],[76.99028346758759,28.32532842999798],[76.98789750013022,28.32547477010445],[76.98588014911509,28.327213390824884],[76.98682863294745,28.32972113477701],[76.98425765571356,28.331099242702443],[76.98021714666629,28.328991005460672],[76.9790095252357,28.32983561343717],[76.97853415560563,28.333900926345073],[76.97771322878775,28.333888007902267],[76.97673098565201,28.330590772685927],[76.9732313349794,28.32990911443353],[76.97251065361306,28.32736222052909],[76.97118898044536,28.325514576342975],[76.96855900506357,28.326536078740478],[76.96346699044074,28.325562678240075],[76.96045193073839,28.326536915666573],[76.95884251111072,28.322319457448135],[76.95514143156461,28.321774184025625],[76.95525844859407,28.31915736194507],[76.9523679667866,28.31733897651954],[76.95360940558025,28.315736640190853],[76.95263103896372,28.31339907094281],[76.95066840678699,28.31355350560801],[76.95075645875015,28.315534135000703],[76.94962066130256,28.31714089025661],[76.94861015237161,28.31558938786033],[76.94533335366731,28.31768006408372],[76.94170295894912,28.317014148459066],[76.9379703092712,28.313405755247537],[76.93610106144344,28.310420648310043],[76.94215139644612,28.309380461601897],[76.94399355176867,28.306747847992128],[76.94354287723101,28.30362564793329],[76.9391996818478,28.293840648276266],[76.93814764351558,28.293858162909217],[76.93304615213728,28.296567101471446],[76.93158257407252,28.296503923555832],[76.92208217409376,28.293933823215276],[76.91188416041496,28.29020033297367],[76.90902024275005,28.288170762722363],[76.91101135461614,28.286008857803015],[76.91100536066936,28.28481669324146],[76.9171443012389,28.277844414381313],[76.91794929777063,28.27725759346039],[76.91554170190926,28.271749575009384],[76.91482594781905,28.265446879144065],[76.91309234115151,28.26259601393653],[76.91145680356789,28.263169458002658],[76.90782348365849,28.26320647786583],[76.90610057511613,28.261190116049608],[76.90353640830861,28.257048904982724],[76.89810357597547,28.252303632864777],[76.89283523276235,28.25278262220582],[76.88792884018105,28.25558490404323],[76.88276233259637,28.259569166030737],[76.87609230422278,28.262858434278748],[76.8721024333736,28.25726382003382],[76.8706452832311,28.254498100863223],[76.86851033721993,28.25495370621259],[76.86820440513671,28.251726380567526],[76.86714522906921,28.249038765929708],[76.86506374419726,28.247873203662458],[76.86045356563022,28.241881221794515],[76.8575001435268,28.23476961105453],[76.84895421559804,28.23914267688495],[76.84699767756294,28.239913669160487],[76.84631721344009,28.239162707306384],[76.84322408585052,28.238697632352935],[76.83621334381633,28.240446374322566],[76.83061101006591,28.242535846698324],[76.82835058745145,28.24399965495921],[76.82328579080301,28.24537803061494],[76.82232908685906,28.24417375426261],[76.81946705281837,28.244912280723682],[76.81832747109016,28.243878386628356],[76.81582779878224,28.24503561122811],[76.81219173417658,28.240848100058166],[76.81017568164323,28.242231522449178],[76.8118794823444,28.244158245685234],[76.80762586696666,28.24687032817335],[76.80830298712561,28.2486078850863],[76.8097794837504,28.249023948904803],[76.81158157040764,28.2519883775483],[76.81102393309268,28.254180583626894],[76.80491124584272,28.256642630811655],[76.8020416256864,28.25365287110209],[76.79655231559667,28.256252628469905],[76.79556812890144,28.254219476602074],[76.79750639404703,28.250247560400663],[76.79582081074768,28.250088688845093],[76.79430927732395,28.247732716550384],[76.79395121279023,28.24443161112168],[76.79261788451238,28.242543260424643],[76.79072315852443,28.238394049642235],[76.78299477801143,28.22685473068684],[76.78039616953821,28.223979711129353],[76.77788485734179,28.2253351563137],[76.7745752620283,28.228564872898176],[76.77043004832159,28.23159556277464],[76.77075572202108,28.23360442910179],[76.76909487335473,28.23491567197088],[76.76995579806162,28.23850401697112],[76.76966195929022,28.239589407298556],[76.76681262442868,28.241577904168384],[76.76517235302299,28.241209847913332],[76.76253672425204,28.2426336357267],[76.75746520897876,28.24655025739182],[76.75332473475692,28.248540047356222],[76.7494383867842,28.248992968329286],[76.74430903221995,28.250212853776514],[76.7367240672298,28.25285224642905],[76.72489508283455,28.258173742001297],[76.71787426637255,28.261929594846144],[76.71104482878184,28.264851194142853],[76.71054296859288,28.263858745432234],[76.7032202074285,28.259964864702958],[76.70008015875729,28.260167934068594],[76.69914121926172,28.258812120831664],[76.69660793542648,28.259277078948852],[76.68895233899393,28.264633314424422],[76.68809059944137,28.26592843270574],[76.68412846455436,28.262629487738945],[76.68353660330828,28.261357513665033],[76.68141913740907,28.26293591180831],[76.67806784110981,28.263991832778782],[76.67832717041829,28.265366546685527],[76.67712626558269,28.26722907669468],[76.67792091414957,28.268639335347665],[76.6732236099821,28.27015959131748],[76.67584676799774,28.275485702152157],[76.67845415364175,28.28573589808111],[76.67872419357504,28.288566692890484],[76.6806661150259,28.290915218510005],[76.6799941019085,28.291453097638627],[76.68294280427173,28.29350530587248],[76.68065372649518,28.29464000905122],[76.68333615397009,28.29967741033729],[76.68181096482859,28.30052670261751],[76.68299259314507,28.30705037576827],[76.68547668330491,28.31386915584341],[76.67929486398188,28.316845219008574],[76.67292062196317,28.3170944427478],[76.671037477389,28.31174572424818],[76.67069235853339,28.309617646328768],[76.66949651834464,28.309572284783666],[76.66697534524694,28.30318296061771],[76.65374468859356,28.306113573503758],[76.65083928180825,28.307406390283425],[76.6511175463074,28.310708562168266],[76.65297966028362,28.315275912871233],[76.65530403667171,28.32308268466895],[76.65488591021519,28.32444990371475],[76.65700571999301,28.330339190069424],[76.66414197996424,28.339839385184167],[76.6604213983047,28.34100420243525],[76.66090693304345,28.34414421582189],[76.66231797263796,28.347469998041237],[76.6591452758379,28.353177002313572],[76.65768033132841,28.353735844018082],[76.66097692171778,28.3601061963411],[76.66464576826219,28.368821599400032],[76.66315101736392,28.37053635410545],[76.66885835116793,28.379259405589018],[76.66957006337354,28.37815940676945],[76.67668067549458,28.377132767550222],[76.68361713219414,28.375104276197437],[76.69011346097,28.371072425273002],[76.69717272005569,28.365828113377972],[76.6954043093708,28.361461682804048],[76.69703378252504,28.359809401870784],[76.70211634568842,28.357639502805988],[76.70541185733988,28.358517398555957],[76.71423257060505,28.35519577504122],[76.71937853343645,28.355151702083667],[76.72280722674653,28.35662461401235],[76.7256377829478,28.356532311435384],[76.72709672495166,28.359110708073032],[76.72891556546357,28.360130194346926],[76.73004927325043,28.36249034450424],[76.72880073877432,28.36425288115541],[76.73055016500102,28.36596312112237],[76.73081463213417,28.36787490354691],[76.73254659103205,28.36860066742519],[76.73270521118818,28.370296496327263],[76.7350806719398,28.374712907616345],[76.73320213885337,28.37946286653661],[76.73042611803703,28.38089594972648],[76.73069912662503,28.38294459278333],[76.72902320239183,28.384215447175418],[76.7283904948793,28.386118773570615],[76.72896286117415,28.38754702712377],[76.72722942892588,28.389337504102713],[76.71774466710488,28.394034126995194],[76.71587765137583,28.3944639885557],[76.71460664213285,28.39367081148315],[76.71197168072744,28.39707879326541],[76.70779040802843,28.400266544165625],[76.70694360563792,28.407097650201095],[76.70837755764575,28.415407793876394],[76.70963201474623,28.419087868992257],[76.71762985192736,28.436687498771477],[76.71398249691721,28.439396445874152],[76.71089225911152,28.44603628539252],[76.71067186424251,28.449701592566885],[76.71185016642079,28.454145570231102],[76.7116423208176,28.45601873002307],[76.70621568846488,28.4582085700718],[76.70791470052907,28.461529485518206],[76.70897771296019,28.465280263603848],[76.70877435612839,28.470511498637386],[76.70804209999442,28.474364834714713],[76.70536279211144,28.479433444078616],[76.70531278733368,28.48155326543054],[76.70410290060535,28.489852561609414],[76.70424286806428,28.49263732631874],[76.70539271593493,28.493332271409745],[76.70965216958787,28.493612267128523],[76.71251181904675,28.49120247786745],[76.71390164321166,28.49077252317408],[76.71742171987682,28.491983349235042],[76.71870102900567,28.490632552624554],[76.72605011014143,28.486742912319293],[76.73345919905164,28.480143499242832],[76.73526131269708,28.479454712969325],[76.73501772334455,28.476638667002895],[76.73392917752777,28.47248414791975],[76.73457387773833,28.471102159859193],[76.74319688129776,28.466069105920823],[76.75015274655686,28.461556956574565],[76.75366535623716,28.46137065539568],[76.75934930742203,28.459742368027566],[76.76123554244083,28.462193776910873],[76.76396183773225,28.4670504895992],[76.76524945261274,28.470954051564572],[76.7679963192386,28.476031732153785],[76.76968783044858,28.478084429279036],[76.77130300759708,28.477965286241904],[76.77620781236179,28.47477020868216],[76.78199643343808,28.470578541457478],[76.78703291534248,28.467811827255353],[76.79007932192019,28.46549210575534],[76.79287596917612,28.46481974167828],[76.79653307772544,28.47055698019874],[76.79996218862868,28.471066416218644],[76.80138691728686,28.473475981212577],[76.8015990219953,28.47149082314694],[76.80510036956836,28.475723656923957],[76.81066048319948,28.475053782313758],[76.81309976903287,28.478308114157016],[76.81407368748143,28.480695142711767],[76.81337673233594,28.48503946113768],[76.81718401712689,28.48893910748505],[76.8182715247335,28.48939979323059],[76.82090927655514,28.494034201719842],[76.82482889345474,28.500107998086435],[76.82423776932177,28.504709730848898],[76.82633689501309,28.504285508599107],[76.82822055923207,28.50488676645506],[76.84187408206964,28.50092768102943],[76.84241885609794,28.501533560659404],[76.84672215912646,28.49979495176229],[76.84983064940033,28.5020072071249],[76.85544785939676,28.501739548059945],[76.8592492705825,28.501135434850283],[76.86131712860458,28.501515650831024],[76.86469364764196,28.50087092783898],[76.86694754506738,28.499816028035504],[76.87288105227455,28.498100609670495],[76.87432117487353,28.49806451713983],[76.87644061578337,28.50007665383875],[76.87961000776296,28.504765163250248],[76.8854396553067,28.501174175441378],[76.89143180793688,28.500883513856024],[76.89698445393815,28.507865868397317],[76.9000344802634,28.509377203071036],[76.90238937403664,28.508953698727872],[76.90460671214979,28.51134528570402],[76.90798415296143,28.513752314652276],[76.91017671811775,28.51215694629739],[76.91219589791847,28.512374786929016],[76.91890640202001,28.509122350247157],[76.92068254332669,28.507030177868902],[76.92364540532897,28.50810025403317],[76.92735972002949,28.51042709553947],[76.93347481659849,28.509720798210427],[76.94186259344623,28.504535202962927],[76.94367263103898,28.504133547772142],[76.9516679772903,28.50425214474272],[76.95602009954402,28.50617040035133],[76.96488518759851,28.512585643140238],[76.97073963052902,28.515220206643807],[76.9758953367362,28.518724434789593],[76.97809657746082,28.521337569289475],[76.98274859576588,28.517140686470295],[76.99052069068954,28.51353695803453],[76.99402600672609,28.517051949189916],[76.99525778886654,28.516922790437],[76.99655893668579,28.519763981124058],[77.00087168526963,28.51779753582551],[77.01012827371602,28.514713177198793],[77.01703475447162,28.52095113095002],[77.01502076191042,28.52385966775232],[77.01009833008995,28.525597719588383],[77.0059978956892,28.528084634571467],[77.00047451934223,28.532079625848034],[77.00041601337605,28.533526762188608],[77.00215453042841,28.53420823652869],[77.00451117541327,28.538366962136738],[77.00481363312153,28.54019414006308],[77.00663865747532,28.541359791401042],[77.0092171765196,28.540088761195705],[77.01345048151374,28.54049701992202],[77.01707338122033,28.538770509144342],[77.01768751296295,28.537407108466677],[77.02185302323545,28.534824611364428],[77.02438300190937,28.53278036581299],[77.031952741138,28.53130488639729],[77.04371067906962,28.524456395016752],[77.04409334246013,28.523291933238525],[77.04835320619964,28.520893765903296],[77.0465734082359,28.51664454973882],[77.0513880855483,28.515530524683847],[77.05994975570215,28.512323994484696],[77.06393867483202,28.51261596532684],[77.06733584623025,28.512152012229837],[77.07118777368149,28.517264672168142],[77.07224436048615,28.520255124407203],[77.07535941012847,28.51853948155878],[77.08049923084566,28.518040724732856],[77.09119691505525,28.514564236106605],[77.09468479058816,28.513826924082757],[77.0997967889678,28.51126918977278]]]]}},{"type":"Feature","properties":{"id":"06-208","name":"Hisar","source_name":"Hisar","state_id":"06","source_agency":"Survey of India (SOI)","district_code":"063"},"geometry":{"type":"MultiPolygon","coordinates":[[[[75.96320304741789,29.562763090391584],[75.96295269326892,29.559972585005138],[75.96363822822101,29.55409684725299],[75.96294794556904,29.550941725200182],[75.96067395726246,29.5466508408213],[75.95933729484778,29.54196872173121],[75.96039655495154,29.53896545612736],[75.95800422652131,29.534647880286304],[75.95590536122221,29.529034662586717],[75.95083372478145,29.52059877098888],[75.94944765318517,29.517400740618843],[75.94264264055057,29.51566438966195],[75.9382623892667,29.5128732077919],[75.93499337082231,29.508197253439704],[75.93384607356231,29.505210329943885],[75.93299558614194,29.499131055477744],[75.93524233691812,29.49787511719312],[75.93987825343376,29.497210699849656],[75.9497606324711,29.494129031166576],[75.9574080544165,29.49735102200755],[75.96062294053155,29.497232881919608],[75.96855351273705,29.493846704384985],[75.97550167079268,29.492024580835636],[75.98152089367339,29.492034602159876],[75.98814005236956,29.48887489419465],[75.99909440584183,29.48716804429488],[76.0049674388901,29.486744913717647],[76.00632915563436,29.486290454587067],[76.01134003594775,29.48213125281289],[76.01375314951616,29.4807289499216],[76.01343651636012,29.478852805403694],[76.01196702624905,29.47743595782477],[76.00898743885574,29.471056492121043],[76.00733122659646,29.466650930715936],[76.00450614751749,29.46255252657621],[76.00224858049444,29.46238359720687],[75.99873930476993,29.46078786011848],[75.99824889486165,29.45563777702999],[75.99612491457175,29.447153328361466],[76.00115394799113,29.446932713957132],[76.00605244188407,29.44478997644016],[76.00618951597801,29.44215123407011],[76.01214669822903,29.44251271623157],[76.0179121963074,29.43877789976463],[76.01962478900128,29.437231994956477],[76.01990797951196,29.427399030135884],[76.02315926093384,29.42614128445353],[76.02383167156655,29.42420766229074],[76.0274922481426,29.42290690065776],[76.0297115006428,29.42744055802297],[76.0327718489316,29.42658167299373],[76.03597975302564,29.42715294880895],[76.03948873571218,29.430465348088234],[76.0426390748617,29.431271966652144],[76.04503563286265,29.432768851363484],[76.04861252560895,29.436665283674202],[76.05108982605645,29.439928058128558],[76.05578351730888,29.440214702323374],[76.0648539263829,29.44007738139129],[76.07248004603417,29.44138607888084],[76.0771962024373,29.4414178163257],[76.08086880761172,29.43963731859338],[76.0801224928619,29.438520591840213],[76.08279409262646,29.43666368369662],[76.08275859257832,29.43543531451491],[76.08025828907478,29.42966358877532],[76.08233561889028,29.424695014218923],[76.08117833932118,29.422960864647838],[76.08209745996423,29.419255746043522],[76.08427722604173,29.413654287791598],[76.08433908977068,29.411299745264728],[76.08629339210113,29.40899054118658],[76.09061719653656,29.406602296490668],[76.09358566403196,29.40379347720935],[76.09617094054427,29.40355997859307],[76.1002675786636,29.404503319111328],[76.10146580390733,29.405462431795346],[76.10766123277249,29.407179471416413],[76.11217248907653,29.406440287051495],[76.11773957517345,29.403682543344413],[76.12176522558435,29.399823267655428],[76.12456760433884,29.39551086453448],[76.12649404833218,29.393462901296697],[76.13177519391688,29.39014882168941],[76.13461749107348,29.394802240071062],[76.13578735863642,29.40006639276592],[76.13812114396686,29.40140142582602],[76.14173823021024,29.405469947373167],[76.14285134377702,29.407377902227818],[76.14287743043961,29.409358200026205],[76.1439646672573,29.410548876730815],[76.15310116127895,29.414436065777444],[76.1534658995472,29.417715186030357],[76.15550249059494,29.419690524437975],[76.15712619811248,29.42003419506546],[76.16141286028653,29.418475099885672],[76.16446628988044,29.414662633248465],[76.17010009242433,29.412955008271233],[76.18102550828267,29.412672097288738],[76.18431037959225,29.413175865780808],[76.1915417449106,29.410100450348143],[76.19137419076934,29.409052443464404],[76.19356203083738,29.40669297754917],[76.19857401885913,29.40287921150872],[76.199277230397,29.399400945883308],[76.19905957470573,29.39761468417637],[76.20312255553203,29.395847201279725],[76.2030222486867,29.385942626147703],[76.20515923955581,29.383964787388102],[76.20657237328201,29.37851511377525],[76.20559562300936,29.37843665135132],[76.20602924174536,29.371771811261954],[76.20667240281577,29.36988585156229],[76.2065795591867,29.364396103098183],[76.19811567331038,29.36014716895828],[76.19371480702934,29.3553904326057],[76.18604515550241,29.349747502294484],[76.18368445201072,29.346959713999347],[76.18166948228439,29.34369467110791],[76.17803435104408,29.340432267092428],[76.17967989143199,29.339599548214373],[76.18388549703575,29.33590867523759],[76.19135604091458,29.331068430473223],[76.20180842494317,29.326890109346394],[76.2039521160074,29.323225898644466],[76.20840503899541,29.320377517906724],[76.20892539080681,29.318580862720584],[76.2061427239961,29.316220440040787],[76.20163558250125,29.30936044352156],[76.19841187967067,29.305544704136867],[76.19600827945371,29.29941229018337],[76.19271802543061,29.296770538219143],[76.19098159455731,29.293509976460477],[76.18829426679649,29.291842225631225],[76.18675138793833,29.28608324715338],[76.19711056697554,29.27892712960379],[76.20212582459358,29.27027663295766],[76.20657274382707,29.265988511163584],[76.20705037505586,29.26494257412681],[76.20279988796011,29.26358643234454],[76.20507752541197,29.26177162187726],[76.20621284191918,29.259388122028724],[76.20977169396163,29.258507194296428],[76.21364763904691,29.255942655808166],[76.21463372614126,29.25336142731399],[76.21123737884852,29.248154322050745],[76.2162364044533,29.245074774519484],[76.22104877037415,29.242811324802883],[76.22807598014276,29.23885891638062],[76.22749718466642,29.236112111571966],[76.22424859363858,29.227502970868052],[76.22327165523905,29.22278651946448],[76.22468513119792,29.219599493591605],[76.2260306210728,29.21837886581993],[76.23623285231248,29.21418204380555],[76.2410689178296,29.212426940954185],[76.24766553690803,29.212683694054977],[76.25147812458863,29.210688457323375],[76.25530689375286,29.209549725499116],[76.25802655180215,29.207739892943717],[76.26191934068098,29.207243692163225],[76.2656568593033,29.207738455877326],[76.26894540708332,29.209019511899626],[76.27068952917983,29.20891088968553],[76.27372659182946,29.207357553425275],[76.27866443820281,29.20889874209492],[76.28198177555655,29.208048526296846],[76.28421040672667,29.205523391079403],[76.2849446789513,29.20316700120212],[76.28671458236529,29.20251767068153],[76.28994248294234,29.199470717601436],[76.2909323650002,29.197690873788837],[76.2914323135336,29.194751125557325],[76.29286915101522,29.192513180612877],[76.2948030324643,29.191126633466943],[76.29867438429467,29.189437827472492],[76.30013114539078,29.188287675208965],[76.29924360405244,29.184342100901542],[76.29828977741411,29.18272685150369],[76.29900619533078,29.18165393004415],[76.29898378039579,29.178039147829292],[76.30006128779138,29.17738264119698],[76.29542547498356,29.177530560382536],[76.2974122064538,29.166853916055967],[76.2970709510356,29.162649409873225],[76.29736070020041,29.160136872679615],[76.29894276308659,29.154268792630127],[76.30219978255975,29.148627169484485],[76.3033536931843,29.144581385423844],[76.30522085091653,29.1442354081223],[76.30624030522746,29.138691341071034],[76.3061904622274,29.136318461152097],[76.30507487236721,29.12966393575865],[76.30519216062196,29.12682894269356],[76.30594598145342,29.1254329158693],[76.31014794648337,29.12044357776507],[76.31588664601396,29.11757471379832],[76.31807036970672,29.11705735440305],[76.31738237501665,29.112810828705367],[76.31513620631189,29.109391212740878],[76.30772066317849,29.102189080263727],[76.30577228479476,29.10070728384056],[76.30147213901517,29.094791433897424],[76.30166411772467,29.09198962119075],[76.30135537396039,29.08600093663314],[76.29939543695728,29.085631021202822],[76.29679535098641,29.08217113891231],[76.29227504332049,29.073471338444353],[76.28955499766766,29.070931458326697],[76.28600507602279,29.069351616005036],[76.28329491356874,29.06448173691318],[76.27858019944867,29.06598693859925],[76.27551514488458,29.063432075964183],[76.27152549995796,29.063832213458053],[76.27122053347179,29.06502710961381],[76.26831589797466,29.065192084896626],[76.26800592938349,29.064462142312713],[76.26534627490899,29.064962093696185],[76.2634565215024,29.06420214790799],[76.25934705622431,29.06363718210837],[76.25626746037666,29.06394214755041],[76.25464766678506,29.062602255773452],[76.25312786027872,29.059942476766462],[76.24472895937178,29.061022355221702],[76.24378909284069,29.059042512804968],[76.23957966088498,29.052343075137966],[76.23941970710635,29.04647357469132],[76.23992964636138,29.045053694822418],[76.24272931130035,29.042973863195346],[76.24376920482841,29.037254367629746],[76.24808867032638,29.030115001816725],[76.24907854306275,29.028965109361774],[76.24981347054731,29.025240426564967],[76.24940854003724,29.0218057108359],[76.2453991071069,29.01249647892933],[76.24529914901503,29.006516991422078],[76.24658648224228,29.00516961627503],[76.24404931403939,29.003927212776762],[76.23936993042068,29.000637475255964],[76.23704022875425,29.00121741885605],[76.23543043972744,28.99991252423112],[76.23547044609573,28.997607718833812],[76.232560840581,28.99340806618098],[76.2311710222395,28.992648126083004],[76.23012116994882,28.989618380560632],[76.22861636776547,28.989183411079274],[76.22710173647936,28.991236857275233],[76.22509180801178,28.99148820209376],[76.2170528283863,28.99457791136192],[76.21171349226296,28.999087507812614],[76.209593759543,29.000047417032178],[76.20906381457046,29.002697192492022],[76.2049243389696,29.004936986176993],[76.20460923426675,29.006181378484857],[76.20174473623209,29.00684681211916],[76.20283458166922,29.009986548351492],[76.20209466450966,29.012636319627806],[76.20103479821692,29.01319626891331],[76.20049485580485,29.015706054647076],[76.19718527764753,29.01678594967821],[76.19640536621415,29.01916574356927],[76.19770519921104,29.019055756239275],[76.19954494837529,29.022135501950135],[76.20005486950842,29.024735281706185],[76.20291948750005,29.02808000910796],[76.20622405924551,29.028584977411576],[76.20663399917399,29.02988486736175],[76.20148464189585,29.03445446054926],[76.20093470718984,29.03567435337248],[76.20111465911947,29.040873913195316],[76.20031475470037,29.042093806412662],[76.19312564972452,29.048383242278543],[76.19132586798632,29.051123004335107],[76.18901616368024,29.051412972389983],[76.18764634388984,29.050613035749727],[76.18181658766213,29.05103978798634],[76.1799973216828,29.052012887500403],[76.1771012238344,29.050752776909807],[76.16659787500569,29.050747102954475],[76.15776137014208,29.047884957330247],[76.15761226344769,29.04710679870469],[76.15512754099402,29.047091608776025],[76.152041801902,29.045869812788695],[76.15037797748104,29.044151312877535],[76.14752379343491,29.044508282784395],[76.14181511737534,29.044319650669777],[76.13898518583458,29.045588990054217],[76.13716349504645,29.045463329144173],[76.13310431795598,29.039857887901245],[76.1315573280511,29.035167346610365],[76.11831465097961,29.04095420097966],[76.11573563182401,29.04119358160201],[76.10021760409073,29.046343086081546],[76.09826784856492,29.04732299792357],[76.09770792604657,29.04601310726946],[76.08991893588514,29.04454320338403],[76.08764922407771,29.04493316332831],[76.0802501930473,29.041183458014018],[76.07774053009427,29.037933726525445],[76.07556083095032,29.033334109923306],[76.07589080052672,29.030674338469407],[76.0746809692029,29.02797456312621],[76.0755208745422,29.024384872287904],[76.07497095734364,29.022964990584658],[76.06860979519726,29.022829078116285],[76.0647822601248,29.02355490423956],[76.05907297878699,29.026894601447893],[76.05231383488311,29.029974315102717],[76.05097400239632,29.031034220072826],[76.04559466558993,29.037263670962627],[76.04397485263993,29.04195326722154],[76.0435648886635,29.04544296904696],[76.04367481875873,29.05791190891378],[76.04528459289968,29.06226154096998],[76.04408723140016,29.065966222995687],[76.04093514632464,29.063541417251994],[76.03915326345859,29.061359113166056],[76.0349459200547,29.062661471063837],[76.03139637366299,29.06444130889801],[76.0276018575046,29.064476292971452],[76.02287254281755,29.06274864284774],[76.02228755149632,29.06199148563393],[76.01738818320293,29.061351521753473],[76.01657829004917,29.060711575661465],[76.0127687827921,29.06022160294303],[76.0101391165824,29.06107152282342],[76.00184016270384,29.06613106103937],[75.99547095892977,29.070970629442105],[75.99210006779182,29.074388763793987],[75.9903415926838,29.077040094175203],[75.98635209552556,29.079349884137503],[75.98387240606505,29.08137970323439],[75.98081282677424,29.075120223894423],[75.97595348843814,29.06732088336136],[75.96796453365916,29.062681242363606],[75.96890442169334,29.060471433152692],[75.96816952190547,29.05896655853799],[75.97005430723809,29.05272209998578],[75.9725340164154,29.04620266132768],[75.9734139171152,29.04308292792437],[75.97387388662194,29.036283512392625],[75.97457381873076,29.03201387695935],[75.97830334513063,29.030733199866606],[75.97747346532765,29.027454273625484],[75.97780346814108,29.017955084778034],[75.97721355718004,29.013895427611523],[75.97809345302012,29.011395643401222],[75.97838346737929,28.999986615173675],[75.97930335301363,28.999436666967775],[75.97938335868815,28.9954570038384],[75.97572882460248,28.99628691972286],[75.97214428626292,28.996326906835023],[75.96791482835346,28.99712682279596],[75.96117568344485,28.99954659348148],[75.95898596025123,29.000026547015754],[75.95703619688068,29.003206269329628],[75.95531641663437,29.0045161515454],[75.95015707489945,29.004676120808337],[75.94896722588196,29.0054260533835],[75.94818731604792,29.008315805773364],[75.9466475050518,29.009435702885646],[75.93584886988444,29.015215176016856],[75.93035955543891,29.019464794071283],[75.92215059365842,29.023084460033516],[75.91151336137082,29.021479555426343],[75.90451288775337,29.017184903855945],[75.89982353211327,29.007095747453604],[75.89731386996799,29.003686029897498],[75.89831375141165,29.001046257769584],[75.8983637611768,28.997486560942093],[75.89678398779569,28.991947025869315],[75.89675400935621,28.988167348580735],[75.89548418059138,28.985867539848982],[75.89303449419194,28.986027518028017],[75.88688527518839,28.988237309840933],[75.88576541799009,28.988237306412085],[75.88559544837571,28.986387462412218],[75.88400567725391,28.981487873198088],[75.87790650269494,28.971018744740057],[75.87370704927282,28.96915888851629],[75.87043747977029,28.96711905287052],[75.86715791009233,28.964469266830726],[75.86301846331052,28.959719654422464],[75.85746919035554,28.956229935100446],[75.85323974966069,28.95252023656759],[75.85865910862117,28.939451368290502],[75.85856913890322,28.935211725908708],[75.85669939196887,28.932251969604348],[75.8508501710726,28.92553252310397],[75.84746559651518,28.920917401410723],[75.83733196076602,28.912643575541853],[75.83206264051171,28.91158364980131],[75.8290736681124,28.912989229900628],[75.8247035784376,28.913553459022943],[75.82255385087073,28.914423377004642],[75.81373497753854,28.915763235085027],[75.81127527990031,28.919162937455397],[75.79978701049227,28.925763018980447],[75.79172776380844,28.925222358726277],[75.78547858671556,28.921312670868343],[75.77776854333213,28.918071517952967],[75.77753964021709,28.91217342292598],[75.7728702735395,28.90388411142493],[75.77132049049916,28.899594470391015],[75.76781094308785,28.898814528073245],[75.76240162792004,28.901364291739828],[75.75849212925863,28.90250418083893],[75.75383271424934,28.904813972017212],[75.75139302603885,28.905298924070923],[75.75107306848722,28.904573984750268],[75.74395398012312,28.905263903713024],[75.73667491446288,28.905053898609445],[75.73061569612116,28.905273860029993],[75.72447648351952,28.904913872120666],[75.7183472713037,28.90413391903837],[75.71426291867584,28.903232029403085],[75.70924843955773,28.904363871873848],[75.70714871035702,28.904273872816866],[75.69518725289323,28.90591547230592],[75.69109749143749,28.907245895171613],[75.68462933947873,28.910993942770123],[75.68238186078631,28.91098322466362],[75.68032559879353,28.91228566947049],[75.67858044809545,28.915761516353047],[75.67395290980319,28.91933248666104],[75.67184248455267,28.927473063519578],[75.66997806116079,28.92899022018434],[75.66775997177872,28.929367084865003],[75.66555423217339,28.933280240353163],[75.66443653884879,28.933775713022694],[75.66437702129888,28.935720564733188],[75.66260360039934,28.93644009876121],[75.66237504520076,28.938029004973153],[75.66025601459974,28.93817392067563],[75.65879629702077,28.939771718136353],[75.6579348822824,28.938483835739113],[75.65461026175952,28.936699673833697],[75.65002132051856,28.936435189540646],[75.64788619313448,28.93772084476435],[75.6480361507685,28.941720505524422],[75.64577125238183,28.94631741487629],[75.64345666699548,28.94656992049042],[75.64411290862299,28.948551023973433],[75.64171866045422,28.950010187166917],[75.64079378558033,28.94917571628874],[75.63925353180225,28.951914036149805],[75.6391547098812,28.95376396209822],[75.63788795970952,28.95406335521932],[75.6395886064249,28.957718492241117],[75.63884977419303,28.962232357551514],[75.6363074943484,28.96305647079397],[75.63675767106942,28.96782952139395],[75.63542721052124,28.969631707526673],[75.6329941483603,28.970671371451],[75.63123819181861,28.97061799779569],[75.62962964469659,28.973599409889665],[75.63054825876004,28.975897544929524],[75.62981361510508,28.978212292284947],[75.62809894196454,28.976322336815777],[75.6231988827435,28.981311712462077],[75.62021863168818,28.98362137824736],[75.61600574938218,28.985633474996224],[75.60633132938943,28.988726379039296],[75.60157192886366,28.989666284132714],[75.59679255152957,28.989696267894423],[75.59351749532539,28.988533695952853],[75.59149124291932,28.98543917997741],[75.58985083160012,28.98402903719316],[75.58704062058716,28.983826260831556],[75.58642045774303,28.982739177541625],[75.58287042429389,28.983274677297814],[75.58257324555188,28.98599066894341],[75.57983855505827,28.984235494744315],[75.57932379789627,28.981829678201937],[75.57200576172644,28.981236913582556],[75.57012798067396,28.98070937518829],[75.56492419526572,28.98054476527089],[75.55438710435617,28.97227363538732],[75.54800683197834,28.966405336556246],[75.53773022365826,28.968077929513896],[75.52723682858537,28.970498109410077],[75.52752149696825,28.976527179819822],[75.5279475913743,28.97717069526102],[75.52699154158347,28.982256691252008],[75.52681010408412,28.98545343697114],[75.52452516657698,28.989819573386193],[75.52333690599116,28.991154602474197],[75.52239208051932,28.995845521734427],[75.52076227566596,29.00001516106779],[75.52037787153375,29.003731379649043],[75.52180444447104,29.003908603383408],[75.51709272000446,29.00682457219205],[75.5154324017799,29.008327362840195],[75.50515092320325,29.011808158961546],[75.49776602495886,29.01278258935853],[75.49553809594671,29.01208536350031],[75.4884067928857,29.011906635359754],[75.48437224771946,29.012204525316438],[75.48413001957299,29.01277187519737],[75.47518126162835,29.014154766462912],[75.47259447256839,29.01432363219607],[75.4676674155781,29.013794874371328],[75.46318597316906,29.01253465152481],[75.4604150349993,29.013375637221746],[75.45984942918426,29.01435150532537],[75.4533576605412,29.012053608249985],[75.45070594215193,29.01079887147418],[75.45033274303594,29.00985084925369],[75.44569827577669,29.008405227863854],[75.44584908987709,29.01198566007805],[75.44508089997902,29.014322918235695],[75.4456736616218,29.017994669987655],[75.44292973795022,29.020946479877498],[75.44313151488876,29.02337336054886],[75.44493382782773,29.024400989057238],[75.44489916819694,29.026250636036405],[75.44613849644666,29.02970105826987],[75.44784828182759,29.030467029445227],[75.44808631081187,29.033151027884564],[75.44711759495218,29.03518163379288],[75.45008981795898,29.03527924281387],[75.45191500713888,29.039189398119838],[75.45030039701511,29.04241124569457],[75.44678608125234,29.04550339606592],[75.44620804446757,29.04858929849417],[75.44375242966373,29.04760967072082],[75.44215898265905,29.050977821775316],[75.44384889477831,29.05226273155283],[75.44310121281032,29.055154745962685],[75.44178803071483,29.057563586577633],[75.4359046300759,29.05762972919522],[75.43175350263924,29.056390101196865],[75.43055295694327,29.057138033727817],[75.42560429850991,29.057290008491147],[75.42433463457026,29.058068544629016],[75.42069751596124,29.058587956687816],[75.41058621165519,29.062249544324846],[75.40496692524495,29.062449510854474],[75.40234884558888,29.061929790937945],[75.39822779407741,29.0621595151132],[75.39470274763406,29.06182479869487],[75.39124991921214,29.062767299380987],[75.39292749579889,29.06922337981121],[75.39345131349485,29.069268338762143],[75.39467819831323,29.075978329158488],[75.39417268300888,29.078261010283633],[75.39269181199757,29.078432671617637],[75.39353832259357,29.082247791965237],[75.39228521070939,29.085257029582444],[75.39095864296027,29.085397513635588],[75.39241844091451,29.08914719859913],[75.39264840792379,29.092246933787035],[75.39407821024179,29.093676819582903],[75.39572799964044,29.093226861661865],[75.3958386830356,29.095900502539134],[75.39690795546049,29.097608381898542],[75.39377925202389,29.098226066907394],[75.39401667425196,29.099934159744983],[75.39209886515155,29.102008140198294],[75.39407793695499,29.109219901001243],[75.39651782666434,29.112905185509135],[75.40578001568736,29.120192473941437],[75.403043097726,29.125281703342853],[75.40214985047928,29.127929931533817],[75.39730515877766,29.128179017771448],[75.38476927863866,29.1293737483334],[75.3833356823102,29.12997160539597],[75.37505996916168,29.13519882096515],[75.37305443910655,29.138119921609213],[75.37152115978161,29.138131689021883],[75.37114795916176,29.14156823288568],[75.37336070913126,29.141302698809163],[75.37435056777828,29.14281257486351],[75.37869792252593,29.142196345858363],[75.37967981633992,29.150755642432443],[75.38108687733975,29.151143057361935],[75.38163346257035,29.157527963428503],[75.382023128633,29.16753349725159],[75.38127958969984,29.16893036597472],[75.3915323280488,29.168313994067184],[75.39149971271871,29.167760493540996],[75.39524778758873,29.167780502523076],[75.40675655294328,29.169781569819026],[75.40718624345816,29.17182019101366],[75.40592603598016,29.171956106349768],[75.40755617118715,29.176479794936196],[75.40943591522743,29.180239479414848],[75.41274352011067,29.181715895793364],[75.41436526502608,29.184349142171868],[75.41294574551515,29.187718770225946],[75.41396142906294,29.18951010713541],[75.41184028024915,29.191098674791686],[75.41132702691372,29.196288617861278],[75.4122619387419,29.196833029364203],[75.41038641688525,29.204843588713548],[75.411005611447,29.20749715634485],[75.40978576148005,29.209556978893666],[75.40733726269774,29.211195326249143],[75.40855590605764,29.213206664154733],[75.40548868085934,29.21403409526613],[75.40285188579257,29.213320479712092],[75.40151680451854,29.215296466861716],[75.39965566482185,29.215325568790842],[75.39831724389475,29.217485146271514],[75.39680974778153,29.217575974138285],[75.39702310614737,29.220893373834148],[75.39808480195539,29.223580000753955],[75.4019645240936,29.222526023382372],[75.40300150038516,29.22468836164798],[75.40178529738077,29.224715697184305],[75.40239806497314,29.227449246714045],[75.4051686459496,29.228646893256833],[75.40523764957545,29.23148990057265],[75.40673607760128,29.23226503240468],[75.4087292041065,29.23505549265211],[75.40777788448669,29.235924861291693],[75.40867444071722,29.24193326631954],[75.41183149183179,29.242448398880548],[75.41215532402877,29.24506395338448],[75.4113128458568,29.24732477716611],[75.41099544227922,29.253853196703453],[75.41056049469717,29.255643044171993],[75.40775412720248,29.257805551449948],[75.40605606567154,29.2570529104338],[75.4054561308509,29.260582609451564],[75.40280311811594,29.260285980892657],[75.39575738620242,29.26076256650929],[75.39476750539812,29.261162527997268],[75.38946510955775,29.26126138021009],[75.38603604316499,29.258076248493524],[75.37895537313213,29.25690075549437],[75.3781184616171,29.254813363317595],[75.37595767677807,29.255115894487663],[75.37194047342274,29.252235941990893],[75.36975664448963,29.250074967711615],[75.36475634166543,29.247074979603],[75.36151120451714,29.243019296761766],[75.36081376360576,29.238688748631127],[75.36127617273803,29.229449886987076],[75.3599621132047,29.227235329363285],[75.35616262423952,29.223165664006924],[75.35328036349894,29.222894277950367],[75.34974766622676,29.223851744681117],[75.34701378744316,29.2252954586438],[75.34258127717986,29.229370696945747],[75.33961472312315,29.230365004762124],[75.33113785453423,29.23199240531115],[75.32913177439775,29.233241176827107],[75.32800217517811,29.235970579126274],[75.33190145456172,29.238772689164335],[75.33414999138715,29.241693062381895],[75.3343959056778,29.244202353027042],[75.33582118804169,29.2443234628433],[75.33525523384638,29.246463616226137],[75.33578733512559,29.248316781385757],[75.33746208089131,29.250032642959553],[75.33738493225415,29.251553188906133],[75.33866977314953,29.251918160496803],[75.33954463587555,29.25688273792184],[75.33841978211657,29.25762767233214],[75.3385447534426,29.259712492974714],[75.33960461605812,29.259812488050734],[75.33843475405412,29.263512170276904],[75.33989813353543,29.263532430227418],[75.33970457342478,29.26815177662467],[75.33849472737568,29.27113151887487],[75.33863469196872,29.27349131586403],[75.34029506306523,29.27352884378644],[75.3406044107816,29.280800698343814],[75.3442671593655,29.282531391654725],[75.34707317163728,29.28295853309181],[75.34743625999087,29.28704136317246],[75.348063977113,29.288711292541],[75.34786792723602,29.291780312404534],[75.35048073248969,29.297460132881803],[75.35357267252398,29.299669121425225],[75.35414381851713,29.302648463346873],[75.35516246060487,29.304138742640877],[75.35472250427826,29.30724847482795],[75.35856361097001,29.310038050839278],[75.36495089310797,29.309885254871887],[75.36933082422267,29.311103479952248],[75.38160095588601,29.31280627936291],[75.38402048982113,29.31383691595239],[75.39097445418443,29.3154737217806],[75.39409959713561,29.31696573634656],[75.39848555354529,29.3177992156425],[75.398264007795,29.320524981344835],[75.39841035329121,29.329853697403678],[75.39900855670317,29.33415250612637],[75.39845835063744,29.336787112586112],[75.40095441771194,29.342593747945866],[75.40629576493639,29.342730867105672],[75.41028115113875,29.343713311321594],[75.41519877911811,29.34570120578816],[75.41680634470546,29.34838027712591],[75.42005132673744,29.35115793785864],[75.42359068099444,29.355401546252374],[75.42690503048915,29.36196824970428],[75.42768400234215,29.364660947099928],[75.42778890711449,29.368779539112108],[75.43497329852656,29.369001960747212],[75.43887332447669,29.369809912754572],[75.4393208891507,29.367507867103033],[75.44237453567673,29.362547677250934],[75.4464452453856,29.358968336933113],[75.44798343485047,29.356874378500574],[75.44966458621097,29.353251186075273],[75.4562570777132,29.355335836453893],[75.45899128080606,29.35542435206502],[75.46927589181016,29.357235349392692],[75.47378306095345,29.358860512272898],[75.47043274239674,29.360686859782366],[75.46870930767153,29.36267603195898],[75.46738442111804,29.36665564698839],[75.47084199444991,29.374362454570004],[75.47131795342014,29.376626568826246],[75.47593964482299,29.383754965976316],[75.48172392426386,29.388847787676713],[75.48195137455657,29.389780574310855],[75.49076352834136,29.393224879059435],[75.49804428604232,29.395067798154717],[75.50088938776923,29.395149875921906],[75.50682727349147,29.396355097963347],[75.50933074119824,29.39645653209506],[75.51653558139519,29.39809100604809],[75.51850850148969,29.393139633447877],[75.51975069018583,29.38737107695916],[75.52055353746881,29.385481612164774],[75.52448499426617,29.370805984513993],[75.52970943481125,29.36268996569842],[75.53404600780296,29.36191715359197],[75.54379953730778,29.36137306436499],[75.54899584619949,29.360722015042814],[75.55986122902114,29.36078182292512],[75.55970374577258,29.357258677823985],[75.56084199228691,29.356889319783402],[75.56492971542072,29.358339199774765],[75.57234391923043,29.359803883936337],[75.57497539125784,29.359705670088495],[75.58049093902035,29.35832718085791],[75.58209787172312,29.35738940731725],[75.58435493084706,29.3533302804342],[75.58436714633085,29.348354635867732],[75.58375020499342,29.346058418365],[75.58551839066979,29.340253270145826],[75.58762498574085,29.33769616578279],[75.59039507615739,29.336898447693134],[75.59565140842918,29.337066548322756],[75.60059349463779,29.33801033084317],[75.6049734659404,29.344542905248375],[75.60517901794145,29.34663156699472],[75.60459589307781,29.353488203271116],[75.59922915797173,29.359013217095313],[75.59547993134306,29.360604877188827],[75.60254310638078,29.369425171933294],[75.60790897846367,29.371410703667586],[75.60991744300694,29.3717898800705],[75.61539704863925,29.37147004637723],[75.61537626074355,29.37325639836264],[75.61653419422927,29.38450688946793],[75.6143089810299,29.38617124949373],[75.61433431265867,29.3901183450268],[75.61529214550313,29.39247315661251],[75.61529155265494,29.39915835922922],[75.61606398280249,29.403263412930286],[75.62008733058876,29.40331765287149],[75.6215503039636,29.407914397379862],[75.62391500948297,29.407179176863643],[75.62400766615129,29.40945263019996],[75.63092050176742,29.416763984182662],[75.6350584485876,29.41671901827218],[75.6371470286656,29.416232417259433],[75.63852129774791,29.414643963666585],[75.64452975182799,29.41970451863044],[75.64788432469358,29.421192578764824],[75.66031866606363,29.42502858766036],[75.67294755222441,29.424361517330958],[75.6783377298063,29.42547767268529],[75.68498496431152,29.425669219038433],[75.68906562213525,29.42525682178272],[75.69575778180204,29.425596433630126],[75.69974144153736,29.42450241891908],[75.70280231254215,29.424735205531334],[75.70995879032651,29.4302341323226],[75.71618791186117,29.42932328178298],[75.71938552687698,29.42518212497444],[75.72313268038977,29.422642157158513],[75.72640699429337,29.419883494807177],[75.73076299551536,29.41705174423277],[75.72755437721442,29.4115246968922],[75.72474083176525,29.407375930986827],[75.72415117858532,29.405057751704994],[75.7262200895443,29.402895436724165],[75.73226380081122,29.398966208366318],[75.73807699999237,29.396484861960367],[75.73956242542378,29.39815264457808],[75.74139685490822,29.398660696394288],[75.74554184495783,29.401453841702466],[75.74897923371513,29.402546777332997],[75.75401864860791,29.405036982704253],[75.75563808134932,29.40788034996795],[75.75951926570878,29.40955621288416],[75.76530275893882,29.412868626284816],[75.768443171433,29.415099572483836],[75.7715860701151,29.415047954088696],[75.77598227476506,29.424348295576078],[75.7809785511503,29.437505762328012],[75.77919248437465,29.440774903059534],[75.77605291606518,29.441886857084224],[75.7723112305541,29.447233968817578],[75.76831381278394,29.45532787462097],[75.76074480357296,29.466878593785744],[75.7564105436773,29.474976363928437],[75.75487555595042,29.47831762478085],[75.75181597704207,29.48032213506134],[75.75266003036053,29.48582174105849],[75.75418084154835,29.490356559893396],[75.75485644938895,29.49466363997326],[75.75721176282795,29.4999899599879],[75.76183552517182,29.50661281302364],[75.77030013007872,29.509383488113773],[75.77445738702372,29.50968170245742],[75.77748682269886,29.510545999793454],[75.78375012855186,29.513352022370857],[75.7878276716726,29.518174429103755],[75.79199266454464,29.51739395660792],[75.79455203689838,29.51606656404262],[75.7988439158893,29.515545048987338],[75.80138851955051,29.520566646047474],[75.80250470254191,29.521281293679344],[75.80688923426366,29.521492249849967],[75.81258106254471,29.51912433077256],[75.81626320142769,29.518204349986775],[75.82241515482201,29.512235261093323],[75.8341818192179,29.5085343596352],[75.83974547430469,29.50986897512866],[75.84413966463431,29.51609156328192],[75.84840572940159,29.520888998084665],[75.85385036276823,29.524835072337744],[75.85489178954339,29.52911763382743],[75.8550409006828,29.536352593259874],[75.85225016227689,29.539282998326822],[75.85361602697583,29.544890791712906],[75.85576262367506,29.548002003114515],[75.85870264290874,29.55076377278033],[75.8650369624975,29.55333565027707],[75.8720570999389,29.55571495502439],[75.8716474326061,29.55373243273833],[75.87167737095898,29.548340456663144],[75.8729782308545,29.543840976386974],[75.87699319850817,29.537733444744823],[75.88826351296528,29.537112075439932],[75.89436090337713,29.53647382986301],[75.89644840046829,29.5426777968891],[75.89702359688266,29.546860184192063],[75.89548025436353,29.54904434203719],[75.89537359705248,29.552134589746956],[75.89436095766307,29.553089387141156],[75.8941300991429,29.55739337592086],[75.89507139401904,29.557954316664645],[75.90052754980137,29.557329100907204],[75.90953979145947,29.554450701424837],[75.91452039405989,29.553681988966527],[75.9169071783459,29.554468414405864],[75.91800059953434,29.55688273061597],[75.91943713295505,29.558098828177425],[75.92105354537618,29.561677354706728],[75.92294241117361,29.56284378809401],[75.92361084670446,29.56477682608802],[75.92477421285278,29.572725534898268],[75.92659972904268,29.576125385410222],[75.92810250658461,29.577609113750682],[75.93287150088169,29.5789738587387],[75.93480457922077,29.580313562220322],[75.9395745673673,29.580061545712255],[75.9410641579278,29.579150676966307],[75.94193114185015,29.576097711774064],[75.94345901669013,29.575010077035078],[75.94647337146299,29.575265676050837],[75.94656482004774,29.573997080538543],[75.94850004275274,29.572566281633563],[75.94970223511955,29.570198555040403],[75.95388833204774,29.569349830808115],[75.95612222495517,29.56692894466401],[75.95894735502976,29.566070402035113],[75.96320304741789,29.562763090391584]]]]}},{"type":"Feature","properties":{"id":"06-209","name":"Jhajjar","source_name":"Jhajjar","state_id":"06","source_agency":"Survey of India (SOI)","district_code":"064"},"geometry":{"type":"MultiPolygon","coordinates":[[[[76.8687269858144,28.823327137342027],[76.86961129378406,28.823775485749138],[76.87615269683437,28.819588298489805],[76.87860568660167,28.81956739442215],[76.88397553729506,28.816604295228764],[76.88696452842328,28.812753230635998],[76.88779193836157,28.803325103186037],[76.88994614995245,28.79921691186039],[76.89131697866104,28.797904518801232],[76.89645936925555,28.795243749292045],[76.89813985524347,28.797367457714877],[76.90038093469421,28.79539087254937],[76.90173855130834,28.796061477419443],[76.90433366921609,28.794914838371472],[76.90599542930428,28.79507998055717],[76.90930866321594,28.79394256266514],[76.91212420142327,28.793556710193922],[76.915156524073,28.79596772029533],[76.91773697697681,28.796664060334464],[76.9224246814247,28.799927653891718],[76.92314376962558,28.8011612893365],[76.93663366335718,28.799017290786285],[76.94211115425364,28.798491124988722],[76.94627532444534,28.79795433947935],[76.95331168440654,28.791677656338187],[76.95384424800005,28.79062704515413],[76.95209891470907,28.78827941857016],[76.95003977662702,28.78331500375124],[76.94979143749622,28.77711019454007],[76.95189791849124,28.773146876334085],[76.95540222284475,28.768930387337704],[76.95579652493794,28.767371616650042],[76.9504504054993,28.762825189999656],[76.94625729637883,28.758056195134316],[76.9446161691618,28.754099035796735],[76.95081550869132,28.75004036495999],[76.9560484843952,28.745618252518465],[76.95861119032514,28.742945727557633],[76.95595779947803,28.738140282132107],[76.95825112185324,28.735841197214008],[76.95988198829127,28.732987511241536],[76.95974377570721,28.72949048511748],[76.9563145033755,28.72398471825372],[76.95290729143572,28.720050098667105],[76.94823861572996,28.71281154453716],[76.95315347385599,28.709051970884726],[76.9594906398858,28.705191678599693],[76.96785657885891,28.699489430126974],[76.96600654145111,28.697830472805034],[76.96332763342639,28.694000338121345],[76.9632994831963,28.692430276510883],[76.95851132875343,28.68569887168621],[76.95742540383023,28.68331612015584],[76.95604553831667,28.677010798236218],[76.9558910777437,28.671246005143576],[76.95371623625529,28.667780710077068],[76.9521199129007,28.66955044989308],[76.94865527825557,28.669809808574193],[76.944505542916,28.66910135755349],[76.94282473653914,28.66811277179113],[76.93501622974016,28.667532297099903],[76.93370573944362,28.665919595840872],[76.93263826045802,28.66197286723115],[76.93071271148615,28.65834674791468],[76.92506528991512,28.650018126722866],[76.92827157426174,28.646972697662896],[76.93099639093467,28.643068910689095],[76.93645301278907,28.637804713354207],[76.9403827838997,28.634820013254835],[76.94515744286174,28.63304791591291],[76.94375190143514,28.628343566589955],[76.93946336420741,28.62314855270026],[76.93723249050696,28.62141186990962],[76.93463663542627,28.618303628114315],[76.92741574301299,28.623539927649915],[76.92421971321754,28.628115861348654],[76.92096525528842,28.631053029567745],[76.91912287260645,28.631760586212533],[76.91434922597172,28.632322063443144],[76.91006258475977,28.628558124345613],[76.90637568910145,28.623826846121588],[76.89869363546944,28.628099209305844],[76.89272639502998,28.631799591612133],[76.88826747283065,28.631932945327776],[76.88514913163802,28.628569509833277],[76.88233116019103,28.622771545333016],[76.88018307172682,28.614940714902332],[76.87728571926736,28.608806115092047],[76.8739402940328,28.605414251770835],[76.87135286002595,28.601855045432092],[76.87030660821988,28.597371158582703],[76.86784155829385,28.590409784213357],[76.86603268771675,28.587736575784824],[76.86312426195809,28.58518393795199],[76.85778405229246,28.584701773602312],[76.85504318364382,28.585081197902127],[76.8452658275738,28.584385741662],[76.83966407001903,28.58254496594809],[76.83903895873772,28.57278153434544],[76.84069308887524,28.571490805346723],[76.84069048528298,28.56924060215298],[76.84249795497011,28.56303279050215],[76.84209877177982,28.56074489120725],[76.84248198869653,28.556190153677527],[76.84518390762406,28.551988613958507],[76.84535466652494,28.550377154202103],[76.8466705232514,28.549503990899748],[76.85624725165866,28.54699085332292],[76.86185840625856,28.545137802202383],[76.86472990182008,28.5433454341638],[76.86640112667175,28.540318301684884],[76.86775178739481,28.535885599085642],[76.867420396349,28.535326277092782],[76.87140580684948,28.533021164609856],[76.87323518162906,28.53257761218539],[76.87288106929569,28.530958088443533],[76.87455927190491,28.527017993165202],[76.87700886653047,28.524418829100462],[76.87899190653691,28.52343456229666],[76.88284828955886,28.52252359194311],[76.88711462656303,28.520588276198065],[76.8852811204898,28.517263034386744],[76.8839788374797,28.513677445041317],[76.88145028287418,28.50990728140656],[76.88040194816011,28.505936615060975],[76.87961000776296,28.504765163250248],[76.87644061578337,28.50007665383875],[76.87432117487353,28.49806451713983],[76.87288105227455,28.498100609670495],[76.86694754506738,28.499816028035504],[76.86469364764196,28.50087092783898],[76.86131712860458,28.501515650831024],[76.8592492705825,28.501135434850283],[76.85544785939676,28.501739548059945],[76.84983064940033,28.5020072071249],[76.84672215912646,28.49979495176229],[76.84241885609794,28.501533560659404],[76.84187408206964,28.50092768102943],[76.82822055923207,28.50488676645506],[76.82633689501309,28.504285508599107],[76.82423776932177,28.504709730848898],[76.82482889345474,28.500107998086435],[76.82090927655514,28.494034201719842],[76.8182715247335,28.48939979323059],[76.81718401712689,28.48893910748505],[76.81337673233594,28.48503946113768],[76.81407368748143,28.480695142711767],[76.81309976903287,28.478308114157016],[76.81066048319948,28.475053782313758],[76.80510036956836,28.475723656923957],[76.8015990219953,28.47149082314694],[76.80138691728686,28.473475981212577],[76.79996218862868,28.471066416218644],[76.79653307772544,28.47055698019874],[76.79287596917612,28.46481974167828],[76.79007932192019,28.46549210575534],[76.78703291534248,28.467811827255353],[76.78199643343808,28.470578541457478],[76.77620781236179,28.47477020868216],[76.77130300759708,28.477965286241904],[76.76968783044858,28.478084429279036],[76.7679963192386,28.476031732153785],[76.76524945261274,28.470954051564572],[76.76396183773225,28.4670504895992],[76.76123554244083,28.462193776910873],[76.75934930742203,28.459742368027566],[76.75366535623716,28.46137065539568],[76.75015274655686,28.461556956574565],[76.74319688129776,28.466069105920823],[76.73457387773833,28.471102159859193],[76.73392917752777,28.47248414791975],[76.73501772334455,28.476638667002895],[76.73526131269708,28.479454712969325],[76.73345919905164,28.480143499242832],[76.72605011014143,28.486742912319293],[76.71870102900567,28.490632552624554],[76.71742171987682,28.491983349235042],[76.71390164321166,28.49077252317408],[76.71251181904675,28.49120247786745],[76.70965216958787,28.493612267128523],[76.70539271593493,28.493332271409745],[76.70424286806428,28.49263732631874],[76.70410290060535,28.489852561609414],[76.70531278733368,28.48155326543054],[76.70536279211144,28.479433444078616],[76.70804209999442,28.474364834714713],[76.70877435612839,28.470511498637386],[76.70897771296019,28.465280263603848],[76.70791470052907,28.461529485518206],[76.70621568846488,28.4582085700718],[76.7116423208176,28.45601873002307],[76.71185016642079,28.454145570231102],[76.71067186424251,28.449701592566885],[76.71089225911152,28.44603628539252],[76.71398249691721,28.439396445874152],[76.71762985192736,28.436687498771477],[76.70963201474623,28.419087868992257],[76.70837755764575,28.415407793876394],[76.70694360563792,28.407097650201095],[76.70779040802843,28.400266544165625],[76.71197168072744,28.39707879326541],[76.71460664213285,28.39367081148315],[76.71587765137583,28.3944639885557],[76.71774466710488,28.394034126995194],[76.72722942892588,28.389337504102713],[76.72896286117415,28.38754702712377],[76.7283904948793,28.386118773570615],[76.72902320239183,28.384215447175418],[76.73069912662503,28.38294459278333],[76.73042611803703,28.38089594972648],[76.73320213885337,28.37946286653661],[76.7350806719398,28.374712907616345],[76.73270521118818,28.370296496327263],[76.73254659103205,28.36860066742519],[76.73081463213417,28.36787490354691],[76.73055016500102,28.36596312112237],[76.72880073877432,28.36425288115541],[76.73004927325043,28.36249034450424],[76.72891556546357,28.360130194346926],[76.72709672495166,28.359110708073032],[76.7256377829478,28.356532311435384],[76.72280722674653,28.35662461401235],[76.71937853343645,28.355151702083667],[76.71423257060505,28.35519577504122],[76.70541185733988,28.358517398555957],[76.70211634568842,28.357639502805988],[76.69703378252504,28.359809401870784],[76.6954043093708,28.361461682804048],[76.69717272005569,28.365828113377972],[76.69011346097,28.371072425273002],[76.68361713219414,28.375104276197437],[76.67668067549458,28.377132767550222],[76.66957006337354,28.37815940676945],[76.66885835116793,28.379259405589018],[76.66593486424381,28.37998885807717],[76.6662290941384,28.38060180178867],[76.66279724130773,28.382752219792593],[76.66366004263377,28.385332279718302],[76.66344500371528,28.387275543197408],[76.6614822635818,28.39048855943661],[76.65982452938837,28.391717149724442],[76.65997799679589,28.39275649462701],[76.6495397646961,28.402554345948275],[76.65000204927927,28.403568635287098],[76.64230705308938,28.40609146065335],[76.64194864669982,28.410638145815376],[76.63395879875065,28.41457181702808],[76.63630309118943,28.41636657112236],[76.63402017275874,28.41809361990418],[76.63274850734416,28.421638107305185],[76.62553604399695,28.42612566657919],[76.62299359132561,28.42649758369146],[76.61424474686585,28.429849135101033],[76.61113357660258,28.427698603674862],[76.60444593545091,28.431697069620988],[76.59804674492308,28.434196887543283],[76.59341732513946,28.43529672304466],[76.58587829308605,28.43631662359396],[76.58369852218846,28.436986589227672],[76.57940913459817,28.431097022728533],[76.57576956002968,28.425097659449243],[76.57436983503834,28.42188417456081],[76.58440427450739,28.42084378112651],[76.59286567178711,28.42109462060546],[76.60746679914975,28.418027596491772],[76.6063826230244,28.416056993620042],[76.6068385875974,28.411111276348255],[76.5995235047853,28.412518589759888],[76.59623277459178,28.41272291598472],[76.58915281209507,28.413921085255367],[76.57636280404104,28.415423424610577],[76.57084346442731,28.415303422436423],[76.56444002325941,28.40744930348962],[76.56254923977546,28.407798706563167],[76.56061506868481,28.404735962491145],[76.55645826586532,28.40645481218786],[76.55272654696223,28.407529622930035],[76.54812228623173,28.406508276807667],[76.53553408690273,28.406753321841126],[76.52878114063003,28.40925720052393],[76.52516663503526,28.41116301538411],[76.5169637211201,28.41389527477642],[76.5118240222622,28.415160061014827],[76.50841231806191,28.417610304580617],[76.50782307346775,28.419784462970874],[76.50836157767449,28.42206769154131],[76.50762651544483,28.426898984955447],[76.50648839528482,28.428923944450904],[76.50048927508402,28.43093674950305],[76.4998593059592,28.429146904375845],[76.4979095775182,28.429096880224325],[76.49001051604479,28.43263651301163],[76.48484126795381,28.427666967211504],[76.47981187847596,28.42793690523927],[76.47755213274858,28.427247021215933],[76.47412258438244,28.427716941227928],[76.46374394789993,28.425707035757934],[76.4588445662273,28.42586699624768],[76.45456725047721,28.418153214808015],[76.44887586680528,28.420527409078694],[76.4442364881976,28.421717328531322],[76.43975961591283,28.424367384486715],[76.44526369957175,28.437836602177516],[76.44189667451867,28.437585944205797],[76.44060612044491,28.438543565668155],[76.43585749143035,28.44021567353445],[76.4358974588882,28.444315377353906],[76.43693616042758,28.45226399764473],[76.44017681203391,28.454554505009476],[76.4406858464654,28.45601399766257],[76.43475750635812,28.458964139852803],[76.42620862400227,28.462363852319548],[76.41888949657361,28.46372372176068],[76.41819682753487,28.4647584445495],[76.41514996315345,28.46539351131444],[76.41051058200065,28.467523314686186],[76.40661585182475,28.469959239133555],[76.39810209579775,28.472982889530126],[76.39762973792045,28.469866844948825],[76.39653821899745,28.469194393157714],[76.39608425077425,28.463627229275236],[76.39461771208909,28.455002081530115],[76.39390119884712,28.44509564784022],[76.40191580140714,28.44148758469764],[76.40149895905755,28.43809308631625],[76.4024326255325,28.436771059699158],[76.40265100308602,28.432327471639013],[76.40399038000737,28.43212198177202],[76.40371684279434,28.43021154491291],[76.40147562971873,28.42633240668056],[76.39667371993417,28.425444467067564],[76.3917494973283,28.425756510768974],[76.39024390479037,28.424457398504256],[76.38562080693794,28.422703057323822],[76.38416153742058,28.424252761825876],[76.37764017753287,28.42463417777549],[76.37205272511324,28.425644701411034],[76.36997580335725,28.4266551874625],[76.36728127524874,28.429451936040913],[76.36658181977982,28.432032393826923],[76.36705609354328,28.4376803566377],[76.36649968606172,28.4401027633478],[76.36812213573346,28.446215554108946],[76.3674687196131,28.448358349235384],[76.36747852192417,28.454786784867647],[76.36312665425014,28.455724115336555],[76.35712741851263,28.456484030028825],[76.34635878192631,28.459513732351382],[76.34380910453137,28.459813698689818],[76.34024303889807,28.45274351608908],[76.34007026529504,28.450320885371486],[76.33870825545597,28.448344694281165],[76.33610821344273,28.440305088077796],[76.33582339668345,28.437571172204688],[76.33649811025505,28.434481172114808],[76.33629598367186,28.429049700810502],[76.3348888102959,28.42570192803757],[76.33438574888876,28.421889780683543],[76.33264155024833,28.420162534456335],[76.32552750493701,28.420723068248325],[76.32363978726846,28.42235125917599],[76.32228879723694,28.427673401734076],[76.32254226673605,28.431260063946485],[76.3116869545397,28.433019263772277],[76.31033513423871,28.43222470555263],[76.30564043086811,28.424165464759547],[76.3038152962585,28.42160660231164],[76.29931400972157,28.422813176486734],[76.29167163139257,28.42746885459816],[76.2876974818226,28.428057388428815],[76.28788639279828,28.429436058043095],[76.2848301170756,28.431592852861552],[76.29050600779705,28.439965175960857],[76.29070596654108,28.44375485894209],[76.28997604524265,28.446544621677244],[76.28863121876084,28.44700457754066],[76.2901260087666,28.450854257950255],[76.29057593699065,28.453953997047435],[76.28953604971599,28.458473612065195],[76.29084586850323,28.461353375052447],[76.29293352120708,28.468730445527942],[76.2882661503005,28.471392518045665],[76.2852965182629,28.473932291184287],[76.28440661956729,28.476512069599583],[76.28267683428639,28.478081933489992],[76.28352671726772,28.479881782415617],[76.2855964165294,28.48727116701384],[76.290415752378,28.497740298921435],[76.29122564550077,28.4985402346392],[76.2958550554431,28.49820027989726],[76.29814475740187,28.499090214200805],[76.30438395745259,28.499790177526524],[76.31041319178243,28.49860030159625],[76.31421271080507,28.497260429300837],[76.31831220756227,28.493060796888564],[76.3200519884723,28.492250868539838],[76.32248108841084,28.492338658239213],[76.32489541111177,28.493510405390232],[76.32709023417765,28.49592033213695],[76.32930075641427,28.502940003022488],[76.33101052083805,28.50645971035322],[76.33219035228657,28.510129406470853],[76.33322018600188,28.51745879211597],[76.33495136620968,28.52659501006115],[76.33489783736458,28.530544787667015],[76.3356605674982,28.538068239481895],[76.33913208428687,28.543487410786767],[76.34061907369245,28.55217588218849],[76.34155394367443,28.55599847503712],[76.34227880841722,28.56300497786821],[76.34182793106167,28.565668715548053],[76.3400290693884,28.56898446062025],[76.33730940276713,28.572234176607786],[76.33478122041183,28.572983700780295],[76.33544962327832,28.57541389862004],[76.3345297279821,28.57823365962827],[76.33415692488241,28.582394443392413],[76.33483709046104,28.582453186399363],[76.3426586787093,28.580103528895158],[76.34436931255024,28.58912422457657],[76.34484596439866,28.593316759888605],[76.34467967015146,28.59815340057191],[76.34584712239834,28.602153063287627],[76.35029917010898,28.608365622122268],[76.35138534077748,28.60843189967056],[76.3554622041652,28.613471343729003],[76.35695108628214,28.61670318757395],[76.35853847843697,28.61679033277593],[76.3588173237043,28.612729978425193],[76.3601463147305,28.607121308571557],[76.36435618650978,28.60444971761997],[76.36776047153519,28.6032356823655],[76.36987509526114,28.60138183279231],[76.37411274579736,28.599515956821183],[76.38768426667748,28.598780218206436],[76.38914192680416,28.5990882062969],[76.39439302672875,28.598798197569018],[76.40035879807569,28.596266901164604],[76.40146108906944,28.593762597552047],[76.40272116152227,28.592704092769385],[76.40197103954215,28.59073285306545],[76.4039203207159,28.586047887945057],[76.40174113122121,28.577663957902068],[76.4020411174515,28.572244416137945],[76.4029710102394,28.57026458989581],[76.40348095997622,28.566994866997224],[76.40265108936077,28.562155270269354],[76.40288107880137,28.558385591201827],[76.4039009648577,28.554995883310955],[76.40420094407128,28.55103621898349],[76.40784048770196,28.549296379189077],[76.40986023134502,28.548976412550427],[76.4125398772729,28.55116623949946],[76.42120290860483,28.551272266604098],[76.42308848992522,28.55861564877353],[76.42562813023306,28.566125022666622],[76.42646966680533,28.570741474694483],[76.42613803582441,28.5719745340464],[76.42671790750927,28.583093593207625],[76.42770776724517,28.585903360298648],[76.42853774316258,28.591313236149716],[76.43034002876196,28.595777598365732],[76.43281109069652,28.59950194704634],[76.43569931538349,28.602245880563256],[76.43881840981865,28.600744811985066],[76.44823672972817,28.598379847672955],[76.4488149910592,28.601242142600817],[76.45146308652255,28.605430042647995],[76.45396148343916,28.604356906303707],[76.45842372337471,28.609081513857873],[76.46138509165917,28.610481417146083],[76.46555278679887,28.61390113435439],[76.46570275943532,28.615441005819378],[76.46257126513034,28.616982477427754],[76.46102527814342,28.61835547608558],[76.46150327992105,28.619550639773003],[76.4577565147425,28.620936738230018],[76.45802371053189,28.622260399216533],[76.45410293880926,28.62593877431467],[76.45263201560667,28.628119919569546],[76.44843205686836,28.63288716161607],[76.44787911413255,28.63439502080736],[76.44572521546145,28.63638915496598],[76.439884073758,28.638039310287837],[76.43942600494742,28.63990883372686],[76.43801859210186,28.641199353291388],[76.44670098511794,28.643691683842817],[76.44815654562794,28.6451260296508],[76.44952742931795,28.649657899045664],[76.45055659598016,28.654856707477045],[76.44973900835006,28.659452029032376],[76.4462468825647,28.661195340616533],[76.44422239551281,28.662793501524433],[76.4389706632061,28.66481719831132],[76.43301724417164,28.66578535342193],[76.42886386767645,28.66581417857706],[76.42791731649031,28.665237095941336],[76.42549816025875,28.665788375680417],[76.41763655248994,28.66650392790768],[76.41166193379482,28.66593731479569],[76.40666963546559,28.665803271165103],[76.40111992836951,28.66642703733128],[76.40212473209023,28.674962444771705],[76.40341470581704,28.678282522993477],[76.40620748864525,28.682594942689327],[76.41190928680955,28.689524527543412],[76.41921829650157,28.70057362119994],[76.42004817486831,28.703773353561314],[76.41752845646151,28.71201264500126],[76.41734847052382,28.7140524723474],[76.4145288070652,28.718872050686088],[76.4142288372246,28.721011871096383],[76.41531868406958,28.7235316610799],[76.41838828490073,28.724471592273925],[76.42128791650003,28.72398164291332],[76.42496745241336,28.722401791773876],[76.42970682824814,28.72643147030117],[76.43176655608802,28.72746138867013],[76.43626597840294,28.72816134647884],[76.43825571687123,28.72914127229698],[76.4401654730753,28.72896129619588],[76.4414353057329,28.73011120227134],[76.44531477773447,28.736160703550755],[76.44993418407641,28.736790668908846],[76.45242386374085,28.736690684360127],[76.46079278115282,28.738710546755943],[76.46576214436377,28.739290516792018],[76.47094146749636,28.74124036997367],[76.47544088978464,28.741620356141606],[76.48694942792996,28.739410588126763],[76.49070894738325,28.73911062694642],[76.49316948823434,28.73685998402942],[76.49888661210699,28.73927259084173],[76.49883664318426,28.740391425553433],[76.50170544167077,28.74285268594695],[76.50384499641838,28.742890778814303],[76.50827992140053,28.741153216092837],[76.51169954116024,28.740808761184947],[76.51733140980794,28.739604235858845],[76.52316356256513,28.73759118079618],[76.52361364863626,28.73801655913237],[76.52980148469373,28.750012361466148],[76.53019567352088,28.751208161793052],[76.53159819170048,28.750076762176985],[76.54282766529249,28.746195174000377],[76.55037736115214,28.745244726546474],[76.55739375705214,28.742300838986083],[76.56440757349594,28.740445443962944],[76.57231268704449,28.736753819302628],[76.57750929198654,28.73401734117178],[76.5804157181532,28.736012370751332],[76.58460603009718,28.74053410930431],[76.58769170994466,28.743196647553628],[76.59082308501546,28.747406608386967],[76.59208160309538,28.750104716348034],[76.59444570114997,28.75359539480411],[76.59527416334245,28.756555060015028],[76.5953235990784,28.762920662541738],[76.59572773861635,28.764012446974363],[76.59619589364534,28.775336687115562],[76.5955341739577,28.779292412499398],[76.59567674230524,28.782035375207208],[76.59928629545087,28.78449024599853],[76.60387377337645,28.788686659911132],[76.60418038416255,28.792264220763514],[76.60591151995732,28.79147493605738],[76.61505310509743,28.789360069732368],[76.6200922489081,28.788868536241672],[76.62550017846743,28.789049139263426],[76.62738980167154,28.78960850237242],[76.63278274973537,28.793524113938556],[76.63537958194368,28.79710143537562],[76.63648616745785,28.799623225671418],[76.639006193429,28.801635033626418],[76.6399130903265,28.803917601241793],[76.64128589071318,28.804373105534605],[76.644707183259,28.80395311879287],[76.64550627239234,28.8046657404576],[76.6453176170948,28.808531992458164],[76.64278760654081,28.810309863260606],[76.64151253517916,28.81241230667838],[76.63273880553626,28.820939626684396],[76.63247274307805,28.824656934797083],[76.6317453358265,28.825103593171043],[76.63158670207451,28.82831118627292],[76.63223757146856,28.83135632264382],[76.6357267505028,28.834441790050537],[76.64339222025636,28.8395973841538],[76.64470898184285,28.839682872602683],[76.65065062641963,28.832928418989017],[76.65441440351456,28.826602777846915],[76.6546848635036,28.823034219354767],[76.65561889307186,28.81843022961154],[76.66239716623197,28.815773505953434],[76.66600768407622,28.815215124270466],[76.66951977620656,28.81327438400711],[76.66888963400251,28.809410548051666],[76.6688672951996,28.80491273324947],[76.67007418615789,28.80068967855789],[76.6705894714015,28.796115034263373],[76.67509534905516,28.79416453567066],[76.68446574295741,28.791106422978665],[76.69511645466243,28.789120829539126],[76.70027224639126,28.787516444849288],[76.70892140418523,28.78717296126616],[76.71020465741734,28.778293794747587],[76.70924156708945,28.771468710615267],[76.70829721705846,28.76872641408766],[76.70620623329002,28.766115580088645],[76.70366187068178,28.76656377187313],[76.7014694682194,28.765130427661408],[76.69792053398221,28.763905316966905],[76.69289259017565,28.76358310086238],[76.69126178388987,28.759289071861794],[76.69038865653216,28.7549630788715],[76.69046340117222,28.751620152872814],[76.68817773594841,28.747634864281398],[76.68688014814829,28.743512041408138],[76.6924316755983,28.739733301904238],[76.69421175227451,28.737869172281197],[76.69922137362424,28.735764176894474],[76.70157619307952,28.73615988280673],[76.70513827538599,28.735625468714314],[76.70848605938644,28.736024930831697],[76.71314409064682,28.748315497111342],[76.71334520408904,28.750064150315403],[76.7154109070316,28.753067294412936],[76.71442210855828,28.758183898626612],[76.71703924366099,28.759368611627032],[76.72072433338197,28.76026682251889],[76.72359301771485,28.760022656815917],[76.72941779732936,28.758574633391667],[76.73548553312838,28.758965797582057],[76.74054075743697,28.756797067540408],[76.74314006092092,28.76007007476367],[76.74617422491771,28.76290499832752],[76.74798974937778,28.765574091677884],[76.75174088975702,28.76792678396882],[76.75702259608927,28.769368539604955],[76.7639832050527,28.766111268740207],[76.76755274941007,28.76254898607315],[76.76782761778445,28.759387821951208],[76.76682920812297,28.754758545161877],[76.76437810389444,28.751159248454215],[76.76824371074848,28.74920115990142],[76.77135112833555,28.748277907494785],[76.77443434346243,28.745680132503928],[76.77928461196211,28.743163763651026],[76.78341987071728,28.74594373092523],[76.78579480729994,28.748481810938983],[76.79034985911369,28.754461982433543],[76.79067785351006,28.755463761969402],[76.79539879753112,28.76108473795571],[76.80258306292637,28.768281949537204],[76.8061677629265,28.770967626235542],[76.80720023527192,28.773322526882925],[76.81199031139549,28.778536053200767],[76.8189581430156,28.783744966626934],[76.81902381154586,28.788035981031687],[76.8204449350569,28.791288107396444],[76.82370279586581,28.796411023129952],[76.82711927903078,28.800023660942713],[76.83411650729713,28.810425211330777],[76.83913246723789,28.80891481449014],[76.84668331285975,28.80783486908551],[76.85037505642285,28.80782046899714],[76.85426088621011,28.813294294464345],[76.86263312392798,28.81556352135664],[76.86600698110463,28.818867110092363],[76.86759697916287,28.822504829535795],[76.8687269858144,28.823327137342027]]]]}},{"type":"Feature","properties":{"id":"06-210","name":"Jind","source_name":"Jind","state_id":"06","source_agency":"Survey of India (SOI)","district_code":"065"},"geometry":{"type":"MultiPolygon","coordinates":[[[[76.21528001244282,29.84083918263362],[76.21227135768369,29.83683662668508],[76.21110229387888,29.830289131256013],[76.2092804917004,29.823600883592036],[76.21443105177748,29.82043383316833],[76.2188140099285,29.81847505715751],[76.21460037192608,29.813335697368778],[76.21993577172523,29.811152936034066],[76.21907213248603,29.809736817803866],[76.21898665905037,29.807188825886172],[76.21689760561772,29.805089340081427],[76.21819339119087,29.80294206088701],[76.2153840218314,29.798092710757025],[76.21702219439729,29.795370782053485],[76.21405126926793,29.79321502322992],[76.21275540616499,29.791336640026753],[76.21031692020146,29.789486919752367],[76.2068555263119,29.78776448586594],[76.20924142749597,29.783642637864883],[76.21005989548608,29.780918397231893],[76.20986752285576,29.776377303988305],[76.20776843930814,29.773461290377558],[76.20646585549667,29.77426211036274],[76.2054356352981,29.77113271956223],[76.2008908332579,29.76593373451601],[76.19622917332782,29.763946670782765],[76.2006730502621,29.76064405271222],[76.20306665176486,29.757672462022256],[76.19889492754294,29.75621514586059],[76.19823077376311,29.75437828932415],[76.19826286733537,29.748573053463502],[76.19721911146708,29.74713974944811],[76.19452960409336,29.74691933165192],[76.19044233520692,29.744126164462966],[76.18434403673449,29.738966197273257],[76.18000023925882,29.737143820247923],[76.17995104775177,29.73597134814209],[76.18208241378855,29.733204338458165],[76.18073381446551,29.727144668933963],[76.18204899092389,29.722920480664527],[76.1835991570098,29.7198362492834],[76.18182806441972,29.718523835532487],[76.1784239044008,29.714120945298205],[76.1774101588655,29.711681408469733],[76.17427108286562,29.7066726233634],[76.17342721939302,29.701016218278866],[76.16928038858461,29.694311889499122],[76.16826725790854,29.69190389250318],[76.1682484079723,29.6890577411011],[76.16964268826614,29.68585727901293],[76.172558679688,29.686207819324455],[76.1750142465452,29.68569467458786],[76.17994425833378,29.683626144864526],[76.18397325135854,29.683573771501315],[76.18806368420944,29.681910714478683],[76.19200520043034,29.679643895512758],[76.19241628870789,29.676317501550425],[76.19380623397876,29.672625046064695],[76.19770311747811,29.669956871194426],[76.19960014867748,29.667168314305183],[76.20108795986101,29.666456761492448],[76.20247866073332,29.664419684189085],[76.20133267349817,29.65930163608554],[76.20028513184086,29.657935955558134],[76.20056701852981,29.653911039403944],[76.19797705782388,29.645304946967208],[76.193424734445,29.641124961760212],[76.19895272893872,29.637040846999405],[76.21235974427333,29.63005920063182],[76.21588039605784,29.626323507788886],[76.21729375070457,29.625409245300975],[76.21747103872902,29.62346423668078],[76.2217444323267,29.6225388719607],[76.22452976738413,29.62001580575567],[76.23144866510027,29.620149182515245],[76.23382680379811,29.61940073859872],[76.2353150865251,29.617250016347263],[76.23736785394668,29.6127234914357],[76.24054555187423,29.609597973519673],[76.24095244058556,29.60311394707248],[76.24231802118364,29.602104985641443],[76.24225029479749,29.597085053854624],[76.23823806221179,29.593304981804465],[76.24261386266784,29.588945885950718],[76.24538589271843,29.5890159757676],[76.24895915319003,29.587863701191715],[76.24896165087075,29.585373577588708],[76.25658499842963,29.584649758565526],[76.25939762156365,29.58471542443553],[76.26041015680295,29.58377356697561],[76.26142019086646,29.58049047139834],[76.26301045527967,29.57967090513256],[76.26427735323519,29.577371458769186],[76.26611537804078,29.576493295138164],[76.26507410743869,29.575400842793865],[76.2661496953044,29.57336733411393],[76.26842040731988,29.572480376853864],[76.26822298280416,29.569467200867255],[76.26726657729542,29.566250194793362],[76.26687957302867,29.561450280950293],[76.26616136079872,29.557574893831262],[76.26829460546506,29.55526260534942],[76.27011003708648,29.55089750910562],[76.27428621140729,29.548343112525536],[76.2772796647129,29.547032652045033],[76.2813449132627,29.54691831412978],[76.2842325494172,29.548386295657536],[76.2924021413187,29.551107149311314],[76.2945630142151,29.552118874057452],[76.29639817651021,29.55406860473854],[76.29870880508204,29.554886489415786],[76.30107992166788,29.55786039594286],[76.29772754277995,29.563046014847952],[76.2963539935519,29.564461562180085],[76.29319965213595,29.573161142523464],[76.29102962118019,29.576470711656473],[76.2906669869306,29.57810793837415],[76.29451849522303,29.5824000731274],[76.29782085445699,29.589908063212988],[76.30373223161017,29.58709651398557],[76.30763445330128,29.586160342598657],[76.30884273844062,29.58518209746447],[76.31183115707034,29.584606119939682],[76.31479770164245,29.586181752119312],[76.31616543077298,29.586065086584156],[76.3236398999193,29.58276622848627],[76.32843043527349,29.579813415047727],[76.33027765869826,29.580310173415352],[76.33488623783755,29.579635085283368],[76.34072261840463,29.580150854120937],[76.34205945648304,29.579434037064257],[76.34530446888778,29.582718594541063],[76.3509818491907,29.57997721688377],[76.35274216757766,29.57721234410092],[76.35649448877254,29.573374158961357],[76.35857985049441,29.569382334685557],[76.35698064079828,29.566815485381778],[76.35128016929389,29.561947406542178],[76.34909862692052,29.557900808025398],[76.34916115982624,29.555379246780088],[76.35270073336989,29.554148400404337],[76.35808242086584,29.549940555298104],[76.36128657047048,29.546517204403816],[76.36149333706935,29.543783670899842],[76.36054948495348,29.542155076700396],[76.3602249306693,29.539340267829854],[76.36103515705314,29.536877463252413],[76.36357337441714,29.533675015690054],[76.36447604634569,29.533602868445698],[76.36742152226657,29.530576255491543],[76.37550932419589,29.527026407581705],[76.3816317359401,29.527373548542997],[76.38516504112734,29.528753673936556],[76.38993100405179,29.529150114155374],[76.394552859029,29.53067414706102],[76.39531123517217,29.53159425170352],[76.39867946881365,29.531814777085714],[76.4051525556117,29.530527842307134],[76.41089946979393,29.53293510581581],[76.4155526879351,29.534395275344163],[76.41635309347251,29.536555788613303],[76.41403205853248,29.54076532628026],[76.42128686746462,29.54171453895107],[76.42452721500649,29.543377805213677],[76.4288406522786,29.54485116557477],[76.43127060146581,29.545008061393542],[76.4324816975313,29.54291447189947],[76.43389473195137,29.54224627753286],[76.43396610669737,29.540739619908795],[76.4353428567525,29.539742120980737],[76.43523367153999,29.538298696549404],[76.4365585214527,29.53693581804879],[76.43623258777419,29.535438312400146],[76.43733575698455,29.53420178351949],[76.43659194591375,29.532488097151276],[76.4368997997535,29.52997084050047],[76.43907091304347,29.52919394505151],[76.44266660329896,29.530112391262385],[76.4435955617433,29.530937372017636],[76.44805263563714,29.531697270253225],[76.44836311957465,29.533059397029803],[76.45115589857214,29.53590422506047],[76.45226132555233,29.53791993181092],[76.45190205638487,29.54039207261424],[76.45346314828713,29.54455009707802],[76.45382933478085,29.546994052518716],[76.46029703769231,29.54884927546184],[76.46394424551077,29.548720507039413],[76.46930221220268,29.54632154188903],[76.48579517937755,29.54180241657929],[76.48602163793176,29.536610212904332],[76.48883686148228,29.53095574374627],[76.48766330001719,29.528570540605624],[76.48741850341003,29.52643256519023],[76.49133436717443,29.52290620876332],[76.49345602261673,29.520084986660425],[76.49530763756171,29.516442076062084],[76.496439084463,29.514478323112257],[76.49672838882537,29.510540110780152],[76.4977928973642,29.508121326165135],[76.49812674573094,29.502784655588712],[76.50029749719685,29.501320452220806],[76.50165583871758,29.49722569142256],[76.5035995912503,29.49308649127604],[76.50391628322875,29.491259852921633],[76.50289843579328,29.4869611969726],[76.50612863560836,29.486403626254607],[76.50341849648007,29.484867500194035],[76.50339943674243,29.483604486798804],[76.49782667719968,29.480696655538722],[76.49592218809087,29.478916679546575],[76.49226842909673,29.48008820797557],[76.48402530541838,29.480532886382132],[76.48373639535929,29.477939343657436],[76.48157245498292,29.47665095359208],[76.48145859943027,29.471346340871467],[76.47820998207308,29.46026120640251],[76.47576468661568,29.456333486731577],[76.47095393473833,29.445484438665225],[76.47070646960151,29.439940770137774],[76.47096871480217,29.43661832345827],[76.46306913904527,29.42807796544946],[76.46364171290331,29.42436642529329],[76.46588939579377,29.422636322967776],[76.46697954804162,29.420280914418836],[76.46949926637568,29.417664997423667],[76.47460346653861,29.41649820343771],[76.4767545343429,29.422524168996816],[76.48021093306669,29.42659931403948],[76.48122055756943,29.428732193064867],[76.48171145740353,29.43249385910989],[76.48393892751815,29.433737081066],[76.50136535066198,29.426053348437062],[76.50495425205457,29.428158169196223],[76.51056826753728,29.430445568422314],[76.5148599406005,29.431098775372604],[76.51786813183621,29.432246992161396],[76.52120196580857,29.432443566891372],[76.52283636712613,29.431533612328664],[76.52257208028814,29.43301300616099],[76.52697041752215,29.44091938954724],[76.52931808918323,29.443390279971148],[76.53258485808159,29.450429283589035],[76.5337168259634,29.456452180210004],[76.54020758214786,29.458377586782138],[76.54335191325107,29.45811797447004],[76.54913952812177,29.459131817769943],[76.55090157444864,29.460224429799283],[76.55513811736805,29.460822136229186],[76.55643138378522,29.46157612305626],[76.56335393899315,29.461606504841704],[76.56428727888253,29.462059395078775],[76.56980700795201,29.462335590742757],[76.56988889838688,29.463305511000424],[76.57243926896797,29.465652182776555],[76.57429456002096,29.466451327098955],[76.57615315842311,29.46565987772633],[76.58293940823516,29.46590396934559],[76.58421827636523,29.46471796348441],[76.58845370497143,29.469577410587636],[76.59025772652323,29.470123708424182],[76.59323597988657,29.474269986935248],[76.59607087125359,29.47606598178533],[76.60244837338547,29.475230554096346],[76.60504630495028,29.475372897053955],[76.60467964333225,29.478832637437996],[76.60770945013569,29.480713103890146],[76.61233840068653,29.479537657316374],[76.61622274558891,29.47685810354862],[76.62495065389751,29.473443634846934],[76.62942009144976,29.4711339270978],[76.63036854411426,29.469956509178353],[76.6331005620185,29.469374488905768],[76.6373072346993,29.47131387424779],[76.64218956036598,29.474389735734803],[76.6442681393547,29.479387449043653],[76.64561396682711,29.481006660373797],[76.64604754046489,29.483126738458505],[76.64918862128877,29.488304597606998],[76.65234982698264,29.49084819536651],[76.65625813812473,29.49113606047421],[76.66187230532717,29.48896032133903],[76.66569663268587,29.48561212201855],[76.67730265110967,29.482142198780075],[76.68069530894056,29.482781356300507],[76.68513423478754,29.478636184406696],[76.68783218393655,29.476895962461796],[76.69188888703782,29.47622182570315],[76.69505432543546,29.47638257015053],[76.70263705853958,29.47552119805732],[76.7094254759667,29.47442994780828],[76.71244318576706,29.476638283636344],[76.71497538745881,29.47777335973804],[76.71535996591126,29.479763070949023],[76.7175540781468,29.482299412839566],[76.72119216617297,29.482550441004037],[76.73444032083285,29.481105723781567],[76.73828519768534,29.48007399572871],[76.74417531385824,29.47790812568537],[76.74560449363564,29.477729406592793],[76.74561059736202,29.475322124327302],[76.747731998233,29.47321353260191],[76.74767885306724,29.471937004459615],[76.75263986447419,29.468048029437718],[76.7549008192485,29.465406684774525],[76.7620619356458,29.465799540855222],[76.7624385978068,29.465817658246557],[76.75691761171583,29.459842010316198],[76.75469802562407,29.458152944545546],[76.74876984963373,29.445752087609076],[76.74743450859815,29.442398664703738],[76.74811718076977,29.440170185615454],[76.75010400865732,29.43814118155619],[76.7488521484104,29.43668222976165],[76.7476747127887,29.437188055321954],[76.74628248482806,29.435702305291564],[76.74576256313001,29.43348249283819],[76.74099395777982,29.432041185014366],[76.74190030509898,29.428919473422024],[76.73881998139343,29.42535773434559],[76.73671379531835,29.421523481621808],[76.73397416711788,29.418043766469673],[76.73311429274295,29.41552397866241],[76.73095458889466,29.412004273027122],[76.73274437028526,29.409824464309718],[76.73634391349297,29.408054633551703],[76.74049630459109,29.40673733849956],[76.73936600388636,29.40270574691035],[76.73627005328787,29.397667231495916],[76.73507124836765,29.394321133173055],[76.7347797084011,29.391393722904485],[76.73548845121422,29.389466971162097],[76.73443863993297,29.38815352696233],[76.7319461978828,29.387613690745837],[76.72846951460943,29.387706655271195],[76.71764668189249,29.386672712906286],[76.71164304472485,29.38309506270515],[76.70986570575857,29.382618050025496],[76.70576106110882,29.382940869429863],[76.69826675477371,29.382611435052464],[76.69379626172145,29.382938674872374],[76.69184492364879,29.38413050965032],[76.68999045399492,29.383693871759444],[76.68701211088143,29.381673528701477],[76.6876162255583,29.379226083273846],[76.68560830383342,29.376821224005784],[76.67795931457405,29.375299884653312],[76.67172278015977,29.37564054540254],[76.66591702455766,29.372335920218266],[76.66108570664632,29.370641244880442],[76.6511871499773,29.369091854981722],[76.64941492586249,29.36670587668306],[76.64776068436075,29.36113973791002],[76.64759319680813,29.349605160927023],[76.64843540459357,29.340041607756735],[76.64818787200252,29.338291387228217],[76.64595240010317,29.3326484849954],[76.64174608520504,29.331345422327722],[76.64042761282727,29.32740295901691],[76.63714264493122,29.32102479566483],[76.63189820915184,29.314649703578148],[76.63612890727082,29.310299866871546],[76.64174655660887,29.305356957123156],[76.63668793797315,29.297521031401914],[76.64335118674678,29.289038616395406],[76.64645382377641,29.287242782193164],[76.65466176036858,29.283637182322984],[76.66915345012383,29.279324722379027],[76.67361420360217,29.278872026284535],[76.67540041207046,29.2803239523839],[76.67698672969846,29.28043871029803],[76.6800857951405,29.27649217824681],[76.68245087000635,29.274157009698488],[76.68206008564887,29.269497504558252],[76.67899470637728,29.26493566257232],[76.67287742707461,29.265830951419307],[76.66825152847795,29.263960477736294],[76.6602044884668,29.264546590609395],[76.65362532675245,29.266346408159496],[76.64859595810745,29.26957611347564],[76.64676653558405,29.273085243211263],[76.64508638585554,29.274055718748873],[76.63749735883555,29.274815621382544],[76.63423928370032,29.27488556904877],[76.63207804277272,29.277265391396384],[76.62892843810448,29.27967517269409],[76.6240336866844,29.28241329284726],[76.62085376997722,29.284767943064836],[76.61472362940657,29.28709635046447],[76.61085919985783,29.28916784193387],[76.60653266143042,29.288907918049745],[76.60418158257283,29.287804376504017],[76.60136941351061,29.2845597192123],[76.60809565223857,29.278067973994236],[76.6090668633564,29.27552650696542],[76.61238516642503,29.27107879008831],[76.61780776104413,29.26599544510672],[76.61853616849668,29.260558812466332],[76.60890499426418,29.252932915442322],[76.60118426871279,29.240885561377812],[76.59624175629682,29.237523657204697],[76.5889628152287,29.23376446455417],[76.56828525858393,29.22680058140448],[76.5668367286898,29.222319821358163],[76.5639471234385,29.218050173901847],[76.56385714271013,29.216670291426748],[76.560050306369,29.20899146700134],[76.54929111861358,29.210374435795586],[76.54663777810927,29.20962609031046],[76.54337331425654,29.20967633075833],[76.54001939570897,29.211442541690914],[76.53404219248037,29.214009983064912],[76.53235389713613,29.215840374930686],[76.52585519573012,29.22015729805937],[76.52390253760724,29.22343082361096],[76.5239322379061,29.225459386064802],[76.52555200011392,29.23107891055831],[76.52528203200598,29.231678860977077],[76.51866288302925,29.23203880198012],[76.5166231449882,29.231818812788003],[76.5121037253312,29.232328754289632],[76.5068440731519,29.23434211188873],[76.50378478284819,29.23495849683193],[76.49784553547441,29.236998300559566],[76.49304614199612,29.23906810138139],[76.4901976362473,29.238998780832137],[76.48574707556999,29.240617943391744],[76.48312415350476,29.242577431481056],[76.48115734562745,29.240697926208327],[76.47452019017477,29.238029976441883],[76.47668826858924,29.23551834311846],[76.47667575167493,29.22860731687462],[76.47796540286662,29.222281820477043],[76.48214765881757,29.216939949019444],[76.48891199409596,29.210348505740946],[76.49059662421588,29.206750852857876],[76.49337253408,29.195784497905464],[76.4931463769059,29.1904122564051],[76.49563488833091,29.184677745712754],[76.49502745640002,29.183807066309782],[76.4956140299427,29.178175645769105],[76.49715796665332,29.17545855588723],[76.50129494327761,29.172932995619625],[76.51188874338501,29.163351698144723],[76.51082665626727,29.15771961882043],[76.51087629647712,29.156076258042415],[76.50814461910885,29.156685192722563],[76.50529405658796,29.15583565283268],[76.50500679985214,29.154580718548342],[76.49889167796553,29.151060927541522],[76.49816861527755,29.148706881327712],[76.49291127420736,29.14332528302827],[76.48936369457674,29.136909034879018],[76.48665406690448,29.130609246893226],[76.4860538390299,29.126617432885503],[76.48626497050668,29.122626446857414],[76.48548329469621,29.120481056000834],[76.48602467227762,29.118709423209648],[76.48566723241937,29.11573781532486],[76.4824381639723,29.108929161975407],[76.48109904791886,29.107010462810234],[76.48054496272202,29.10045284150375],[76.47749880444754,29.092211374992722],[76.47643527083432,29.089444227852916],[76.4731694816602,29.083141326570424],[76.47012987341765,29.08345128769644],[76.46922869652636,29.082836164518266],[76.46861435749942,29.079381047123007],[76.46664992577594,29.076346397594488],[76.46648957030169,29.075065321269477],[76.46251317249948,29.066902781473406],[76.4591318884214,29.063769687457],[76.455592269159,29.061299801223015],[76.45195788247703,29.061473414166585],[76.45060192191207,29.060932711015266],[76.44931826406538,29.06184924795136],[76.44737290839261,29.061413076181513],[76.44623538918225,29.058693115852606],[76.44347100351706,29.055505185490006],[76.43487452747034,29.058533275136835],[76.43090502941693,29.060343105614937],[76.42576244254968,29.064648276024954],[76.42050632939304,29.06764244352309],[76.41435548373424,29.07047161499454],[76.41107506447446,29.071568342366913],[76.41085183660552,29.072842002810365],[76.40290444241734,29.075682336964753],[76.39885644976397,29.075630976383458],[76.39474961769916,29.072601923245298],[76.38781053090969,29.068572241314982],[76.37946324276972,29.06567748976303],[76.37121265397388,29.07073199337323],[76.36727489529194,29.07259339531962],[76.36096395181809,29.074821606740375],[76.35664449473711,29.07748136708892],[76.35366054486268,29.080230194473117],[76.35220971594048,29.08222273766143],[76.35009530618817,29.08326084923388],[76.34579875074267,29.082598000868593],[76.33736266486368,29.08285552547349],[76.33046782450559,29.084060706514617],[76.32700826249919,29.0856805554433],[76.3212141180617,29.087424448853948],[76.31906866771664,29.08555627874331],[76.31672204746711,29.085311336399272],[76.31595682211595,29.08434563796587],[76.31311061764276,29.08343526085368],[76.31139640832453,29.084185691505823],[76.30248985015804,29.086152627999997],[76.30135537396039,29.08600093663314],[76.30166411772467,29.09198962119075],[76.30147213901517,29.094791433897424],[76.30577228479476,29.10070728384056],[76.30772066317849,29.102189080263727],[76.31513620631189,29.109391212740878],[76.31738237501665,29.112810828705367],[76.31807036970672,29.11705735440305],[76.31588664601396,29.11757471379832],[76.31014794648337,29.12044357776507],[76.30594598145342,29.1254329158693],[76.30519216062196,29.12682894269356],[76.30507487236721,29.12966393575865],[76.3061904622274,29.136318461152097],[76.30624030522746,29.138691341071034],[76.30522085091653,29.1442354081223],[76.3033536931843,29.144581385423844],[76.30219978255975,29.148627169484485],[76.29894276308659,29.154268792630127],[76.29736070020041,29.160136872679615],[76.2970709510356,29.162649409873225],[76.2974122064538,29.166853916055967],[76.29542547498356,29.177530560382536],[76.30006128779138,29.17738264119698],[76.29898378039579,29.178039147829292],[76.29900619533078,29.18165393004415],[76.29828977741411,29.18272685150369],[76.29924360405244,29.184342100901542],[76.30013114539078,29.188287675208965],[76.29867438429467,29.189437827472492],[76.2948030324643,29.191126633466943],[76.29286915101522,29.192513180612877],[76.2914323135336,29.194751125557325],[76.2909323650002,29.197690873788837],[76.28994248294234,29.199470717601436],[76.28671458236529,29.20251767068153],[76.2849446789513,29.20316700120212],[76.28421040672667,29.205523391079403],[76.28198177555655,29.208048526296846],[76.27866443820281,29.20889874209492],[76.27372659182946,29.207357553425275],[76.27068952917983,29.20891088968553],[76.26894540708332,29.209019511899626],[76.2656568593033,29.207738455877326],[76.26191934068098,29.207243692163225],[76.25802655180215,29.207739892943717],[76.25530689375286,29.209549725499116],[76.25147812458863,29.210688457323375],[76.24766553690803,29.212683694054977],[76.2410689178296,29.212426940954185],[76.23623285231248,29.21418204380555],[76.2260306210728,29.21837886581993],[76.22468513119792,29.219599493591605],[76.22327165523905,29.22278651946448],[76.22424859363858,29.227502970868052],[76.22749718466642,29.236112111571966],[76.22807598014276,29.23885891638062],[76.22104877037415,29.242811324802883],[76.2162364044533,29.245074774519484],[76.21123737884852,29.248154322050745],[76.21463372614126,29.25336142731399],[76.21364763904691,29.255942655808166],[76.20977169396163,29.258507194296428],[76.20621284191918,29.259388122028724],[76.20507752541197,29.26177162187726],[76.20279988796011,29.26358643234454],[76.20705037505586,29.26494257412681],[76.20657274382707,29.265988511163584],[76.20212582459358,29.27027663295766],[76.19711056697554,29.27892712960379],[76.18675138793833,29.28608324715338],[76.18829426679649,29.291842225631225],[76.19098159455731,29.293509976460477],[76.19271802543061,29.296770538219143],[76.19600827945371,29.29941229018337],[76.19841187967067,29.305544704136867],[76.20163558250125,29.30936044352156],[76.2061427239961,29.316220440040787],[76.20892539080681,29.318580862720584],[76.20840503899541,29.320377517906724],[76.2039521160074,29.323225898644466],[76.20180842494317,29.326890109346394],[76.19135604091458,29.331068430473223],[76.18388549703575,29.33590867523759],[76.17967989143199,29.339599548214373],[76.17803435104408,29.340432267092428],[76.18166948228439,29.34369467110791],[76.18368445201072,29.346959713999347],[76.18604515550241,29.349747502294484],[76.19371480702934,29.3553904326057],[76.19811567331038,29.36014716895828],[76.2065795591867,29.364396103098183],[76.20667240281577,29.36988585156229],[76.20602924174536,29.371771811261954],[76.20559562300936,29.37843665135132],[76.20657237328201,29.37851511377525],[76.20515923955581,29.383964787388102],[76.2030222486867,29.385942626147703],[76.20312255553203,29.395847201279725],[76.19905957470573,29.39761468417637],[76.199277230397,29.399400945883308],[76.19857401885913,29.40287921150872],[76.19356203083738,29.40669297754917],[76.19137419076934,29.409052443464404],[76.1915417449106,29.410100450348143],[76.18431037959225,29.413175865780808],[76.18102550828267,29.412672097288738],[76.17010009242433,29.412955008271233],[76.16446628988044,29.414662633248465],[76.16141286028653,29.418475099885672],[76.15712619811248,29.42003419506546],[76.15550249059494,29.419690524437975],[76.1534658995472,29.417715186030357],[76.15310116127895,29.414436065777444],[76.1439646672573,29.410548876730815],[76.14287743043961,29.409358200026205],[76.14285134377702,29.407377902227818],[76.14173823021024,29.405469947373167],[76.13812114396686,29.40140142582602],[76.13578735863642,29.40006639276592],[76.13461749107348,29.394802240071062],[76.13177519391688,29.39014882168941],[76.12649404833218,29.393462901296697],[76.12456760433884,29.39551086453448],[76.12176522558435,29.399823267655428],[76.11773957517345,29.403682543344413],[76.11217248907653,29.406440287051495],[76.10766123277249,29.407179471416413],[76.10146580390733,29.405462431795346],[76.1002675786636,29.404503319111328],[76.09617094054427,29.40355997859307],[76.09358566403196,29.40379347720935],[76.09061719653656,29.406602296490668],[76.08629339210113,29.40899054118658],[76.08433908977068,29.411299745264728],[76.08427722604173,29.413654287791598],[76.08209745996423,29.419255746043522],[76.08117833932118,29.422960864647838],[76.08233561889028,29.424695014218923],[76.08025828907478,29.42966358877532],[76.08275859257832,29.43543531451491],[76.08279409262646,29.43666368369662],[76.0801224928619,29.438520591840213],[76.08086880761172,29.43963731859338],[76.0771962024373,29.4414178163257],[76.07248004603417,29.44138607888084],[76.0648539263829,29.44007738139129],[76.05578351730888,29.440214702323374],[76.05108982605645,29.439928058128558],[76.04861252560895,29.436665283674202],[76.04503563286265,29.432768851363484],[76.0426390748617,29.431271966652144],[76.03948873571218,29.430465348088234],[76.03597975302564,29.42715294880895],[76.0327718489316,29.42658167299373],[76.0297115006428,29.42744055802297],[76.0274922481426,29.42290690065776],[76.02383167156655,29.42420766229074],[76.02315926093384,29.42614128445353],[76.01990797951196,29.427399030135884],[76.01962478900128,29.437231994956477],[76.0179121963074,29.43877789976463],[76.01214669822903,29.44251271623157],[76.00618951597801,29.44215123407011],[76.00605244188407,29.44478997644016],[76.00115394799113,29.446932713957132],[75.99612491457175,29.447153328361466],[75.99824889486165,29.45563777702999],[75.99873930476993,29.46078786011848],[76.00224858049444,29.46238359720687],[76.00450614751749,29.46255252657621],[76.00733122659646,29.466650930715936],[76.00898743885574,29.471056492121043],[76.01196702624905,29.47743595782477],[76.01343651636012,29.478852805403694],[76.01375314951616,29.4807289499216],[76.01134003594775,29.48213125281289],[76.00632915563436,29.486290454587067],[76.0049674388901,29.486744913717647],[75.99909440584183,29.48716804429488],[75.98814005236956,29.48887489419465],[75.98152089367339,29.492034602159876],[75.97550167079268,29.492024580835636],[75.96855351273705,29.493846704384985],[75.96062294053155,29.497232881919608],[75.9574080544165,29.49735102200755],[75.9497606324711,29.494129031166576],[75.93987825343376,29.497210699849656],[75.93524233691812,29.49787511719312],[75.93299558614194,29.499131055477744],[75.93384607356231,29.505210329943885],[75.93499337082231,29.508197253439704],[75.9382623892667,29.5128732077919],[75.94264264055057,29.51566438966195],[75.94944765318517,29.517400740618843],[75.95083372478145,29.52059877098888],[75.95590536122221,29.529034662586717],[75.95800422652131,29.534647880286304],[75.96039655495154,29.53896545612736],[75.95933729484778,29.54196872173121],[75.96067395726246,29.5466508408213],[75.96294794556904,29.550941725200182],[75.96363822822101,29.55409684725299],[75.96295269326892,29.559972585005138],[75.96320304741789,29.562763090391584],[75.96419463259184,29.56462749272384],[75.96225771745512,29.56702500077347],[75.96086869992871,29.570205364175585],[75.96086016924876,29.573998973777087],[75.96010493051998,29.575855511635165],[75.96047337646516,29.582029486907345],[75.96184335108411,29.58366213222822],[75.96237422076594,29.585771263594143],[75.96095700474949,29.591888292083024],[75.95673379265284,29.593856002066097],[75.94872411569973,29.593952454871946],[75.95200661642579,29.598631080568104],[75.9526226281078,29.601330931809695],[75.95160586040991,29.605973869540218],[75.95358355787839,29.60842748290812],[75.9552362270057,29.612066510367622],[75.95732303444336,29.612886831529313],[75.95490377036187,29.613894563186562],[75.95709910781636,29.621040936783782],[75.9566561674349,29.627014692630215],[75.95445237795738,29.629480570843086],[75.95246876959985,29.632717059040807],[75.94682591834412,29.63869485139696],[75.94699986332503,29.64143985229255],[75.94334479126454,29.640840092490393],[75.94145170843092,29.641398813297563],[75.94348036438974,29.64739230222413],[75.94526169302819,29.650500209695885],[75.94868631692005,29.655136904442895],[75.94858573575452,29.66057938742067],[75.95154315958808,29.66939240156645],[75.95075647816401,29.672484728957585],[75.94667377380263,29.677848348776553],[75.94226329612928,29.682292600009603],[75.93961733046055,29.6825224488166],[75.93649764401529,29.681835146635716],[75.93357220752505,29.684680519408342],[75.93587984404152,29.687893495748128],[75.93973609739099,29.691994546235783],[75.94016211711751,29.694897986329437],[75.9415743266655,29.697694387346615],[75.94373385302788,29.700010264290647],[75.94474441080646,29.703042445015868],[75.94571714365009,29.710346492829178],[75.94720234900161,29.716692436067163],[75.94762903474803,29.726614473940632],[75.94729488451755,29.7294534114269],[75.95058752249754,29.73192267274217],[75.95267355995209,29.731203967825145],[75.95526322313025,29.731883916451455],[75.95746528926536,29.73067724171982],[75.96755356480261,29.729455159548024],[75.97121218751998,29.73067392084225],[75.97476169902087,29.730114966096558],[75.975355037865,29.72867908610375],[75.98439844381,29.727154563756027],[75.98886438482333,29.733974187001618],[75.99434964518287,29.738927906142003],[75.99670916371181,29.73924451779728],[75.99896030856704,29.741055301520024],[76.00049704125676,29.74035345099865],[76.00795045304112,29.740925230109863],[76.0143298741044,29.742145572535435],[76.0167127342977,29.743191849173346],[76.01753749424392,29.745777587533347],[76.0194867597071,29.747862902533896],[76.02392928469834,29.74904106113051],[76.02576982845142,29.755998843448086],[76.02735378251136,29.75620207116412],[76.03066279184112,29.75476931712538],[76.03128356131892,29.74998022980598],[76.03089180196658,29.747655402240554],[76.03470332623584,29.744653797259964],[76.03709101311475,29.743620225562385],[76.04325992175599,29.742749152610774],[76.04713993744195,29.745613276540915],[76.05023119512683,29.749434211867424],[76.05016178658188,29.75301377554765],[76.05368281004195,29.75666856220024],[76.05479022083921,29.758601962216282],[76.05680116372642,29.76540110666312],[76.06021949222975,29.76469145467893],[76.06215577011265,29.768228345055665],[76.06631987817656,29.77134521300427],[76.06699234017344,29.773916336548957],[76.06963235159664,29.77513932183787],[76.0728664840141,29.77876309140183],[76.07391613631071,29.776153134132176],[76.07664624517123,29.774917006642443],[76.07917385171343,29.777244836460657],[76.08163242813181,29.780818471537994],[76.08245348701878,29.78100772093608],[76.08469708655863,29.784571974078943],[76.08293840791623,29.788003991580748],[76.0840239475665,29.793263127862758],[76.08498681066668,29.80077082552345],[76.08951085027469,29.80118181726068],[76.093686194862,29.805840550057134],[76.09605978640265,29.809239845365273],[76.09806437831413,29.810657630095566],[76.10200592628847,29.810633703556622],[76.10508876732958,29.811855331190216],[76.10981211390138,29.80739986835561],[76.11255821800297,29.80648050229714],[76.11561832215158,29.802554603485177],[76.12006197436993,29.80085922368064],[76.12032450550608,29.80024679602233],[76.11965506822449,29.792333927739275],[76.12395176773367,29.79102096844371],[76.12472010027267,29.793500827577862],[76.12924619892885,29.796979533645217],[76.13214019547641,29.80322926295926],[76.13669796950872,29.80748044793678],[76.13960200153878,29.808813899260482],[76.14171090907283,29.810884174250983],[76.14159566523459,29.815508040444207],[76.14546742039207,29.819129166644455],[76.14796624981275,29.81998742377247],[76.15324323483784,29.82007422417869],[76.16088915851724,29.819426419629252],[76.16447833301321,29.81765917925093],[76.16693338118165,29.818133908034085],[76.17213845711369,29.81753918305334],[76.17372414303304,29.817959596621524],[76.17793723750479,29.820626325604728],[76.18489015320434,29.82293159870717],[76.19580982733787,29.842264809261277],[76.19780403760663,29.8448116908233],[76.20122475950993,29.843417857356712],[76.20923438562713,29.843424667888225],[76.21198962929402,29.843067036618265],[76.21528001244282,29.84083918263362]]]]}},{"type":"Feature","properties":{"id":"06-211","name":"Kaithal","source_name":"Kaithal","state_id":"06","source_agency":"Survey of India (SOI)","district_code":"066"},"geometry":{"type":"MultiPolygon","coordinates":[[[[76.46786768462599,30.098728168795432],[76.46568370271564,30.096532584768585],[76.46481066872701,30.093271483409058],[76.46230610878928,30.091246648905056],[76.46048931307782,30.08835693308178],[76.45869767538473,30.0868203639919],[76.45710640308411,30.087016315861757],[76.4534339529216,30.081493675853697],[76.45276908546137,30.078151882534794],[76.44455881359505,30.067206287269553],[76.44259773335992,30.061650382443453],[76.44150392726608,30.06059386844536],[76.44052028641397,30.057466314462765],[76.43847596028249,30.052930121116326],[76.43828703596756,30.050517473024883],[76.4359057961533,30.048344577678108],[76.4336402135377,30.048508012714922],[76.43032089354163,30.046357921728198],[76.42935870722107,30.042179370830276],[76.42584310756872,30.03766686406245],[76.4228966888414,30.035247644455914],[76.42170147800488,30.03056255790037],[76.42215710240797,30.02874305426962],[76.4257685049277,30.02563394729477],[76.4282377212087,30.019557279951496],[76.42840246301029,30.017396708742368],[76.43039219020665,30.01650281219599],[76.43461606590232,30.01602729488526],[76.4395387588352,30.014238834303452],[76.44069102648564,30.00902858326447],[76.44247450633024,30.007069202774836],[76.43985134860338,30.004087743202902],[76.43348267742596,30.000530699254654],[76.4325038949939,29.993532570936118],[76.43357428417653,29.98981088227633],[76.43345333256346,29.986739269037386],[76.43660414731703,29.97924578121605],[76.43797366353331,29.973859571121967],[76.43913834126535,29.972375031335964],[76.4421442999079,29.97214685048847],[76.44615668295992,29.97017024157624],[76.44763174439241,29.968297513934754],[76.44947563719856,29.96789508775707],[76.45661625688538,29.963930533169243],[76.4638241725679,29.97209896198698],[76.46735869415193,29.973530921234797],[76.47075523851422,29.971372367231385],[76.47090459124904,29.970492722979497],[76.47531244961462,29.969673036367222],[76.47627961836528,29.96813413480486],[76.47624559683909,29.965179750416574],[76.47815019380276,29.963477817854333],[76.48014890588166,29.96275449805924],[76.48424314346721,29.959683997233334],[76.48577962436727,29.957928104686992],[76.48660570870487,29.95551424201236],[76.48442441875227,29.95496125478314],[76.4812104248305,29.952663489103927],[76.48202407885731,29.94821995983877],[76.48149846447022,29.945910950398808],[76.48414303263873,29.93931884406034],[76.48311473876882,29.936658464880125],[76.47900390103123,29.93281429757567],[76.47442389369294,29.925623458580347],[76.47103059294999,29.918598417179126],[76.4679829502529,29.915443202969723],[76.46549594142698,29.9135640969719],[76.46664954627417,29.912399516688534],[76.47113595193225,29.909825252203717],[76.47786876964274,29.906879277954904],[76.49116061735745,29.903823466960198],[76.49425867358292,29.90562492681272],[76.49858561973808,29.904633135497917],[76.50199990170087,29.904662816222842],[76.5048339674041,29.902897286649985],[76.50613079750092,29.900710834132873],[76.50949892325569,29.898048052283453],[76.51241383235462,29.89769866238472],[76.51546023714008,29.901165945153995],[76.51694270390246,29.90671149690431],[76.51712733799772,29.913166235137755],[76.5186014551881,29.919563442047686],[76.52413822810546,29.9231085183945],[76.53108959496042,29.926194345539358],[76.53353891839835,29.92614638365414],[76.54081915124605,29.92047693159277],[76.54037173055865,29.916773497573498],[76.53825254148177,29.91250965945552],[76.53509891457892,29.907288835877402],[76.53072409572616,29.901674622127977],[76.5327181388331,29.900778387270428],[76.53844978363688,29.899830543859768],[76.54566357812877,29.90342545117662],[76.54752968353947,29.907075595275398],[76.55158314114445,29.907578551787232],[76.55344436494714,29.91122866303291],[76.5582042095537,29.916449802889346],[76.56123781963795,29.917461669527498],[76.57031300302536,29.9107359591053],[76.57203970313329,29.9090093346313],[76.5780408890528,29.915172794019956],[76.5839009519423,29.91786752595991],[76.58583164659976,29.91938363658311],[76.58848481954121,29.920383157898858],[76.59363455379564,29.916412929484295],[76.59382286000819,29.914108361158046],[76.59941998922525,29.913324701411202],[76.60624417508683,29.91282055183444],[76.60971910681755,29.914089435665122],[76.61539255535847,29.9177200183312],[76.61890263803262,29.921647222528847],[76.6295592031688,29.919235749296522],[76.63567386675714,29.915924605187254],[76.6443043360463,29.911602407048864],[76.64784558726271,29.911155325469757],[76.65106660098662,29.91317088403129],[76.65254739080424,29.9132292066844],[76.65505895258437,29.914798353563288],[76.65718185179456,29.91491514859641],[76.66335944105055,29.916365818251304],[76.66729441384994,29.916084949098078],[76.67064559780403,29.918668335139],[76.6725146162722,29.91822110750749],[76.67419395700482,29.91897081814648],[76.67811699792418,29.91816940135129],[76.68294947145405,29.920751826272053],[76.6847516464571,29.921084844196834],[76.68911883406965,29.918849751664045],[76.68964989760596,29.917870934231047],[76.6886312173993,29.91428017354898],[76.68733629650912,29.91356356456331],[76.68565194064398,29.91093918792901],[76.6852207472703,29.90854428440159],[76.68678326961998,29.906807003326033],[76.68795680671904,29.904077579735343],[76.69019195884023,29.90209633524177],[76.69501083786072,29.899366465710845],[76.69398765188123,29.895991564159],[76.69447289806781,29.89396603786189],[76.6933132694548,29.886397929204197],[76.69214698587118,29.884057501378877],[76.68902329259357,29.880053699073827],[76.6873692389913,29.875376965370275],[76.68788011020638,29.87308080826743],[76.68563633083097,29.8684945939421],[76.68350501910571,29.865658412338203],[76.68011332801427,29.86678753183159],[76.67577594506064,29.865639124728396],[76.67446580678138,29.863979761803712],[76.67627176551592,29.863735414788398],[76.67996588022392,29.862155196252264],[76.68824407802667,29.85938197002941],[76.69425343351901,29.854015802098306],[76.69148786594903,29.850485452004335],[76.68892220433678,29.84375460828339],[76.68840051204599,29.836959595557623],[76.68876120065572,29.834672565602258],[76.68741380990926,29.831227089810067],[76.68621921198884,29.830084690012832],[76.68777329517823,29.826977966465527],[76.69401611409097,29.825328428737492],[76.70105648354425,29.825062901240194],[76.70467177605576,29.826073747770888],[76.7098914535969,29.821416586997763],[76.71081604017601,29.81735459788085],[76.71695751856079,29.813260523874835],[76.71413604066153,29.80710595066826],[76.71205626621838,29.806543532428204],[76.70390623667734,29.801523809788872],[76.69830576267185,29.795392557536665],[76.69865003136569,29.792392771037505],[76.69944583943538,29.79161644777349],[76.6990540407838,29.786285062922317],[76.70045379062469,29.784177763989682],[76.69720950824714,29.781319813385],[76.6943730350001,29.77718503223304],[76.68847074914173,29.773105896476192],[76.68745585977629,29.770747233146135],[76.68399065155246,29.768777647604466],[76.68372978780296,29.764727204072035],[76.68653065187145,29.762781830041256],[76.68662237453204,29.76064816422387],[76.69030384640698,29.75359620204054],[76.69740723570703,29.751335947108913],[76.69411343929563,29.74578681431728],[76.6950885397008,29.743201714752058],[76.69504584628865,29.737531763160494],[76.69466875946692,29.734216546276595],[76.69531195700607,29.730052786585286],[76.69502743406855,29.72732188233723],[76.69230993188026,29.72737190070805],[76.68954451686497,29.726610956774376],[76.68563625297303,29.72461004697845],[76.6837150456021,29.723095359172664],[76.67892495419386,29.718275482314397],[76.67542583350749,29.717027450299728],[76.66901071297184,29.71175674414872],[76.66817761490422,29.709050585713335],[76.6704775632471,29.708128916168967],[76.67164726010606,29.708776934919474],[76.67524918810935,29.707817042378412],[76.67997184794038,29.70505863602378],[76.68720360783634,29.702118929638463],[76.6880915785781,29.700887070971202],[76.69155110029475,29.701461237707402],[76.69701073431689,29.699230050309314],[76.70246954177615,29.696231837902218],[76.70489710055885,29.695310127775134],[76.7124862993144,29.695061729739102],[76.71151615854531,29.68861858934958],[76.70982411678942,29.68717868393597],[76.70975399974189,29.683655804450638],[76.7084387941385,29.6799714296884],[76.70661306082498,29.67715332895761],[76.70442642826502,29.675057125097023],[76.70456402651467,29.672828792864777],[76.70320939056423,29.667743693798304],[76.70115067371367,29.667066022018663],[76.69965866396217,29.667964550867545],[76.69456171312947,29.669356649190664],[76.69128818005633,29.671131049240557],[76.68914069618779,29.672990581679926],[76.6845710452151,29.67573072600529],[76.68342023259578,29.677625756559163],[76.68075314610428,29.674523555196075],[76.67715259087147,29.674100994521503],[76.67531257366201,29.671751617830928],[76.67271366639554,29.669975304297505],[76.66614395011632,29.67084811373226],[76.65875755372203,29.670087969922363],[76.65624249529846,29.67134032386661],[76.65288479084603,29.670156985596694],[76.64972787339636,29.66629640566462],[76.64619466284817,29.66428071689596],[76.64421612123542,29.662481269560043],[76.64226817504503,29.65743394481681],[76.64274797032317,29.654474833795685],[76.63995892120327,29.65296860781574],[76.638460853648,29.649288007770377],[76.63039429084348,29.645675412515416],[76.62750768710455,29.645450050072153],[76.62061918511728,29.643117884659986],[76.61767582144604,29.64408309270334],[76.61616803871613,29.64314031745739],[76.61567780563512,29.63964440239316],[76.61600337462367,29.636378607232235],[76.61355607372762,29.634285384044063],[76.6105356607302,29.633847536006122],[76.60632782650296,29.632277302022093],[76.60461921224044,29.630562963014718],[76.60329795913461,29.62791489837042],[76.59745370920957,29.626862833787936],[76.5920015603286,29.627375882451865],[76.58678689529177,29.62742412728613],[76.58374027314628,29.628623123405397],[76.58050361709154,29.627543969043703],[76.57967810947741,29.626231075152578],[76.57737569623515,29.625666413694105],[76.56907226456285,29.62842381337935],[76.56594314378998,29.629085585487182],[76.5641767432044,29.630086171758876],[76.55791535850453,29.62791349287879],[76.55772044726785,29.626036857776292],[76.5538090408036,29.62308034264807],[76.55002498008757,29.622748936996615],[76.54542198268645,29.62000370647823],[76.5414048859746,29.614457492540424],[76.53816900489676,29.613350258610307],[76.52840524963739,29.615427565376265],[76.52191175979557,29.614750639507374],[76.52535355582249,29.610991215462118],[76.52945982476616,29.608441060998384],[76.53399381559214,29.606473067282206],[76.53743860872916,29.60431467617304],[76.53902631278238,29.600747618108677],[76.54222781633949,29.599130310902922],[76.54253348210014,29.59766893913504],[76.54649869013792,29.596083585309106],[76.54713605783877,29.592732342884073],[76.54988340293906,29.590541662812736],[76.54801797472503,29.586828222127714],[76.54723305333862,29.580557769705067],[76.54582593895027,29.57832853362175],[76.5439843770819,29.57747945045411],[76.5440681666824,29.575882645963613],[76.53788401460486,29.572369320710568],[76.53437640846113,29.570860367431642],[76.53132726301529,29.570353093948345],[76.53020697935683,29.57094771054773],[76.5274333370183,29.562988575433753],[76.52689631883882,29.557985652335834],[76.52451224915147,29.55313475329016],[76.5232481835883,29.548063640989774],[76.52370494007499,29.541631854083825],[76.52428079247261,29.539403539069205],[76.52605592763456,29.536691850598647],[76.52391158988193,29.53449551126339],[76.52166892824711,29.53335254739679],[76.51099657271313,29.531773960421788],[76.50934680012736,29.528177469180385],[76.51150675546316,29.524602236780446],[76.50579759434707,29.524231902837407],[76.50536330127208,29.520676921037655],[76.50629697638533,29.51617589600647],[76.50550983263687,29.514461088826636],[76.49530763756171,29.516442076062084],[76.49345602261673,29.520084986660425],[76.49133436717443,29.52290620876332],[76.48741850341003,29.52643256519023],[76.48766330001719,29.528570540605624],[76.48883686148228,29.53095574374627],[76.48602163793176,29.536610212904332],[76.48579517937755,29.54180241657929],[76.46930221220268,29.54632154188903],[76.46394424551077,29.548720507039413],[76.46029703769231,29.54884927546184],[76.45382933478085,29.546994052518716],[76.45346314828713,29.54455009707802],[76.45190205638487,29.54039207261424],[76.45226132555233,29.53791993181092],[76.45115589857214,29.53590422506047],[76.44836311957465,29.533059397029803],[76.44805263563714,29.531697270253225],[76.4435955617433,29.530937372017636],[76.44266660329896,29.530112391262385],[76.43907091304347,29.52919394505151],[76.4368997997535,29.52997084050047],[76.43659194591375,29.532488097151276],[76.43733575698455,29.53420178351949],[76.43623258777419,29.535438312400146],[76.4365585214527,29.53693581804879],[76.43523367153999,29.538298696549404],[76.4353428567525,29.539742120980737],[76.43396610669737,29.540739619908795],[76.43389473195137,29.54224627753286],[76.4324816975313,29.54291447189947],[76.43127060146581,29.545008061393542],[76.4288406522786,29.54485116557477],[76.42452721500649,29.543377805213677],[76.42128686746462,29.54171453895107],[76.41403205853248,29.54076532628026],[76.41635309347251,29.536555788613303],[76.4155526879351,29.534395275344163],[76.41089946979393,29.53293510581581],[76.4051525556117,29.530527842307134],[76.39867946881365,29.531814777085714],[76.39531123517217,29.53159425170352],[76.394552859029,29.53067414706102],[76.38993100405179,29.529150114155374],[76.38516504112734,29.528753673936556],[76.3816317359401,29.527373548542997],[76.37550932419589,29.527026407581705],[76.36742152226657,29.530576255491543],[76.36447604634569,29.533602868445698],[76.36357337441714,29.533675015690054],[76.36103515705314,29.536877463252413],[76.3602249306693,29.539340267829854],[76.36054948495348,29.542155076700396],[76.36149333706935,29.543783670899842],[76.36128657047048,29.546517204403816],[76.35808242086584,29.549940555298104],[76.35270073336989,29.554148400404337],[76.34916115982624,29.555379246780088],[76.34909862692052,29.557900808025398],[76.35128016929389,29.561947406542178],[76.35698064079828,29.566815485381778],[76.35857985049441,29.569382334685557],[76.35649448877254,29.573374158961357],[76.35274216757766,29.57721234410092],[76.3509818491907,29.57997721688377],[76.34530446888778,29.582718594541063],[76.34205945648304,29.579434037064257],[76.34072261840463,29.580150854120937],[76.33488623783755,29.579635085283368],[76.33027765869826,29.580310173415352],[76.32843043527349,29.579813415047727],[76.3236398999193,29.58276622848627],[76.31616543077298,29.586065086584156],[76.31479770164245,29.586181752119312],[76.31183115707034,29.584606119939682],[76.30884273844062,29.58518209746447],[76.30763445330128,29.586160342598657],[76.30373223161017,29.58709651398557],[76.29782085445699,29.589908063212988],[76.29451849522303,29.5824000731274],[76.2906669869306,29.57810793837415],[76.29102962118019,29.576470711656473],[76.29319965213595,29.573161142523464],[76.2963539935519,29.564461562180085],[76.29772754277995,29.563046014847952],[76.30107992166788,29.55786039594286],[76.29870880508204,29.554886489415786],[76.29639817651021,29.55406860473854],[76.2945630142151,29.552118874057452],[76.2924021413187,29.551107149311314],[76.2842325494172,29.548386295657536],[76.2813449132627,29.54691831412978],[76.2772796647129,29.547032652045033],[76.27428621140729,29.548343112525536],[76.27011003708648,29.55089750910562],[76.26829460546506,29.55526260534942],[76.26616136079872,29.557574893831262],[76.26687957302867,29.561450280950293],[76.26726657729542,29.566250194793362],[76.26822298280416,29.569467200867255],[76.26842040731988,29.572480376853864],[76.2661496953044,29.57336733411393],[76.26507410743869,29.575400842793865],[76.26611537804078,29.576493295138164],[76.26427735323519,29.577371458769186],[76.26301045527967,29.57967090513256],[76.26142019086646,29.58049047139834],[76.26041015680295,29.58377356697561],[76.25939762156365,29.58471542443553],[76.25658499842963,29.584649758565526],[76.24896165087075,29.585373577588708],[76.24895915319003,29.587863701191715],[76.24538589271843,29.5890159757676],[76.24261386266784,29.588945885950718],[76.23823806221179,29.593304981804465],[76.24225029479749,29.597085053854624],[76.24231802118364,29.602104985641443],[76.24095244058556,29.60311394707248],[76.24054555187423,29.609597973519673],[76.23736785394668,29.6127234914357],[76.2353150865251,29.617250016347263],[76.23382680379811,29.61940073859872],[76.23144866510027,29.620149182515245],[76.22452976738413,29.62001580575567],[76.2217444323267,29.6225388719607],[76.21747103872902,29.62346423668078],[76.21729375070457,29.625409245300975],[76.21588039605784,29.626323507788886],[76.21235974427333,29.63005920063182],[76.19895272893872,29.637040846999405],[76.193424734445,29.641124961760212],[76.19797705782388,29.645304946967208],[76.20056701852981,29.653911039403944],[76.20028513184086,29.657935955558134],[76.20133267349817,29.65930163608554],[76.20247866073332,29.664419684189085],[76.20108795986101,29.666456761492448],[76.19960014867748,29.667168314305183],[76.19770311747811,29.669956871194426],[76.19380623397876,29.672625046064695],[76.19241628870789,29.676317501550425],[76.19200520043034,29.679643895512758],[76.18806368420944,29.681910714478683],[76.18397325135854,29.683573771501315],[76.17994425833378,29.683626144864526],[76.1750142465452,29.68569467458786],[76.172558679688,29.686207819324455],[76.16964268826614,29.68585727901293],[76.1682484079723,29.6890577411011],[76.16826725790854,29.69190389250318],[76.16928038858461,29.694311889499122],[76.17342721939302,29.701016218278866],[76.17427108286562,29.7066726233634],[76.1774101588655,29.711681408469733],[76.1784239044008,29.714120945298205],[76.18182806441972,29.718523835532487],[76.1835991570098,29.7198362492834],[76.18204899092389,29.722920480664527],[76.18073381446551,29.727144668933963],[76.18208241378855,29.733204338458165],[76.17995104775177,29.73597134814209],[76.18000023925882,29.737143820247923],[76.18434403673449,29.738966197273257],[76.19044233520692,29.744126164462966],[76.19452960409336,29.74691933165192],[76.19721911146708,29.74713974944811],[76.19826286733537,29.748573053463502],[76.19823077376311,29.75437828932415],[76.19889492754294,29.75621514586059],[76.20306665176486,29.757672462022256],[76.2006730502621,29.76064405271222],[76.19622917332782,29.763946670782765],[76.2008908332579,29.76593373451601],[76.2054356352981,29.77113271956223],[76.20646585549667,29.77426211036274],[76.20776843930814,29.773461290377558],[76.20986752285576,29.776377303988305],[76.21005989548608,29.780918397231893],[76.20924142749597,29.783642637864883],[76.2068555263119,29.78776448586594],[76.21031692020146,29.789486919752367],[76.21275540616499,29.791336640026753],[76.21405126926793,29.79321502322992],[76.21702219439729,29.795370782053485],[76.2153840218314,29.798092710757025],[76.21819339119087,29.80294206088701],[76.21689760561772,29.805089340081427],[76.21898665905037,29.807188825886172],[76.21907213248603,29.809736817803866],[76.21993577172523,29.811152936034066],[76.21460037192608,29.813335697368778],[76.2188140099285,29.81847505715751],[76.21443105177748,29.82043383316833],[76.2092804917004,29.823600883592036],[76.21110229387888,29.830289131256013],[76.21227135768369,29.83683662668508],[76.21528001244282,29.84083918263362],[76.21787700582783,29.83933661536637],[76.21797889749246,29.838397826899968],[76.22055771231256,29.838025863996048],[76.22068836824484,29.84681315940432],[76.22722877966336,29.85181996987321],[76.23058557068259,29.851616840653982],[76.2324381274863,29.853753195435925],[76.23804793609747,29.852071950710087],[76.24379832784264,29.852456876733864],[76.24444795605055,29.85506614841857],[76.24333733843876,29.8595107287904],[76.24385265478337,29.868979706754004],[76.24496403391575,29.872135897635975],[76.24667272923692,29.874457502246965],[76.24672472909295,29.876008997659603],[76.24512420206227,29.877104865178076],[76.24288970033729,29.876819957303905],[76.24101681993025,29.878819463219543],[76.23821669582009,29.878817081242865],[76.2379679447189,29.87983331900793],[76.2347051773699,29.882444683453937],[76.2300918722593,29.88541150157915],[76.22680165760829,29.88639033473089],[76.22619678703667,29.883880507714913],[76.22225243985054,29.884934181690372],[76.22132354124219,29.883476108726686],[76.21873325702516,29.883643040390318],[76.21532251547315,29.885212776425746],[76.2129289542306,29.887097586639612],[76.21084412450526,29.89128998919531],[76.2091495953072,29.88992347697629],[76.20974967011155,29.88898689255599],[76.20870921882064,29.88732334303012],[76.20996555137941,29.886284382654377],[76.20642872561548,29.885820019254044],[76.20499247933724,29.884812739762282],[76.20130008220126,29.883759097045616],[76.19932730953373,29.884405529446084],[76.1994146749216,29.888390035163493],[76.19713929420281,29.88792066320967],[76.1962123407856,29.886348711046654],[76.19492910079393,29.886791704582325],[76.19334044416954,29.885786858199427],[76.19013691561724,29.889049243168675],[76.18965945847934,29.89047030848194],[76.18631721996272,29.89087874810241],[76.1856397647504,29.8924924625748],[76.18632855381293,29.89915405832373],[76.18925308168706,29.90864302999085],[76.18892362200447,29.913018713982304],[76.18790457149915,29.91469463162383],[76.18830410998825,29.917459645413054],[76.18709460754847,29.918895773675267],[76.18772041422,29.920629479985333],[76.18515483802788,29.92060082499418],[76.18164746444045,29.923477377191432],[76.17915655715153,29.922691910718235],[76.17547253142575,29.92388799748588],[76.17196972370122,29.926450423947042],[76.17246942104383,29.928806045684937],[76.17786027540674,29.933122202502716],[76.17840694212413,29.93888363783304],[76.17819251625161,29.942113704117038],[76.17919381303926,29.942517933154196],[76.1799058352313,29.945285258441874],[76.1837388872703,29.948355016651163],[76.18742737976274,29.948448578609245],[76.18885524312905,29.947842590311144],[76.18958328248017,29.949404224328934],[76.19376944784663,29.952136447361326],[76.19060824822469,29.9552840747566],[76.19292458773613,29.96063397860729],[76.19312055055869,29.962249158463624],[76.1971376458028,29.962352722295865],[76.19725037059138,29.963279015982977],[76.1949097914666,29.96378078595953],[76.19534929699633,29.965902827998296],[76.199986915137,29.96974370335303],[76.20189377368834,29.97201577072162],[76.20539813923664,29.97377865628306],[76.20577864259654,29.974841080942166],[76.20478596680199,29.977336142094284],[76.20590106999069,29.98041979594355],[76.20279755629404,29.984383786593718],[76.20182832219255,29.984803083122387],[76.2024578567968,29.98946413345487],[76.20379093066984,29.989642996267712],[76.20771773508164,29.986217450957536],[76.21057338943604,29.98812176384572],[76.21023269126857,29.989169170968086],[76.20734076951224,29.992017180685757],[76.20675444811489,29.993864722155426],[76.20952275715784,29.994265193382006],[76.2114517693547,29.995492625342568],[76.20994982883262,29.998209410978752],[76.20984090372092,29.99994724906791],[76.21099205897683,30.001920301029507],[76.20941427775357,30.00401765505889],[76.2099632129823,30.00516885338979],[76.21524171495551,30.00772465563047],[76.22463749857934,30.00837233336313],[76.22706557488486,30.009445989503362],[76.23109756536412,30.01365881367558],[76.23101019326408,30.01588748987307],[76.2328768438409,30.015985292352788],[76.22917234132744,30.016867416941192],[76.2235253486219,30.01938378553274],[76.22094080275646,30.01964143838187],[76.2164101757961,30.021736536733588],[76.21319845097545,30.02273266487535],[76.2143686733868,30.024728904734022],[76.2148329228094,30.029471371909302],[76.21359588642362,30.0317740698815],[76.21586499735615,30.03314611303792],[76.22024972801556,30.034452721187623],[76.22251251320185,30.036943596371625],[76.22248263086718,30.042112587560265],[76.22191597786187,30.04760020740762],[76.22258728344234,30.049378097962563],[76.22831297889338,30.05313967958473],[76.22860877025931,30.05412278227406],[76.22624818858559,30.05867183205448],[76.22685254894097,30.059764475094283],[76.22893970430641,30.060131699095724],[76.23313922720047,30.06496149917504],[76.23630654265506,30.067613830672705],[76.2398104679093,30.072271423844796],[76.24386826639353,30.078686985690293],[76.24635544123285,30.081974289270683],[76.24755278669576,30.08117146763519],[76.24930522528446,30.082479965275095],[76.24827941941702,30.084857316920647],[76.24961586375743,30.086869733071225],[76.25134907135504,30.08732435383063],[76.2535280647084,30.089449731458426],[76.24898948126534,30.09219238950242],[76.2464020503052,30.09438410024299],[76.24247721672195,30.098794871204802],[76.2415824702195,30.10122197047464],[76.23974215600599,30.102779316857912],[76.23703698741758,30.10365243243217],[76.23821214508023,30.105270891302236],[76.23624206654337,30.106492927464572],[76.23470491576767,30.104882368547493],[76.22866411253469,30.10738318568914],[76.2235488015686,30.111922702424156],[76.21970200002656,30.11058982244761],[76.21673086624754,30.11009200767791],[76.21633657338371,30.112420221324022],[76.22041147030836,30.115414202073907],[76.21967025150747,30.116223374240487],[76.21788253696798,30.121546187710372],[76.21654903627996,30.124065727510438],[76.21947335291543,30.12628240780449],[76.22453341522561,30.127125759152445],[76.22221815546517,30.12910424035754],[76.22123632096736,30.131094167232042],[76.21787202835208,30.132267170242184],[76.21492226108866,30.135553278348496],[76.21549506555756,30.139422265053046],[76.21378528064862,30.14124688950808],[76.20719252952395,30.144606644603527],[76.20773239983279,30.148992270682044],[76.20701481101229,30.149519351432822],[76.20886534549348,30.151381168972456],[76.20952218885805,30.15467453680327],[76.20764151787286,30.15660152353686],[76.21442423110153,30.15596192683774],[76.21342745349818,30.152817697466446],[76.21627300402349,30.15227446691533],[76.216082207155,30.15029101337845],[76.21857373658344,30.147830548335136],[76.22293293559497,30.147429991976228],[76.22479090678279,30.146716159139142],[76.22728177551728,30.14456000122929],[76.22983689991106,30.145492967597924],[76.23458197731402,30.145015469076217],[76.23224672839068,30.14010781305817],[76.23824525130189,30.135857077101868],[76.23916869871758,30.13582484264173],[76.24335350168298,30.132319265172296],[76.24204913208472,30.12964300685299],[76.24542861976883,30.128275364331202],[76.24682114814058,30.130766098799246],[76.25254470660394,30.127350700407185],[76.25568465210561,30.126078846000922],[76.25552333695785,30.12396897273566],[76.2533446019389,30.1233499907229],[76.25366872327596,30.121625213906732],[76.26221991630918,30.1176339543461],[76.26776259973215,30.114471478052792],[76.27082071966312,30.115100776080766],[76.27457788246538,30.114873420838364],[76.27630259404017,30.113839359736648],[76.27865587621547,30.110257914025397],[76.28532165514082,30.106226561663316],[76.28754330291531,30.10638009195295],[76.291262853477,30.10832426196344],[76.29553386912424,30.11302518228661],[76.29610177105593,30.114613867215734],[76.30091067930077,30.112618131507773],[76.30574548841146,30.11000413363002],[76.3089527057999,30.107575993489352],[76.31366577147833,30.10217961491514],[76.31871417949533,30.09726817185632],[76.3192552205908,30.095877906299595],[76.32185042658281,30.095131056403947],[76.32494497070479,30.097359994169896],[76.33151180088937,30.099803721629687],[76.33418068842022,30.100093433255335],[76.33989110587865,30.09875361727399],[76.3414752304168,30.1002093566294],[76.3441369870048,30.100877736964517],[76.34475929557334,30.10482474422753],[76.34618260192096,30.103978908096156],[76.34615332813695,30.106169952070548],[76.34785996484983,30.108579776665966],[76.3533101205408,30.114944341610666],[76.35440641237537,30.116930860588425],[76.3602147941654,30.12022152353217],[76.35215519812921,30.121834611289685],[76.34638940582249,30.124118016157734],[76.34203555586075,30.126500279380412],[76.34121462899625,30.128814777070463],[76.33837480895478,30.132937259218323],[76.33465846793646,30.136532999012044],[76.33348945884974,30.138218281423626],[76.33393677931012,30.142040020208743],[76.33614159315988,30.14194034070136],[76.33779309102117,30.143323377932724],[76.34482609810134,30.142818297287853],[76.34725098484338,30.142960545415736],[76.34683953861965,30.144613947240465],[76.35047634371563,30.146885983969657],[76.35205373869627,30.14564003098932],[76.35368053644038,30.142596369258595],[76.35892523289263,30.14025970283916],[76.3600824401058,30.137866266925258],[76.359516097888,30.13538478849189],[76.35982297947956,30.13307357052308],[76.36142838727713,30.129723319627008],[76.36692750171535,30.12423200550465],[76.36270134313399,30.123953118574505],[76.3604694940207,30.121830872272323],[76.36208821546286,30.120258715482404],[76.36777845439805,30.117706807197614],[76.37348877124509,30.116295606841266],[76.38021259509405,30.115668862873505],[76.38886089396463,30.113287944343547],[76.39300959120558,30.113656629755745],[76.39397843024341,30.11523759474729],[76.39648506599617,30.11531066889935],[76.40004660576206,30.116720682032934],[76.39780579559726,30.119653997740276],[76.39843216449736,30.120628475082256],[76.39483867972362,30.12202850616021],[76.3959605207318,30.12617487335318],[76.39112837612214,30.134964210390777],[76.39765993614174,30.140212395590915],[76.39850193736696,30.139214372276005],[76.40142432951883,30.139289019097014],[76.40303956072059,30.14170214554665],[76.40681637990173,30.14496628204213],[76.41007670872273,30.145088064462268],[76.40907528247222,30.146808814580307],[76.4011820366556,30.15430501729198],[76.39501326001412,30.15802303511989],[76.39139373444999,30.164472418247225],[76.39346958381844,30.166990720322662],[76.38716409965953,30.17064618788354],[76.38826935644197,30.17291632316876],[76.39052716960285,30.175169615132155],[76.39336627436074,30.176832533264708],[76.39626698771372,30.17955498363964],[76.39963721028495,30.180194835626384],[76.40296728980753,30.182160977107365],[76.40367937014277,30.186788003548642],[76.40638544018728,30.190307461348716],[76.41046892150925,30.19055658739373],[76.41217072177677,30.19190506908811],[76.42183679540013,30.19245695461741],[76.42350217757821,30.191755263340703],[76.42665984650331,30.188512766060768],[76.43425276622818,30.18321586422529],[76.43393023019608,30.18095627272677],[76.43043300998194,30.1780390652526],[76.43269675139423,30.177329927045786],[76.43490188187839,30.175546204754113],[76.43587497867608,30.17249498587031],[76.44056751058311,30.165894665795822],[76.440425200561,30.16402854876559],[76.43882176532833,30.16025144723216],[76.43650284081187,30.15599694561859],[76.43489036411114,30.15673765331007],[76.42854574885607,30.15100220641779],[76.4297893026299,30.148564688184297],[76.43347926863102,30.146339779980938],[76.43964914187842,30.143776821667966],[76.43947829586588,30.142454323785472],[76.43781445504666,30.142261027998714],[76.437530845877,30.135739119278828],[76.43851845975871,30.133156803241413],[76.44129968515108,30.130962988178368],[76.44528164030086,30.13061864083713],[76.44636734956215,30.131826264550266],[76.44816037155073,30.131026310110595],[76.45085961589294,30.132206523725145],[76.45266293807072,30.13112896906183],[76.45358070002645,30.131848445495862],[76.45594485878891,30.13056396375137],[76.4574263233315,30.131915156221897],[76.457976671185,30.130328089527953],[76.45994517055965,30.129446282509303],[76.45860344714116,30.126995063678116],[76.45899858321265,30.124935484667617],[76.45630784465513,30.115474823646142],[76.45709740756628,30.110196729271216],[76.45943678687539,30.106923302678002],[76.46253429010693,30.101069006542808],[76.46786768462599,30.098728168795432]]]]}},{"type":"Feature","properties":{"id":"06-212","name":"Karnal","source_name":"Karnal","state_id":"06","source_agency":"Survey of India (SOI)","district_code":"067"},"geometry":{"type":"MultiPolygon","coordinates":[[[[77.2292973127778,29.939587581206087],[77.228290558212,29.93789671311884],[77.2263886197962,29.936626205188105],[77.22595129024698,29.93438028249559],[77.22485782803304,29.933609863280537],[77.22105602737305,29.932918042979257],[77.220602347948,29.929751918728535],[77.21797666597575,29.9239893548266],[77.21490117622776,29.921443006315915],[77.21355749866828,29.921525071803472],[77.21119379262211,29.918698624589663],[77.2068047566812,29.917740685779698],[77.20401671506173,29.918112245049116],[77.20101245135143,29.91659396582827],[77.19936413592833,29.914258450432737],[77.19600357306773,29.91395804797953],[77.19428494937144,29.91441003470425],[77.19047354670116,29.913527920916682],[77.1879765618212,29.911395633607512],[77.18576344601158,29.907562678300913],[77.1857506938366,29.903692603629196],[77.1867111874544,29.899772475696004],[77.18635304533986,29.898254771082662],[77.18828315043245,29.894196571141638],[77.19086835110588,29.892052718853915],[77.19363171497997,29.890788350826124],[77.19810176128118,29.889594739976495],[77.20013765037864,29.8895263553959],[77.20129435874824,29.87916249108149],[77.20137842423213,29.872879069368206],[77.20206919736503,29.87045880442456],[77.20136301673493,29.867269487369374],[77.20135016061406,29.86421647393458],[77.19973507158018,29.863590510072143],[77.19672971885485,29.858260602478023],[77.19360312717234,29.856827911942695],[77.19181793604736,29.856919017157526],[77.1894771599725,29.85849433583936],[77.18693873426697,29.857868626877522],[77.18322648635838,29.854564059855093],[77.17824944004616,29.84579399781438],[77.17764662432995,29.841774211328808],[77.17822638782347,29.83891447975717],[77.17886693578573,29.83085787939035],[77.17872585699025,29.825133641772688],[77.17962023836661,29.817650361766237],[77.17911309739529,29.812637017014367],[77.17424707289906,29.809849138808584],[77.17235282856586,29.80735082911173],[77.17367577679474,29.8050815443415],[77.17259832071095,29.801671844917667],[77.16975784686565,29.79956291981763],[77.16918805377745,29.797108313167968],[77.16798758485619,29.79566078426282],[77.16485284441484,29.793690535991605],[77.16461954327217,29.792224695424],[77.16209025689777,29.79102110143791],[77.15962925559988,29.792564373570563],[77.15787592757151,29.791861208802395],[77.15589973302328,29.789827378619897],[77.15333991634768,29.78941746690988],[77.15148309531187,29.788308213681063],[77.15127069887323,29.786905418250395],[77.14946556307542,29.784961658668635],[77.14745254311036,29.778872658074814],[77.14802574486883,29.775286572532753],[77.14662373156675,29.771867632390467],[77.14355229261025,29.77065026350171],[77.14042949719787,29.770961939916383],[77.1389196335261,29.769654021098106],[77.13512986635197,29.769852796026967],[77.1297992555238,29.76889691329418],[77.1276517249201,29.769654389060925],[77.1253063586003,29.769532942398843],[77.12427238187401,29.76803541271567],[77.12220430561294,29.767110691510094],[77.11981081333778,29.760110045711436],[77.12018333149221,29.754958815936654],[77.12198238579411,29.753091348165917],[77.12245793411729,29.751269030429054],[77.12719289732841,29.74733178976514],[77.13128166419783,29.746691170446024],[77.13626928458213,29.743298790151446],[77.13638269332384,29.7405382380494],[77.13905977166658,29.738246510849002],[77.13832566084083,29.736550578877548],[77.13959179739295,29.735891934618543],[77.13929670627506,29.732725371821804],[77.13654684922275,29.72992902447012],[77.13361115800006,29.728508386172535],[77.13412263206213,29.727051394092744],[77.1328923544831,29.723109142138735],[77.13423036021842,29.718462898712538],[77.13691235930845,29.71796645204122],[77.13920135367849,29.716351348647272],[77.14050320648886,29.714429622363035],[77.14238937177055,29.714749709346957],[77.14503049339487,29.713662535149926],[77.14574225826522,29.711000850651036],[77.1476851192962,29.710761348209616],[77.14955190840891,29.70948108831265],[77.14940970552637,29.705731660290557],[77.15151716543464,29.70357061941248],[77.15395553471608,29.702081421856903],[77.15593314062178,29.698332621347905],[77.15483198501742,29.69594661879997],[77.15655651608714,29.69261734790728],[77.15111067522662,29.69048954153974],[77.14968649755494,29.68841441959548],[77.1468107176363,29.6827047413237],[77.14245093630821,29.68047991808444],[77.14316288425314,29.678510257665593],[77.1429252331353,29.67599234808194],[77.14369417834806,29.674468613712627],[77.14655017309649,29.672262310232284],[77.14541346673435,29.670629690063798],[77.14257156247164,29.668388209216815],[77.13850051468378,29.667088197413065],[77.1378274491154,29.665864143532403],[77.13952905508395,29.66178485260441],[77.14101528871439,29.6550004768817],[77.13985815076305,29.65259183864022],[77.13715924359096,29.649451161799153],[77.13336972872182,29.648282958262673],[77.13225594397178,29.64616461380561],[77.1328961354831,29.644576789902025],[77.1315222667487,29.64187041574049],[77.12818650938668,29.639254281078717],[77.12380779812403,29.638099600178094],[77.11880967599251,29.635550845729554],[77.11679575053168,29.637517482946997],[77.11477683773745,29.63831128772083],[77.11255147478958,29.637341235341392],[77.11108012917934,29.63556834922268],[77.10621158902609,29.63236059599922],[77.10593858256956,29.62908126390797],[77.10491132905678,29.628070674043812],[77.1047005087528,29.623149269427692],[77.10169626389361,29.621547565854794],[77.1018569000212,29.6186200229971],[77.10350938076105,29.616252167664896],[77.10339616371995,29.61462823019112],[77.10532198974872,29.613388053022707],[77.10862760494634,29.61346857897221],[77.11259573716323,29.611304969105667],[77.11305544578794,29.609658522854588],[77.11094131994788,29.603742092074512],[77.10965953711354,29.602823925290902],[77.10853493578132,29.599995850709927],[77.10961396873707,29.598290912033818],[77.10903853833427,29.596868188449434],[77.10645056332763,29.595263762607647],[77.10202236015539,29.59416251838308],[77.09874506339463,29.593900256668473],[77.09510224882501,29.595420872346317],[77.0923704608405,29.59522052786975],[77.08674833906886,29.593482519388854],[77.08418114974388,29.59094657794121],[77.08395553979823,29.587274664950648],[77.086201621829,29.5844290185483],[77.09007723802823,29.584732294862437],[77.09579228164546,29.58248607378196],[77.0992371361509,29.57914979536273],[77.0997143858803,29.576605882280287],[77.10301753527116,29.574400632294804],[77.10500975183928,29.572240259607426],[77.110237159875,29.57139740165878],[77.11239430811725,29.569290988859414],[77.11587730582217,29.569354453522934],[77.1174614955646,29.567626870718968],[77.12099089389315,29.566503818237877],[77.12078462891627,29.563752258586895],[77.12374634540602,29.56090592062415],[77.12683748240163,29.559481018970775],[77.12708964448613,29.55772137550069],[77.1248658979997,29.554473599241366],[77.12191485947581,29.552037648997427],[77.11851515616554,29.5503910913551],[77.11440331562969,29.55045398536208],[77.11231921805492,29.54926745896228],[77.11032279748355,29.549149968947333],[77.1083509451194,29.54786068665491],[77.1071236281917,29.54448301648239],[77.10358050516648,29.539053753823804],[77.10218446696098,29.53884899290613],[77.10181877096873,29.53510196239892],[77.10248476846013,29.532368551692787],[77.10135746921992,29.530841141993925],[77.09753429188,29.527374180662832],[77.09623074702617,29.52238034712251],[77.09637073063432,29.51952942047619],[77.09804240359257,29.517242733356206],[77.10123017047917,29.514938301725973],[77.1026284492744,29.511350604522242],[77.10262390927802,29.508803746946494],[77.10356279839924,29.507288332692944],[77.10669309107676,29.506345983167254],[77.1117931626853,29.507045728094326],[77.11301014172811,29.506635382916436],[77.11971525962805,29.49898598917161],[77.12117626283312,29.498239420781072],[77.12038554581258,29.497209120925756],[77.12233936704182,29.494832391953754],[77.12464173777046,29.493782614948135],[77.12603524047734,29.491639582454823],[77.129579320426,29.48981031555604],[77.13052004243548,29.486777227034203],[77.13196947263054,29.485016800448864],[77.1270823890819,29.479557950682555],[77.12413868331114,29.476738714660605],[77.12030403719383,29.472290785451356],[77.11681450227321,29.469471011218427],[77.1093854848659,29.46568130102527],[77.10152519459628,29.464110698655418],[77.0984736360508,29.46401542849781],[77.09633819604008,29.463298573796852],[77.09091825741118,29.459953942214845],[77.0874447948061,29.458261453661184],[77.0845104588799,29.458795812238133],[77.07995503572947,29.460312934030572],[77.07989431394343,29.463982423270398],[77.07809141698112,29.46868259127598],[77.07605575624822,29.471044975836413],[77.07345851732428,29.472477370476916],[77.06906009058565,29.4725704472555],[77.06455347252586,29.471148454556023],[77.06395139381605,29.470302149524674],[77.05748584945978,29.469207872662476],[77.05531332185541,29.467256113617232],[77.05134407639444,29.468446337130825],[77.0455985078947,29.469352840586406],[77.0427832718431,29.468355453279163],[77.03614141886902,29.46856517118473],[77.0346740750769,29.46918106994869],[77.02417556769726,29.468294588985792],[77.02176070212012,29.468796183519274],[77.02038376705691,29.46610789976415],[77.017937067895,29.463970841001135],[77.01399268566446,29.464030604451427],[77.00743894952383,29.466201339343858],[77.0028832645667,29.46697732807429],[77.00009830199559,29.466731882845163],[76.99065659642199,29.473667300847243],[76.98359782293679,29.47718271293653],[76.98183725806336,29.475390350493527],[76.97921273897106,29.479171003055136],[76.97680433125055,29.478379001199592],[76.97582598566451,29.479511973022742],[76.97419529922763,29.477943437498553],[76.97264868745555,29.477885946598967],[76.97203170526427,29.479641093006368],[76.96545707581092,29.483773206073664],[76.96150770651096,29.483532232084695],[76.95628841467285,29.48123056856473],[76.95224715946571,29.47871363378885],[76.94992966931108,29.478577369892978],[76.94657474742233,29.480325017114595],[76.942646936239,29.481238238712546],[76.94247120471492,29.48064287653363],[76.9365890676234,29.480925433410153],[76.93382255359408,29.47836281304904],[76.93133971355945,29.47978834220911],[76.92860350626042,29.482292975823935],[76.92478335490794,29.48261030600885],[76.9227266090208,29.483296710879134],[76.91548780842449,29.48249618590857],[76.91417776474617,29.48120647354677],[76.91161717126765,29.4761928001702],[76.9084544067365,29.477254815118354],[76.90717640321918,29.479045928590224],[76.90843091721604,29.48030300564184],[76.9056046137178,29.4810491261894],[76.90449652494145,29.482104955562512],[76.9043517179875,29.48039983779225],[76.89953189084132,29.48272850308345],[76.90021812659371,29.484925121069207],[76.89950693045144,29.48591767738239],[76.90107977335215,29.487230026806827],[76.89817758254613,29.489233384731076],[76.89943604548182,29.491127692879722],[76.9011800292533,29.49577807606911],[76.90305175360197,29.495971637258933],[76.90312077203284,29.503075223124256],[76.90277125186537,29.50681030179322],[76.90692282226786,29.508207709016286],[76.90857876132185,29.509740990369743],[76.91220417855288,29.510064771918188],[76.91463954185856,29.51320362004359],[76.91499746342481,29.518499185157648],[76.90588704872208,29.518772295579392],[76.90380135057426,29.52044860281877],[76.9000212635728,29.52187252362287],[76.89925355435116,29.5246513899393],[76.89314170183795,29.524877908809863],[76.88833987708946,29.524680059612496],[76.88398171916808,29.52666068985811],[76.88316177201614,29.528221513986438],[76.88468874725868,29.530124911163494],[76.88762113981015,29.531071949917642],[76.88280643673424,29.533972855909777],[76.88266699377206,29.53239405047957],[76.88030939755267,29.526484969631422],[76.87977288201226,29.524067157416944],[76.87774578785016,29.519845106831713],[76.88236139273785,29.516867723267993],[76.88554848431085,29.515478159819875],[76.88793585362991,29.512356421044657],[76.88657394651933,29.508815563190048],[76.8879142466932,29.504845926944725],[76.8875820308932,29.50000137870244],[76.88616505842502,29.49618626221855],[76.88119937042687,29.49213564871712],[76.87532582043825,29.49155363481131],[76.87385580802051,29.490103023990024],[76.87090684662385,29.49183157818698],[76.86920044080695,29.49170192536785],[76.86740108417406,29.490229476729507],[76.86314747675839,29.48979619888815],[76.86202358707821,29.488487894442432],[76.85879570883615,29.490138526768018],[76.85582587274745,29.490043470849514],[76.85196848622905,29.49331324078422],[76.8481369433492,29.49548223624661],[76.84683937892518,29.49877354030692],[76.84444864589014,29.50084843368305],[76.83777534735151,29.50290374860594],[76.8356088627961,29.505618376707908],[76.8288400306468,29.512121246313153],[76.82240789760735,29.51381112705768],[76.8180521712267,29.514173680166905],[76.81870885553838,29.507417030164888],[76.81517286346026,29.49995977808065],[76.81229270553469,29.495047196011548],[76.80885677369574,29.49091092985899],[76.80567203317244,29.48490256807831],[76.80231868193385,29.480647089238513],[76.80083933360875,29.480335004996938],[76.79815801507937,29.474530234648185],[76.79640695342832,29.4718790442045],[76.79546350497883,29.471950685058058],[76.79517375377422,29.466717877343097],[76.79051971254403,29.465817351497485],[76.78478113675267,29.46727964434855],[76.78059353402574,29.469329188378236],[76.77546511081131,29.47438948083734],[76.77336733757969,29.47357776356493],[76.77084933657551,29.470747479019607],[76.76542325850735,29.466317921129395],[76.7620619356458,29.465799540855222],[76.7549008192485,29.465406684774525],[76.75263986447419,29.468048029437718],[76.74767885306724,29.471937004459615],[76.747731998233,29.47321353260191],[76.74561059736202,29.475322124327302],[76.74560449363564,29.477729406592793],[76.74417531385824,29.47790812568537],[76.73828519768534,29.48007399572871],[76.73444032083285,29.481105723781567],[76.72119216617297,29.482550441004037],[76.7175540781468,29.482299412839566],[76.71535996591126,29.479763070949023],[76.71497538745881,29.47777335973804],[76.71244318576706,29.476638283636344],[76.7094254759667,29.47442994780828],[76.70263705853958,29.47552119805732],[76.69505432543546,29.47638257015053],[76.69188888703782,29.47622182570315],[76.68783218393655,29.476895962461796],[76.68513423478754,29.478636184406696],[76.68069530894056,29.482781356300507],[76.67730265110967,29.482142198780075],[76.66569663268587,29.48561212201855],[76.66187230532717,29.48896032133903],[76.65625813812473,29.49113606047421],[76.65234982698264,29.49084819536651],[76.64918862128877,29.488304597606998],[76.64604754046489,29.483126738458505],[76.64561396682711,29.481006660373797],[76.6442681393547,29.479387449043653],[76.64218956036598,29.474389735734803],[76.6373072346993,29.47131387424779],[76.6331005620185,29.469374488905768],[76.63036854411426,29.469956509178353],[76.62942009144976,29.4711339270978],[76.62495065389751,29.473443634846934],[76.61622274558891,29.47685810354862],[76.61233840068653,29.479537657316374],[76.60770945013569,29.480713103890146],[76.60467964333225,29.478832637437996],[76.60504630495028,29.475372897053955],[76.60244837338547,29.475230554096346],[76.59607087125359,29.47606598178533],[76.59323597988657,29.474269986935248],[76.59025772652323,29.470123708424182],[76.58845370497143,29.469577410587636],[76.58421827636523,29.46471796348441],[76.58293940823516,29.46590396934559],[76.57615315842311,29.46565987772633],[76.57429456002096,29.466451327098955],[76.57243926896797,29.465652182776555],[76.56988889838688,29.463305511000424],[76.56980700795201,29.462335590742757],[76.56428727888253,29.462059395078775],[76.56335393899315,29.461606504841704],[76.55643138378522,29.46157612305626],[76.55513811736805,29.460822136229186],[76.55090157444864,29.460224429799283],[76.54913952812177,29.459131817769943],[76.54335191325107,29.45811797447004],[76.54020758214786,29.458377586782138],[76.5337168259634,29.456452180210004],[76.53258485808159,29.450429283589035],[76.52931808918323,29.443390279971148],[76.52697041752215,29.44091938954724],[76.52257208028814,29.43301300616099],[76.52283636712613,29.431533612328664],[76.52120196580857,29.432443566891372],[76.51786813183621,29.432246992161396],[76.5148599406005,29.431098775372604],[76.51056826753728,29.430445568422314],[76.50495425205457,29.428158169196223],[76.50136535066198,29.426053348437062],[76.48393892751815,29.433737081066],[76.48171145740353,29.43249385910989],[76.48122055756943,29.428732193064867],[76.48021093306669,29.42659931403948],[76.4767545343429,29.422524168996816],[76.47460346653861,29.41649820343771],[76.46949926637568,29.417664997423667],[76.46697954804162,29.420280914418836],[76.46588939579377,29.422636322967776],[76.46364171290331,29.42436642529329],[76.46306913904527,29.42807796544946],[76.47096871480217,29.43661832345827],[76.47070646960151,29.439940770137774],[76.47095393473833,29.445484438665225],[76.47576468661568,29.456333486731577],[76.47820998207308,29.46026120640251],[76.48145859943027,29.471346340871467],[76.48157245498292,29.47665095359208],[76.48373639535929,29.477939343657436],[76.48402530541838,29.480532886382132],[76.49226842909673,29.48008820797557],[76.49592218809087,29.478916679546575],[76.49782667719968,29.480696655538722],[76.50339943674243,29.483604486798804],[76.50341849648007,29.484867500194035],[76.50612863560836,29.486403626254607],[76.50289843579328,29.4869611969726],[76.50391628322875,29.491259852921633],[76.5035995912503,29.49308649127604],[76.50165583871758,29.49722569142256],[76.50029749719685,29.501320452220806],[76.49812674573094,29.502784655588712],[76.4977928973642,29.508121326165135],[76.49672838882537,29.510540110780152],[76.496439084463,29.514478323112257],[76.49530763756171,29.516442076062084],[76.50550983263687,29.514461088826636],[76.50629697638533,29.51617589600647],[76.50536330127208,29.520676921037655],[76.50579759434707,29.524231902837407],[76.51150675546316,29.524602236780446],[76.50934680012736,29.528177469180385],[76.51099657271313,29.531773960421788],[76.52166892824711,29.53335254739679],[76.52391158988193,29.53449551126339],[76.52605592763456,29.536691850598647],[76.52428079247261,29.539403539069205],[76.52370494007499,29.541631854083825],[76.5232481835883,29.548063640989774],[76.52451224915147,29.55313475329016],[76.52689631883882,29.557985652335834],[76.5274333370183,29.562988575433753],[76.53020697935683,29.57094771054773],[76.53132726301529,29.570353093948345],[76.53437640846113,29.570860367431642],[76.53788401460486,29.572369320710568],[76.5440681666824,29.575882645963613],[76.5439843770819,29.57747945045411],[76.54582593895027,29.57832853362175],[76.54723305333862,29.580557769705067],[76.54801797472503,29.586828222127714],[76.54988340293906,29.590541662812736],[76.54713605783877,29.592732342884073],[76.54649869013792,29.596083585309106],[76.54253348210014,29.59766893913504],[76.54222781633949,29.599130310902922],[76.53902631278238,29.600747618108677],[76.53743860872916,29.60431467617304],[76.53399381559214,29.606473067282206],[76.52945982476616,29.608441060998384],[76.52535355582249,29.610991215462118],[76.52191175979557,29.614750639507374],[76.52840524963739,29.615427565376265],[76.53816900489676,29.613350258610307],[76.5414048859746,29.614457492540424],[76.54542198268645,29.62000370647823],[76.55002498008757,29.622748936996615],[76.5538090408036,29.62308034264807],[76.55772044726785,29.626036857776292],[76.55791535850453,29.62791349287879],[76.5641767432044,29.630086171758876],[76.56594314378998,29.629085585487182],[76.56907226456285,29.62842381337935],[76.57737569623515,29.625666413694105],[76.57967810947741,29.626231075152578],[76.58050361709154,29.627543969043703],[76.58374027314628,29.628623123405397],[76.58678689529177,29.62742412728613],[76.5920015603286,29.627375882451865],[76.59745370920957,29.626862833787936],[76.60329795913461,29.62791489837042],[76.60461921224044,29.630562963014718],[76.60632782650296,29.632277302022093],[76.6105356607302,29.633847536006122],[76.61355607372762,29.634285384044063],[76.61600337462367,29.636378607232235],[76.61567780563512,29.63964440239316],[76.61616803871613,29.64314031745739],[76.61767582144604,29.64408309270334],[76.62061918511728,29.643117884659986],[76.62750768710455,29.645450050072153],[76.63039429084348,29.645675412515416],[76.638460853648,29.649288007770377],[76.63995892120327,29.65296860781574],[76.64274797032317,29.654474833795685],[76.64226817504503,29.65743394481681],[76.64421612123542,29.662481269560043],[76.64619466284817,29.66428071689596],[76.64972787339636,29.66629640566462],[76.65288479084603,29.670156985596694],[76.65624249529846,29.67134032386661],[76.65875755372203,29.670087969922363],[76.66614395011632,29.67084811373226],[76.67271366639554,29.669975304297505],[76.67531257366201,29.671751617830928],[76.67715259087147,29.674100994521503],[76.68075314610428,29.674523555196075],[76.68342023259578,29.677625756559163],[76.6845710452151,29.67573072600529],[76.68914069618779,29.672990581679926],[76.69128818005633,29.671131049240557],[76.69456171312947,29.669356649190664],[76.69965866396217,29.667964550867545],[76.70115067371367,29.667066022018663],[76.70320939056423,29.667743693798304],[76.70456402651467,29.672828792864777],[76.70442642826502,29.675057125097023],[76.70661306082498,29.67715332895761],[76.7084387941385,29.6799714296884],[76.70975399974189,29.683655804450638],[76.70982411678942,29.68717868393597],[76.71151615854531,29.68861858934958],[76.7124862993144,29.695061729739102],[76.70489710055885,29.695310127775134],[76.70246954177615,29.696231837902218],[76.69701073431689,29.699230050309314],[76.69155110029475,29.701461237707402],[76.6880915785781,29.700887070971202],[76.68720360783634,29.702118929638463],[76.67997184794038,29.70505863602378],[76.67524918810935,29.707817042378412],[76.67164726010606,29.708776934919474],[76.6704775632471,29.708128916168967],[76.66817761490422,29.709050585713335],[76.66901071297184,29.71175674414872],[76.67542583350749,29.717027450299728],[76.67892495419386,29.718275482314397],[76.6837150456021,29.723095359172664],[76.68563625297303,29.72461004697845],[76.68954451686497,29.726610956774376],[76.69230993188026,29.72737190070805],[76.69502743406855,29.72732188233723],[76.69531195700607,29.730052786585286],[76.69466875946692,29.734216546276595],[76.69504584628865,29.737531763160494],[76.6950885397008,29.743201714752058],[76.69411343929563,29.74578681431728],[76.69740723570703,29.751335947108913],[76.69030384640698,29.75359620204054],[76.68662237453204,29.76064816422387],[76.68653065187145,29.762781830041256],[76.68372978780296,29.764727204072035],[76.68399065155246,29.768777647604466],[76.68745585977629,29.770747233146135],[76.68847074914173,29.773105896476192],[76.6943730350001,29.77718503223304],[76.69720950824714,29.781319813385],[76.70045379062469,29.784177763989682],[76.6990540407838,29.786285062922317],[76.69944583943538,29.79161644777349],[76.69865003136569,29.792392771037505],[76.69830576267185,29.795392557536665],[76.70390623667734,29.801523809788872],[76.71205626621838,29.806543532428204],[76.71413604066153,29.80710595066826],[76.71695751856079,29.813260523874835],[76.71081604017601,29.81735459788085],[76.7098914535969,29.821416586997763],[76.70467177605576,29.826073747770888],[76.70105648354425,29.825062901240194],[76.69401611409097,29.825328428737492],[76.68777329517823,29.826977966465527],[76.68621921198884,29.830084690012832],[76.68741380990926,29.831227089810067],[76.68876120065572,29.834672565602258],[76.68840051204599,29.836959595557623],[76.68892220433678,29.84375460828339],[76.69148786594903,29.850485452004335],[76.69425343351901,29.854015802098306],[76.68824407802667,29.85938197002941],[76.67996588022392,29.862155196252264],[76.67627176551592,29.863735414788398],[76.67446580678138,29.863979761803712],[76.67577594506064,29.865639124728396],[76.68011332801427,29.86678753183159],[76.68350501910571,29.865658412338203],[76.68563633083097,29.8684945939421],[76.68788011020638,29.87308080826743],[76.6873692389913,29.875376965370275],[76.68902329259357,29.880053699073827],[76.69214698587118,29.884057501378877],[76.6933132694548,29.886397929204197],[76.69447289806781,29.89396603786189],[76.69398765188123,29.895991564159],[76.69501083786072,29.899366465710845],[76.70077412989333,29.89572169462072],[76.70457669635653,29.892810051314434],[76.70537627582357,29.88947628350963],[76.70696906017342,29.88760791653625],[76.712519306707,29.883102753017834],[76.7241998860096,29.88134251032529],[76.7297078988333,29.877266935067887],[76.7299133326778,29.87571513622004],[76.73241612821629,29.871698177507184],[76.7370101839561,29.871997035519197],[76.74185888063123,29.87143353365125],[76.74547001337692,29.870325112061018],[76.75101189529643,29.869340386475628],[76.755040883947,29.866881700086452],[76.75899618261084,29.87043015252644],[76.75998269604376,29.872239145780785],[76.76326317095936,29.872928157256776],[76.76629237890783,29.876264029304828],[76.7726262293281,29.877559081365487],[76.77648322509742,29.876420865002878],[76.78158406802754,29.87348360624112],[76.78296056815007,29.87375065115636],[76.78620321059284,29.876549483587624],[76.78991896247028,29.87700291353058],[76.7934337481093,29.876400778224998],[76.79411987593785,29.879323999914238],[76.79613339771274,29.8791448649493],[76.79690837205138,29.88097659188522],[76.8001793311996,29.881249153238414],[76.80386355907508,29.88281178821289],[76.80595848467091,29.884883278575415],[76.8063249887427,29.8863042923225],[76.80243633908654,29.888165153805577],[76.80331449702786,29.891752343710735],[76.8030170020722,29.894051812077077],[76.8038757168053,29.89495438293424],[76.80764079299367,29.89533356906925],[76.80701017736489,29.89889826438482],[76.80979331215568,29.901989443372464],[76.81480475439288,29.901843015171018],[76.81645695319843,29.90073413335789],[76.82058887171769,29.89944133140439],[76.8195242840923,29.89590001502874],[76.81997013288394,29.894849278160923],[76.8226933707047,29.894187288175328],[76.8290104558153,29.89464800424041],[76.82955811616745,29.896903412272692],[76.83256514166084,29.898677061055487],[76.8324843097797,29.902030194705556],[76.8345502084868,29.90128209115287],[76.83527962694959,29.898872347751446],[76.8386530823711,29.893921978026537],[76.83751428731927,29.893651011155924],[76.83965448402331,29.887341177755115],[76.84574774624598,29.884667878960762],[76.84789104921009,29.883107620689593],[76.84871972636749,29.881244906168966],[76.85684642609263,29.878742874762978],[76.85770582834293,29.877421406766555],[76.85928945163246,29.878652955735227],[76.8617685755257,29.8793163157556],[76.86528288070515,29.881238096873656],[76.8682642668699,29.88081879234544],[76.87149922339717,29.879524308435943],[76.87545884264405,29.880909113534358],[76.88093491504229,29.88054810802339],[76.88303663330063,29.88393993973002],[76.88396865484508,29.887304877068875],[76.8869974213561,29.892410591115468],[76.89016624306669,29.89685774154081],[76.89192650857626,29.898088923940005],[76.89718784340347,29.899719066005925],[76.89749907456067,29.902213388196],[76.89660397831942,29.904586122728727],[76.89881161831131,29.913304646117922],[76.8986613748033,29.91855694866412],[76.90152534426443,29.92078014648586],[76.9032129092726,29.918826667431116],[76.9050043975211,29.918587199523163],[76.91244366948705,29.914981280758667],[76.91736728681191,29.914136293508903],[76.92088305880726,29.914405731103987],[76.92181563690862,29.915636788647927],[76.92532621066292,29.9156670468204],[76.9279470503771,29.91746577884898],[76.9302587090156,29.92166870187586],[76.9304980832062,29.923802080730535],[76.92908533580136,29.925394927882092],[76.93249129732364,29.925539015343183],[76.93253363312405,29.924703339487063],[76.935837129652,29.922268029433305],[76.93683551738013,29.922689625928243],[76.93893550848858,29.918994505753602],[76.94113077342737,29.91872273637922],[76.94674113318776,29.915386458210435],[76.94812355802965,29.915354063450124],[76.95003588172958,29.913772957064616],[76.95445969320217,29.91346051331896],[76.95759372051742,29.915348421379566],[76.95677379579905,29.91946265263247],[76.95312048313919,29.922410340391426],[76.9540900783247,29.923943282065604],[76.95195336758024,29.92640738408221],[76.9526287956296,29.92820921063202],[76.95019435954391,29.92858248264041],[76.94912999517982,29.9318217359029],[76.95245283194758,29.932744436147452],[76.95254837737095,29.93573718192708],[76.95470618365383,29.936780103678156],[76.95620250055339,29.936291974207478],[76.9566498089425,29.938695855472965],[76.95851470764187,29.939249504030027],[76.96121195198327,29.938265917731634],[76.96580695346972,29.93951979162052],[76.96535546367659,29.94315794742018],[76.96919907705022,29.943935539967278],[76.97132359669492,29.945007519714178],[76.97384623247981,29.947930672269177],[76.97552459488476,29.948157182864957],[76.97914607540766,29.951713189420204],[76.98336404752907,29.953306446704726],[76.98422277803526,29.955691367823576],[76.98213956670662,29.956162641567055],[76.98161810793592,29.957791369389092],[76.98318615898995,29.958798211074864],[76.98504534890792,29.95606556238369],[76.98742979946437,29.956125111951877],[76.98779774048884,29.95739859687462],[76.98976899365584,29.95581790893777],[76.99265942707625,29.95153030561041],[76.99479269720804,29.953064221589457],[76.9986891731626,29.95209764373471],[76.9999437461442,29.949852110531566],[77.00404781970543,29.952054480594672],[77.00641591135346,29.95654957345986],[77.00881684270868,29.953267546025025],[77.01520265874353,29.949245134918588],[77.02272267468658,29.947062229129628],[77.02448394927747,29.94955464098502],[77.0277561521669,29.950756902352982],[77.03015761076983,29.952797367352595],[77.03139017000197,29.952996783317023],[77.03235704487203,29.95487383239331],[77.03655224375348,29.955264544913927],[77.04114834098348,29.953314523885428],[77.04871670179895,29.952146261941675],[77.04862947342075,29.951050212152914],[77.05115658876095,29.94895872420413],[77.05303823879335,29.946393290988052],[77.05900483529646,29.9462260888028],[77.06000335055951,29.947761236523586],[77.06232848472105,29.94842092762073],[77.06240301291278,29.949338849488043],[77.06474766914654,29.952118430738853],[77.06771601239774,29.951258199505272],[77.07495241122832,29.950755683221423],[77.07721604983062,29.94919535928946],[77.07867152842448,29.949625162960682],[77.08087348146375,29.94817345231687],[77.08308960732231,29.94978443134882],[77.0832882573614,29.951622566327572],[77.08493240096453,29.95184661033687],[77.0869172730724,29.949754069480733],[77.08905609151739,29.950530398841813],[77.0915161698391,29.949720975123736],[77.09261952700385,29.950842553680893],[77.09604848961567,29.950590732152413],[77.09918366197832,29.954619300070096],[77.0995532881689,29.95739783924876],[77.10241716816903,29.960181328455644],[77.10386296022781,29.959936670066572],[77.10388255069013,29.963172086875602],[77.10266496835055,29.964333207434677],[77.10494113828625,29.96878546260592],[77.10842473547794,29.968526730922463],[77.1101107336453,29.9697582769548],[77.11227885288045,29.969388635702245],[77.11444589577474,29.97088481154437],[77.1136277989015,29.975090036082907],[77.11519498489731,29.97546456638201],[77.11570238126193,29.978820364110366],[77.1134328778945,29.980958205676014],[77.11455167227037,29.983971386034668],[77.1120368656693,29.9849885835878],[77.11237062101117,29.99041507968849],[77.11362086019041,29.991542184633598],[77.11744509941325,29.993382254725216],[77.12205924979627,29.98894231350834],[77.12508521137984,29.986520116762385],[77.12713191468723,29.98648850061164],[77.13149947380778,29.982397333375697],[77.13439023865861,29.979090942002],[77.13571606376897,29.974246555171533],[77.1342421412952,29.969143494270234],[77.13146197992343,29.96589780101691],[77.13325950440873,29.964558049976617],[77.13681297999052,29.96319105820312],[77.1386623114197,29.96324051707699],[77.14285869025065,29.965756861921687],[77.14872354495702,29.96877793373859],[77.15223625576904,29.96980115408502],[77.15681590624617,29.970179001452326],[77.16062797577328,29.967841570905094],[77.16491710149909,29.967186265532767],[77.16883968015188,29.9695394491728],[77.17129532397935,29.969701054926215],[77.17148634263202,29.96828912557251],[77.17517339580701,29.96554540275333],[77.1789446846282,29.96560249619716],[77.18092689639,29.963379293050508],[77.18411976443245,29.960964403576526],[77.18254130855783,29.95920046759557],[77.18299101951841,29.95754039057529],[77.1846742837691,29.95649708430271],[77.18606226115284,29.956848930268592],[77.18923605453573,29.954736459984183],[77.18912913423237,29.952814256173465],[77.18460720447442,29.9478969559529],[77.1819590331263,29.946584796273797],[77.18670716018546,29.944530295253863],[77.19162527788141,29.941266735001175],[77.19580739528847,29.937746343555606],[77.19815108533625,29.938753380190086],[77.20168782064326,29.936654407488984],[77.20454882790088,29.937145872364393],[77.20699189798968,29.935520559183015],[77.2090164554033,29.935086265266523],[77.2219690257719,29.938302757596666],[77.2292973127778,29.939587581206087]],[[76.94816225525781,29.5134638541925],[76.94757592360284,29.51020430615475],[76.94435204988677,29.506441134819166],[76.9550638121191,29.505110295500074],[76.95834913392909,29.50547113838572],[76.95946911113907,29.50689821075402],[76.96036134397688,29.510293330802167],[76.9629267221382,29.512255995792717],[76.96035173372357,29.515444274966825],[76.95785689314711,29.517532055124057],[76.95603236362528,29.517972542846557],[76.94784614816801,29.516890589039875],[76.94816225525781,29.5134638541925]]]]}},{"type":"Feature","properties":{"id":"06-213","name":"Kurukshetra","source_name":"Kurukshetra","state_id":"06","source_agency":"Survey of India (SOI)","district_code":"068"},"geometry":{"type":"MultiPolygon","coordinates":[[[[77.06925346941257,30.131262840085157],[77.07150617028493,30.129892574571066],[77.07068308999165,30.126270444423472],[77.07367321907843,30.12342549878722],[77.07446786010934,30.1219373899365],[77.07758230787879,30.118979701167],[77.07936161626819,30.119535040222946],[77.08209144732257,30.117767861765227],[77.08372184523076,30.114547944688066],[77.08534102516538,30.113470424360678],[77.0893777989862,30.112032731906588],[77.09121954485063,30.11187088591482],[77.08800882395329,30.110128967641703],[77.08560726761117,30.10381269184542],[77.08670962636526,30.10226693145783],[77.08572951847366,30.10165776345342],[77.08217091470426,30.10165667513559],[77.07829687610968,30.099558021975877],[77.07626318456596,30.100161701102483],[77.07150190197285,30.098946537863505],[77.06892998728695,30.09725855467264],[77.06826689989695,30.095738313496387],[77.0680096674401,30.091899821284052],[77.06965987315532,30.090547302914583],[77.07007620190286,30.088003616064253],[77.06941012406433,30.082437442308212],[77.06973383707907,30.0785405365548],[77.06858955153022,30.075319637408597],[77.06830579070689,30.072694408550152],[77.0718959632662,30.069655865872996],[77.0734509693955,30.071014071861665],[77.07469093032731,30.070017740055334],[77.07453119082695,30.06797444436331],[77.0754186900373,30.06642766978704],[77.07694322729326,30.06634250947223],[77.07868948424223,30.06930202201316],[77.07805343826104,30.070972902627528],[77.0799589811111,30.071431405234538],[77.08087756427557,30.069771878241163],[77.07942166982811,30.066952327088583],[77.079614934042,30.06389430516803],[77.0808175522648,30.064832907005933],[77.08316730849633,30.062984339597364],[77.08389380065822,30.061459636833003],[77.08848433436378,30.05727567025605],[77.08658394682475,30.050757479797447],[77.08880859202637,30.049653009735355],[77.09291585320652,30.046374941663288],[77.09822092771861,30.04135146678005],[77.09672812077928,30.040358826262757],[77.09444278544187,30.037264145907745],[77.09917498609039,30.033545028295446],[77.10219928818294,30.032191353178646],[77.10508697713453,30.030144098610464],[77.10549703084438,30.02732959160763],[77.10251253830029,30.02199319957344],[77.09968398389674,30.018572697638593],[77.10031333669721,30.01689486273757],[77.1029596559412,30.01536280827932],[77.10880156868866,30.010564479671633],[77.108480662045,30.00805207640859],[77.11159046613447,30.005621247038846],[77.11391093835944,30.005113603175406],[77.11643905388655,30.002125011739206],[77.1185453064172,30.003041708907155],[77.11999651143877,30.000385142488227],[77.11952495801033,29.999397577295685],[77.12263938192557,29.998143730286966],[77.12239587737601,29.99547350407701],[77.11933347848948,29.994851025761076],[77.11744509941325,29.993382254725216],[77.11362086019041,29.991542184633598],[77.11237062101117,29.99041507968849],[77.1120368656693,29.9849885835878],[77.11455167227037,29.983971386034668],[77.1134328778945,29.980958205676014],[77.11570238126193,29.978820364110366],[77.11519498489731,29.97546456638201],[77.1136277989015,29.975090036082907],[77.11444589577474,29.97088481154437],[77.11227885288045,29.969388635702245],[77.1101107336453,29.9697582769548],[77.10842473547794,29.968526730922463],[77.10494113828625,29.96878546260592],[77.10266496835055,29.964333207434677],[77.10388255069013,29.963172086875602],[77.10386296022781,29.959936670066572],[77.10241716816903,29.960181328455644],[77.0995532881689,29.95739783924876],[77.09918366197832,29.954619300070096],[77.09604848961567,29.950590732152413],[77.09261952700385,29.950842553680893],[77.0915161698391,29.949720975123736],[77.08905609151739,29.950530398841813],[77.0869172730724,29.949754069480733],[77.08493240096453,29.95184661033687],[77.0832882573614,29.951622566327572],[77.08308960732231,29.94978443134882],[77.08087348146375,29.94817345231687],[77.07867152842448,29.949625162960682],[77.07721604983062,29.94919535928946],[77.07495241122832,29.950755683221423],[77.06771601239774,29.951258199505272],[77.06474766914654,29.952118430738853],[77.06240301291278,29.949338849488043],[77.06232848472105,29.94842092762073],[77.06000335055951,29.947761236523586],[77.05900483529646,29.9462260888028],[77.05303823879335,29.946393290988052],[77.05115658876095,29.94895872420413],[77.04862947342075,29.951050212152914],[77.04871670179895,29.952146261941675],[77.04114834098348,29.953314523885428],[77.03655224375348,29.955264544913927],[77.03235704487203,29.95487383239331],[77.03139017000197,29.952996783317023],[77.03015761076983,29.952797367352595],[77.0277561521669,29.950756902352982],[77.02448394927747,29.94955464098502],[77.02272267468658,29.947062229129628],[77.01520265874353,29.949245134918588],[77.00881684270868,29.953267546025025],[77.00641591135346,29.95654957345986],[77.00404781970543,29.952054480594672],[76.9999437461442,29.949852110531566],[76.9986891731626,29.95209764373471],[76.99479269720804,29.953064221589457],[76.99265942707625,29.95153030561041],[76.98976899365584,29.95581790893777],[76.98779774048884,29.95739859687462],[76.98742979946437,29.956125111951877],[76.98504534890792,29.95606556238369],[76.98318615898995,29.958798211074864],[76.98161810793592,29.957791369389092],[76.98213956670662,29.956162641567055],[76.98422277803526,29.955691367823576],[76.98336404752907,29.953306446704726],[76.97914607540766,29.951713189420204],[76.97552459488476,29.948157182864957],[76.97384623247981,29.947930672269177],[76.97132359669492,29.945007519714178],[76.96919907705022,29.943935539967278],[76.96535546367659,29.94315794742018],[76.96580695346972,29.93951979162052],[76.96121195198327,29.938265917731634],[76.95851470764187,29.939249504030027],[76.9566498089425,29.938695855472965],[76.95620250055339,29.936291974207478],[76.95470618365383,29.936780103678156],[76.95254837737095,29.93573718192708],[76.95245283194758,29.932744436147452],[76.94912999517982,29.9318217359029],[76.95019435954391,29.92858248264041],[76.9526287956296,29.92820921063202],[76.95195336758024,29.92640738408221],[76.9540900783247,29.923943282065604],[76.95312048313919,29.922410340391426],[76.95677379579905,29.91946265263247],[76.95759372051742,29.915348421379566],[76.95445969320217,29.91346051331896],[76.95003588172958,29.913772957064616],[76.94812355802965,29.915354063450124],[76.94674113318776,29.915386458210435],[76.94113077342737,29.91872273637922],[76.93893550848858,29.918994505753602],[76.93683551738013,29.922689625928243],[76.935837129652,29.922268029433305],[76.93253363312405,29.924703339487063],[76.93249129732364,29.925539015343183],[76.92908533580136,29.925394927882092],[76.9304980832062,29.923802080730535],[76.9302587090156,29.92166870187586],[76.9279470503771,29.91746577884898],[76.92532621066292,29.9156670468204],[76.92181563690862,29.915636788647927],[76.92088305880726,29.914405731103987],[76.91736728681191,29.914136293508903],[76.91244366948705,29.914981280758667],[76.9050043975211,29.918587199523163],[76.9032129092726,29.918826667431116],[76.90152534426443,29.92078014648586],[76.8986613748033,29.91855694866412],[76.89881161831131,29.913304646117922],[76.89660397831942,29.904586122728727],[76.89749907456067,29.902213388196],[76.89718784340347,29.899719066005925],[76.89192650857626,29.898088923940005],[76.89016624306669,29.89685774154081],[76.8869974213561,29.892410591115468],[76.88396865484508,29.887304877068875],[76.88303663330063,29.88393993973002],[76.88093491504229,29.88054810802339],[76.87545884264405,29.880909113534358],[76.87149922339717,29.879524308435943],[76.8682642668699,29.88081879234544],[76.86528288070515,29.881238096873656],[76.8617685755257,29.8793163157556],[76.85928945163246,29.878652955735227],[76.85770582834293,29.877421406766555],[76.85684642609263,29.878742874762978],[76.84871972636749,29.881244906168966],[76.84789104921009,29.883107620689593],[76.84574774624598,29.884667878960762],[76.83965448402331,29.887341177755115],[76.83751428731927,29.893651011155924],[76.8386530823711,29.893921978026537],[76.83527962694959,29.898872347751446],[76.8345502084868,29.90128209115287],[76.8324843097797,29.902030194705556],[76.83256514166084,29.898677061055487],[76.82955811616745,29.896903412272692],[76.8290104558153,29.89464800424041],[76.8226933707047,29.894187288175328],[76.81997013288394,29.894849278160923],[76.8195242840923,29.89590001502874],[76.82058887171769,29.89944133140439],[76.81645695319843,29.90073413335789],[76.81480475439288,29.901843015171018],[76.80979331215568,29.901989443372464],[76.80701017736489,29.89889826438482],[76.80764079299367,29.89533356906925],[76.8038757168053,29.89495438293424],[76.8030170020722,29.894051812077077],[76.80331449702786,29.891752343710735],[76.80243633908654,29.888165153805577],[76.8063249887427,29.8863042923225],[76.80595848467091,29.884883278575415],[76.80386355907508,29.88281178821289],[76.8001793311996,29.881249153238414],[76.79690837205138,29.88097659188522],[76.79613339771274,29.8791448649493],[76.79411987593785,29.879323999914238],[76.7934337481093,29.876400778224998],[76.78991896247028,29.87700291353058],[76.78620321059284,29.876549483587624],[76.78296056815007,29.87375065115636],[76.78158406802754,29.87348360624112],[76.77648322509742,29.876420865002878],[76.7726262293281,29.877559081365487],[76.76629237890783,29.876264029304828],[76.76326317095936,29.872928157256776],[76.75998269604376,29.872239145780785],[76.75899618261084,29.87043015252644],[76.755040883947,29.866881700086452],[76.75101189529643,29.869340386475628],[76.74547001337692,29.870325112061018],[76.74185888063123,29.87143353365125],[76.7370101839561,29.871997035519197],[76.73241612821629,29.871698177507184],[76.7299133326778,29.87571513622004],[76.7297078988333,29.877266935067887],[76.7241998860096,29.88134251032529],[76.712519306707,29.883102753017834],[76.70696906017342,29.88760791653625],[76.70537627582357,29.88947628350963],[76.70457669635653,29.892810051314434],[76.70077412989333,29.89572169462072],[76.69501083786072,29.899366465710845],[76.69019195884023,29.90209633524177],[76.68795680671904,29.904077579735343],[76.68678326961998,29.906807003326033],[76.6852207472703,29.90854428440159],[76.68565194064398,29.91093918792901],[76.68733629650912,29.91356356456331],[76.6886312173993,29.91428017354898],[76.68964989760596,29.917870934231047],[76.68911883406965,29.918849751664045],[76.6847516464571,29.921084844196834],[76.68294947145405,29.920751826272053],[76.67811699792418,29.91816940135129],[76.67419395700482,29.91897081814648],[76.6725146162722,29.91822110750749],[76.67064559780403,29.918668335139],[76.66729441384994,29.916084949098078],[76.66335944105055,29.916365818251304],[76.65718185179456,29.91491514859641],[76.65505895258437,29.914798353563288],[76.65254739080424,29.9132292066844],[76.65106660098662,29.91317088403129],[76.64784558726271,29.911155325469757],[76.6443043360463,29.911602407048864],[76.63567386675714,29.915924605187254],[76.6295592031688,29.919235749296522],[76.61890263803262,29.921647222528847],[76.61539255535847,29.9177200183312],[76.60971910681755,29.914089435665122],[76.60624417508683,29.91282055183444],[76.59941998922525,29.913324701411202],[76.59382286000819,29.914108361158046],[76.59363455379564,29.916412929484295],[76.58848481954121,29.920383157898858],[76.58583164659976,29.91938363658311],[76.5839009519423,29.91786752595991],[76.5780408890528,29.915172794019956],[76.57203970313329,29.9090093346313],[76.57031300302536,29.9107359591053],[76.56123781963795,29.917461669527498],[76.5582042095537,29.916449802889346],[76.55344436494714,29.91122866303291],[76.55158314114445,29.907578551787232],[76.54752968353947,29.907075595275398],[76.54566357812877,29.90342545117662],[76.53844978363688,29.899830543859768],[76.5327181388331,29.900778387270428],[76.53072409572616,29.901674622127977],[76.53509891457892,29.907288835877402],[76.53825254148177,29.91250965945552],[76.54037173055865,29.916773497573498],[76.54081915124605,29.92047693159277],[76.53353891839835,29.92614638365414],[76.53108959496042,29.926194345539358],[76.52413822810546,29.9231085183945],[76.5186014551881,29.919563442047686],[76.51712733799772,29.913166235137755],[76.51694270390246,29.90671149690431],[76.51546023714008,29.901165945153995],[76.51241383235462,29.89769866238472],[76.50949892325569,29.898048052283453],[76.50613079750092,29.900710834132873],[76.5048339674041,29.902897286649985],[76.50199990170087,29.904662816222842],[76.49858561973808,29.904633135497917],[76.49425867358292,29.90562492681272],[76.49116061735745,29.903823466960198],[76.47786876964274,29.906879277954904],[76.47113595193225,29.909825252203717],[76.46664954627417,29.912399516688534],[76.46549594142698,29.9135640969719],[76.4679829502529,29.915443202969723],[76.47103059294999,29.918598417179126],[76.47442389369294,29.925623458580347],[76.47900390103123,29.93281429757567],[76.48311473876882,29.936658464880125],[76.48414303263873,29.93931884406034],[76.48149846447022,29.945910950398808],[76.48202407885731,29.94821995983877],[76.4812104248305,29.952663489103927],[76.48442441875227,29.95496125478314],[76.48660570870487,29.95551424201236],[76.48577962436727,29.957928104686992],[76.48424314346721,29.959683997233334],[76.48014890588166,29.96275449805924],[76.47815019380276,29.963477817854333],[76.47624559683909,29.965179750416574],[76.47627961836528,29.96813413480486],[76.47531244961462,29.969673036367222],[76.47090459124904,29.970492722979497],[76.47075523851422,29.971372367231385],[76.46735869415193,29.973530921234797],[76.4638241725679,29.97209896198698],[76.45661625688538,29.963930533169243],[76.44947563719856,29.96789508775707],[76.44763174439241,29.968297513934754],[76.44615668295992,29.97017024157624],[76.4421442999079,29.97214685048847],[76.43913834126535,29.972375031335964],[76.43797366353331,29.973859571121967],[76.43660414731703,29.97924578121605],[76.43345333256346,29.986739269037386],[76.43357428417653,29.98981088227633],[76.4325038949939,29.993532570936118],[76.43348267742596,30.000530699254654],[76.43985134860338,30.004087743202902],[76.44247450633024,30.007069202774836],[76.44069102648564,30.00902858326447],[76.4395387588352,30.014238834303452],[76.43461606590232,30.01602729488526],[76.43039219020665,30.01650281219599],[76.42840246301029,30.017396708742368],[76.4282377212087,30.019557279951496],[76.4257685049277,30.02563394729477],[76.42215710240797,30.02874305426962],[76.42170147800488,30.03056255790037],[76.4228966888414,30.035247644455914],[76.42584310756872,30.03766686406245],[76.42935870722107,30.042179370830276],[76.43032089354163,30.046357921728198],[76.4336402135377,30.048508012714922],[76.4359057961533,30.048344577678108],[76.43828703596756,30.050517473024883],[76.43847596028249,30.052930121116326],[76.44052028641397,30.057466314462765],[76.44150392726608,30.06059386844536],[76.44259773335992,30.061650382443453],[76.44455881359505,30.067206287269553],[76.45276908546137,30.078151882534794],[76.4534339529216,30.081493675853697],[76.45710640308411,30.087016315861757],[76.45869767538473,30.0868203639919],[76.46048931307782,30.08835693308178],[76.46230610878928,30.091246648905056],[76.46481066872701,30.093271483409058],[76.46568370271564,30.096532584768585],[76.46786768462599,30.098728168795432],[76.47273648627765,30.097719519609946],[76.47980296243615,30.097851839199034],[76.48204133378329,30.097582637679302],[76.48984324853187,30.09499382791484],[76.49558265890914,30.09417921406779],[76.49838384966256,30.094708201664762],[76.49938675710955,30.093773946590357],[76.50325476919,30.094709270675114],[76.50655631043058,30.092414576255393],[76.512748091376,30.086089558748426],[76.51390330950392,30.083315826420083],[76.51226967671221,30.080407704026605],[76.5128110593056,30.079416720214233],[76.51274247923232,30.075373853634574],[76.51186090032306,30.072029643048115],[76.51621076502524,30.072908834081314],[76.5226680308496,30.075756694132025],[76.52543880169969,30.07594060275524],[76.52984965203085,30.078482444572902],[76.53160353396606,30.078353100385247],[76.53559977534889,30.075188637651976],[76.53802466897841,30.074745163164824],[76.54374117291995,30.076094087916974],[76.54619782381891,30.075881553095567],[76.54814143097003,30.077389140793226],[76.54814401408986,30.0807782141163],[76.55003429068067,30.08115230999065],[76.5520526706217,30.080324623324696],[76.55385253370791,30.08193641865025],[76.55663584716277,30.082900549123583],[76.55815409063065,30.085197564568087],[76.56004381264496,30.09071163216517],[76.56052924441137,30.093427330121735],[76.56360770041547,30.094929699508562],[76.56576352979965,30.095280748808317],[76.56947157218467,30.096860737822027],[76.57657714971053,30.10155667578406],[76.57769504636771,30.096333882929812],[76.5789223034991,30.095051083834907],[76.58691664840246,30.08961792562478],[76.58677300548122,30.0855927565165],[76.59033659731686,30.08444911961794],[76.59184546040711,30.085229083047064],[76.59572303050523,30.08503752208006],[76.59916579820529,30.08378862848174],[76.59554228421722,30.078541765958175],[76.59324553010259,30.077170629434455],[76.59021979766801,30.073432269695974],[76.58857786484934,30.072537887215052],[76.58798621556896,30.070923635906304],[76.59062440746723,30.06997628948768],[76.59317243427485,30.0681069200955],[76.59639675427111,30.071420297123396],[76.59752626259012,30.074313330451623],[76.60197780736642,30.074607627859372],[76.6050575129831,30.076098475621258],[76.60696702259493,30.07561380061915],[76.61554457803526,30.074697678762927],[76.61608647963438,30.07812344193902],[76.61966886382042,30.08314066592731],[76.62042239204375,30.087436753873504],[76.62386478376803,30.09011576276374],[76.62631234187717,30.09142250442544],[76.63140782922022,30.09276001340656],[76.63410164296901,30.096101026158827],[76.63559085556548,30.097147075302598],[76.64188678288905,30.09957088877501],[76.64280553430771,30.101696247170953],[76.64414701907388,30.102622896728814],[76.64314322990775,30.108356436770553],[76.63525647374867,30.11203784359001],[76.6388748986705,30.116232426612285],[76.6426491484138,30.122032708997594],[76.64168901380789,30.122867742482175],[76.64462685971,30.127845752899802],[76.63875425129535,30.130648655085988],[76.6389961669146,30.133328096478067],[76.63601499187402,30.13880554897372],[76.63750905217456,30.140689340874495],[76.63707682763145,30.1424029674521],[76.63803760616092,30.147619675952704],[76.64217521619257,30.149656712710424],[76.64823480873973,30.150852078465753],[76.64952730997273,30.15167267717188],[76.65247323791394,30.1517937089428],[76.65513807559994,30.15288033581333],[76.65603121242968,30.15430084912793],[76.66025723743049,30.157971215732342],[76.66407889518118,30.16176791468258],[76.66681596703764,30.165569349308246],[76.6698236596168,30.168373789164594],[76.67148310233557,30.166947875566873],[76.67436494487622,30.168931430853206],[76.67754402940757,30.17307515455014],[76.68037586124692,30.17786401377314],[76.68296253114544,30.180194810167546],[76.68461120279484,30.18507425955646],[76.68540778498783,30.18865512221189],[76.68664871664836,30.188785330701904],[76.6893810033482,30.19068293338773],[76.6919142076629,30.19003665497001],[76.6934582782095,30.192967584096444],[76.6949957631434,30.193701987120935],[76.69852138702501,30.193871364030628],[76.70348909773459,30.192402581761407],[76.70602317272632,30.192743880837238],[76.71128691268528,30.19149109846202],[76.71308879967347,30.191792100781573],[76.71711677651112,30.196146367027378],[76.72173177883037,30.195064965180066],[76.72540844703178,30.195666595404276],[76.72774416717594,30.19488897032665],[76.731422022203,30.19648268615386],[76.73455261726812,30.19609223235626],[76.73643953721758,30.1979038288299],[76.74557716778787,30.19707477137079],[76.74889161370545,30.196356469313532],[76.75402836539699,30.19644383087755],[76.76011582799173,30.191949365783167],[76.76342581458049,30.191947711276367],[76.76481800798857,30.196089395836065],[76.7648164040893,30.197496670812317],[76.76687334277158,30.198445265430717],[76.7667928397179,30.199463760201166],[76.76913892541869,30.200120708442114],[76.77276888431925,30.199744733544918],[76.775593252926,30.202381987557995],[76.77755731596106,30.20205732405219],[76.77683067961796,30.203852242119147],[76.7819600171266,30.210612554901726],[76.78476013238301,30.214935370624566],[76.78796594245551,30.213440173199498],[76.7923593841674,30.213551252892778],[76.79604817245018,30.21488855948683],[76.79889769944603,30.213564230548535],[76.80001597186298,30.211287066731128],[76.80223513430532,30.212558011522955],[76.80441263040672,30.21281384011172],[76.80775097288587,30.21548136888461],[76.8118437617619,30.21972100413231],[76.81702407047246,30.217466410594827],[76.8194177983757,30.220506857526637],[76.81685610667935,30.222517412662157],[76.81897933413137,30.224281853455626],[76.81987027909122,30.228616711949623],[76.82291722617036,30.23248787403672],[76.8231341827271,30.23484241350969],[76.82524103980802,30.235907214610542],[76.82268553990626,30.23854521082],[76.82177028710632,30.240398662295252],[76.81759889403786,30.24215981385247],[76.81889835790525,30.243209617468363],[76.82257562304565,30.251179716793466],[76.82433321778,30.251326624605262],[76.82591699522263,30.2530254828489],[76.83045116810653,30.252220143925232],[76.83220371339414,30.25290830105707],[76.83325400473383,30.251774952973665],[76.8375973419128,30.254093043299793],[76.84078474358138,30.250115727629368],[76.84276265793825,30.245781498899362],[76.84686622179377,30.250855096621205],[76.85037479649154,30.254342524731804],[76.8515871007437,30.254634126039285],[76.85456949082027,30.252963409988446],[76.86056161264257,30.25109212118671],[76.86475203481722,30.2490309005463],[76.8643817050439,30.247205918887328],[76.86775874212029,30.243656515147],[76.86471998904614,30.240300575699244],[76.85978580906185,30.235550750779062],[76.85865899293042,30.232997688319287],[76.861801901094,30.23048123347245],[76.86627932833909,30.228875927529405],[76.87350961816952,30.22270141422273],[76.87589348880847,30.219891481202687],[76.88160103209036,30.217031718331622],[76.89031490401283,30.21181239065885],[76.88826326522421,30.20971982190639],[76.88910701614824,30.20899350593288],[76.88726203124821,30.207579728917636],[76.88636703267582,30.209603360664175],[76.88296095759846,30.208069451777025],[76.88242060801551,30.20443409223457],[76.88238388743207,30.19986051022892],[76.88517208682728,30.198069730620873],[76.89012549967573,30.19640943228298],[76.89740440597106,30.19308185249079],[76.89754437637956,30.191834764123865],[76.90382112949739,30.190232275471313],[76.9068919896826,30.19734000125985],[76.90972821416092,30.200645395576366],[76.91587292627908,30.205546926207205],[76.91976564323781,30.202280048117217],[76.92502914933895,30.205472186993628],[76.92999572533208,30.201883176867398],[76.9314286268577,30.20151273871975],[76.93778207270365,30.197851847194897],[76.94100670269114,30.197954041572647],[76.94889860742587,30.19710633103688],[76.95242776262984,30.19491669897864],[76.95662785551397,30.194354860904674],[76.9607650991226,30.19318625616105],[76.96021691070617,30.189697854860615],[76.95622924357733,30.18322794456981],[76.94783902836697,30.182709648724625],[76.94606455543433,30.184158562797812],[76.94096218193904,30.178062016283995],[76.93976122647756,30.1722522687171],[76.94061273427825,30.166350253285685],[76.94528340288382,30.164782813788065],[76.94843151389824,30.161213278852887],[76.95114495919843,30.15933734557401],[76.95742886099552,30.157389577935067],[76.9591459376378,30.154409400188687],[76.96155630342912,30.152590442657228],[76.96323347456489,30.154718954836902],[76.96374084261535,30.158007876485925],[76.96830391036043,30.1588164951265],[76.97286381587118,30.16163666743602],[76.97402100358838,30.161329119143733],[76.98036412559468,30.166479539978223],[76.98173684416393,30.169371298393013],[76.98541744373959,30.168856771932433],[76.99206515253094,30.167308447787995],[76.9951630800966,30.1651744207998],[76.99647046265628,30.165305655425044],[76.99997068805342,30.162642426933235],[77.00259517879542,30.161884242967535],[77.00362724789399,30.16256630476199],[77.00787378350297,30.16201537802189],[77.01164321406267,30.15647987918128],[77.01890886901467,30.152286712767456],[77.02282521290479,30.149276869712647],[77.02245803949361,30.147964022628052],[77.03120110538777,30.14436666610143],[77.03695184845542,30.143621923488784],[77.03714691696474,30.140112934110526],[77.0358944685613,30.136350434721894],[77.0395031906333,30.133714235839935],[77.04881685423966,30.127811260783837],[77.05828381688778,30.123878713189256],[77.06250511948703,30.124560673746018],[77.06447159962971,30.127417845651355],[77.06789951515682,30.130612799479337],[77.06925346941257,30.131262840085157]]]]}},{"type":"Feature","properties":{"id":"06-214","name":"Mahendragarh","source_name":"Mahendragarh","state_id":"06","source_agency":"Survey of India (SOI)","district_code":"069"},"geometry":{"type":"MultiPolygon","coordinates":[[[[76.2848301170756,28.431592852861552],[76.28788639279828,28.429436058043095],[76.2876974818226,28.428057388428815],[76.28516520135588,28.419554457622652],[76.28387693988329,28.4140372835479],[76.28011680804896,28.406996364685938],[76.28023748589233,28.405348016251345],[76.28909404267866,28.402720877120053],[76.28938625262836,28.40348823502167],[76.29870512605632,28.402308349382075],[76.30156246631618,28.40049745424925],[76.29924513344254,28.398448703015273],[76.29836463616331,28.392427528190765],[76.29705713381392,28.3917738143072],[76.29830536262894,28.3868995744207],[76.29751566490275,28.383143683448075],[76.30098500647625,28.3796003532702],[76.30477456064091,28.376560633740628],[76.31398337952547,28.373930818876648],[76.31727291547544,28.373830937820014],[76.32779158492285,28.371811078863594],[76.32782155290079,28.367791492986623],[76.32862153030923,28.364181648977457],[76.33438602011803,28.362849706487612],[76.33543555259406,28.364446739617645],[76.34441957095183,28.36548172962002],[76.35086865021867,28.367011509328908],[76.35484030218727,28.365654496949038],[76.3573063514159,28.35528014207315],[76.35640803475322,28.346123339480048],[76.35664801721974,28.343648548028852],[76.35953765471243,28.342183682218533],[76.36450704163157,28.33730411040245],[76.3677566384697,28.33547427603564],[76.36737672845858,28.32637503859727],[76.36745673585287,28.322765348124136],[76.36544414748123,28.32178599686785],[76.36065761515606,28.32067549642105],[76.35788356231014,28.320740581106204],[76.35676814570598,28.313496086661264],[76.35557057836263,28.310243149326286],[76.35047895921915,28.31118125993718],[76.34882987867077,28.308141118353102],[76.34704940890549,28.30868645504841],[76.34651249816443,28.306550035055373],[76.34651950946319,28.300867110996123],[76.34722131803137,28.29643228937813],[76.3493491810212,28.295677561360492],[76.34921920798676,28.29245783072172],[76.35172800533442,28.290092225905283],[76.35167891519046,28.287778235315447],[76.35252881844687,28.285728411548472],[76.35151897251122,28.28072882921035],[76.34868934676543,28.277719071203816],[76.34627891519439,28.273937672391202],[76.34620222111033,28.272970560295327],[76.34314007431689,28.273499407985383],[76.34234121668031,28.266859503940193],[76.3464096933259,28.265860061604062],[76.34742957478764,28.263010304885317],[76.35030922170968,28.26064051784801],[76.34902940851131,28.25620088242863],[76.34663971584048,28.254740997701454],[76.34652973215483,28.253771077931702],[76.34845950556019,28.250151388970426],[76.34851889603735,28.248949182748007],[76.34700971085783,28.24559176958108],[76.34615937668158,28.23681125602627],[76.34433011624859,28.232162891179605],[76.34328026962865,28.228233214750976],[76.3408583715248,28.222925856803563],[76.3371183809037,28.22389328684491],[76.32800223838416,28.224013515930434],[76.32619248003904,28.221783695754162],[76.32519263242318,28.21689410320142],[76.32302293256917,28.21128456629489],[76.32073522925184,28.206420345127597],[76.31908850428054,28.206784986547937],[76.31686384248839,28.204935196898752],[76.31512391716775,28.204895063607236],[76.31450410958,28.203185156083016],[76.31137436594715,28.202935204798273],[76.30523525420053,28.203525213373606],[76.30366607300724,28.193295882352857],[76.30989247852388,28.19095347602903],[76.30908696544908,28.18715481818933],[76.3121537235211,28.185336469999474],[76.312304393171,28.183716943017448],[76.31163096969009,28.17812713186108],[76.30736507825965,28.179066920384106],[76.30530927608051,28.175986473943755],[76.30271568292969,28.176787394487054],[76.29224118431334,28.179163998632635],[76.29135043966257,28.175556717396145],[76.28946452326414,28.170332413274547],[76.28243479936381,28.171296793776904],[76.2807547999634,28.16550079037812],[76.28328601696927,28.16397537327802],[76.28660542792854,28.163341388028343],[76.29552543688457,28.161000928948845],[76.30146952431544,28.159986802492263],[76.3015568376579,28.158621146838417],[76.30455082174784,28.15882390007503],[76.30335830899338,28.154851650484197],[76.29763862377386,28.151835513331285],[76.29758417046244,28.14915438142234],[76.29999801033074,28.14878664493725],[76.30685503047287,28.146606650704992],[76.31110476025462,28.145570049286498],[76.31172467456912,28.147269906452333],[76.31372441974665,28.147129926150136],[76.31522840196347,28.150389885624243],[76.32096737245755,28.148584314726627],[76.32628206430932,28.14615908794721],[76.32993623792106,28.14275170615675],[76.32963915271311,28.141602266722746],[76.33181209261949,28.1392900703987],[76.3306320981601,28.1370596136357],[76.33348039213777,28.13625036315913],[76.33314252939846,28.13358354825704],[76.33706628026641,28.13264636145417],[76.34051692563533,28.13124869825317],[76.34961113094255,28.12925662194152],[76.355051314599,28.127529624105865],[76.35985819467129,28.124928165481883],[76.3590515467057,28.12327586226075],[76.35615147615385,28.120893455563813],[76.35167481410508,28.116119728372468],[76.35044387517348,28.114220277044023],[76.34711661545141,28.113019582624037],[76.34212659699571,28.10871017140005],[76.33663379959799,28.102671429234285],[76.33051248234695,28.104093602741727],[76.32178357809718,28.106973331360784],[76.31864397512594,28.107703256588216],[76.30927024831311,28.10821140575215],[76.30779451500491,28.105855388781976],[76.30681417748343,28.10603790576579],[76.30139566608086,28.098090078083047],[76.30172737142603,28.09721784983439],[76.30905033176506,28.093143099960617],[76.31875858556754,28.088839005796125],[76.32048383201882,28.088754857883306],[76.32322929608297,28.09055948940133],[76.32875202717499,28.087762159584535],[76.33283228414588,28.082096794362425],[76.33250115771924,28.08069624918329],[76.33419018649455,28.079922637624975],[76.3329879158341,28.076860437940226],[76.33895814644103,28.07351586642876],[76.34364808795344,28.071559029148876],[76.34344547282684,28.070227568751786],[76.35160995449493,28.069961548502132],[76.35265383759983,28.07162072150653],[76.35560094290851,28.07072717928884],[76.35514086142128,28.06806069113667],[76.3564701253737,28.06758059097768],[76.35348164174879,28.059695788527147],[76.35115397992163,28.052517567140402],[76.34958425402549,28.045894588285528],[76.3479123570356,28.041676107688097],[76.34476681184317,28.035057127351887],[76.34231233363305,28.030590279639334],[76.34057926779337,28.02864991075743],[76.33111567158006,28.021546271993127],[76.32874611401431,28.018804074600457],[76.32406368995981,28.021470515739185],[76.32297673843289,28.021552563457295],[76.32076727833166,28.015996018449844],[76.31895871512523,28.01563560280976],[76.31356504692367,28.017100843518612],[76.3131050971244,28.01895068889891],[76.30692587610426,28.02010056711077],[76.29897687830145,28.0227303187566],[76.29228298391602,28.02584994577752],[76.29230769642261,28.029539723771773],[76.29141780058502,28.031569547405148],[76.29117821123602,28.03459348069521],[76.29282575589862,28.03987305316694],[76.29244791100759,28.043135525280604],[76.29355634314074,28.04921705686335],[76.28877805048258,28.04998799470678],[76.28418029792249,28.051517291857802],[76.28471709395268,28.054943775065105],[76.28315358319264,28.055343794269604],[76.28384291087248,28.056996025236586],[76.27449276712838,28.061724401192695],[76.26670079285245,28.064686680028608],[76.26096151138456,28.067556418774547],[76.25551693152816,28.067789224308257],[76.25419303969161,28.0669738032668],[76.2429280458598,28.064371865847765],[76.2391754241767,28.05485120520184],[76.23800149339587,28.04973310638269],[76.23068965545858,28.051158663892465],[76.22902091270994,28.050361450283066],[76.22811385915877,28.048515900867038],[76.22532647251988,28.04938397069162],[76.22007134390695,28.050336465579484],[76.21938756449886,28.0493191207187],[76.20862267318614,28.05228913053841],[76.2095904557722,28.055879886466727],[76.20113043896244,28.05844640668947],[76.199175735852,28.05574062104731],[76.18949385054063,28.056480894068873],[76.18879244627965,28.053297833334625],[76.1817581353457,28.054639211010326],[76.17977985407566,28.05430172649538],[76.1779397180032,28.045622422390377],[76.17942877205361,28.04402026186508],[76.18456225541374,28.040291634845122],[76.18878129541393,28.036569852294775],[76.18951616196645,28.03447861060617],[76.19489303620911,28.031033710518052],[76.19742413602665,28.02992256483271],[76.20176594507535,28.029371009439014],[76.20333156686189,28.035253391413224],[76.20367528881108,28.037772390686886],[76.20631120469363,28.037259518293514],[76.2063149733586,28.036422559646773],[76.21288054936572,28.03619229172862],[76.21662755487446,28.035485882857905],[76.21506027299029,28.030164732407172],[76.2147403831008,28.026607167369686],[76.21090974562372,28.02672894747473],[76.20329986694257,28.02804708376521],[76.20105786809772,28.023013856308445],[76.19865828836107,28.021052227386733],[76.19868374933182,28.018827184890068],[76.19683181839169,28.01550041201697],[76.19146272776293,28.017955963848543],[76.18536829272244,28.020311196620288],[76.17998154825729,28.021543963444493],[76.17689069293894,28.02157223119318],[76.17659523508472,28.02043546116884],[76.17340713563274,28.016622713011607],[76.16954899929318,28.007449409500186],[76.16835678418713,28.007104887218965],[76.16262897909816,28.001297905213328],[76.16040680738767,27.99840859258335],[76.15831064664027,27.991434380399593],[76.1575499260167,27.98732477405404],[76.16410238526063,27.984521097850713],[76.1669248503958,27.98299212870405],[76.16688915171119,27.98056941770014],[76.1657553679363,27.97642712815346],[76.16352497132425,27.97341991770858],[76.17664673200845,27.969362879735964],[76.18662870355843,27.965489613796716],[76.18400582770535,27.961834240747738],[76.18245575270606,27.962029339335103],[76.18065923933317,27.957025697590478],[76.17992579027785,27.952894597723436],[76.18238958722266,27.951942491373632],[76.18000760401837,27.94415572589869],[76.17923279153703,27.938787312253194],[76.17704995035288,27.929758741742475],[76.1738948351337,27.92984755315378],[76.1730601343124,27.92599729066055],[76.1707015520775,27.921723447993173],[76.16862669533315,27.915295176176656],[76.16774110143892,27.910716270880364],[76.16815971799919,27.903402905038096],[76.17172959892987,27.903167102007547],[76.17393301494869,27.902264036392012],[76.18332056480703,27.89956257541426],[76.18499132013909,27.89935864154229],[76.19675927864175,27.895197808315032],[76.20125130559344,27.89283584473147],[76.20217151568416,27.888509772012416],[76.20014175576438,27.880559001793003],[76.2000121720731,27.878025099503546],[76.19444249321134,27.877438580532267],[76.1936229979139,27.87210912769848],[76.19407660153563,27.86720743153088],[76.19374754112123,27.865957798044573],[76.19380650690981,27.85953094451584],[76.20073417804598,27.855144537247735],[76.20055546151556,27.854740807041683],[76.20724054856426,27.849760509225213],[76.20834108600629,27.84862294249504],[76.21216581821018,27.84643341687367],[76.20886307795102,27.840032741616913],[76.21178402724374,27.83819446325778],[76.22054591626075,27.835129886376055],[76.22517913002699,27.833268483709592],[76.22391463248579,27.831968694547346],[76.22372217488459,27.82882915322801],[76.2202764079629,27.823119966289035],[76.21996041355146,27.821378695778765],[76.2171818661604,27.816775663611907],[76.20934420095882,27.816362053152428],[76.20747149280686,27.817175725907568],[76.2077841641876,27.81868225000497],[76.20528120034221,27.819909276984017],[76.19951946000026,27.821499553503678],[76.19614752821442,27.81539688566856],[76.19226231004284,27.809277053816942],[76.18971924518435,27.807442085481846],[76.18626197058504,27.80359526354317],[76.18264696072292,27.79864311621779],[76.1811365586661,27.797576952705075],[76.17858799696309,27.797458586623698],[76.17496507916624,27.798092767732346],[76.17214879802341,27.79966787280498],[76.17214930493179,27.805178309768618],[76.16936542268762,27.80797057155015],[76.16055337616125,27.813957520842344],[76.15685665512443,27.815068874667706],[76.1531085767087,27.815399709896578],[76.15366899723989,27.819749293792597],[76.14911875300828,27.820437354419305],[76.14450346338026,27.82274517059126],[76.13681755995697,27.824012850954457],[76.1322696914932,27.824500341338297],[76.13459416273164,27.834296728362943],[76.13539529358083,27.839277193952146],[76.13350443406215,27.839394755015004],[76.12779094559242,27.843744961577386],[76.12607034606411,27.84595608193584],[76.12333095008859,27.851050084889987],[76.12148298708526,27.85166146617634],[76.11560012282796,27.85208608816059],[76.1142740692489,27.85096365228346],[76.10892985631226,27.853486557585367],[76.10589292434133,27.856126207512986],[76.10143701854116,27.857195930185775],[76.09815600696686,27.856895040534667],[76.09462918049812,27.85883138281256],[76.0878482618451,27.860680689026882],[76.08620009460354,27.855925013217906],[76.08575494398076,27.852764522624046],[76.08565586890609,27.84472711045934],[76.08410105287824,27.844589027416838],[76.07929108235656,27.84577202647416],[76.07489445848415,27.843834875601512],[76.0708130503168,27.84482876172],[76.06715477166277,27.846188549204854],[76.06540784485337,27.846217130450835],[76.06064960722135,27.848306102063887],[76.05182380445326,27.83797824557708],[76.04854776007471,27.835112088313526],[76.04766874490696,27.83516508827492],[76.04474309341093,27.838078183403056],[76.04070439722234,27.84127953551268],[76.03947630230724,27.839582056947314],[76.04022406775087,27.838958026177465],[76.03624945615371,27.837416588339266],[76.03010980164666,27.84002417305999],[76.02728248921305,27.83855021728068],[76.02210745711744,27.839993730568246],[76.01993882309611,27.839463068334126],[76.01350217379645,27.841307882754126],[76.00954893356004,27.841543546483837],[76.0064589482213,27.839093425280367],[76.00573433296577,27.83585398410903],[76.00464370883111,27.834464937087276],[75.99714279160276,27.83880345250884],[75.98715599270822,27.84165004103843],[75.97881524687968,27.847427674154794],[75.97137261441335,27.85199019638299],[75.97213996487909,27.855806979926133],[75.97248702617156,27.860620813587555],[75.97559014271178,27.861877434647205],[75.9776137370095,27.865115618687774],[75.97936546112174,27.865475194778032],[75.978801435751,27.870091346131773],[75.97762262770252,27.873794791562155],[75.9799814426217,27.87746299386972],[75.98195898999896,27.879175328602845],[75.98441294893313,27.88260757864443],[75.98143655159491,27.885646637175046],[75.97531775723922,27.89367265426999],[75.97847542056039,27.894909664676607],[75.97986788267076,27.89655875331525],[75.98674166878521,27.903077812442124],[75.98731457047624,27.90415060527342],[75.98528021704371,27.905551984389707],[75.97480353441925,27.911807348295586],[75.96806166748858,27.914390903846304],[75.9577317007197,27.91404189121918],[75.953917731921,27.914259879558234],[75.94906552769137,27.915060289283673],[75.9448519745732,27.91347415348731],[75.94230821171219,27.91321995111098],[75.9380470073238,27.914523411430984],[75.9375101475285,27.91716249633181],[75.93450905085885,27.91864102930688],[75.93724455048859,27.92200171253485],[75.93909041910167,27.920934008346467],[75.9396711440392,27.922764775741264],[75.93777679558852,27.925098121481774],[75.93230373600471,27.929863451708957],[75.93421177382201,27.9323197266672],[75.93515840208997,27.935288142842822],[75.93694863324859,27.938499844293016],[75.93906837110276,27.94061938618245],[75.94343549409629,27.944017529239076],[75.94660330694695,27.945926507070805],[75.95176621368213,27.947692779906244],[75.95323029601525,27.94459802782331],[75.9559205681601,27.94134735682611],[75.95555676917682,27.940577126259203],[75.95787023823858,27.938153045029466],[75.95791280378876,27.9359361466542],[75.96050947726413,27.935933384007487],[75.96276961379614,27.9351513334898],[75.96616906426114,27.934882877067114],[75.96805100641484,27.932005593195257],[75.9727335609823,27.93275720278149],[75.97940606013061,27.944095854505594],[75.98143279055941,27.948800199040317],[75.98302966883196,27.950982857712404],[75.97786616536482,27.954398547486626],[75.98005609805158,27.95943585679479],[75.98033702557308,27.96128812319033],[75.98198272343063,27.96535853987412],[75.98439168666246,27.965643077583433],[75.9851199600986,27.967124595600065],[75.98866313512133,27.968231665564133],[75.98950329278061,27.969787622340625],[75.99453245584294,27.97538315389246],[75.9981830499997,27.975325856620266],[75.99998836735415,27.977623616239487],[75.9982644853109,27.978745169482515],[75.98989431993532,27.982343623479064],[75.9877443940692,27.97968707697544],[75.98592233288105,27.978639721837006],[75.98314945839178,27.979573310662904],[75.97819283361261,27.979816881993333],[75.97303471095682,27.981199189971466],[75.97194823973706,27.98058473368377],[75.96746266875829,27.9815994921591],[75.96767127602087,27.982678576799923],[75.96565252609857,27.984100233519907],[75.96592016283729,27.98707374159285],[75.96528336215121,27.987877706679292],[75.96588760349573,27.990670644657943],[75.96539884031009,27.992828739278448],[75.96599287880551,27.99450085804061],[75.96503473012534,27.996214719060198],[75.96674157712879,28.000056138437543],[75.96847296085744,27.99915864498915],[75.96874492412296,28.000351573033974],[75.97566832402978,28.00033761913129],[75.97883483710727,27.99985691214261],[75.97934232256256,27.998954115944475],[75.98687496360327,27.99761212059456],[75.98995418469467,27.994833497046905],[75.9926459778621,28.000451112419476],[75.99415457755184,28.002747980274375],[75.99410066642878,28.005096840557012],[75.99541889060585,28.006607171580335],[75.99521503837359,28.00879354915079],[75.98742659521518,28.01120019144125],[75.98090094802086,28.01261492173112],[75.97221851452883,28.015609770101584],[75.97103154122276,28.01663331040003],[75.9727309542847,28.023657059565366],[75.9769426541634,28.031390633165852],[75.98098531778535,28.03094463754026],[75.9816471182305,28.03193408177398],[75.98349349100296,28.031418539673336],[75.9891510481222,28.033715873978576],[75.98966518571643,28.035843847376288],[75.99351863989266,28.035227047697983],[75.99420348725621,28.038299059857525],[75.99600449137677,28.038299967119467],[75.99789547469793,28.034277870626287],[75.99764239247644,28.033112976674545],[76.00423668618,28.032659788746617],[76.00987556131905,28.031315744359226],[76.01015660684918,28.031667697356323],[76.0163260102777,28.030575490355957],[76.01741182388758,28.03752088944752],[76.01867443091238,28.04201407127063],[76.0181599479867,28.04215059284329],[76.01773702219944,28.048092406374426],[76.01682136956427,28.049516655293015],[76.01707634905684,28.05269138036772],[76.01084449095077,28.054439581373614],[76.00736802609362,28.056147713763536],[76.00852294736737,28.058786379561194],[76.01772968944567,28.055586558024757],[76.02536254006796,28.054282710911625],[76.02690797308043,28.057533453007842],[76.02840474054712,28.058818366192504],[76.02958991111262,28.06146069562047],[76.03194345586871,28.06308203556797],[76.03371332221795,28.063358398418327],[76.03882028241318,28.0693534088534],[76.04073475854173,28.074004268365986],[76.0372983252617,28.076041524101573],[76.03872118633345,28.0782146936607],[76.03673031094019,28.07878086932647],[76.03432194121041,28.081177661612106],[76.03365148917656,28.080382849266922],[76.02685314787864,28.084274199761605],[76.0232019042345,28.08600145051309],[76.02117191208642,28.083324253168694],[76.01848229902458,28.07718472338877],[76.01596215508229,28.073519762974904],[76.01243988856892,28.07071960501926],[76.00987436402049,28.067653849722817],[76.00957383972839,28.063241035431922],[76.00724432245359,28.058569377126066],[76.00536063338863,28.057610167035673],[75.99888797271008,28.057219473595886],[75.99472246568484,28.052226660259677],[75.99307868440842,28.04667844875179],[75.99258492031247,28.046259344372807],[75.98661986990473,28.046512485299086],[75.98442364012897,28.047109808421872],[75.98011843586592,28.04936469833819],[75.97505467853281,28.05072735641573],[75.97632951033229,28.054641857315627],[75.97932318607613,28.05795123052263],[75.98237905492438,28.057163869492246],[75.98464690086122,28.061615163753288],[75.98781406235885,28.064991997072415],[75.98868269804547,28.069010753003347],[75.98516411679887,28.072676225054547],[75.98539407960519,28.074886040757022],[75.98328434727486,28.075505979807264],[75.9828944990282,28.076675562272705],[75.9834106161484,28.08137460865361],[75.97748521839031,28.082810370097235],[75.97225174162388,28.08329199877792],[75.96732185859162,28.08167081524753],[75.96511190155339,28.080465870727647],[75.96005086546829,28.08191205439133],[75.9571934467896,28.08231931078028],[75.9510596991506,28.085781091495463],[75.94766554929255,28.086123798959125],[75.94449987410785,28.08708105641253],[75.93862480592452,28.087961546024243],[75.94237153900029,28.095837851991337],[75.9436880009079,28.10191003231541],[75.94597646673624,28.107683997198443],[75.94800195636279,28.108197375958408],[75.95276156441379,28.110793526613875],[75.95735261154475,28.112414990390885],[75.96222444552599,28.114920577910222],[75.96742060066363,28.1138720734785],[75.97280473438076,28.12104128224694],[75.97410570834641,28.12144106629268],[75.97667562867987,28.124772475711747],[75.97974928355856,28.12448220453583],[75.98629966246884,28.12510866131368],[75.99183614212924,28.12466192765501],[75.99899242115721,28.12279727521096],[76.00433704151146,28.13200668613764],[76.00062124060378,28.13325840851436],[76.00285012685845,28.139379271766206],[76.00208795447752,28.139601709441912],[76.00305200018964,28.1431356705136],[76.0045264694622,28.144269020396237],[76.00378546859463,28.14529237078112],[76.00446371986419,28.148748954788708],[76.00747423989206,28.153077435170125],[76.01505490165823,28.15054899279926],[76.01687455922708,28.150224749343447],[76.02026909866161,28.15410838715319],[76.02450340155227,28.160658153947853],[76.02613933979387,28.164645446004627],[76.02988848195787,28.164130799374906],[76.03180143807222,28.167881652808806],[76.04118754519496,28.165591643016324],[76.04376376584545,28.16548040755949],[76.04767829898522,28.166236024845208],[76.05163312294862,28.16583726973269],[76.05806645661836,28.16670859384326],[76.06158688812177,28.166811681745834],[76.07020452628025,28.165313971785636],[76.07076529494378,28.16478512748717],[76.06939223497378,28.15490554603078],[76.0681096446043,28.151870280616013],[76.0653721301487,28.141544824704404],[76.06985396089698,28.138742916417378],[76.07571834726899,28.13699907059159],[76.08440659403497,28.136947730845275],[76.08714698850542,28.138153119514183],[76.08778258699338,28.139946783209673],[76.09292280859151,28.14013179103983],[76.09320775907352,28.14137515101061],[76.09490331256971,28.141453201407074],[76.09486927215183,28.144935034718632],[76.09588219417692,28.14865658592234],[76.09545455376184,28.150854885754143],[76.08972426569427,28.156223539177905],[76.08582659627187,28.16029969095152],[76.08021518044143,28.16371477376656],[76.08073292225491,28.164174774216917],[76.07610424855578,28.16885761858716],[76.07633301581163,28.173347676729747],[76.07402290418719,28.173661865576562],[76.07459562980281,28.184986274158888],[76.07438422947888,28.190110115463625],[76.0721341771379,28.190202906834536],[76.07184864476388,28.19434397215614],[76.0642950970199,28.194826448061455],[76.05852966429087,28.19588851339923],[76.05151172509834,28.196359290900787],[76.05180474587546,28.1976551159646],[76.04740205506758,28.198196334187877],[76.04770314291383,28.203009292023996],[76.05242756321756,28.204044264736744],[76.05371733097806,28.20930382967221],[76.05573847691555,28.212630316163157],[76.05547183638775,28.21796466097478],[76.0559254736107,28.22016739207031],[76.05115747924155,28.220962872249075],[76.04033011515709,28.22199467031418],[76.03782214304465,28.222726374093508],[76.03727933859001,28.225670533951817],[76.03384000082109,28.227285217574167],[76.03140252935631,28.23014397523266],[76.02777946893193,28.23138670921301],[76.02781712337415,28.232609124851457],[76.01821380410156,28.23529071045736],[76.01615100945376,28.237061990770542],[76.01551894929598,28.239181677812997],[76.01651584461652,28.241323305106732],[76.01321714389545,28.24407158061771],[76.01300030520372,28.24614968089751],[76.01465866895869,28.249527052858042],[76.01588089385652,28.25490907636646],[76.01889289311067,28.25950887380826],[76.01875498046041,28.261462570181372],[76.02067282584227,28.26319625393955],[76.02263847502496,28.26737020965956],[76.02261259283907,28.270371305101275],[76.0263180966809,28.27505209100889],[76.00582055862493,28.283457167166993],[76.00298246681575,28.28406057254844],[75.99889250538448,28.28618236508679],[75.99346522808527,28.29019668173416],[75.98632584601262,28.293065824435462],[75.98180210489498,28.29955232014103],[75.97795128748032,28.302014318774678],[75.9788803676491,28.305622870634327],[75.97806997084903,28.309354638203946],[75.97705965169645,28.31007563920964],[75.97512701373469,28.313924402409228],[75.97291511444793,28.31614759790907],[75.97244304182695,28.31860915910226],[75.96933271793057,28.31774940883296],[75.96472984934431,28.315752656841163],[75.95864152255119,28.313799996437982],[75.95780152376636,28.31401616825055],[75.95772145858143,28.319037062449784],[75.95677658694115,28.32679044614527],[75.95278071924452,28.328173896730284],[75.95226310548006,28.33094957443693],[75.95517123736259,28.331152370987844],[75.95537625250041,28.333030035375447],[75.953774246617,28.334147933342525],[75.94808634626617,28.334186782745473],[75.9451226140852,28.335846253735482],[75.93849579876134,28.33736278927819],[75.93303779264347,28.33664379476504],[75.93208258009854,28.339871647498754],[75.93199411656535,28.34284449394105],[75.92853498362061,28.343143083016145],[75.92851629264982,28.346036324025597],[75.92979507934395,28.346580187644054],[75.93012710659337,28.354706736054144],[75.92954760159178,28.35908112731913],[75.9273754992889,28.3598294750038],[75.92706652768447,28.362926472257612],[75.9235467627448,28.363376760593248],[75.9233407688562,28.36541641563123],[75.92106782882675,28.36697648795808],[75.91692643347633,28.367319328711293],[75.91694397471687,28.3694601209738],[75.91825075032305,28.371665893453645],[75.91655741459216,28.37190401610855],[75.90852816666272,28.37093472286626],[75.90831348470627,28.372624202825126],[75.90483000485341,28.373299250366166],[75.90066802527706,28.37178938775832],[75.90000238561052,28.373077335748754],[75.90019106302336,28.378090089559514],[75.89849690339554,28.380657940585483],[75.89917600846708,28.38404650777578],[75.8976391627234,28.383834283667845],[75.8952181923331,28.38793120565712],[75.89634878258809,28.390110894034382],[75.8957134338197,28.392213036515972],[75.8967512729407,28.3923837175078],[75.8970524263825,28.395263078291215],[75.89632444790895,28.39743814770143],[75.89682823023192,28.399041285574107],[75.90055374107102,28.399374556189525],[75.8995751732903,28.40254987433112],[75.8988968556144,28.408383741919774],[75.90216942730484,28.408182756680723],[75.90353196574104,28.41106807929472],[75.90114112701626,28.413963155829247],[75.89829647413234,28.414743026822205],[75.89736807196033,28.416804333325544],[75.89968245973371,28.420242482502626],[75.90051070987708,28.422667787075916],[75.89734400399927,28.423373512978614],[75.89784803255785,28.425622300311094],[75.90328686259836,28.42684583355654],[75.90426879547938,28.42842572529996],[75.9035179544611,28.431772161682655],[75.90825081375509,28.432429060420432],[75.91318665420847,28.43382949587005],[75.9211689140662,28.434383597892502],[75.92781721159872,28.435783883702456],[75.93592271568446,28.43537932160498],[75.94471165685303,28.43695599782428],[75.95105383573014,28.435755433366246],[75.95339826177786,28.435949285869054],[75.95974860180797,28.43798460665876],[75.96910506311605,28.442688013067908],[75.97481179379378,28.442740002862813],[75.97874947170585,28.44326856365004],[75.98017755009275,28.444669103822612],[75.98327703013547,28.4449521793351],[75.9843928287335,28.443264090045194],[75.98949616247405,28.44230671819981],[75.98933589786692,28.440708987693192],[75.99370998060058,28.439892276553504],[75.99576815685315,28.438371039471463],[76.00809572849134,28.436043576322287],[76.01357113298319,28.433973737598098],[76.01399180348407,28.43224807242407],[76.01292357401661,28.42963584883051],[76.01254312835168,28.42556382315943],[76.01145444983297,28.420356296623073],[76.00997326558264,28.408690768144428],[76.0141673520402,28.407852007322038],[76.0149620219151,28.409697786769314],[76.01835992131987,28.40900552596156],[76.01715870389829,28.40395716324037],[76.01523097575783,28.3984935379571],[76.01451895032099,28.39519828878574],[76.01808044267477,28.39386630406091],[76.0165792893212,28.387905999715656],[76.01780324184705,28.387777848738803],[76.01752458798593,28.386021058426],[76.02727296144431,28.386133649112057],[76.02739015304789,28.387563193023325],[76.0299006082592,28.387368513633287],[76.0315142079591,28.389009504837052],[76.03330657736147,28.388799342551458],[76.03900081231316,28.389842296346092],[76.03911792904708,28.39104297901666],[76.04324087317273,28.39180012648675],[76.05367413627064,28.391959157377595],[76.05490458160786,28.390505591331138],[76.05911197707847,28.389904163337732],[76.06748183813306,28.39105971783595],[76.07136713077293,28.391891344206275],[76.08209923317378,28.39277745135711],[76.08144315000834,28.396577773067825],[76.08349391241303,28.400230503629356],[76.08628115222311,28.40269735482916],[76.08856496888646,28.406160010511844],[76.08718240071944,28.409559859011797],[76.09016471607657,28.413021963856934],[76.08974411436749,28.41622548029428],[76.09051817833466,28.41760470070392],[76.08910314455817,28.41907065123518],[76.090399737742,28.423023263464035],[76.09226829178431,28.4244825848862],[76.0932000824093,28.428275924155095],[76.09685138974444,28.4313643473797],[76.09800687095617,28.431258915062116],[76.10085492883694,28.43398962995864],[76.10197002194138,28.43650873818748],[76.10535490322411,28.438937215054203],[76.10627057684925,28.44364043574862],[76.10775204474054,28.447639820184857],[76.1107702435641,28.450325643539987],[76.11640023468702,28.453137640559927],[76.1195483397954,28.453613359211346],[76.12540940738853,28.45338707861832],[76.13054369250324,28.45417102038407],[76.14154902099511,28.451286915395453],[76.14252723343016,28.453102347860202],[76.14881395394747,28.451673133527855],[76.15013905044322,28.454668805409916],[76.15233581801934,28.46122048901676],[76.1527719291085,28.46347525540696],[76.15952728980672,28.46231087739246],[76.15899001822866,28.460452108278513],[76.15958564327163,28.45799532635542],[76.16146873824891,28.45734553933789],[76.15930468313,28.45181271498785],[76.15859504194724,28.450932182725914],[76.16263127375326,28.449664575261956],[76.16412413247451,28.445912198998407],[76.16376880489864,28.441262681314914],[76.1656335271493,28.44112195815203],[76.16576263676794,28.433673740666162],[76.16552611450344,28.431660736399426],[76.17049672158214,28.430881892741137],[76.18331644500249,28.429658003425192],[76.1854889576736,28.434750267733957],[76.1859725069013,28.437515012351053],[76.18684169446554,28.438434240324778],[76.18892180385934,28.443281149358544],[76.19341716974881,28.443172625918134],[76.19580600385298,28.442517642423876],[76.2018604067061,28.44294075601782],[76.20204834647008,28.4434618543633],[76.20898920385181,28.44383900082374],[76.21175187158471,28.443252064265113],[76.21319853503104,28.446846561145193],[76.21411271857461,28.452452085335022],[76.2144113286021,28.45932351500176],[76.21570293384146,28.46362132918536],[76.2179771696688,28.468538412806897],[76.22113264376644,28.46772422120679],[76.23124217558929,28.466372804853542],[76.23615125565362,28.463993267683502],[76.24063725448957,28.460767708526856],[76.2443988346963,28.4590486870296],[76.24504924661379,28.45777769855845],[76.24516250018164,28.453643977279963],[76.24453831842584,28.4510362958323],[76.24392457826607,28.441692058613427],[76.24512591041622,28.441568495004113],[76.24732153899652,28.437875198531618],[76.24893633470212,28.437875203147698],[76.25075064383313,28.436573021104962],[76.25378072458864,28.43593538283314],[76.25514319442856,28.437909818862487],[76.2582501468928,28.437540267075164],[76.25899004654582,28.438285206922558],[76.26424623757642,28.43709875278695],[76.26574918788937,28.437415302377303],[76.26599916710812,28.435355479041814],[76.27397407020284,28.43435334818797],[76.27373067141855,28.43361521051667],[76.27947745783862,28.432065803713858],[76.282767044361,28.430835922952436],[76.2848301170756,28.431592852861552]]]]}},{"type":"Feature","properties":{"id":"06-215","name":"Panchkula","source_name":"Panchkula","state_id":"06","source_agency":"Survey of India (SOI)","district_code":"070"},"geometry":{"type":"MultiPolygon","coordinates":[[[[77.02380008293692,30.74777096720958],[77.02401387342347,30.745354253592286],[77.02076816506286,30.74477239784581],[77.02008723654143,30.74211646335435],[77.02053166456678,30.740053301395857],[77.02818844505917,30.7345145961695],[77.02975678598844,30.733688140690266],[77.035668531596,30.735411437375816],[77.03607223532946,30.73701971313874],[77.03909959367851,30.737684113579203],[77.04184992500512,30.73667452396029],[77.04358370236872,30.737499663597657],[77.04783872204821,30.738024610598437],[77.04655807708707,30.7402317807514],[77.04605237887795,30.74339924019665],[77.04375339198103,30.746302342428514],[77.0447890745851,30.74800748137471],[77.04703637956294,30.74804881675486],[77.05051890218708,30.745698688088098],[77.04935845091204,30.749321332436857],[77.05059135084129,30.74919086751251],[77.05313085095366,30.746292255760757],[77.05504423915649,30.74538666362333],[77.05741644582726,30.74201029964805],[77.06119602207339,30.741417038550995],[77.06432000113189,30.742255930534885],[77.06858941010536,30.73799976378943],[77.07375723426532,30.739137512459703],[77.07624178205786,30.74037877919746],[77.07931054539097,30.740634394415324],[77.08295329511475,30.739282217630276],[77.08563140741984,30.739463027378186],[77.08708673717616,30.740427533659755],[77.0894053798299,30.73931990491191],[77.09363067936144,30.739163630685102],[77.0973706863665,30.738190664483866],[77.10111516638621,30.734047539466392],[77.10350067887791,30.733617188560945],[77.1059101800876,30.73126549551823],[77.10936415039897,30.72923315071844],[77.11333656553803,30.7288463011725],[77.11529584633321,30.725683078164728],[77.11567214044356,30.722786673321277],[77.11507396433815,30.72085889164556],[77.11369008096669,30.71981802156316],[77.11385117874991,30.718075877527422],[77.12018930609946,30.718814357501294],[77.12430686021484,30.72184434131709],[77.12467223669816,30.720111507528003],[77.12796616357198,30.71614397018748],[77.1288359996269,30.71080322438546],[77.13164814849469,30.709871290076723],[77.13759866760522,30.706239017524187],[77.13914350814025,30.70255722400437],[77.14227849196594,30.699514005687263],[77.14786557621004,30.699521280104143],[77.1495493658392,30.69824298955528],[77.15142390730172,30.69547614346071],[77.15482201546257,30.692653340294548],[77.1585245977725,30.69093052964176],[77.16120698079338,30.690981368800777],[77.16411064393414,30.686057236798028],[77.16718595852197,30.683956143639417],[77.16382586007481,30.68373069028967],[77.16586580554929,30.68230091948585],[77.16371383073064,30.68231760526712],[77.16088903514925,30.681393645526594],[77.16127652402172,30.679467071778298],[77.16377444183819,30.678530346183152],[77.16400105767255,30.676807246979266],[77.16597765098655,30.67622738054578],[77.16728331396482,30.673894070828908],[77.1668685180545,30.67240177629525],[77.16881535048059,30.669783323953453],[77.16766448860707,30.665013222387653],[77.16860078488273,30.663383823724427],[77.1664255011339,30.66225582945141],[77.16674897247263,30.660544878617877],[77.16435941658779,30.65760344638654],[77.16487973393788,30.65661448862697],[77.16304125241045,30.655340179070638],[77.16306904288297,30.65323427279974],[77.16479264115347,30.651418972051978],[77.16435770709572,30.650246905048554],[77.165392965394,30.648563355836274],[77.1651844581595,30.645595962884478],[77.16670175831985,30.64525580859477],[77.16748972688079,30.642454037339206],[77.1706926756204,30.639649055122856],[77.17548997066139,30.63888942774871],[77.17698695354214,30.636073089870965],[77.17513741056602,30.63427609150229],[77.17571537920455,30.633756708709484],[77.17291304422733,30.632858396946755],[77.17134970890122,30.627705443828855],[77.17247776647065,30.622729368299467],[77.17258624644573,30.61924740351924],[77.17167184996447,30.61822030309503],[77.17170418961098,30.61584344459948],[77.17073450775538,30.613066520341263],[77.17250915745257,30.611088739468308],[77.17246956422997,30.60937044164457],[77.17073387309824,30.604373648180747],[77.16948058626842,30.604987108400923],[77.1723146802841,30.601309502283733],[77.16576101821948,30.596342403319447],[77.16272286467682,30.594640293197397],[77.16434155954101,30.592612098572477],[77.16331621141053,30.591623462426174],[77.15836231088467,30.589960877946837],[77.16001636930126,30.587762045686848],[77.15671760160447,30.585168784771202],[77.15211420274638,30.584471877751245],[77.14996992567808,30.582136366978535],[77.1487468395581,30.579607919959717],[77.14696495976622,30.578268529637818],[77.14610998564083,30.579199199618106],[77.14453831633608,30.578255930568467],[77.13969041468128,30.579423804852023],[77.13936330035565,30.57611903273412],[77.13808044915002,30.57595827419665],[77.13720444509156,30.573254599208116],[77.13814768340505,30.57083963125121],[77.12453537601189,30.565262111982573],[77.12283733977992,30.56331018450953],[77.12092123986196,30.562516367205216],[77.11718249612973,30.55540350447361],[77.11378377695895,30.55215272628447],[77.1111280850709,30.555980699421337],[77.10556193843426,30.559733652682695],[77.10193466377353,30.556156498660407],[77.09778994118177,30.557926304104715],[77.09288288453465,30.556617061491753],[77.08963503524065,30.5572772544724],[77.08500047002926,30.55695723168592],[77.08291588170391,30.55517419648154],[77.08249470335572,30.552802771450434],[77.08152489384922,30.55225542520767],[77.08141566007927,30.55003972915219],[77.07968166933696,30.54904549971513],[77.07756126880612,30.54523420857131],[77.0761506883746,30.544078555849907],[77.0744611207721,30.54103351444318],[77.07103205897168,30.54135943725147],[77.06875056264813,30.543593386632125],[77.0661628580728,30.542041287772072],[77.0663532451201,30.543129705387422],[77.06250440348916,30.54320016706748],[77.06261738378323,30.544273301635016],[77.05972675577776,30.54386221765324],[77.05605087473833,30.542485186576116],[77.05230614141577,30.544159324312684],[77.05135635993395,30.548810145208012],[77.04724104737831,30.550358511631906],[77.04696901622127,30.549493235169297],[77.04387444901312,30.550185318300805],[77.04240013098423,30.551285275852337],[77.03974739928731,30.551348953708004],[77.03755899468727,30.550353234087336],[77.03672597422667,30.539955057971014],[77.0353459778631,30.53680995969757],[77.03751644957511,30.53347062298826],[77.0390102549051,30.533872943908378],[77.04019267810119,30.530372333183323],[77.0456730299289,30.529266797904977],[77.04998881976903,30.52174631759594],[77.04789138804044,30.5219088344912],[77.04461836249745,30.51875253676072],[77.04256242374768,30.51863279155044],[77.0397115297363,30.515936605552024],[77.0380788727542,30.513221377467058],[77.03846864224342,30.509297826752803],[77.03440931580242,30.508445439026058],[77.02957200442184,30.50814373664873],[77.02915571508778,30.50576877013486],[77.02395380681496,30.503357524035852],[77.02028791831178,30.505832795014417],[77.01887239373288,30.5045571832104],[77.01022082363535,30.50254300394745],[77.01245597349332,30.50001138892143],[77.0116046604308,30.49757294765289],[77.00964714943686,30.494680140965663],[77.00997913181854,30.49329295521648],[77.00805963053864,30.49136200640618],[77.00580934695924,30.490492508735876],[76.9981173235679,30.484990012241095],[76.99506765584705,30.48040055586463],[76.99541447293471,30.47978280893571],[76.99151677665854,30.47637513426731],[76.98977575401274,30.474245628704725],[76.98666887170747,30.477166291757182],[76.98235632566468,30.480222502419267],[76.98015078460367,30.48318042958052],[76.97767439342033,30.483311244936075],[76.97539749752539,30.485454501001037],[76.97210834396473,30.48616811114218],[76.96697860545804,30.481578590945023],[76.96265643441262,30.475892617471178],[76.96171147378006,30.47317787593761],[76.95837198200881,30.470608268730153],[76.9565610974871,30.472912450702893],[76.95413244586355,30.474640386772574],[76.95041063458275,30.475419095228457],[76.94637593835604,30.48189482536013],[76.94863316201605,30.486059272945987],[76.9401878127822,30.49317467427595],[76.93277379135854,30.50000157950662],[76.93113382866811,30.500920705102242],[76.93085907512382,30.503126339748263],[76.92860592426766,30.507563468759862],[76.92891746811684,30.51461459651524],[76.9296592449379,30.5183622916543],[76.93200580646469,30.52224003498487],[76.92148428566564,30.52624027515618],[76.91648584779792,30.526527462982553],[76.91561857423534,30.525782186388632],[76.91223320615308,30.530428734851668],[76.91287529859157,30.533621734091366],[76.90676488859133,30.537033058488984],[76.90217464036189,30.536505720894837],[76.89942740110958,30.538078158857974],[76.89637554250871,30.537995919206086],[76.8936195150999,30.53989064568646],[76.89142116018884,30.54283154176201],[76.88887868202157,30.545086922530842],[76.88665928079104,30.54864121801291],[76.88717090627313,30.551084159406635],[76.89394950035839,30.548691933746948],[76.89799807738069,30.546804021459817],[76.90494009145682,30.543040612007985],[76.9088786246791,30.547202951286916],[76.91051478383974,30.54747485811654],[76.91139112361074,30.54929954039658],[76.91359091725225,30.550985675807283],[76.91638116512782,30.5541987498808],[76.91805488808438,30.558232099484552],[76.91531513194778,30.561967397375287],[76.91115134383489,30.562839062777545],[76.90895024702715,30.56481938950317],[76.91044422910048,30.5674892670717],[76.91386982835732,30.5706995096787],[76.91768764387471,30.576179210956916],[76.9149987916285,30.578353128433065],[76.91512562573575,30.58223151747347],[76.91689120367613,30.58289582800513],[76.919766388481,30.58519443740534],[76.91660357682083,30.588486585599384],[76.91524755169259,30.588364822116898],[76.9127204504946,30.5906522666668],[76.9097241692388,30.591947881393846],[76.91686581951699,30.592257004095572],[76.92020807414308,30.593288698583294],[76.92325982266583,30.597003938435897],[76.92469528401773,30.60037691387338],[76.92710201940925,30.603635009321042],[76.9223377692778,30.605650186014657],[76.92597767030925,30.61012109026708],[76.92424841075781,30.610086444599027],[76.9223625309757,30.61174561030694],[76.91957540967296,30.611766867956455],[76.91723494351396,30.609963940754685],[76.9135057146406,30.611462147248357],[76.9118743574923,30.613037578521038],[76.91329817761726,30.614107419218886],[76.91305947208535,30.616910559833055],[76.91006436412458,30.62620224277731],[76.90833435192688,30.626645714364617],[76.90517363930233,30.624308782780183],[76.902762679087,30.6244224692139],[76.8995954669312,30.628243227269227],[76.89583791747832,30.628753522172467],[76.89280192821417,30.63109656917431],[76.89549457559305,30.632614283217272],[76.896449747307,30.635883961938685],[76.89489033362518,30.636443443957937],[76.89436852703042,30.63791724870772],[76.88580348970153,30.6441699717054],[76.88436614221344,30.64566417173856],[76.88355810645469,30.645004823526158],[76.88100008721813,30.645459146229435],[76.88005891983651,30.644406005756448],[76.87720519771621,30.64398833967173],[76.87556094412753,30.641167080834578],[76.87334003949645,30.641102978231718],[76.87120551541554,30.6421775208143],[76.87172172332824,30.65098107749807],[76.872121024487,30.65130794757228],[76.87424644517206,30.673959988476778],[76.87585670972122,30.677643397452435],[76.87642772790346,30.680552824239264],[76.8705886964058,30.675791014048052],[76.86829303181656,30.67351335663982],[76.8641455420276,30.66740195056342],[76.8619912359602,30.66364479878061],[76.85921096223885,30.661051196235206],[76.85474031729248,30.65899406598926],[76.85301600563669,30.65727643742407],[76.85116435911188,30.65823228333189],[76.84983370164458,30.656905067752476],[76.84878835250879,30.657918979514033],[76.84683844439365,30.65672812465168],[76.84494287782313,30.659073364223357],[76.84468096225301,30.6624468194549],[76.84807640404314,30.665956450573663],[76.84699578075374,30.66812100405087],[76.84576159118988,30.668684491533536],[76.84133495120237,30.667844622480146],[76.83800748033373,30.664727218091723],[76.83591200838121,30.664743905839604],[76.83254868143983,30.663182530606232],[76.8313056030059,30.66533631793936],[76.83227531161371,30.66696248715325],[76.83203096347297,30.67092453978373],[76.83120345243996,30.67223671542149],[76.83004318280827,30.676441991495352],[76.83123948650515,30.679028890471443],[76.82918971138722,30.681011752160767],[76.82933389644126,30.682069189408672],[76.8318742505474,30.683284352013793],[76.82761035553968,30.687722717622922],[76.82619898540916,30.68673488659738],[76.82514535320648,30.688301650418317],[76.8274200098206,30.689673592939453],[76.82747886377372,30.692079715183457],[76.83020498663168,30.693503567499604],[76.82858141581916,30.694707255400143],[76.83526399602106,30.701609778803512],[76.83563107615694,30.703713871611086],[76.83868621649886,30.705935974368078],[76.84411893353166,30.708255439344526],[76.84469262065566,30.709757427319534],[76.84693128046018,30.711895738883154],[76.8483135552866,30.715355179579934],[76.84683063871339,30.7168815655837],[76.8491951128887,30.718754477235827],[76.84511570112248,30.71729384504245],[76.84356212225092,30.719268841487715],[76.84605125205802,30.722340815827135],[76.84939205512248,30.72344640138275],[76.84638326421211,30.72973284938772],[76.84826776102292,30.730382652622918],[76.84748949882032,30.731464886763412],[76.8432816907273,30.731175357140497],[76.84194984079778,30.732780546563976],[76.83899223954978,30.733721249582754],[76.8372350295441,30.733496356825945],[76.83308467871335,30.73884404060595],[76.83148933295584,30.73956511997341],[76.83493440949005,30.74188891847889],[76.83343651436593,30.746484149768577],[76.83382936967962,30.74988028494172],[76.83773262580982,30.75456267497648],[76.83884002655348,30.755469242044853],[76.84017045301552,30.758949099661045],[76.83927897772885,30.761823995606736],[76.83995988074435,30.7633296266855],[76.83886044807655,30.763835318993642],[76.83905543684008,30.766268561907],[76.84042219840799,30.770749642971392],[76.84171414333453,30.772096394764723],[76.84180502929479,30.774513601926362],[76.84375800722613,30.775849004930127],[76.84535587195536,30.778780663142296],[76.84701118360607,30.779227770998148],[76.84876579088113,30.78099596675949],[76.84918844021662,30.782633178790338],[76.85078712441485,30.78343804122418],[76.85439338503737,30.787312688981704],[76.85301086156844,30.788194735254418],[76.85078169788204,30.79122939788222],[76.85283993921963,30.79358836013417],[76.85700213358132,30.794799836534583],[76.85419440101285,30.799248941395508],[76.8469201355203,30.803722466561492],[76.84535210432438,30.807247981252026],[76.8473837833936,30.81033775907765],[76.84886150183094,30.8141986009819],[76.84817448312896,30.82343938049059],[76.84817303534075,30.828738550552153],[76.84586219062294,30.83161549590067],[76.84672381468201,30.83396083255733],[76.84322879231607,30.83607266373416],[76.8375727715138,30.83613432167814],[76.83370164937485,30.83861674293311],[76.82984003986154,30.839129225713013],[76.82806039234049,30.840783715185587],[76.826174542659,30.840798358194604],[76.82315722542185,30.844537374674022],[76.81822390440381,30.842824457896608],[76.8140257257368,30.84315560470992],[76.8139964328567,30.846205507313545],[76.81318757050737,30.848236909897274],[76.8135656355726,30.850965605094594],[76.8146955317849,30.8524995204631],[76.8113540520751,30.856088185984422],[76.80615944641461,30.8602906641229],[76.80474716223486,30.860644018770067],[76.8014486178262,30.865861694087233],[76.7993320058156,30.867165817944798],[76.79046251444562,30.869844657086485],[76.78438065646245,30.877912162946853],[76.78083693731321,30.88562293859776],[76.77739972317275,30.89679902899589],[76.77662027243414,30.905250026050403],[76.77611996149835,30.905915240316038],[76.78300014285234,30.90971134837573],[76.78690918461976,30.913414365306206],[76.79312497022674,30.914206542818476],[76.79814841248833,30.915290895637018],[76.80366471074197,30.91838775391619],[76.80720903070005,30.921537579670176],[76.81113071099169,30.924060645423157],[76.81884033174566,30.926283009970437],[76.82239121217053,30.928598084477805],[76.824657168694,30.927218926369854],[76.82737525692859,30.9212759311255],[76.8260468347834,30.920707170090346],[76.8292692822473,30.91669589287404],[76.82649780949583,30.913110397137956],[76.82966144745696,30.909555451531048],[76.82996588289313,30.907196898826513],[76.83279091469086,30.905664468849807],[76.83531846950561,30.902512787112016],[76.8348793329437,30.901994035199767],[76.83712726037291,30.899917060688097],[76.8386368346607,30.89574435816691],[76.8410282377199,30.89171313860068],[76.84469748405813,30.889314774696416],[76.85107451157059,30.890006075144363],[76.85604883362817,30.884297327234325],[76.86033740503204,30.88372254276797],[76.86175444666131,30.879540015364658],[76.86298342908542,30.877673065841773],[76.86543064801732,30.875972977503167],[76.86717704226977,30.87609033042431],[76.86956667767004,30.87317706598808],[76.87426928766368,30.874355311587628],[76.8783611535605,30.87579732435631],[76.87678737368181,30.877966623838738],[76.87593511426148,30.88095677247169],[76.88410808337737,30.882656591732307],[76.88557229496529,30.88329694155682],[76.88731905850797,30.88558327995249],[76.89138743516986,30.885722673654108],[76.89530707177212,30.88705721005003],[76.89493909959816,30.890471089325985],[76.89910022995102,30.892732407476444],[76.90672198311758,30.893467772234114],[76.90860491522568,30.89421144947267],[76.90952113347048,30.89705242956378],[76.91686029839893,30.900820559058598],[76.91727234356483,30.898339915385552],[76.91641911879745,30.89669859419126],[76.91666872856013,30.893469376692003],[76.91479058275885,30.89163897849387],[76.91490856285635,30.889695614616908],[76.91749650151695,30.886343624621812],[76.91713548950904,30.88471548863268],[76.91830201380608,30.882679991902524],[76.92234165100369,30.880528422505485],[76.9227218524966,30.877529156968492],[76.92423245033036,30.87650939733978],[76.92502566170823,30.873523540428504],[76.92837592728682,30.871479168707882],[76.93130421795712,30.872722310317084],[76.9337004313011,30.874633809826427],[76.93628529291888,30.874647705678527],[76.93836742541734,30.87144753760145],[76.93700803898446,30.868995765148785],[76.93947220431077,30.866336018886944],[76.94369544999061,30.859212170200944],[76.94418921157886,30.85511287491768],[76.94594129908984,30.853480996114946],[76.94973133195717,30.853270581912078],[76.95123889541829,30.85057749076992],[76.94875828612913,30.846966507143538],[76.94879285360463,30.84432817335575],[76.94768348064575,30.842687141632293],[76.9447655814852,30.84087579343978],[76.94398457805389,30.837710249122964],[76.94421839596413,30.83582043900329],[76.94584058823213,30.831476392161623],[76.9480595402329,30.8285843017021],[76.94893959987503,30.824488730547873],[76.9465813662726,30.822717660967463],[76.94608328109994,30.820435900673424],[76.9450775467499,30.820700272859447],[76.94324488384562,30.81920617349705],[76.94262696796272,30.8174837709063],[76.94593028696265,30.818469624280304],[76.94703685444605,30.816827356688194],[76.94859396844737,30.81674986305369],[76.94863924192578,30.81448581551268],[76.9505563857462,30.813763049669163],[76.95187622727634,30.81761836590626],[76.95306897035825,30.819308892517206],[76.95788548875,30.823536174641845],[76.9586497836945,30.825082629018684],[76.96039965865353,30.823443840138925],[76.96146894751325,30.820584276454575],[76.96286191060258,30.823489665397148],[76.96474894134253,30.82570541002409],[76.96834939743395,30.8254457318742],[76.97044953546398,30.824704589685027],[76.97190596907626,30.823219766951834],[76.97296839095071,30.81958389472284],[76.97611178617545,30.81729488291385],[76.97815454342074,30.816964014849496],[76.98179362092131,30.81422802961354],[76.98393645990525,30.814596044863166],[76.98908718474749,30.81341000869348],[76.9923162008918,30.813186070274966],[76.99852727826897,30.81185885598635],[77.00014849717662,30.81049973634871],[77.00249027887638,30.80638985715952],[77.00433984160117,30.80638534657125],[77.00902695603256,30.80974045304946],[77.0113000002252,30.810714429708206],[77.01250763776956,30.80896411637058],[77.01253172204402,30.806105731869593],[77.01149363138596,30.80485914983947],[77.01232826129782,30.801445830748357],[77.01197103570735,30.800286248482397],[77.01349772669029,30.797689997206323],[77.0129393657349,30.796681585258025],[77.01502878467876,30.792784416448995],[77.01299392096037,30.788725610147416],[77.01474495401267,30.788331021244982],[77.0180356501943,30.786362006393592],[77.0185794423813,30.780078161705365],[77.01572111241175,30.77642271706703],[77.0105950957384,30.773698825763166],[77.00514358885543,30.772494224323957],[77.00111972270616,30.770039326579973],[77.0029019255725,30.76909610963743],[77.00813556073251,30.768861890059807],[77.01000239599335,30.76696034853895],[77.01468119712246,30.767640874437177],[77.01864318026279,30.764757775641776],[77.01827673188502,30.760793180523926],[77.01905167593104,30.75894920668257],[77.01891554846391,30.754461598066992],[77.016298878699,30.75021557129103],[77.01994681033591,30.752157874827915],[77.02067807567015,30.751977994210232],[77.02107677971672,30.748780565405852],[77.02380008293692,30.74777096720958]]]]}},{"type":"Feature","properties":{"id":"06-216","name":"Panipat","source_name":"Panipat","state_id":"06","source_agency":"Survey of India (SOI)","district_code":"071"},"geometry":{"type":"MultiPolygon","coordinates":[[[[77.13196947263054,29.485016800448864],[77.13336767915258,29.482542161195962],[77.13307109173418,29.47978193395099],[77.13075439052811,29.47603856630319],[77.12841555833643,29.4734585666404],[77.12628755102857,29.472516220185536],[77.12299406469745,29.469710922521944],[77.12223132458811,29.46421289515823],[77.1225509569309,29.458935777187282],[77.12362220524578,29.454490783859036],[77.1285596933295,29.450803550223593],[77.1324193772774,29.449220292613486],[77.13391877858275,29.44756030547339],[77.13886051548505,29.44699165574473],[77.14089578520527,29.44569702222077],[77.1426839667334,29.446035110214968],[77.14583735429953,29.444077129872227],[77.14584743162527,29.44286834621077],[77.14759101771797,29.4392967253367],[77.14728869957531,29.438441602218067],[77.14841697270029,29.434131092185456],[77.14758053635227,29.43141367690852],[77.14434869267554,29.42658465006333],[77.14189819265243,29.42517711444676],[77.13802263155183,29.421398938681683],[77.13660074929706,29.421574920125924],[77.133112601991,29.41882370762612],[77.13183451763075,29.41303202482257],[77.13249872417686,29.408972333002858],[77.13420153519448,29.404906915511074],[77.13335140794769,29.4009717136473],[77.135702908297,29.399720515996275],[77.13665476140808,29.396819945876576],[77.13887963220564,29.394370383214238],[77.14055352862295,29.393553780469883],[77.1425979974156,29.39077937151152],[77.14736704237637,29.387905290716343],[77.15089507913972,29.387219105213003],[77.1517602508926,29.387980798410208],[77.15103071465226,29.389984077054876],[77.15346945533435,29.390721328671795],[77.15673626404441,29.388544257586588],[77.15739688224004,29.387359241618967],[77.15431878986612,29.384398724748838],[77.14312130445917,29.377774216236194],[77.1398138585598,29.37649773817591],[77.13379924721288,29.375988643897117],[77.13074529003951,29.376737620054303],[77.12701868081602,29.37580997239781],[77.12656130268167,29.373647101583142],[77.12558271691258,29.37337329861746],[77.12328668640752,29.370393180079287],[77.1234442471688,29.367289782683137],[77.12466409460451,29.36663984410639],[77.12699381450842,29.362540205295847],[77.12709382126883,29.35952046494355],[77.12894359701744,29.357080679593686],[77.12701386041796,29.354920855792002],[77.12631550929406,29.35288752197215],[77.12443963796673,29.351476593176383],[77.12585403298664,29.350601222673195],[77.1260740184089,29.348611392192765],[77.12798054214127,29.34459466394425],[77.131336505312,29.341302979629045],[77.13466119602265,29.34004361133879],[77.14381021446124,29.33982172273696],[77.14882025375881,29.341490262291497],[77.15173941884579,29.341155974501238],[77.15711393512214,29.338529326185334],[77.1597494867287,29.336832525451683],[77.16115368105429,29.332411038941203],[77.159869223968,29.32776280171277],[77.15710477207799,29.325985732040692],[77.15652024498223,29.322833733443144],[77.15716017357548,29.321233871189733],[77.15647027234773,29.31933403253152],[77.16030447000337,29.315863322715582],[77.16062763108035,29.312321659257368],[77.1586136762142,29.30782859811502],[77.15827890643688,29.302925412911723],[77.15269589775517,29.29817806502926],[77.14991127320855,29.293036248944283],[77.1504911998436,29.292656282661458],[77.14946880177787,29.288153788310403],[77.14501196143146,29.283357051796752],[77.14499198134853,29.280237321433223],[77.14384214894194,29.276677618653395],[77.14179243641092,29.27283793571535],[77.1412607091931,29.27086692033648],[77.13930266804252,29.269067888329527],[77.13881285709608,29.26629848034459],[77.14031056283133,29.262801937805534],[77.14015886878227,29.26114839653196],[77.14267500814579,29.258350532909144],[77.14532389600662,29.257614901637346],[77.14853909319903,29.25119369556959],[77.14945089127166,29.250016771570944],[77.14952274212212,29.241252057085838],[77.1487365922615,29.239651444190518],[77.1499870944346,29.232800930213863],[77.14769491080136,29.230380652759603],[77.14577170588456,29.229938858683703],[77.14369403013517,29.228374126333232],[77.13775490928809,29.226250482127632],[77.13545564190267,29.224814459430224],[77.13473541236361,29.223409365266757],[77.13253538540819,29.222470275833093],[77.13142322198263,29.21746483934581],[77.13190766792125,29.213889060228777],[77.13432402784223,29.21005406953894],[77.13580450134937,29.208759378277147],[77.13916670445131,29.207378878121464],[77.14218403712982,29.204121992133864],[77.1421531310491,29.202629538275456],[77.14328031408402,29.194382303925444],[77.1407380210297,29.193609737404962],[77.1402366784109,29.192072010181583],[77.14227423616134,29.18792001698194],[77.14375385707591,29.18317469737787],[77.14664221651923,29.181103854128065],[77.14726904409126,29.179642324939195],[77.14543843779347,29.175271478706915],[77.14328801354358,29.1669742783964],[77.12880471608706,29.168506780558175],[77.12187022765362,29.16945428948037],[77.11558898632822,29.1696860440383],[77.11007454687646,29.168756784615336],[77.10685039668003,29.166246352353088],[77.10128581476262,29.163274410170864],[77.09733880199006,29.16180721195404],[77.09609895707428,29.162637134452076],[77.09171949012942,29.167786677352886],[77.08748318689253,29.175269010379484],[77.08101080376062,29.17885568480287],[77.07829114958436,29.17956561368652],[77.07411473765143,29.17593859284963],[77.07044898981316,29.17501535962654],[77.06617828621523,29.17499938369507],[77.06135226755605,29.17584731202342],[77.05990903706417,29.172856140005727],[77.05607196750222,29.17425651724835],[77.0519787101343,29.176344081156376],[77.05278439843563,29.17868552561114],[77.05131054419282,29.179185730289063],[77.05264126517051,29.18152698454216],[77.05025800716867,29.184448284073127],[77.04069328402615,29.18184887464551],[77.03484673652315,29.179625414569752],[77.03297074548345,29.178415117308326],[77.02885751904114,29.17765555551635],[77.02239832574725,29.181875170694905],[77.01803547523096,29.185409711283828],[77.00742022951788,29.185784769822554],[77.00689287917155,29.189007493056987],[77.00414033670883,29.188964067826994],[77.00333074359759,29.187824579879358],[77.00103290099564,29.187552318805626],[76.99884133564724,29.18551475632649],[76.99761255631996,29.185872861584095],[76.9916622295851,29.190324315815207],[76.98700486025253,29.187904755353255],[76.9861029542594,29.188734425376445],[76.9821478626356,29.188454167999357],[76.97306429561124,29.190799786614594],[76.96406775872151,29.193698057133577],[76.96410337034676,29.194895871130342],[76.96736992415548,29.19711538186106],[76.96628544732862,29.198633496714887],[76.9608029859445,29.202896221649908],[76.95968082050722,29.20505723664508],[76.95535051671953,29.205740782992255],[76.9535270425674,29.20718271143801],[76.94839769478774,29.20879255111666],[76.94591801222552,29.20911251336936],[76.93888596545673,29.208710468338523],[76.93099990224009,29.21427200967922],[76.9287301975028,29.21330208191912],[76.9228909389425,29.21557186514694],[76.91936150415239,29.21793403782198],[76.91812306187137,29.219384549676523],[76.91318167982784,29.216625229026683],[76.90960561691135,29.214188222409245],[76.90660361334886,29.21473284544383],[76.904817948914,29.214405471759218],[76.90310991520765,29.21232183765574],[76.90069280705333,29.212755826146527],[76.89438463585171,29.2104721784159],[76.89190836717988,29.207179473068553],[76.88958902963411,29.20647782390625],[76.8901289439329,29.203937499169616],[76.88974624964513,29.199483173136915],[76.88898539833163,29.198053214211313],[76.88604746948656,29.195856018219438],[76.88495593769922,29.194023539423462],[76.87842179009294,29.192203667476402],[76.8755771565223,29.191903681595555],[76.87307057781506,29.19348375884934],[76.86859266946898,29.19446111995667],[76.8631887201564,29.197463155923966],[76.86093900811144,29.198203081724618],[76.85793082660349,29.20139867156493],[76.85486012203283,29.205773842528654],[76.84648082720183,29.20514242877253],[76.84204139837753,29.20564236968217],[76.83209167623221,29.209344771581044],[76.82374371903721,29.211771768612973],[76.81923032369806,29.21395953035387],[76.817764464019,29.21634135129876],[76.81451487434134,29.21741124950615],[76.81105959824887,29.217753994412945],[76.81114926987635,29.221871109434748],[76.8036054326556,29.226619701227612],[76.80188644074009,29.228590238541504],[76.80116678906529,29.234155998219823],[76.80142644618617,29.23811942625485],[76.79836681227879,29.24347895555225],[76.79545972741289,29.24640568038941],[76.79682411990859,29.248713857259183],[76.79344741020496,29.25003837656427],[76.79312387329333,29.25104292024849],[76.79538090428794,29.254900128397693],[76.79798192767399,29.2579156617202],[76.79725687612493,29.258537666312336],[76.7970263988497,29.26614192387229],[76.79626674742178,29.27250272890657],[76.78997772752815,29.274086306488883],[76.78211871943067,29.277425990396274],[76.78069258320247,29.278896172566665],[76.77945593771821,29.28204524581079],[76.77206265832821,29.281215868172193],[76.76962031697148,29.27988572615058],[76.76481095593957,29.276126028994508],[76.7611514520758,29.271526407796188],[76.75992162780545,29.268576653944955],[76.75690702288108,29.267066770649336],[76.7559821580884,29.264506982758395],[76.74883309649523,29.26071727911936],[76.73955430552599,29.25816745562202],[76.73322513251054,29.255517657074698],[76.73054547302664,29.25667754721826],[76.72778582812012,29.256887519438393],[76.72681596580313,29.254327733259068],[76.72517618354038,29.2528878498727],[76.7182470867313,29.250967987114585],[76.71402763002872,29.251297940476427],[76.71370754038273,29.25821738642273],[76.70881824658579,29.261057085013217],[76.7032389582519,29.262366950266667],[76.69837957670367,29.26389679961834],[76.69438007889016,29.26600660384306],[76.68650108482285,29.267936405317045],[76.68206008564887,29.269497504558252],[76.68245087000635,29.274157009698488],[76.6800857951405,29.27649217824681],[76.67698672969846,29.28043871029803],[76.67540041207046,29.2803239523839],[76.67361420360217,29.278872026284535],[76.66915345012383,29.279324722379027],[76.65466176036858,29.283637182322984],[76.64645382377641,29.287242782193164],[76.64335118674678,29.289038616395406],[76.63668793797315,29.297521031401914],[76.64174655660887,29.305356957123156],[76.63612890727082,29.310299866871546],[76.63189820915184,29.314649703578148],[76.63714264493122,29.32102479566483],[76.64042761282727,29.32740295901691],[76.64174608520504,29.331345422327722],[76.64595240010317,29.3326484849954],[76.64818787200252,29.338291387228217],[76.64843540459357,29.340041607756735],[76.64759319680813,29.349605160927023],[76.64776068436075,29.36113973791002],[76.64941492586249,29.36670587668306],[76.6511871499773,29.369091854981722],[76.66108570664632,29.370641244880442],[76.66591702455766,29.372335920218266],[76.67172278015977,29.37564054540254],[76.67795931457405,29.375299884653312],[76.68560830383342,29.376821224005784],[76.6876162255583,29.379226083273846],[76.68701211088143,29.381673528701477],[76.68999045399492,29.383693871759444],[76.69184492364879,29.38413050965032],[76.69379626172145,29.382938674872374],[76.69826675477371,29.382611435052464],[76.70576106110882,29.382940869429863],[76.70986570575857,29.382618050025496],[76.71164304472485,29.38309506270515],[76.71764668189249,29.386672712906286],[76.72846951460943,29.387706655271195],[76.7319461978828,29.387613690745837],[76.73443863993297,29.38815352696233],[76.73548845121422,29.389466971162097],[76.7347797084011,29.391393722904485],[76.73507124836765,29.394321133173055],[76.73627005328787,29.397667231495916],[76.73936600388636,29.40270574691035],[76.74049630459109,29.40673733849956],[76.73634391349297,29.408054633551703],[76.73274437028526,29.409824464309718],[76.73095458889466,29.412004273027122],[76.73311429274295,29.41552397866241],[76.73397416711788,29.418043766469673],[76.73671379531835,29.421523481621808],[76.73881998139343,29.42535773434559],[76.74190030509898,29.428919473422024],[76.74099395777982,29.432041185014366],[76.74576256313001,29.43348249283819],[76.74628248482806,29.435702305291564],[76.7476747127887,29.437188055321954],[76.7488521484104,29.43668222976165],[76.75010400865732,29.43814118155619],[76.74811718076977,29.440170185615454],[76.74743450859815,29.442398664703738],[76.74876984963373,29.445752087609076],[76.75469802562407,29.458152944545546],[76.75691761171583,29.459842010316198],[76.7624385978068,29.465817658246557],[76.7620619356458,29.465799540855222],[76.76542325850735,29.466317921129395],[76.77084933657551,29.470747479019607],[76.77336733757969,29.47357776356493],[76.77546511081131,29.47438948083734],[76.78059353402574,29.469329188378236],[76.78478113675267,29.46727964434855],[76.79051971254403,29.465817351497485],[76.79517375377422,29.466717877343097],[76.79546350497883,29.471950685058058],[76.79640695342832,29.4718790442045],[76.79815801507937,29.474530234648185],[76.80083933360875,29.480335004996938],[76.80231868193385,29.480647089238513],[76.80567203317244,29.48490256807831],[76.80885677369574,29.49091092985899],[76.81229270553469,29.495047196011548],[76.81517286346026,29.49995977808065],[76.81870885553838,29.507417030164888],[76.8180521712267,29.514173680166905],[76.82240789760735,29.51381112705768],[76.8288400306468,29.512121246313153],[76.8356088627961,29.505618376707908],[76.83777534735151,29.50290374860594],[76.84444864589014,29.50084843368305],[76.84683937892518,29.49877354030692],[76.8481369433492,29.49548223624661],[76.85196848622905,29.49331324078422],[76.85582587274745,29.490043470849514],[76.85879570883615,29.490138526768018],[76.86202358707821,29.488487894442432],[76.86314747675839,29.48979619888815],[76.86740108417406,29.490229476729507],[76.86920044080695,29.49170192536785],[76.87090684662385,29.49183157818698],[76.87385580802051,29.490103023990024],[76.87532582043825,29.49155363481131],[76.88119937042687,29.49213564871712],[76.88616505842502,29.49618626221855],[76.8875820308932,29.50000137870244],[76.8879142466932,29.504845926944725],[76.88657394651933,29.508815563190048],[76.88793585362991,29.512356421044657],[76.88554848431085,29.515478159819875],[76.88236139273785,29.516867723267993],[76.87774578785016,29.519845106831713],[76.87977288201226,29.524067157416944],[76.88030939755267,29.526484969631422],[76.88266699377206,29.53239405047957],[76.88280643673424,29.533972855909777],[76.88762113981015,29.531071949917642],[76.88468874725868,29.530124911163494],[76.88316177201614,29.528221513986438],[76.88398171916808,29.52666068985811],[76.88833987708946,29.524680059612496],[76.89314170183795,29.524877908809863],[76.89925355435116,29.5246513899393],[76.9000212635728,29.52187252362287],[76.90380135057426,29.52044860281877],[76.90588704872208,29.518772295579392],[76.91499746342481,29.518499185157648],[76.91463954185856,29.51320362004359],[76.91220417855288,29.510064771918188],[76.90857876132185,29.509740990369743],[76.90692282226786,29.508207709016286],[76.90277125186537,29.50681030179322],[76.90312077203284,29.503075223124256],[76.90305175360197,29.495971637258933],[76.9011800292533,29.49577807606911],[76.89943604548182,29.491127692879722],[76.89817758254613,29.489233384731076],[76.90107977335215,29.487230026806827],[76.89950693045144,29.48591767738239],[76.90021812659371,29.484925121069207],[76.89953189084132,29.48272850308345],[76.9043517179875,29.48039983779225],[76.90449652494145,29.482104955562512],[76.9056046137178,29.4810491261894],[76.90843091721604,29.48030300564184],[76.90717640321918,29.479045928590224],[76.9084544067365,29.477254815118354],[76.91161717126765,29.4761928001702],[76.91417776474617,29.48120647354677],[76.91548780842449,29.48249618590857],[76.9227266090208,29.483296710879134],[76.92478335490794,29.48261030600885],[76.92860350626042,29.482292975823935],[76.93133971355945,29.47978834220911],[76.93382255359408,29.47836281304904],[76.9365890676234,29.480925433410153],[76.94247120471492,29.48064287653363],[76.942646936239,29.481238238712546],[76.94657474742233,29.480325017114595],[76.94992966931108,29.478577369892978],[76.95224715946571,29.47871363378885],[76.95628841467285,29.48123056856473],[76.96150770651096,29.483532232084695],[76.96545707581092,29.483773206073664],[76.97203170526427,29.479641093006368],[76.97264868745555,29.477885946598967],[76.97419529922763,29.477943437498553],[76.97582598566451,29.479511973022742],[76.97680433125055,29.478379001199592],[76.97921273897106,29.479171003055136],[76.98183725806336,29.475390350493527],[76.98359782293679,29.47718271293653],[76.99065659642199,29.473667300847243],[77.00009830199559,29.466731882845163],[77.0028832645667,29.46697732807429],[77.00743894952383,29.466201339343858],[77.01399268566446,29.464030604451427],[77.017937067895,29.463970841001135],[77.02038376705691,29.46610789976415],[77.02176070212012,29.468796183519274],[77.02417556769726,29.468294588985792],[77.0346740750769,29.46918106994869],[77.03614141886902,29.46856517118473],[77.0427832718431,29.468355453279163],[77.0455985078947,29.469352840586406],[77.05134407639444,29.468446337130825],[77.05531332185541,29.467256113617232],[77.05748584945978,29.469207872662476],[77.06395139381605,29.470302149524674],[77.06455347252586,29.471148454556023],[77.06906009058565,29.4725704472555],[77.07345851732428,29.472477370476916],[77.07605575624822,29.471044975836413],[77.07809141698112,29.46868259127598],[77.07989431394343,29.463982423270398],[77.07995503572947,29.460312934030572],[77.0845104588799,29.458795812238133],[77.0874447948061,29.458261453661184],[77.09091825741118,29.459953942214845],[77.09633819604008,29.463298573796852],[77.0984736360508,29.46401542849781],[77.10152519459628,29.464110698655418],[77.1093854848659,29.46568130102527],[77.11681450227321,29.469471011218427],[77.12030403719383,29.472290785451356],[77.12413868331114,29.476738714660605],[77.1270823890819,29.479557950682555],[77.13196947263054,29.485016800448864]]],[[[76.94816225525781,29.5134638541925],[76.94757592360284,29.51020430615475],[76.94435204988677,29.506441134819166],[76.9550638121191,29.505110295500074],[76.95834913392909,29.50547113838572],[76.95946911113907,29.50689821075402],[76.96036134397688,29.510293330802167],[76.9629267221382,29.512255995792717],[76.96035173372357,29.515444274966825],[76.95785689314711,29.517532055124057],[76.95603236362528,29.517972542846557],[76.94784614816801,29.516890589039875],[76.94816225525781,29.5134638541925]]]]}},{"type":"Feature","properties":{"id":"06-217","name":"Rewari","source_name":"Rewari","state_id":"06","source_agency":"Survey of India (SOI)","district_code":"072"},"geometry":{"type":"MultiPolygon","coordinates":[[[[76.66885835116793,28.379259405589018],[76.66315101736392,28.37053635410545],[76.66464576826219,28.368821599400032],[76.66097692171778,28.3601061963411],[76.65768033132841,28.353735844018082],[76.6591452758379,28.353177002313572],[76.66231797263796,28.347469998041237],[76.66090693304345,28.34414421582189],[76.6604213983047,28.34100420243525],[76.66414197996424,28.339839385184167],[76.65700571999301,28.330339190069424],[76.65488591021519,28.32444990371475],[76.65530403667171,28.32308268466895],[76.65297966028362,28.315275912871233],[76.6511175463074,28.310708562168266],[76.65083928180825,28.307406390283425],[76.65374468859356,28.306113573503758],[76.66697534524694,28.30318296061771],[76.66949651834464,28.309572284783666],[76.67069235853339,28.309617646328768],[76.671037477389,28.31174572424818],[76.67292062196317,28.3170944427478],[76.67929486398188,28.316845219008574],[76.68547668330491,28.31386915584341],[76.68299259314507,28.30705037576827],[76.68181096482859,28.30052670261751],[76.68333615397009,28.29967741033729],[76.68065372649518,28.29464000905122],[76.68294280427173,28.29350530587248],[76.6799941019085,28.291453097638627],[76.6806661150259,28.290915218510005],[76.67872419357504,28.288566692890484],[76.67845415364175,28.28573589808111],[76.67584676799774,28.275485702152157],[76.6732236099821,28.27015959131748],[76.67792091414957,28.268639335347665],[76.67712626558269,28.26722907669468],[76.67832717041829,28.265366546685527],[76.67806784110981,28.263991832778782],[76.68141913740907,28.26293591180831],[76.68353660330828,28.261357513665033],[76.68412846455436,28.262629487738945],[76.68809059944137,28.26592843270574],[76.68895233899393,28.264633314424422],[76.69660793542648,28.259277078948852],[76.69914121926172,28.258812120831664],[76.70008015875729,28.260167934068594],[76.7032202074285,28.259964864702958],[76.71054296859288,28.263858745432234],[76.71104482878184,28.264851194142853],[76.71787426637255,28.261929594846144],[76.72489508283455,28.258173742001297],[76.7367240672298,28.25285224642905],[76.74430903221995,28.250212853776514],[76.7494383867842,28.248992968329286],[76.75332473475692,28.248540047356222],[76.75746520897876,28.24655025739182],[76.76253672425204,28.2426336357267],[76.76517235302299,28.241209847913332],[76.76681262442868,28.241577904168384],[76.76966195929022,28.239589407298556],[76.76995579806162,28.23850401697112],[76.76909487335473,28.23491567197088],[76.77075572202108,28.23360442910179],[76.77043004832159,28.23159556277464],[76.7745752620283,28.228564872898176],[76.77788485734179,28.2253351563137],[76.78039616953821,28.223979711129353],[76.78299477801143,28.22685473068684],[76.79072315852443,28.238394049642235],[76.79261788451238,28.242543260424643],[76.79395121279023,28.24443161112168],[76.79430927732395,28.247732716550384],[76.79582081074768,28.250088688845093],[76.79750639404703,28.250247560400663],[76.79556812890144,28.254219476602074],[76.79655231559667,28.256252628469905],[76.8020416256864,28.25365287110209],[76.80491124584272,28.256642630811655],[76.81102393309268,28.254180583626894],[76.81158157040764,28.2519883775483],[76.8097794837504,28.249023948904803],[76.80830298712561,28.2486078850863],[76.80762586696666,28.24687032817335],[76.8118794823444,28.244158245685234],[76.81017568164323,28.242231522449178],[76.81219173417658,28.240848100058166],[76.81582779878224,28.24503561122811],[76.81832747109016,28.243878386628356],[76.81946705281837,28.244912280723682],[76.82232908685906,28.24417375426261],[76.82328579080301,28.24537803061494],[76.82835058745145,28.24399965495921],[76.83061101006591,28.242535846698324],[76.83621334381633,28.240446374322566],[76.84322408585052,28.238697632352935],[76.84631721344009,28.239162707306384],[76.84699767756294,28.239913669160487],[76.84895421559804,28.23914267688495],[76.8575001435268,28.23476961105453],[76.85823448197833,28.23138488081905],[76.85903356359475,28.2302945177161],[76.85807651719978,28.227366760843175],[76.85281116422742,28.220809152655203],[76.84694077028313,28.22148514133284],[76.8460461943484,28.219575920045227],[76.8412368031318,28.220775801013307],[76.83827489981805,28.219958174970262],[76.83320787567203,28.211556540792127],[76.83164808559228,28.20946671061517],[76.82331915290895,28.20896672149389],[76.81962880609797,28.20928876483326],[76.81406795849497,28.208946851367344],[76.81085073890902,28.20956661764762],[76.80839104188557,28.21090649329223],[76.80509149011833,28.205586927313224],[76.8049615360292,28.20006739332631],[76.80560688803796,28.19856090145215],[76.8047655516924,28.19733571746542],[76.8130169168463,28.193309454086886],[76.81282810927453,28.192013630275817],[76.81088084158976,28.18881836420021],[76.80915107328573,28.187078499233525],[76.80608146477101,28.186608529439724],[76.80047216904671,28.188938307389428],[76.80035029742054,28.192518207636745],[76.79706258874243,28.191658067270602],[76.79247375051688,28.184222809016227],[76.79258320492835,28.183028772905878],[76.79569537086493,28.180532234683785],[76.7951429141786,28.17566940442722],[76.79501296781298,28.16942992702537],[76.79741605868499,28.168471440438225],[76.79606832007104,28.166957287680617],[76.80016233599882,28.16456035648002],[76.8005613752499,28.16125816269878],[76.79847259112138,28.15666101340098],[76.79742273117775,28.15578108565909],[76.79712966716733,28.153573714486484],[76.7948031035659,28.1484316909873],[76.78986122230663,28.150491497459246],[76.78843390557034,28.149971534398492],[76.78616418874606,28.150811452578992],[76.78359451826064,28.150621462217767],[76.78205473342356,28.14710175074245],[76.77635547561678,28.144141976428397],[76.77146609460338,28.145051878810563],[76.76553685353328,28.14415192710337],[76.76243725693412,28.142672038750227],[76.75851847174368,28.139290338139013],[76.75431832524802,28.136362538087784],[76.7512087406145,28.132502852350246],[76.74885906497367,28.127573252615118],[76.74354977555366,28.12106378092689],[76.74146871433963,28.121674979403878],[76.73126146868036,28.12361349694207],[76.7160333313115,28.127883109517313],[76.71204933363737,28.12540632347712],[76.70974085349191,28.119191177871397],[76.70680200021413,28.113570895275025],[76.70300853455636,28.107635372928648],[76.6981456004782,28.11196745508619],[76.69474659576717,28.10655903873238],[76.69126390135057,28.101665495979866],[76.68499220553649,28.091614497446315],[76.68798956673308,28.090263418178466],[76.68735826649274,28.087792570082],[76.67346757238482,28.08948893939378],[76.66336007571192,28.09124171124626],[76.6589241708511,28.09034918971784],[76.65719727987037,28.089271487598662],[76.65575775850962,28.082040436075783],[76.65554535108257,28.07572371192667],[76.65391560531879,28.06871323022479],[76.65167864524676,28.062066915818257],[76.65190647312016,28.056370094318627],[76.65557179561272,28.05315333006838],[76.65855545913534,28.046891313825224],[76.65866216537506,28.043098665540136],[76.65694993811717,28.040353614215654],[76.65438190074407,28.03472036571578],[76.65818935659158,28.033497062426978],[76.661092257295,28.032040883862848],[76.66301230029448,28.0298921764909],[76.66538099983023,28.02562592416744],[76.66635392145037,28.02075213636237],[76.66814494454957,28.01386594139202],[76.6619127549485,28.010154359337356],[76.65916951609536,28.008138307491244],[76.65537495018313,28.0067841571207],[76.65246623025529,28.006514167495954],[76.64950184268015,28.005162028522033],[76.64066500620815,28.00236085024126],[76.63282067476372,28.00248024741053],[76.61715190068804,28.003162186988686],[76.61121382199536,28.003810747896274],[76.60499250171269,28.00396569867283],[76.6008239668188,27.999721378432774],[76.59405589895226,27.997818753104735],[76.58876503225169,27.997988982825888],[76.586865673694,27.993427321453503],[76.58284595018,27.992131414499546],[76.58148628692663,27.98625254831669],[76.58031333904847,27.98380235815128],[76.57927355454687,27.979037983637078],[76.56521795657197,27.978495723043842],[76.56344419522405,27.97820334546636],[76.56334895044367,27.975849099387077],[76.56218347250991,27.970937752847618],[76.56046092387506,27.96593110359426],[76.55722708990196,27.965949156896993],[76.5481254490682,27.96387619129702],[76.54470588585427,27.963706190885006],[76.5380667092045,27.96774582872071],[76.53645687803909,27.97527519037745],[76.53603283713866,27.979641635616243],[76.54107624280867,27.984814412093414],[76.54195579517244,27.988982437425204],[76.54216545754996,27.994522599221987],[76.54272440958525,27.999511164835493],[76.53783139858797,27.999884885233314],[76.53692635767456,28.000377825048368],[76.54070620751109,28.002202949029535],[76.54417406157292,28.007467545374066],[76.5453866970396,28.007282504658495],[76.5449256265269,28.010682256158642],[76.54329581548072,28.014321947633764],[76.5427937695422,28.017805483176645],[76.53929277949435,28.02311894701575],[76.54144693898506,28.031106386346803],[76.5438028247756,28.034235928693494],[76.53659022607417,28.03681108551987],[76.53035634260485,28.04028280892159],[76.5292570217128,28.04037564582548],[76.52166185536484,28.033891784991837],[76.51929915525093,28.032365172205747],[76.51359677802608,28.030326012987263],[76.51009570789016,28.02986468197795],[76.51051713507438,28.031896949891028],[76.50819289737206,28.03048675405725],[76.50256092873211,28.031470347148286],[76.50119100366611,28.03667988226483],[76.50002130267836,28.037999675482332],[76.49740883198149,28.04332725418802],[76.49397458184785,28.043683416064486],[76.48861378217981,28.042235226466698],[76.48116961436378,28.04199312007004],[76.48007506426202,28.04071276428994],[76.47574324005541,28.040873886837755],[76.47254579115196,28.041692782960745],[76.47162942416462,28.040940133791654],[76.46901146537861,28.041018642327682],[76.46371460547955,28.042551537758868],[76.46300164435897,28.041299649961527],[76.46154841406958,28.042367931016802],[76.46061501606255,28.04091246837123],[76.45466121710821,28.04234812250129],[76.45867631522977,28.0532883435582],[76.4615059420202,28.058687790302272],[76.46247933996415,28.059044606682388],[76.46737801217867,28.057269928124295],[76.47177467655057,28.057827931901983],[76.47495145208485,28.057311949871753],[76.47515510586813,28.054520813757648],[76.48020012538984,28.05407547163008],[76.48194859548741,28.053180996225432],[76.48750282070979,28.052818517163338],[76.49115178224426,28.05370089919314],[76.4948210306184,28.053232660352784],[76.49746141995452,28.054308470432126],[76.49800140084537,28.056468246846006],[76.5014727092196,28.060033841466513],[76.49626156132582,28.063737616023456],[76.48976236213564,28.06931712308454],[76.4810534383538,28.075656557387507],[76.47889370481343,28.07769637830956],[76.4739043287058,28.079946169479307],[76.47069400297788,28.080357146432625],[76.46716044579841,28.079050017428408],[76.45682648753157,28.083395815114667],[76.44783807598098,28.088978536083115],[76.4520370610317,28.09124513731662],[76.45243699853974,28.093404956926026],[76.45468668774235,28.099034495891896],[76.4558565162147,28.10288417572013],[76.45783124976289,28.1062589010008],[76.4598559932469,28.106213911564414],[76.4602759308216,28.107823776216037],[76.46238741381414,28.107676958622534],[76.46367564885864,28.108974554439506],[76.46876110302719,28.10804463976392],[76.47313429014612,28.107923817220446],[76.47448272921858,28.108651561708935],[76.47614749200616,28.108084802054435],[76.47556126045649,28.10563907605437],[76.47762271489756,28.10368707663905],[76.47715016080251,28.10156894124387],[76.4811533078331,28.100394480663297],[76.49223577414062,28.10050205478293],[76.49904148417428,28.100232212394218],[76.50010974449674,28.105495956366116],[76.49982088854014,28.110343803092338],[76.50042075893772,28.115443422914712],[76.50180607680919,28.118871908562916],[76.4983210245251,28.119922903994514],[76.49320952350206,28.120003691371707],[76.4929764947435,28.119426851686836],[76.48976211242979,28.12020285029135],[76.48709370946831,28.11995241511408],[76.48868223480501,28.123722549417224],[76.49191256761374,28.12991248337154],[76.48283539353555,28.13092085271706],[76.48121242830437,28.128694425041804],[76.47634467253019,28.130961023025638],[76.47673981801998,28.132060930368077],[76.47204934436249,28.13509758302602],[76.47130846077489,28.138527662124666],[76.4752238555832,28.14285089142885],[76.4756237943263,28.145020712700596],[76.47490387820247,28.14697554396659],[76.47576731064048,28.148558941391816],[76.47257415757642,28.150490239389402],[76.4692145821345,28.151360154387294],[76.46505752895258,28.151708824677264],[76.46239318279544,28.14891343681513],[76.45884475165548,28.147575848305003],[76.45208537879628,28.14708806638338],[76.44881842435785,28.147134616051954],[76.44177809479844,28.14787034171823],[76.43630368314348,28.148819460469436],[76.4314437716531,28.1411190677121],[76.4231083400743,28.14249987761538],[76.42276698400694,28.141792406737785],[76.41355171658833,28.142870655283676],[76.40986346102886,28.14308543784469],[76.40153323824656,28.145000433359126],[76.39973369391628,28.14513192572992],[76.39692840630404,28.14022851762523],[76.39462443419251,28.13730513779961],[76.39246633055211,28.13751641874836],[76.39047308967406,28.13475944037999],[76.38689514371084,28.136211114435287],[76.38364006638324,28.136823985338435],[76.38140217988136,28.133363268812026],[76.37666645653788,28.13463121124865],[76.3663177641168,28.136840985276613],[76.35974993506682,28.142027796585335],[76.35660888685592,28.14373991419078],[76.35821944583225,28.154909101510487],[76.35425092261453,28.154978100354505],[76.35771563364325,28.161144712766703],[76.35434916337321,28.163848670971355],[76.35067962138578,28.16563850398407],[76.34414043543609,28.169978117754763],[76.33561086382198,28.172166174722282],[76.33344326592498,28.172467326832166],[76.33216970185194,28.170235886283095],[76.32678263771254,28.17182790019612],[76.32223531760094,28.173603941791395],[76.32037373696235,28.175286462057322],[76.31163096969009,28.17812713186108],[76.312304393171,28.183716943017448],[76.3121537235211,28.185336469999474],[76.30908696544908,28.18715481818933],[76.30989247852388,28.19095347602903],[76.30366607300724,28.193295882352857],[76.30523525420053,28.203525213373606],[76.31137436594715,28.202935204798273],[76.31450410958,28.203185156083016],[76.31512391716775,28.204895063607236],[76.31686384248839,28.204935196898752],[76.31908850428054,28.206784986547937],[76.32073522925184,28.206420345127597],[76.32302293256917,28.21128456629489],[76.32519263242318,28.21689410320142],[76.32619248003904,28.221783695754162],[76.32800223838416,28.224013515930434],[76.3371183809037,28.22389328684491],[76.3408583715248,28.222925856803563],[76.34328026962865,28.228233214750976],[76.34433011624859,28.232162891179605],[76.34615937668158,28.23681125602627],[76.34700971085783,28.24559176958108],[76.34851889603735,28.248949182748007],[76.34845950556019,28.250151388970426],[76.34652973215483,28.253771077931702],[76.34663971584048,28.254740997701454],[76.34902940851131,28.25620088242863],[76.35030922170968,28.26064051784801],[76.34742957478764,28.263010304885317],[76.3464096933259,28.265860061604062],[76.34234121668031,28.266859503940193],[76.34314007431689,28.273499407985383],[76.34620222111033,28.272970560295327],[76.34627891519439,28.273937672391202],[76.34868934676543,28.277719071203816],[76.35151897251122,28.28072882921035],[76.35252881844687,28.285728411548472],[76.35167891519046,28.287778235315447],[76.35172800533442,28.290092225905283],[76.34921920798676,28.29245783072172],[76.3493491810212,28.295677561360492],[76.34722131803137,28.29643228937813],[76.34651950946319,28.300867110996123],[76.34651249816443,28.306550035055373],[76.34704940890549,28.30868645504841],[76.34882987867077,28.308141118353102],[76.35047895921915,28.31118125993718],[76.35557057836263,28.310243149326286],[76.35676814570598,28.313496086661264],[76.35788356231014,28.320740581106204],[76.36065761515606,28.32067549642105],[76.36544414748123,28.32178599686785],[76.36745673585287,28.322765348124136],[76.36737672845858,28.32637503859727],[76.3677566384697,28.33547427603564],[76.36450704163157,28.33730411040245],[76.35953765471243,28.342183682218533],[76.35664801721974,28.343648548028852],[76.35640803475322,28.346123339480048],[76.3573063514159,28.35528014207315],[76.35484030218727,28.365654496949038],[76.35086865021867,28.367011509328908],[76.34441957095183,28.36548172962002],[76.33543555259406,28.364446739617645],[76.33438602011803,28.362849706487612],[76.32862153030923,28.364181648977457],[76.32782155290079,28.367791492986623],[76.32779158492285,28.371811078863594],[76.31727291547544,28.373830937820014],[76.31398337952547,28.373930818876648],[76.30477456064091,28.376560633740628],[76.30098500647625,28.3796003532702],[76.29751566490275,28.383143683448075],[76.29830536262894,28.3868995744207],[76.29705713381392,28.3917738143072],[76.29836463616331,28.392427528190765],[76.29924513344254,28.398448703015273],[76.30156246631618,28.40049745424925],[76.29870512605632,28.402308349382075],[76.28938625262836,28.40348823502167],[76.28909404267866,28.402720877120053],[76.28023748589233,28.405348016251345],[76.28011680804896,28.406996364685938],[76.28387693988329,28.4140372835479],[76.28516520135588,28.419554457622652],[76.2876974818226,28.428057388428815],[76.29167163139257,28.42746885459816],[76.29931400972157,28.422813176486734],[76.3038152962585,28.42160660231164],[76.30564043086811,28.424165464759547],[76.31033513423871,28.43222470555263],[76.3116869545397,28.433019263772277],[76.32254226673605,28.431260063946485],[76.32228879723694,28.427673401734076],[76.32363978726846,28.42235125917599],[76.32552750493701,28.420723068248325],[76.33264155024833,28.420162534456335],[76.33438574888876,28.421889780683543],[76.3348888102959,28.42570192803757],[76.33629598367186,28.429049700810502],[76.33649811025505,28.434481172114808],[76.33582339668345,28.437571172204688],[76.33610821344273,28.440305088077796],[76.33870825545597,28.448344694281165],[76.34007026529504,28.450320885371486],[76.34024303889807,28.45274351608908],[76.34380910453137,28.459813698689818],[76.34635878192631,28.459513732351382],[76.35712741851263,28.456484030028825],[76.36312665425014,28.455724115336555],[76.36747852192417,28.454786784867647],[76.3674687196131,28.448358349235384],[76.36812213573346,28.446215554108946],[76.36649968606172,28.4401027633478],[76.36705609354328,28.4376803566377],[76.36658181977982,28.432032393826923],[76.36728127524874,28.429451936040913],[76.36997580335725,28.4266551874625],[76.37205272511324,28.425644701411034],[76.37764017753287,28.42463417777549],[76.38416153742058,28.424252761825876],[76.38562080693794,28.422703057323822],[76.39024390479037,28.424457398504256],[76.3917494973283,28.425756510768974],[76.39667371993417,28.425444467067564],[76.40147562971873,28.42633240668056],[76.40371684279434,28.43021154491291],[76.40399038000737,28.43212198177202],[76.40265100308602,28.432327471639013],[76.4024326255325,28.436771059699158],[76.40149895905755,28.43809308631625],[76.40191580140714,28.44148758469764],[76.39390119884712,28.44509564784022],[76.39461771208909,28.455002081530115],[76.39608425077425,28.463627229275236],[76.39653821899745,28.469194393157714],[76.39762973792045,28.469866844948825],[76.39810209579775,28.472982889530126],[76.40661585182475,28.469959239133555],[76.41051058200065,28.467523314686186],[76.41514996315345,28.46539351131444],[76.41819682753487,28.4647584445495],[76.41888949657361,28.46372372176068],[76.42620862400227,28.462363852319548],[76.43475750635812,28.458964139852803],[76.4406858464654,28.45601399766257],[76.44017681203391,28.454554505009476],[76.43693616042758,28.45226399764473],[76.4358974588882,28.444315377353906],[76.43585749143035,28.44021567353445],[76.44060612044491,28.438543565668155],[76.44189667451867,28.437585944205797],[76.44526369957175,28.437836602177516],[76.43975961591283,28.424367384486715],[76.4442364881976,28.421717328531322],[76.44887586680528,28.420527409078694],[76.45456725047721,28.418153214808015],[76.4588445662273,28.42586699624768],[76.46374394789993,28.425707035757934],[76.47412258438244,28.427716941227928],[76.47755213274858,28.427247021215933],[76.47981187847596,28.42793690523927],[76.48484126795381,28.427666967211504],[76.49001051604479,28.43263651301163],[76.4979095775182,28.429096880224325],[76.4998593059592,28.429146904375845],[76.50048927508402,28.43093674950305],[76.50648839528482,28.428923944450904],[76.50762651544483,28.426898984955447],[76.50836157767449,28.42206769154131],[76.50782307346775,28.419784462970874],[76.50841231806191,28.417610304580617],[76.5118240222622,28.415160061014827],[76.5169637211201,28.41389527477642],[76.52516663503526,28.41116301538411],[76.52878114063003,28.40925720052393],[76.53553408690273,28.406753321841126],[76.54812228623173,28.406508276807667],[76.55272654696223,28.407529622930035],[76.55645826586532,28.40645481218786],[76.56061506868481,28.404735962491145],[76.56254923977546,28.407798706563167],[76.56444002325941,28.40744930348962],[76.57084346442731,28.415303422436423],[76.57636280404104,28.415423424610577],[76.58915281209507,28.413921085255367],[76.59623277459178,28.41272291598472],[76.5995235047853,28.412518589759888],[76.6068385875974,28.411111276348255],[76.6063826230244,28.416056993620042],[76.60746679914975,28.418027596491772],[76.59286567178711,28.42109462060546],[76.58440427450739,28.42084378112651],[76.57436983503834,28.42188417456081],[76.57576956002968,28.425097659449243],[76.57940913459817,28.431097022728533],[76.58369852218846,28.436986589227672],[76.58587829308605,28.43631662359396],[76.59341732513946,28.43529672304466],[76.59804674492308,28.434196887543283],[76.60444593545091,28.431697069620988],[76.61113357660258,28.427698603674862],[76.61424474686585,28.429849135101033],[76.62299359132561,28.42649758369146],[76.62553604399695,28.42612566657919],[76.63274850734416,28.421638107305185],[76.63402017275874,28.41809361990418],[76.63630309118943,28.41636657112236],[76.63395879875065,28.41457181702808],[76.64194864669982,28.410638145815376],[76.64230705308938,28.40609146065335],[76.65000204927927,28.403568635287098],[76.6495397646961,28.402554345948275],[76.65997799679589,28.39275649462701],[76.65982452938837,28.391717149724442],[76.6614822635818,28.39048855943661],[76.66344500371528,28.387275543197408],[76.66366004263377,28.385332279718302],[76.66279724130773,28.382752219792593],[76.6662290941384,28.38060180178867],[76.66593486424381,28.37998885807717],[76.66885835116793,28.379259405589018]]],[[[76.4396425467605,28.110115203712724],[76.43537841170807,28.110117218177],[76.43453311024564,28.10907539635176],[76.43047294162358,28.109740307173393],[76.42290720206442,28.11429443437546],[76.42374089774295,28.120810305254096],[76.42181298032824,28.122516383025765],[76.42315806811763,28.126111843856837],[76.4269270438834,28.132088557523492],[76.42889986127159,28.138395183110887],[76.4313296217587,28.137889290443848],[76.43360172407534,28.136412621554282],[76.43306135120118,28.1333873234164],[76.43326255081416,28.130344416640096],[76.43555726691253,28.12942750355245],[76.4362276058607,28.126832947765894],[76.43999482629695,28.121878540724662],[76.44104282606409,28.119878051771323],[76.44136665250615,28.116863995773418],[76.44028160967278,28.115014692112126],[76.43916990338879,28.111135089863716],[76.4396425467605,28.110115203712724]]]]}},{"type":"Feature","properties":{"id":"06-218","name":"Rohtak","source_name":"Rohtak","state_id":"06","source_agency":"Survey of India (SOI)","district_code":"073"},"geometry":{"type":"MultiPolygon","coordinates":[[[[76.8687269858144,28.823327137342027],[76.86759697916287,28.822504829535795],[76.86600698110463,28.818867110092363],[76.86263312392798,28.81556352135664],[76.85426088621011,28.813294294464345],[76.85037505642285,28.80782046899714],[76.84668331285975,28.80783486908551],[76.83913246723789,28.80891481449014],[76.83411650729713,28.810425211330777],[76.82711927903078,28.800023660942713],[76.82370279586581,28.796411023129952],[76.8204449350569,28.791288107396444],[76.81902381154586,28.788035981031687],[76.8189581430156,28.783744966626934],[76.81199031139549,28.778536053200767],[76.80720023527192,28.773322526882925],[76.8061677629265,28.770967626235542],[76.80258306292637,28.768281949537204],[76.79539879753112,28.76108473795571],[76.79067785351006,28.755463761969402],[76.79034985911369,28.754461982433543],[76.78579480729994,28.748481810938983],[76.78341987071728,28.74594373092523],[76.77928461196211,28.743163763651026],[76.77443434346243,28.745680132503928],[76.77135112833555,28.748277907494785],[76.76824371074848,28.74920115990142],[76.76437810389444,28.751159248454215],[76.76682920812297,28.754758545161877],[76.76782761778445,28.759387821951208],[76.76755274941007,28.76254898607315],[76.7639832050527,28.766111268740207],[76.75702259608927,28.769368539604955],[76.75174088975702,28.76792678396882],[76.74798974937778,28.765574091677884],[76.74617422491771,28.76290499832752],[76.74314006092092,28.76007007476367],[76.74054075743697,28.756797067540408],[76.73548553312838,28.758965797582057],[76.72941779732936,28.758574633391667],[76.72359301771485,28.760022656815917],[76.72072433338197,28.76026682251889],[76.71703924366099,28.759368611627032],[76.71442210855828,28.758183898626612],[76.7154109070316,28.753067294412936],[76.71334520408904,28.750064150315403],[76.71314409064682,28.748315497111342],[76.70848605938644,28.736024930831697],[76.70513827538599,28.735625468714314],[76.70157619307952,28.73615988280673],[76.69922137362424,28.735764176894474],[76.69421175227451,28.737869172281197],[76.6924316755983,28.739733301904238],[76.68688014814829,28.743512041408138],[76.68817773594841,28.747634864281398],[76.69046340117222,28.751620152872814],[76.69038865653216,28.7549630788715],[76.69126178388987,28.759289071861794],[76.69289259017565,28.76358310086238],[76.69792053398221,28.763905316966905],[76.7014694682194,28.765130427661408],[76.70366187068178,28.76656377187313],[76.70620623329002,28.766115580088645],[76.70829721705846,28.76872641408766],[76.70924156708945,28.771468710615267],[76.71020465741734,28.778293794747587],[76.70892140418523,28.78717296126616],[76.70027224639126,28.787516444849288],[76.69511645466243,28.789120829539126],[76.68446574295741,28.791106422978665],[76.67509534905516,28.79416453567066],[76.6705894714015,28.796115034263373],[76.67007418615789,28.80068967855789],[76.6688672951996,28.80491273324947],[76.66888963400251,28.809410548051666],[76.66951977620656,28.81327438400711],[76.66600768407622,28.815215124270466],[76.66239716623197,28.815773505953434],[76.65561889307186,28.81843022961154],[76.6546848635036,28.823034219354767],[76.65441440351456,28.826602777846915],[76.65065062641963,28.832928418989017],[76.64470898184285,28.839682872602683],[76.64339222025636,28.8395973841538],[76.6357267505028,28.834441790050537],[76.63223757146856,28.83135632264382],[76.63158670207451,28.82831118627292],[76.6317453358265,28.825103593171043],[76.63247274307805,28.824656934797083],[76.63273880553626,28.820939626684396],[76.64151253517916,28.81241230667838],[76.64278760654081,28.810309863260606],[76.6453176170948,28.808531992458164],[76.64550627239234,28.8046657404576],[76.644707183259,28.80395311879287],[76.64128589071318,28.804373105534605],[76.6399130903265,28.803917601241793],[76.639006193429,28.801635033626418],[76.63648616745785,28.799623225671418],[76.63537958194368,28.79710143537562],[76.63278274973537,28.793524113938556],[76.62738980167154,28.78960850237242],[76.62550017846743,28.789049139263426],[76.6200922489081,28.788868536241672],[76.61505310509743,28.789360069732368],[76.60591151995732,28.79147493605738],[76.60418038416255,28.792264220763514],[76.60387377337645,28.788686659911132],[76.59928629545087,28.78449024599853],[76.59567674230524,28.782035375207208],[76.5955341739577,28.779292412499398],[76.59619589364534,28.775336687115562],[76.59572773861635,28.764012446974363],[76.5953235990784,28.762920662541738],[76.59527416334245,28.756555060015028],[76.59444570114997,28.75359539480411],[76.59208160309538,28.750104716348034],[76.59082308501546,28.747406608386967],[76.58769170994466,28.743196647553628],[76.58460603009718,28.74053410930431],[76.5804157181532,28.736012370751332],[76.57750929198654,28.73401734117178],[76.57231268704449,28.736753819302628],[76.56440757349594,28.740445443962944],[76.55739375705214,28.742300838986083],[76.55037736115214,28.745244726546474],[76.54282766529249,28.746195174000377],[76.53159819170048,28.750076762176985],[76.53019567352088,28.751208161793052],[76.52980148469373,28.750012361466148],[76.52361364863626,28.73801655913237],[76.52316356256513,28.73759118079618],[76.51733140980794,28.739604235858845],[76.51169954116024,28.740808761184947],[76.50827992140053,28.741153216092837],[76.50384499641838,28.742890778814303],[76.50170544167077,28.74285268594695],[76.49883664318426,28.740391425553433],[76.49888661210699,28.73927259084173],[76.49316948823434,28.73685998402942],[76.49070894738325,28.73911062694642],[76.48694942792996,28.739410588126763],[76.47544088978464,28.741620356141606],[76.47094146749636,28.74124036997367],[76.46576214436377,28.739290516792018],[76.46079278115282,28.738710546755943],[76.45242386374085,28.736690684360127],[76.44993418407641,28.736790668908846],[76.44531477773447,28.736160703550755],[76.4414353057329,28.73011120227134],[76.4401654730753,28.72896129619588],[76.43825571687123,28.72914127229698],[76.43626597840294,28.72816134647884],[76.43176655608802,28.72746138867013],[76.42970682824814,28.72643147030117],[76.42496745241336,28.722401791773876],[76.42128791650003,28.72398164291332],[76.41838828490073,28.724471592273925],[76.41531868406958,28.7235316610799],[76.4142288372246,28.721011871096383],[76.4145288070652,28.718872050686088],[76.41734847052382,28.7140524723474],[76.41752845646151,28.71201264500126],[76.42004817486831,28.703773353561314],[76.41921829650157,28.70057362119994],[76.41190928680955,28.689524527543412],[76.40620748864525,28.682594942689327],[76.40195058371711,28.684894885445857],[76.39742731758642,28.686833341410846],[76.39367292889341,28.69033315664999],[76.38028327977702,28.701863362745662],[76.37954335726408,28.705083088805413],[76.37977328827235,28.712852432998343],[76.38100344452718,28.71559390255385],[76.38255791465303,28.716547129148445],[76.3871723024218,28.721401734187584],[76.38860210607554,28.72382153345334],[76.38881206741858,28.726431314971162],[76.39159169522206,28.72972104553048],[76.39384139743152,28.731510902182425],[76.39747508091608,28.73293847659929],[76.39878075621236,28.73286080669815],[76.40061050271993,28.737150448910366],[76.40179034434982,28.738820312722535],[76.40304016378292,28.742460008643825],[76.40395000232064,28.752029203106375],[76.40607970838735,28.75622885412117],[76.39916056354075,28.762698279841047],[76.38690192629694,28.770357984273375],[76.386912072327,28.775227170560342],[76.38562220188368,28.78277652625887],[76.38304752747229,28.784061408948187],[76.3789149117776,28.78335900183371],[76.3674245091106,28.7877160386255],[76.36363498579874,28.7900258273128],[76.36387557597652,28.790843955441638],[76.3591455353508,28.795495346862275],[76.35846561174155,28.79819511406232],[76.35962545260965,28.799555002721426],[76.35561161545773,28.8008281633746],[76.34962254709947,28.801851699401972],[76.34096174314573,28.80495048993029],[76.3354949623699,28.80743663124218],[76.33458862324993,28.808464154383035],[76.33402835928739,28.81348911782884],[76.33414497452667,28.814705994721102],[76.33626817823128,28.819132536471248],[76.34106771721595,28.823962864536128],[76.34413671918377,28.831372303518723],[76.34444516994722,28.83398617982502],[76.34694689659574,28.837811709835215],[76.34707687515875,28.83884162473232],[76.34497713832936,28.840141504927978],[76.34487713841206,28.842631292116405],[76.3440115303055,28.844583389203795],[76.34462222211282,28.849517579204022],[76.3458469797517,28.849600706332044],[76.34794867419,28.853603724507643],[76.34873657510207,28.856480132221485],[76.35274603268515,28.862879605590553],[76.35905518411705,28.871148926337998],[76.36243472263122,28.87637849328573],[76.36519057141803,28.878868796507085],[76.36260468898006,28.879088262955435],[76.36070492480896,28.880548132376163],[76.35831521404948,28.884077822966823],[76.35822857961769,28.886174736233713],[76.35554554887904,28.889037392440056],[76.35224041680978,28.891153412607547],[76.35101006086144,28.893224137347964],[76.3526296546111,28.895297880915955],[76.34889636482478,28.896156760303615],[76.3475965392534,28.894896863185217],[76.34206724526314,28.895836764993298],[76.34083739595573,28.896486705202744],[76.33323837604244,28.896216699281545],[76.32590930958283,28.89689661368947],[76.31927015666066,28.898716435796963],[76.31783033432231,28.89973634207561],[76.31004132832028,28.900966210943945],[76.30890172365194,28.898706867625133],[76.30697173713565,28.898416413627235],[76.30441070843052,28.90131116320369],[76.29650134934853,28.903656562683512],[76.28891709638508,28.906440918810592],[76.28247483762094,28.90715558302569],[76.27791510623535,28.908309549369477],[76.2775154524049,28.905929589421003],[76.27085231854325,28.903355805501693],[76.26769392204264,28.90299982808585],[76.25944780507314,28.904905687599673],[76.25590990696179,28.90518552271239],[76.25363855461839,28.903885756032697],[76.24359440455206,28.909446021321763],[76.23800053151038,28.910425142201618],[76.23572537714654,28.911480549842526],[76.23630071763034,28.917054571628015],[76.23646067343913,28.922664096402993],[76.23935026567862,28.930023479185163],[76.2397801962065,28.93343319072529],[76.24229985595302,28.9366029326598],[76.24392240961282,28.941445948555245],[76.23645297431077,28.943886531157837],[76.23153119524379,28.946042089710915],[76.2271717423491,28.94854186118642],[76.22305232774839,28.950342470551696],[76.2224431410557,28.953386973099505],[76.21849283432324,28.95369139072177],[76.21242745122738,28.95529473274637],[76.21324846728638,28.95670139579246],[76.21343345511333,28.959940842378796],[76.2144732677392,28.962644132706522],[76.2148328342548,28.967671068524687],[76.21379335636745,28.971079896898203],[76.21386333996985,28.972759754250266],[76.21602304811611,28.975874498317722],[76.22098239330685,28.979579199794774],[76.2243319481622,28.982588955967078],[76.22651164752477,28.98717857397313],[76.22861636776547,28.989183411079274],[76.23012116994882,28.989618380560632],[76.2311710222395,28.992648126083004],[76.232560840581,28.99340806618098],[76.23547044609573,28.997607718833812],[76.23543043972744,28.99991252423112],[76.23704022875425,29.00121741885605],[76.23936993042068,29.000637475255964],[76.24404931403939,29.003927212776762],[76.24658648224228,29.00516961627503],[76.24529914901503,29.006516991422078],[76.2453991071069,29.01249647892933],[76.24940854003724,29.0218057108359],[76.24981347054731,29.025240426564967],[76.24907854306275,29.028965109361774],[76.24808867032638,29.030115001816725],[76.24376920482841,29.037254367629746],[76.24272931130035,29.042973863195346],[76.23992964636138,29.045053694822418],[76.23941970710635,29.04647357469132],[76.23957966088498,29.052343075137966],[76.24378909284069,29.059042512804968],[76.24472895937178,29.061022355221702],[76.25312786027872,29.059942476766462],[76.25464766678506,29.062602255773452],[76.25626746037666,29.06394214755041],[76.25934705622431,29.06363718210837],[76.2634565215024,29.06420214790799],[76.26534627490899,29.064962093696185],[76.26800592938349,29.064462142312713],[76.26831589797466,29.065192084896626],[76.27122053347179,29.06502710961381],[76.27152549995796,29.063832213458053],[76.27551514488458,29.063432075964183],[76.27858019944867,29.06598693859925],[76.28329491356874,29.06448173691318],[76.28600507602279,29.069351616005036],[76.28955499766766,29.070931458326697],[76.29227504332049,29.073471338444353],[76.29679535098641,29.08217113891231],[76.29939543695728,29.085631021202822],[76.30135537396039,29.08600093663314],[76.30248985015804,29.086152627999997],[76.31139640832453,29.084185691505823],[76.31311061764276,29.08343526085368],[76.31595682211595,29.08434563796587],[76.31672204746711,29.085311336399272],[76.31906866771664,29.08555627874331],[76.3212141180617,29.087424448853948],[76.32700826249919,29.0856805554433],[76.33046782450559,29.084060706514617],[76.33736266486368,29.08285552547349],[76.34579875074267,29.082598000868593],[76.35009530618817,29.08326084923388],[76.35220971594048,29.08222273766143],[76.35366054486268,29.080230194473117],[76.35664449473711,29.07748136708892],[76.36096395181809,29.074821606740375],[76.36727489529194,29.07259339531962],[76.37121265397388,29.07073199337323],[76.37946324276972,29.06567748976303],[76.38781053090969,29.068572241314982],[76.39474961769916,29.072601923245298],[76.39885644976397,29.075630976383458],[76.40290444241734,29.075682336964753],[76.41085183660552,29.072842002810365],[76.41107506447446,29.071568342366913],[76.41435548373424,29.07047161499454],[76.42050632939304,29.06764244352309],[76.42576244254968,29.064648276024954],[76.43090502941693,29.060343105614937],[76.43487452747034,29.058533275136835],[76.44347100351706,29.055505185490006],[76.44623538918225,29.058693115852606],[76.44737290839261,29.061413076181513],[76.44931826406538,29.06184924795136],[76.45060192191207,29.060932711015266],[76.45195788247703,29.061473414166585],[76.455592269159,29.061299801223015],[76.4591318884214,29.063769687457],[76.46251317249948,29.066902781473406],[76.46648957030169,29.075065321269477],[76.46664992577594,29.076346397594488],[76.46861435749942,29.079381047123007],[76.46922869652636,29.082836164518266],[76.47012987341765,29.08345128769644],[76.4731694816602,29.083141326570424],[76.47643527083432,29.089444227852916],[76.47749880444754,29.092211374992722],[76.49016859378158,29.086031898086073],[76.49384369706705,29.083091679767712],[76.50134926963909,29.079904590389376],[76.50772919382743,29.07830881900805],[76.50995311983117,29.0772516961754],[76.51070165826303,29.079182023518772],[76.51594829573158,29.08575913410718],[76.52053078034285,29.084323671813337],[76.5223271276753,29.085457339340717],[76.52339257903063,29.088241541393185],[76.52516390565806,29.088878937748877],[76.52688096727488,29.092462047562556],[76.52931622379413,29.091710397292566],[76.53194312517076,29.094748308654964],[76.53419285497188,29.094632469798427],[76.53722023304202,29.098099066174353],[76.54019079613651,29.09741036979084],[76.54215055826491,29.094540624310085],[76.54606006838883,29.09202085074985],[76.54756989276055,29.088181184174864],[76.54863976065585,29.08723127097811],[76.54848194412337,29.084951597718202],[76.55015959126003,29.082201703852938],[76.55065953631339,29.080201876290978],[76.55430907901786,29.07799207983175],[76.55831858435147,29.07370245942271],[76.56131615771213,29.071055769660152],[76.56140821255123,29.06918285831298],[76.5640844133238,29.063715131062203],[76.56369795110908,29.062317518128644],[76.56666758557274,29.059033742838803],[76.57161695592414,29.05773387152502],[76.57662630934087,29.05842383484889],[76.57957593280045,29.057993882067308],[76.58471525996625,29.06028370705752],[76.59417404316778,29.060523725764114],[76.59865348236627,29.057394010509647],[76.60159310448874,29.057983972397178],[76.60746235858383,29.056124150483406],[76.61813099114426,29.055624237012445],[76.61955081180255,29.054604330265075],[76.62306035850725,29.05522429195979],[76.62512009898883,29.054074395999752],[76.63385897456874,29.05449439634246],[76.63703261663082,29.0526952437212],[76.64137930985831,29.051947003250838],[76.64287600520136,29.052463317812034],[76.646675149475,29.052169558634425],[76.64744547189535,29.05333777297892],[76.65116522887561,29.053661870331002],[76.65260822739047,29.055089335817524],[76.66277629515983,29.047589274400046],[76.67064468772858,29.0438244713927],[76.67712660383842,29.04031694359885],[76.68250558063444,29.03886665566789],[76.6900609223085,29.03721209876866],[76.69804854819228,29.038881637543454],[76.70254084107982,29.031518303091428],[76.70655728602242,29.02836562001573],[76.71349464336197,29.025744679234943],[76.71801419441718,29.02313411975943],[76.7214450378436,29.02008897949299],[76.72195947285776,29.01588642313607],[76.72389312584102,29.014621847466458],[76.72631208298927,29.011146416281566],[76.73075021414613,29.01010094702787],[76.73655664321363,29.007412026328343],[76.73437907240289,28.996254660331847],[76.73542733314382,28.992807224863945],[76.73523647395119,28.991266146389975],[76.73681434643873,28.98957603581673],[76.7324718362219,28.98550604127738],[76.73140934603929,28.982579057309497],[76.72934824133341,28.978881555149197],[76.72614869729712,28.971880765365558],[76.72810767621854,28.970823525687862],[76.73376095584389,28.96592436181871],[76.74139440733772,28.961659324397882],[76.74608242264281,28.961240127668447],[76.74885073052967,28.96152611206541],[76.7507211762064,28.962558922811898],[76.75262015620972,28.964990586622335],[76.75419651181522,28.96541222041603],[76.75966671077802,28.96555046203817],[76.76091421513587,28.963696006860605],[76.76178559081696,28.960553913032168],[76.76494329032316,28.957730313155515],[76.76904475008178,28.952971696736142],[76.77275468029883,28.95062577091103],[76.77497516661347,28.94821541448557],[76.77326179102714,28.9441623774713],[76.77124121101868,28.94109343214586],[76.77164342107642,28.938184187559074],[76.77484240237014,28.935299761976395],[76.77775487295004,28.933459088739752],[76.77775852136544,28.931387638617743],[76.77869071796913,28.93041185071863],[76.7838344628585,28.92921313551584],[76.78969734261656,28.925396962176354],[76.79488551176591,28.92448304187954],[76.80095563307637,28.927758788878094],[76.80495657021943,28.929030715719833],[76.80820908772286,28.92941650758642],[76.81438040587672,28.931616299661155],[76.81908749781303,28.931173435419847],[76.8220677147838,28.92567495507408],[76.82201508177853,28.92433758009556],[76.82414896897366,28.92218674951169],[76.82626460651485,28.918528691902313],[76.82722818854009,28.9149633160238],[76.82573085821284,28.906404700832375],[76.82596599352439,28.90176680623258],[76.82409735097512,28.896945500956797],[76.8214280000263,28.892541286130445],[76.81879486665304,28.88632658208066],[76.81799893538688,28.882220800248618],[76.81665058815703,28.87995183572905],[76.81549300312864,28.876544927879124],[76.8115297551393,28.87001916921864],[76.80922492233307,28.86779085882046],[76.81166624191195,28.865723179767503],[76.82318781962704,28.86015184921147],[76.82521117067459,28.86117784798311],[76.83262200474486,28.860203566544477],[76.83767591633014,28.860757454152868],[76.84164661511974,28.86253242517702],[76.84722781540452,28.860790001913415],[76.84871019020557,28.85779746655494],[76.8528456174182,28.853082557734098],[76.85936653492342,28.849377281302534],[76.86247129506572,28.84687952938128],[76.86530153807323,28.840813441535182],[76.86591201583748,28.83788152693304],[76.86806292598573,28.83354449689449],[76.8687269858144,28.823327137342027]]]]}},{"type":"Feature","properties":{"id":"06-219","name":"Sirsa","source_name":"Sirsa","state_id":"06","source_agency":"Survey of India (SOI)","district_code":"074"},"geometry":{"type":"MultiPolygon","coordinates":[[[[75.19102329933006,29.841413392272734],[75.1951223837883,29.83927582623304],[75.1966325274471,29.837766032553407],[75.19923476290613,29.8378418408513],[75.20111257063351,29.8361455832303],[75.21028452494387,29.832922829011455],[75.21222968312551,29.829323043910918],[75.2139927615868,29.82402234528439],[75.2133199941311,29.82239164716393],[75.21120000113943,29.82038524742494],[75.20966192525609,29.817386846527654],[75.20923646707287,29.812451285335882],[75.21002023300554,29.809682721081412],[75.20870014444525,29.80475045418331],[75.20982104936382,29.80167655867404],[75.20854219994091,29.793198343877542],[75.2108096849141,29.79238684741159],[75.21266017713711,29.792670574475906],[75.21472083988353,29.791827049756105],[75.21626816052176,29.787757125071703],[75.22628599329022,29.78918555416147],[75.22626000188193,29.785425864720676],[75.22439040904113,29.780796330592672],[75.22809726997488,29.773329795263265],[75.2316899965805,29.767789036766956],[75.23329802190023,29.763827340270904],[75.23568703306493,29.759713915145824],[75.23591338636348,29.758144695733012],[75.23736985175637,29.756701839297772],[75.23865106807624,29.757040458897006],[75.24158821990208,29.754682619487845],[75.24133006544612,29.750532267584383],[75.23952381323117,29.74536398296592],[75.23815755554392,29.73999813182226],[75.2317026750202,29.733841634794466],[75.22932376828248,29.732447461604252],[75.22633050285201,29.728918469670568],[75.22413240925374,29.731448978846792],[75.22079938125547,29.733097452639164],[75.21863485088747,29.73644424018214],[75.21562703288298,29.7381609054086],[75.21031695332064,29.73884864139195],[75.2081445891679,29.737571867943007],[75.2038609676628,29.731906017595534],[75.2006208750629,29.726521861627546],[75.19926777993412,29.723325914895014],[75.19694421880611,29.716103570693097],[75.19777549702879,29.70328983971986],[75.20010184201206,29.70113221644518],[75.20380376691567,29.702058446677665],[75.20723493841174,29.70188562198224],[75.20823196395443,29.698374060264932],[75.20728321890257,29.69235909840754],[75.20664566513561,29.691467377326223],[75.20677622837057,29.687550293082694],[75.20294253830318,29.683887352321356],[75.20067282996614,29.681017906213537],[75.1983922594752,29.680128642794397],[75.19643157446517,29.681103055252496],[75.19286937552663,29.680427299270853],[75.19103080323944,29.681956647249905],[75.18806503366774,29.681336237376534],[75.1880813759149,29.678713578148614],[75.18728346891005,29.675971156660353],[75.18392370104075,29.673378594265095],[75.1794589738985,29.67442976949981],[75.17775210592049,29.671256388631853],[75.17638985345751,29.67055236629931],[75.172457993845,29.671393074169416],[75.16756104264591,29.670339833982087],[75.16795771649532,29.66706522182141],[75.17141331417038,29.6621931135518],[75.17323047836516,29.65768693187979],[75.17463659154882,29.65564247513875],[75.18001619380495,29.65290393037654],[75.18754850288204,29.651711269082654],[75.1851843981408,29.647689165884294],[75.18471466300798,29.641597735225524],[75.18276935498272,29.63785820368673],[75.18190392581975,29.632695011290483],[75.18277707205976,29.628787122689868],[75.18868543184531,29.624075188685364],[75.19751512116179,29.619245108399653],[75.20046717469842,29.619531458587915],[75.20674307203002,29.621940761286787],[75.21997323021044,29.61512635814293],[75.22060484725371,29.612570016623906],[75.22213868800996,29.61045772002519],[75.22837239839421,29.605472672823314],[75.23375895683836,29.602411679112407],[75.23536246174508,29.60310955330216],[75.23368196771791,29.598338309798375],[75.22915312315084,29.591400597302496],[75.22741978669028,29.587251605291666],[75.22224933603768,29.581318265603738],[75.22170842853814,29.580324081965884],[75.22520024032018,29.579635212524455],[75.22820773481271,29.578263193873937],[75.23024515443261,29.57667050725636],[75.23338774912705,29.57276606357427],[75.23442707693688,29.56994882481238],[75.23321377965844,29.566283676570546],[75.23380187423925,29.56436319489765],[75.23791011127308,29.559946208309903],[75.23854899449037,29.55831465995325],[75.23929164048995,29.55235720959581],[75.23782101563788,29.546458723018795],[75.23540443097828,29.542223509402184],[75.237314391871,29.542839919291804],[75.2421402478526,29.54596643595516],[75.24447005909627,29.546733281599426],[75.2489880849862,29.547197450755746],[75.25798062788454,29.549135759134355],[75.26805708020107,29.548706994572882],[75.27101004967044,29.549242042900477],[75.27669685145993,29.55173055436504],[75.2803551020999,29.55400656379547],[75.28031876575393,29.558809493044667],[75.28114355580284,29.5615038568902],[75.2839199239992,29.56130541984271],[75.28865938036311,29.559865050222523],[75.29574030908111,29.55880253281719],[75.30113659376067,29.559099306233524],[75.30291318027543,29.55970977086942],[75.30095410465374,29.5561355283882],[75.3030075834184,29.552101321890696],[75.30383320144928,29.54932380938316],[75.30266919800845,29.545695435597352],[75.30271027116137,29.54181390852183],[75.29689090854995,29.53813108911874],[75.29485684408634,29.533824669149134],[75.29605618382053,29.529920105595387],[75.29860053966318,29.52735015787739],[75.29976851308837,29.525374275980667],[75.30222039018382,29.524423889538166],[75.30048653441308,29.523492055440013],[75.29591907143953,29.523690389544065],[75.29323718048103,29.521070008621773],[75.28769675832717,29.517909868080174],[75.28245176436596,29.51673588580575],[75.27796324738155,29.515086594311157],[75.27564056165473,29.511266511303646],[75.27396101764701,29.509353283639268],[75.27805336495213,29.504513281270043],[75.28033962756069,29.500042264250812],[75.28766877381749,29.49373262550716],[75.28104296906155,29.47980527811242],[75.28060751392591,29.476807487442866],[75.28095320167635,29.473695216233867],[75.28472303968361,29.46631795317459],[75.28681995480959,29.461488199981478],[75.29206409051231,29.452681781175865],[75.29557765961866,29.44792485846328],[75.29840937036562,29.444908693402553],[75.30203426230815,29.44228988871092],[75.30109334233929,29.4392986423113],[75.2957027179232,29.43286749555962],[75.2855665733402,29.422865103895003],[75.27619200100068,29.42326877212337],[75.26598543685483,29.42265646053472],[75.25868567050914,29.421364674227952],[75.24489090064122,29.419438070926546],[75.23808330990775,29.41830284430487],[75.2351562992494,29.41879796907165],[75.23492672647377,29.415156855083687],[75.23394188887244,29.412303377100525],[75.22844651570955,29.406248462495718],[75.22331143804601,29.401879590298815],[75.22002974782033,29.397856389301907],[75.22116750101377,29.395788500953508],[75.22670675369174,29.381633013161224],[75.22770881955546,29.379826132089285],[75.24208446667389,29.376081395644768],[75.24312783624279,29.376468448629225],[75.25071988509244,29.37025294107133],[75.25383978010966,29.36673725453316],[75.25722494545145,29.365156916037723],[75.26342023173834,29.36025435231794],[75.26513499066705,29.345743922675197],[75.25769686537288,29.339993540232502],[75.25591372804713,29.33679077333446],[75.25393906975573,29.336003025596842],[75.24884017746867,29.336331536111043],[75.2467950317688,29.33570398568125],[75.23555444008535,29.335862240392924],[75.23409642304497,29.332769298161242],[75.23153805783492,29.330485665344735],[75.22986386594472,29.330655933275704],[75.22988951130573,29.328912480356315],[75.22827761573069,29.328908644966152],[75.22828016637867,29.327409196177374],[75.22654967735673,29.327363557021858],[75.22578576556303,29.325856039796793],[75.2283382095508,29.319935625528856],[75.23338084650838,29.31345834198947],[75.23542080255974,29.310213228541944],[75.24112390915396,29.2969505393983],[75.2381536639314,29.286893515363655],[75.23736701308347,29.278133760658456],[75.2362874687954,29.27431385290163],[75.23401343690634,29.268731123208624],[75.23574958336538,29.26497720923857],[75.23840728620247,29.260408965897838],[75.2433899736095,29.25397188839581],[75.24512196448195,29.250379134726582],[75.24284644945904,29.246584719930635],[75.2421416960144,29.244149453041555],[75.2423434706881,29.23835270684185],[75.2413492737809,29.235171049649505],[75.23903396951147,29.23247302547404],[75.23837532375278,29.230282922145],[75.23111591211044,29.23084547580363],[75.22540403389434,29.23211889440801],[75.21800017843216,29.231884593081805],[75.21263695947177,29.233447618812075],[75.21008005420005,29.234741412389507],[75.20650624382469,29.240093412692616],[75.20347977640117,29.245430613295902],[75.20060858329362,29.249502382642937],[75.19849725813687,29.253372781730164],[75.19639224866671,29.259152615440364],[75.19567240773183,29.26347457996044],[75.19269659711664,29.264739154976276],[75.18879956061275,29.26797097318162],[75.18694426401903,29.26816135759782],[75.183654692068,29.26700145022804],[75.18099080880671,29.26365118720565],[75.17622261568535,29.26330253115831],[75.16868209739783,29.25885812555174],[75.17434039354093,29.251284468420263],[75.17186117542785,29.24998544005286],[75.1629147544978,29.24413449477276],[75.15703773140172,29.242058835606638],[75.1517447001963,29.2409007650721],[75.14885102107469,29.240767804951393],[75.14296002922791,29.239433699529865],[75.13782069289812,29.23877374262498],[75.12932136814055,29.239973604333997],[75.12436242056525,29.239913608534874],[75.12286263491293,29.234204093148442],[75.12241270335875,29.23060440042127],[75.12126251888587,29.226652637043724],[75.1195855944563,29.222907567487244],[75.1166334738053,29.223055027955517],[75.10454141641695,29.224517770151355],[75.08124884400071,29.228409931938756],[75.07521304783884,29.229885023683217],[75.0740876335928,29.231996345900676],[75.073998921563,29.23567384209726],[75.0728690629979,29.237973644726278],[75.07398890608586,29.241873312756184],[75.07408727199778,29.244676600418003],[75.07279026712342,29.24868870602453],[75.0709692606436,29.252392407387482],[75.06642982890985,29.25723198046452],[75.06205037319613,29.262731502069542],[75.0608605212555,29.265341276293512],[75.06017058286626,29.273100613982752],[75.06046053515588,29.27603535848734],[75.05857415631866,29.27730933439568],[75.05353140142465,29.28340971594691],[75.0500832438462,29.286129771277018],[75.03601364511462,29.28769930192935],[75.02373920761463,29.286923668506166],[75.0191315358549,29.286047933976114],[75.0167178081205,29.2845240501339],[75.00790914092525,29.276565458285873],[75.00377784577451,29.274440355802874],[74.99864851668156,29.270730657791173],[74.98948721779001,29.277098302802493],[74.98310303223374,29.280619390663198],[74.97521150954424,29.27938986551357],[74.97099838140491,29.279125437760037],[74.96168524272632,29.280385291274587],[74.95857381770041,29.282715200765896],[74.95578277073857,29.286199225637475],[74.95150451373713,29.295818398801458],[74.94838489626018,29.30151790662768],[74.95458038800034,29.308064846069744],[74.95664379848701,29.31239699660111],[74.96082165997531,29.318088930330145],[74.96086981063898,29.320299306140654],[74.959226395292,29.323661844913804],[74.95845351920755,29.327375717517015],[74.95450400935424,29.332755247844315],[74.95071473264856,29.335191827558507],[74.94095325597944,29.339789902079676],[74.93986888622014,29.340062907439492],[74.93918593432055,29.34863385152199],[74.93812207737744,29.351338725387922],[74.93894751513535,29.35553626253571],[74.93854597725424,29.361482753206257],[74.93512279564709,29.364277632120086],[74.92667908891461,29.367682513391735],[74.91859737720235,29.370423120893214],[74.9167524960829,29.371354023762397],[74.9118409994102,29.37523295776258],[74.91067686465725,29.376966754487537],[74.90777806199004,29.3795974946786],[74.90198062503342,29.383950743523254],[74.90016348589032,29.38484876854891],[74.89380167708275,29.383740745046673],[74.87760567235806,29.383622229218016],[74.87589398646347,29.385010591148415],[74.87508408033197,29.38950020778576],[74.87276436996679,29.39370983959291],[74.86679512145618,29.397749478316026],[74.86229709188827,29.39880528905354],[74.85059578558244,29.403626516739028],[74.84962732381459,29.40156911113449],[74.84478795187937,29.399729257173107],[74.83370006703802,29.39799797438219],[74.8252804799124,29.39788937216162],[74.82035111663032,29.39724941556088],[74.81493510666705,29.391831115700125],[74.81248706925531,29.38841323012642],[74.80631297740004,29.38125075332701],[74.80184356050145,29.37719109178739],[74.79835766328654,29.372971333037352],[74.79499446835247,29.370541641396077],[74.79188481645964,29.36557857379977],[74.7875265072187,29.361470858005685],[74.78187040435452,29.357953005599008],[74.76999710274637,29.35695184002628],[74.7626621483562,29.35454154074082],[74.75642193967408,29.354071562671653],[74.75156011479861,29.354552915839164],[74.74898720615717,29.354159508625578],[74.73965741082479,29.354059886410674],[74.73114128539416,29.359489123475],[74.7232023054521,29.36622108392369],[74.71943421630469,29.37002151903241],[74.70805752699326,29.366808865296615],[74.70176650622086,29.366561773519756],[74.69660717178826,29.365971819713103],[74.68944809510018,29.36609178899383],[74.68508617222766,29.367849210545526],[74.6797693348921,29.369301493649456],[74.66633106113889,29.370451366137665],[74.658201490345,29.372008874834368],[74.65627237860357,29.365261790796914],[74.65488255929748,29.36263201076203],[74.65331277759145,29.357252468824374],[74.65206133185558,29.351286827328845],[74.65215296085928,29.345683456362064],[74.6537527678896,29.339993945999158],[74.65448316482473,29.332978370246863],[74.650593196137,29.332874546741653],[74.64355539084417,29.33174274474574],[74.63435530324779,29.329654789691812],[74.62468760615103,29.32967725185953],[74.60922390803051,29.32839159638413],[74.60425137931283,29.32739405565476],[74.59925937301381,29.327503745912697],[74.6002097054023,29.329094766596718],[74.6019894455924,29.340673777513253],[74.60362339675922,29.346271882816602],[74.60708874817284,29.354502603994806],[74.60727530848368,29.356452281395114],[74.6035517877213,29.362686041634316],[74.60260929987986,29.365321671261462],[74.60000754788435,29.367511950202267],[74.59858981033454,29.367761452378307],[74.59519023484184,29.370541207307035],[74.58970093182779,29.37668067275275],[74.58522150212725,29.378560507071892],[74.57786242647367,29.3885396327946],[74.57731249524186,29.390609456589043],[74.57457138315962,29.397344491901418],[74.57389290793229,29.399988642359638],[74.57363292078718,29.40651808678125],[74.56950616854132,29.412689076638976],[74.56679377197813,29.4186570298697],[74.56628281187922,29.42059399202693],[74.5635041959135,29.42134679553468],[74.56264417872733,29.422346339926605],[74.54923602902151,29.424776472769835],[74.54530761763033,29.42455668819994],[74.54126705296004,29.424846449974726],[74.53667012813534,29.424545542610748],[74.53626459279005,29.429106626619514],[74.53455789086655,29.435295539075295],[74.53491783541169,29.437865323273854],[74.5360434967186,29.440448728287727],[74.53640763059767,29.443244865100038],[74.53462784837639,29.447754475173717],[74.53563012350801,29.450860263588517],[74.5358643458338,29.456947829318217],[74.53800737712476,29.462233245788404],[74.54001710559021,29.464973008196285],[74.5432644798648,29.467869900969262],[74.54788072744549,29.4683136982127],[74.55266197788804,29.466941652988986],[74.55865582697469,29.46609553361871],[74.57025320085779,29.465563014887024],[74.57465263955864,29.464653108154508],[74.58462142617634,29.45854461472776],[74.58458155290397,29.461172047996577],[74.58724100575833,29.466552970746378],[74.59189734754695,29.473015875519895],[74.59311727062615,29.476244153853997],[74.59546202779839,29.479433822786064],[74.59633770851134,29.482063914977555],[74.59530471786485,29.488726214346624],[74.59644341348576,29.491572853475475],[74.59804701630719,29.491930752574856],[74.59970651701342,29.494022878498118],[74.59995290978733,29.498660116716895],[74.60135480691044,29.50133888486016],[74.60397461905632,29.50262206673876],[74.6064244794494,29.506240131792925],[74.60801821244006,29.509709318830584],[74.60974797757947,29.511729145718686],[74.6147673172347,29.515608818627978],[74.61669852620378,29.51811702678345],[74.62188005304212,29.522376371806324],[74.62304311465849,29.531029291809574],[74.61950948512535,29.532578718082213],[74.6182412564061,29.531599983347682],[74.61490725797813,29.531187488659473],[74.61464728366234,29.534027246065378],[74.61316746044344,29.537246962786906],[74.61178211489145,29.538544885652723],[74.60759899645006,29.538968994375274],[74.60749265640527,29.540277616454606],[74.60413862067206,29.541856549441132],[74.60226885823089,29.54396636662546],[74.59517420158286,29.545027808309307],[74.59123316024592,29.547060232851447],[74.58790069524554,29.549555860988125],[74.58110745672433,29.556862646717203],[74.5758922241131,29.560154921489346],[74.57495312294958,29.56522660911987],[74.57604217805999,29.567674280513376],[74.57695205062049,29.571853919340224],[74.57676732172455,29.582500405096365],[74.57696748969116,29.58840146563522],[74.57755192929609,29.589332420516957],[74.57779866592115,29.594080318507125],[74.5775836591818,29.59992818390268],[74.57882583599395,29.603430917684307],[74.57882171073281,29.607330877290444],[74.57969029449997,29.61160093760088],[74.58038148599962,29.61756000030628],[74.58273077463492,29.623330313805074],[74.5813913348755,29.625949285537395],[74.5820875815839,29.62830199797856],[74.58920537002805,29.63178599277462],[74.59006018780248,29.633668640739288],[74.59133000603701,29.64019808007383],[74.59065009004541,29.641947928529042],[74.587500487129,29.645627613657258],[74.58652061118724,29.64738745500042],[74.58542636072772,29.653803128321172],[74.58566069922979,29.65532676598129],[74.58911022639987,29.665025945834053],[74.59081940395404,29.670783320601455],[74.59312784473438,29.67680814451418],[74.60122383993495,29.691059275774673],[74.60007550099739,29.69723877194774],[74.60080832544458,29.70056338975212],[74.60375271206789,29.703757493769007],[74.6071149331271,29.71175996202391],[74.60741429512409,29.71390714470598],[74.60979532781167,29.7218057719942],[74.60811930045053,29.73195014009583],[74.60856793810541,29.738549439219558],[74.60974036074981,29.74399845708963],[74.61194700943946,29.74805382512706],[74.61610268837653,29.75219887990868],[74.61224782305808,29.754074165098984],[74.60976455409023,29.75596474580918],[74.603234974113,29.758020779385284],[74.6009533380123,29.765959203329974],[74.59848177895806,29.767095451572853],[74.59622509190034,29.76734740347241],[74.58727835543175,29.766948456493733],[74.58405044342716,29.758395197044532],[74.58128723978061,29.752368012832914],[74.5788784857349,29.752227396557732],[74.57837341877233,29.748916333907506],[74.57593743571974,29.748360678527103],[74.57517802038267,29.750200718539855],[74.57740419031988,29.75403112677846],[74.56247904889365,29.75563076997992],[74.55785539107768,29.753958909518555],[74.54641995699397,29.753052757172778],[74.54071594446813,29.749004131901298],[74.53717397350373,29.744381067812768],[74.53501991122259,29.74076833629029],[74.51998149133475,29.74009333780413],[74.50512304009939,29.7412827127377],[74.4915910359459,29.74351024037213],[74.48038098554696,29.743539415489288],[74.47996105849477,29.74563117349835],[74.47725860533471,29.74535714395945],[74.47696771392393,29.754103012884258],[74.47601369625261,29.756404127572193],[74.4744229799427,29.763090290441777],[74.47379234136581,29.768386342616232],[74.47371344981144,29.77228815750726],[74.47403820447315,29.781706207157466],[74.4736501493218,29.78674033161442],[74.47509353507674,29.79258967032874],[74.4774931491139,29.79774351411345],[74.47885382302739,29.803173267908452],[74.48445690632546,29.814314644103344],[74.48797183051263,29.8167294715551],[74.49913048626742,29.82712838050285],[74.50790290979889,29.833092019462757],[74.5138298565555,29.834752473313298],[74.52986005278866,29.837629181485767],[74.5391287652361,29.840635094957246],[74.54584563716512,29.845659564478012],[74.55790583089778,29.862405205403313],[74.56104761457846,29.86968688803252],[74.56084983156411,29.87131068041363],[74.55684055362029,29.87658604740596],[74.55122587479887,29.882298022920928],[74.54854056814484,29.88771378039067],[74.54778169767924,29.891777333353964],[74.54528293300777,29.89647595139105],[74.54363263104652,29.901481723191058],[74.52201257897106,29.902292206398517],[74.51077792885052,29.907411470126142],[74.51003123029182,29.90823629203773],[74.51546462013891,29.91557512031616],[74.51743767409623,29.925026419816582],[74.51884092050408,29.92998923691776],[74.52717256908079,29.942834424000736],[74.52971515500138,29.947056522829676],[74.5317549462969,29.94924055447645],[74.54201603839537,29.94014467768884],[74.54476925262345,29.939164900203735],[74.5517674856398,29.93521473512116],[74.56073338858907,29.929332717844247],[74.55898250661907,29.92713443473709],[74.56449009745754,29.927674193464533],[74.57413870590838,29.92701614012575],[74.57820295477161,29.92598015950392],[74.58244832156524,29.924390543295356],[74.58784764389293,29.91823002919603],[74.59669937543032,29.912310918319857],[74.60066028180967,29.912014042302072],[74.60738094400837,29.910761162396255],[74.6129625813181,29.908966488052585],[74.62217836873604,29.90747397040748],[74.62718475969253,29.906111770036514],[74.62924533543749,29.905074289395074],[74.63270886190905,29.90469517916777],[74.6468388308674,29.904388945540042],[74.65419157470465,29.90561247584168],[74.64919890807073,29.907543851535575],[74.6467043069773,29.911463970460506],[74.64860219856374,29.92058174826684],[74.65161236789478,29.926520728605723],[74.65822933251835,29.93230173724445],[74.66211742182901,29.934910840446157],[74.66973060127782,29.93925288782427],[74.67535299950325,29.942016843887913],[74.67865881565903,29.943101946534114],[74.6820438358712,29.943380039957336],[74.68633077657681,29.94934924961853],[74.68774357405526,29.955586758826794],[74.68899419287057,29.959176591505642],[74.69190810516825,29.963243632794146],[74.69362530097877,29.966891804960444],[74.69603706489244,29.9689930364072],[74.70218778114103,29.971979950621765],[74.70665389308367,29.97693854875707],[74.70666783643847,29.970615659913395],[74.72154639330513,29.96535457225767],[74.72392861041344,29.963456194320422],[74.72837238324902,29.96156088415851],[74.7314054379833,29.961512475799935],[74.73354643287503,29.96295856429989],[74.73794705833504,29.96747101397475],[74.74028131707593,29.968436173541317],[74.74954844849053,29.967907203045975],[74.75318622245781,29.967332879733153],[74.75393385221592,29.969654189383665],[74.75829626326599,29.969976178721843],[74.75832737233934,29.97219083546387],[74.76183069091503,29.97341621177156],[74.76584169255648,29.972404748796286],[74.77006500681443,29.97263942767828],[74.77203316358832,29.971886489367236],[74.77462203288891,29.973372460228266],[74.77844037056418,29.971623609249242],[74.77973437213387,29.972146892972603],[74.78598209242405,29.976760619796416],[74.79068625765953,29.9810335574733],[74.80223932676368,29.98943903492378],[74.80642944121234,29.992143090870393],[74.81069381285828,29.992388768818895],[74.81611946696077,29.991938473052063],[74.82082570359398,29.989380249271687],[74.82308580007798,29.987594920153846],[74.82430730126772,29.985775963777797],[74.82551501467519,29.98206613675165],[74.82631028757976,29.977178261618764],[74.82478600284853,29.974745944828566],[74.82102244938426,29.970972711822412],[74.82414582825227,29.971393481960593],[74.82745022190545,29.973212407828147],[74.82955363727423,29.973213179940835],[74.83423249697843,29.971595401338767],[74.8384652603878,29.971159093986238],[74.84113398699934,29.96883229647557],[74.84331967036164,29.96472959004845],[74.84474637462017,29.963596387825707],[74.85064709483451,29.961874587742365],[74.85435188218004,29.95701281199891],[74.85628663449778,29.956553004700652],[74.86355620553259,29.9599412842693],[74.86898488599837,29.960234808618754],[74.872688654308,29.95907563588742],[74.87573972785322,29.957551072494446],[74.87793086690142,29.959689083112274],[74.88030340668568,29.96056405780628],[74.88419389413588,29.963035542529195],[74.88797928395982,29.967169162903986],[74.88877872010697,29.965669307192996],[74.89180864975587,29.96239429656048],[74.89885905671807,29.957477029877577],[74.90249829793679,29.954237306037157],[74.90328863907799,29.95190490708266],[74.90061929241202,29.945289455453146],[74.89806228028583,29.94244071494935],[74.89544411704618,29.940607660275642],[74.89728926558917,29.939452636505813],[74.90516668587517,29.940073566075323],[74.90724882783192,29.94062781551458],[74.91288466633456,29.943359676589132],[74.91886307620125,29.946961744042863],[74.92283747424868,29.952064349414165],[74.92674766541622,29.95029300586408],[74.92678749070475,29.945843780561173],[74.93065701533068,29.93859918851604],[74.93401511084366,29.93365411319911],[74.93639972766691,29.929047722133046],[74.93637726693788,29.926296254924853],[74.939222694431,29.922239844040266],[74.94178266768178,29.91757009530686],[74.94369453463437,29.917153310014832],[74.94591617956779,29.912421310405314],[74.94711444834748,29.90849191169063],[74.95169191491343,29.902643637637727],[74.9549937238081,29.901094456379035],[74.9618005515118,29.900070754488237],[74.97020053514746,29.89774195022797],[74.97528694697615,29.89538812608792],[74.97877408107989,29.894188624418383],[74.97878780298132,29.891677651515437],[74.97685599552537,29.889339892470563],[74.97739657150088,29.887894346456743],[74.98547825333074,29.87515882930235],[74.99058344814492,29.867978088246247],[74.99451626380397,29.867613643769406],[74.99805948840465,29.86612191955769],[75.00159723197838,29.86808097856854],[75.0060212451039,29.86885180227322],[75.02250829137822,29.866302404909835],[75.02898237841248,29.87406569163344],[75.0328941551647,29.879853112277395],[75.0385135983302,29.882466523519057],[75.04509244680877,29.8847354904296],[75.04832406038665,29.88522908410575],[75.05185015128681,29.884118026163137],[75.05610543667959,29.878137953888093],[75.06175713316087,29.8782335093478],[75.06539874397234,29.878802479822138],[75.06981439984693,29.877094128998284],[75.0743236317359,29.882000242741505],[75.07508460733803,29.888064659280708],[75.07589809238526,29.890345294778548],[75.07603433514198,29.89361403500215],[75.07529385801467,29.896389525480316],[75.07856444901155,29.898860710126293],[75.0811337947869,29.902215772827294],[75.08212930778423,29.907338119824253],[75.08649243811361,29.914445431034892],[75.08877503007582,29.917235269700477],[75.09420399900408,29.915102831185774],[75.09879707180033,29.912802695285684],[75.09899983103156,29.911220384027455],[75.10509838065177,29.906573010181898],[75.10736915345723,29.904078001884347],[75.10917205814195,29.904137249747162],[75.11033424792348,29.90196227921409],[75.11041075789868,29.892756478865554],[75.11166456733798,29.89104207127334],[75.11191864892228,29.886645799216176],[75.11471461764322,29.878700588080303],[75.11027248185592,29.87203345954984],[75.107206006246,29.868387651523],[75.10538840643423,29.866993020282607],[75.10008854808824,29.864182749450567],[75.09775134153439,29.862393976266926],[75.09532370179576,29.859467088630844],[75.09338060364071,29.85802334688805],[75.08973437959004,29.85866717743032],[75.09010868229024,29.853951508581503],[75.09078383534586,29.852697405630753],[75.09905857099113,29.845408858697557],[75.10126590226298,29.84469144350268],[75.10287773937556,29.841981011706086],[75.10698722901168,29.841226569696484],[75.11104129524357,29.84208154276649],[75.1144229612567,29.838726945477816],[75.11461784458757,29.83783896532123],[75.11810031495273,29.833600029139397],[75.11887350963677,29.831635620098915],[75.1173688737068,29.830043593381184],[75.11372588556719,29.828945919659837],[75.10486094626737,29.824449773619595],[75.10152013310305,29.821598012619614],[75.1003129643562,29.81944737840661],[75.10067790758919,29.814829617152444],[75.10043127865684,29.807896031712286],[75.10073031934023,29.80682791259655],[75.104588854405,29.80484580574524],[75.11679459823324,29.802892559338297],[75.11906946248945,29.80276831010977],[75.12287431607426,29.804948749462877],[75.12544181664907,29.805758945705396],[75.1266452553136,29.806926453243207],[75.1318018384723,29.807951858290547],[75.13497362552414,29.807339823948958],[75.1367665586242,29.806042371031793],[75.13820548795728,29.800309517972146],[75.13836291035756,29.79678264229921],[75.14008041100476,29.786503035798976],[75.14121407950137,29.784733474554],[75.14645722445472,29.78186975986732],[75.15096650430601,29.775572368127953],[75.15546622388801,29.776931860962456],[75.1598075073517,29.779067612473828],[75.16491019576294,29.782418428059888],[75.16660507897795,29.784335226970363],[75.1666180024106,29.788259537304253],[75.161912107257,29.795992417692062],[75.15907019678032,29.80137531806898],[75.16062537334723,29.806418269580945],[75.16079464708727,29.809913834467665],[75.16019505241553,29.812893907062236],[75.16203711379798,29.815423265187526],[75.16376819047362,29.82069919274605],[75.16404694786594,29.82413848679159],[75.16732229119465,29.827117919294047],[75.17016151843183,29.82814915755544],[75.17588154717501,29.828137604910268],[75.18003428489959,29.831513515355326],[75.18387648647327,29.833683339561652],[75.19102329933006,29.841413392272734]]]]}},{"type":"Feature","properties":{"id":"06-220","name":"Sonipat","source_name":"Sonipat","state_id":"06","source_agency":"Survey of India (SOI)","district_code":"075"},"geometry":{"type":"MultiPolygon","coordinates":[[[[76.68206008564887,29.269497504558252],[76.68650108482285,29.267936405317045],[76.69438007889016,29.26600660384306],[76.69837957670367,29.26389679961834],[76.7032389582519,29.262366950266667],[76.70881824658579,29.261057085013217],[76.71370754038273,29.25821738642273],[76.71402763002872,29.251297940476427],[76.7182470867313,29.250967987114585],[76.72517618354038,29.2528878498727],[76.72681596580313,29.254327733259068],[76.72778582812012,29.256887519438393],[76.73054547302664,29.25667754721826],[76.73322513251054,29.255517657074698],[76.73955430552599,29.25816745562202],[76.74883309649523,29.26071727911936],[76.7559821580884,29.264506982758395],[76.75690702288108,29.267066770649336],[76.75992162780545,29.268576653944955],[76.7611514520758,29.271526407796188],[76.76481095593957,29.276126028994508],[76.76962031697148,29.27988572615058],[76.77206265832821,29.281215868172193],[76.77945593771821,29.28204524581079],[76.78069258320247,29.278896172566665],[76.78211871943067,29.277425990396274],[76.78997772752815,29.274086306488883],[76.79626674742178,29.27250272890657],[76.7970263988497,29.26614192387229],[76.79725687612493,29.258537666312336],[76.79798192767399,29.2579156617202],[76.79538090428794,29.254900128397693],[76.79312387329333,29.25104292024849],[76.79344741020496,29.25003837656427],[76.79682411990859,29.248713857259183],[76.79545972741289,29.24640568038941],[76.79836681227879,29.24347895555225],[76.80142644618617,29.23811942625485],[76.80116678906529,29.234155998219823],[76.80188644074009,29.228590238541504],[76.8036054326556,29.226619701227612],[76.81114926987635,29.221871109434748],[76.81105959824887,29.217753994412945],[76.81451487434134,29.21741124950615],[76.817764464019,29.21634135129876],[76.81923032369806,29.21395953035387],[76.82374371903721,29.211771768612973],[76.83209167623221,29.209344771581044],[76.84204139837753,29.20564236968217],[76.84648082720183,29.20514242877253],[76.85486012203283,29.205773842528654],[76.85793082660349,29.20139867156493],[76.86093900811144,29.198203081724618],[76.8631887201564,29.197463155923966],[76.86859266946898,29.19446111995667],[76.87307057781506,29.19348375884934],[76.8755771565223,29.191903681595555],[76.87842179009294,29.192203667476402],[76.88495593769922,29.194023539423462],[76.88604746948656,29.195856018219438],[76.88898539833163,29.198053214211313],[76.88974624964513,29.199483173136915],[76.8901289439329,29.203937499169616],[76.88958902963411,29.20647782390625],[76.89190836717988,29.207179473068553],[76.89438463585171,29.2104721784159],[76.90069280705333,29.212755826146527],[76.90310991520765,29.21232183765574],[76.904817948914,29.214405471759218],[76.90660361334886,29.21473284544383],[76.90960561691135,29.214188222409245],[76.91318167982784,29.216625229026683],[76.91812306187137,29.219384549676523],[76.91936150415239,29.21793403782198],[76.9228909389425,29.21557186514694],[76.9287301975028,29.21330208191912],[76.93099990224009,29.21427200967922],[76.93888596545673,29.208710468338523],[76.94591801222552,29.20911251336936],[76.94839769478774,29.20879255111666],[76.9535270425674,29.20718271143801],[76.95535051671953,29.205740782992255],[76.95968082050722,29.20505723664508],[76.9608029859445,29.202896221649908],[76.96628544732862,29.198633496714887],[76.96736992415548,29.19711538186106],[76.96410337034676,29.194895871130342],[76.96406775872151,29.193698057133577],[76.97306429561124,29.190799786614594],[76.9821478626356,29.188454167999357],[76.9861029542594,29.188734425376445],[76.98700486025253,29.187904755353255],[76.9916622295851,29.190324315815207],[76.99761255631996,29.185872861584095],[76.99884133564724,29.18551475632649],[77.00103290099564,29.187552318805626],[77.00333074359759,29.187824579879358],[77.00414033670883,29.188964067826994],[77.00689287917155,29.189007493056987],[77.00742022951788,29.185784769822554],[77.01803547523096,29.185409711283828],[77.02239832574725,29.181875170694905],[77.02885751904114,29.17765555551635],[77.03297074548345,29.178415117308326],[77.03484673652315,29.179625414569752],[77.04069328402615,29.18184887464551],[77.05025800716867,29.184448284073127],[77.05264126517051,29.18152698454216],[77.05131054419282,29.179185730289063],[77.05278439843563,29.17868552561114],[77.0519787101343,29.176344081156376],[77.05607196750222,29.17425651724835],[77.05990903706417,29.172856140005727],[77.06135226755605,29.17584731202342],[77.06617828621523,29.17499938369507],[77.07044898981316,29.17501535962654],[77.07411473765143,29.17593859284963],[77.07829114958436,29.17956561368652],[77.08101080376062,29.17885568480287],[77.08748318689253,29.175269010379484],[77.09171949012942,29.167786677352886],[77.09609895707428,29.162637134452076],[77.09733880199006,29.16180721195404],[77.10128581476262,29.163274410170864],[77.10685039668003,29.166246352353088],[77.11007454687646,29.168756784615336],[77.11558898632822,29.1696860440383],[77.12187022765362,29.16945428948037],[77.12880471608706,29.168506780558175],[77.14328801354358,29.1669742783964],[77.14301228779829,29.16270197897793],[77.14348805609846,29.158988045651494],[77.14288297544766,29.156277887278975],[77.14166190897245,29.154268765628167],[77.13910622693086,29.151644013425635],[77.1361999977809,29.149568482825696],[77.13594515296131,29.142052990602632],[77.14294307959126,29.136999531059217],[77.14442289164613,29.136619568065274],[77.14682914112849,29.134470582926575],[77.1477999134779,29.132792317365343],[77.14713214747358,29.128653672265294],[77.14807062208187,29.12486843885843],[77.1479418268536,29.122497959465445],[77.14902241697904,29.116881271075194],[77.14811319462862,29.113003481603005],[77.14607471474615,29.110566085194275],[77.14400433210774,29.109055270192364],[77.14048554139619,29.10933990807589],[77.1389442257399,29.10803794856791],[77.13629321991829,29.10300199529007],[77.13601784442535,29.0997065183442],[77.1346153836993,29.098153135985516],[77.13407398768175,29.095195896321222],[77.13691412225793,29.091253401284074],[77.13949166642209,29.088917312726927],[77.13988376269565,29.08731374869393],[77.14345333137264,29.082704160258725],[77.14675291815898,29.080594353613947],[77.1509223896578,29.079714445536652],[77.1566850163821,29.079273497785966],[77.16225270160373,29.080950439489072],[77.16375706973385,29.07947488424561],[77.1650238155041,29.07670685444118],[77.16589613617386,29.071994214761716],[77.16572077826252,29.068291809710747],[77.16621051770657,29.063605885908945],[77.16788025591066,29.058586527856075],[77.16780223418633,29.05590176807372],[77.16875025867184,29.052176869464247],[77.17203986645359,29.04685733819498],[77.17156994541823,29.04384759227821],[77.16991951554085,29.03978724133106],[77.16706843875873,29.037773848983647],[77.16646435287888,29.036010474132176],[77.16696059360493,29.033858420608862],[77.16808543269646,29.033013511888534],[77.17384972715624,29.031058689446795],[77.17905906615015,29.029738825390645],[77.18285856749873,29.031618684290663],[77.18511377789767,29.03153148079426],[77.18788519873874,29.029936965790743],[77.18912123037897,29.027712823712747],[77.18903188361757,29.023593435158578],[77.19143737054569,29.019743823734913],[77.19165364619022,29.017721578025608],[77.19310391803839,29.013202290922447],[77.19125302063384,29.011053847616893],[77.1907128804195,29.008897264783187],[77.19096284495369,29.005959849849333],[77.19281433176532,29.00341425968889],[77.19403440549625,28.997797518810167],[77.19776588175,28.9914590828759],[77.19858570373692,28.989253084364844],[77.2017246765576,28.988591817290896],[77.20235468439019,28.987244044949364],[77.20160931905428,28.978853845467548],[77.20006937009127,28.971299414867566],[77.19672257070901,28.968153980997293],[77.19497450393463,28.967162108575362],[77.19451655852583,28.9615488497653],[77.19279123013169,28.95887846065279],[77.19568905839012,28.94919433859326],[77.1972733200857,28.946527684869686],[77.19599935969197,28.944240411371712],[77.19547022730481,28.940498038426874],[77.19665740843232,28.937689001518933],[77.20061231780456,28.934319045581507],[77.20285044063307,28.933356195518456],[77.20768902797563,28.934839299648324],[77.2134438549115,28.933175267357793],[77.21679529809198,28.930606794640454],[77.22073984394333,28.929036953617725],[77.22279654305736,28.92762138301869],[77.22495199693061,28.92307113425407],[77.23045361539708,28.921365531226687],[77.2328822720412,28.91874010036233],[77.23275562571355,28.91751929464154],[77.23435073100984,28.911549727398626],[77.23421937664298,28.90916312822069],[77.23228898388591,28.90257617923767],[77.23277925657983,28.90111683506615],[77.23232102218816,28.89759148961329],[77.22757104299231,28.8940286321541],[77.22724757567796,28.88924613283016],[77.22808588843299,28.881235051050734],[77.2235049950314,28.87859840798555],[77.22054608962844,28.87883591008179],[77.21858751856729,28.880477192049856],[77.21660067564682,28.8837533322103],[77.2130444764838,28.88658923536928],[77.21038168298176,28.887695944611558],[77.20607226271507,28.888324575231334],[77.19823639362104,28.887548046798784],[77.19545265688984,28.886247631997414],[77.18927898069794,28.880919823851272],[77.18899091692798,28.87955379618338],[77.19210274266986,28.87579664425711],[77.19148531098656,28.87384941245411],[77.18932942219968,28.870229169444084],[77.18927652507875,28.86814890313907],[77.19084653207251,28.86647569533654],[77.20056451361062,28.863230344917884],[77.2060156572723,28.86257997233989],[77.20881848821111,28.861071597757338],[77.20983743192032,28.85793028598112],[77.19712021363412,28.859257511150027],[77.19330728699063,28.8585854576334],[77.18140904458801,28.85754646340951],[77.17848709973434,28.858237763319007],[77.17519392899703,28.85828167604653],[77.17300946127023,28.857170591025884],[77.17195178359894,28.84999065147707],[77.16952957533155,28.850443045384566],[77.1660395085011,28.849182254804727],[77.15930593745485,28.84090576434313],[77.15686666640957,28.839080741833573],[77.15769675219488,28.836765232470743],[77.15401265035445,28.837491786339132],[77.14563781890863,28.837996209084878],[77.14240758175129,28.838941519086568],[77.14168526359235,28.84266489376884],[77.14220900771534,28.847816222998723],[77.14523302318679,28.8523063713842],[77.14519116319168,28.853898970362323],[77.14306648331774,28.8550188107499],[77.14193021077635,28.85690338665215],[77.14253306066658,28.85963550799103],[77.14090357651452,28.86020571568918],[77.14037296518863,28.86201073316405],[77.13295585563552,28.862857408539256],[77.13227886694446,28.86334925334363],[77.13008936234291,28.861471766854393],[77.12534745152564,28.859768122095232],[77.12487690695431,28.857709817927056],[77.12085844514895,28.85843954078885],[77.11998478817532,28.860167674315253],[77.11638513937297,28.863293343797324],[77.11572094428266,28.864902975702474],[77.11244533644005,28.866583575239044],[77.11013303361003,28.869854183268853],[77.10679340909786,28.8698931451566],[77.10398102381197,28.870538504883992],[77.09715401416325,28.870904706711823],[77.09382864667374,28.871660510651765],[77.08737904073774,28.875692757338484],[77.08806563059424,28.877067001739714],[77.08681103281987,28.881023963033993],[77.082659655767,28.88357268072876],[77.08217501104654,28.882118611694512],[77.07943770327832,28.878680378187],[77.07765136451548,28.877229828078804],[77.07892129506979,28.874507741813556],[77.07923058914429,28.87199160179302],[77.0759743060188,28.86936909079526],[77.07451721497809,28.867543579506595],[77.0717655704079,28.868926872610235],[77.06923795390158,28.86723359882103],[77.06458788870948,28.869142342654015],[77.06167226061673,28.87084493912205],[77.05805995401478,28.868096301530183],[77.05453455217541,28.86301074326426],[77.05128533772427,28.856178598922817],[77.05100784263513,28.85470621672685],[77.04567963490392,28.84749622023491],[77.0450285875184,28.845858717989554],[77.0450772776786,28.840909886416526],[77.04184926670143,28.837776764967415],[77.04258117964925,28.83433748156279],[77.04003588704681,28.831873626278973],[77.03225573643398,28.835444253992158],[77.02710023507545,28.83690590708556],[77.02332323983367,28.839406102933435],[77.02087208507346,28.839337558029165],[77.0150006950035,28.840085604352815],[77.01101629494617,28.840107520991044],[77.01074098454662,28.840614453220134],[77.0065159141838,28.840569780734654],[76.99829692637263,28.838358888646592],[76.99485404453536,28.839547424209886],[76.99181236304221,28.838371542613196],[76.98699922927744,28.83386227527922],[76.9858879058826,28.829442789557593],[76.982802562685,28.824198459055886],[76.98009241133175,28.821495934568848],[76.97665857836371,28.82226203017197],[76.97360847226825,28.826181106525233],[76.97083309104002,28.827475780648886],[76.96709837516613,28.828065168162187],[76.96377638356559,28.82276109191062],[76.96491705092247,28.820214787623136],[76.96181632344181,28.81491687388042],[76.95929027602756,28.815317059606173],[76.95702265857051,28.816547593224183],[76.95080938304162,28.81830937484165],[76.94818519114635,28.81513197203094],[76.94566380295298,28.810281178541537],[76.94633006615608,28.80694333467283],[76.94551965354957,28.804728513652123],[76.94211115425364,28.798491124988722],[76.93663366335718,28.799017290786285],[76.92314376962558,28.8011612893365],[76.9224246814247,28.799927653891718],[76.91773697697681,28.796664060334464],[76.915156524073,28.79596772029533],[76.91212420142327,28.793556710193922],[76.90930866321594,28.79394256266514],[76.90599542930428,28.79507998055717],[76.90433366921609,28.794914838371472],[76.90173855130834,28.796061477419443],[76.90038093469421,28.79539087254937],[76.89813985524347,28.797367457714877],[76.89645936925555,28.795243749292045],[76.89131697866104,28.797904518801232],[76.88994614995245,28.79921691186039],[76.88779193836157,28.803325103186037],[76.88696452842328,28.812753230635998],[76.88397553729506,28.816604295228764],[76.87860568660167,28.81956739442215],[76.87615269683437,28.819588298489805],[76.86961129378406,28.823775485749138],[76.8687269858144,28.823327137342027],[76.86806292598573,28.83354449689449],[76.86591201583748,28.83788152693304],[76.86530153807323,28.840813441535182],[76.86247129506572,28.84687952938128],[76.85936653492342,28.849377281302534],[76.8528456174182,28.853082557734098],[76.84871019020557,28.85779746655494],[76.84722781540452,28.860790001913415],[76.84164661511974,28.86253242517702],[76.83767591633014,28.860757454152868],[76.83262200474486,28.860203566544477],[76.82521117067459,28.86117784798311],[76.82318781962704,28.86015184921147],[76.81166624191195,28.865723179767503],[76.80922492233307,28.86779085882046],[76.8115297551393,28.87001916921864],[76.81549300312864,28.876544927879124],[76.81665058815703,28.87995183572905],[76.81799893538688,28.882220800248618],[76.81879486665304,28.88632658208066],[76.8214280000263,28.892541286130445],[76.82409735097512,28.896945500956797],[76.82596599352439,28.90176680623258],[76.82573085821284,28.906404700832375],[76.82722818854009,28.9149633160238],[76.82626460651485,28.918528691902313],[76.82414896897366,28.92218674951169],[76.82201508177853,28.92433758009556],[76.8220677147838,28.92567495507408],[76.81908749781303,28.931173435419847],[76.81438040587672,28.931616299661155],[76.80820908772286,28.92941650758642],[76.80495657021943,28.929030715719833],[76.80095563307637,28.927758788878094],[76.79488551176591,28.92448304187954],[76.78969734261656,28.925396962176354],[76.7838344628585,28.92921313551584],[76.77869071796913,28.93041185071863],[76.77775852136544,28.931387638617743],[76.77775487295004,28.933459088739752],[76.77484240237014,28.935299761976395],[76.77164342107642,28.938184187559074],[76.77124121101868,28.94109343214586],[76.77326179102714,28.9441623774713],[76.77497516661347,28.94821541448557],[76.77275468029883,28.95062577091103],[76.76904475008178,28.952971696736142],[76.76494329032316,28.957730313155515],[76.76178559081696,28.960553913032168],[76.76091421513587,28.963696006860605],[76.75966671077802,28.96555046203817],[76.75419651181522,28.96541222041603],[76.75262015620972,28.964990586622335],[76.7507211762064,28.962558922811898],[76.74885073052967,28.96152611206541],[76.74608242264281,28.961240127668447],[76.74139440733772,28.961659324397882],[76.73376095584389,28.96592436181871],[76.72810767621854,28.970823525687862],[76.72614869729712,28.971880765365558],[76.72934824133341,28.978881555149197],[76.73140934603929,28.982579057309497],[76.7324718362219,28.98550604127738],[76.73681434643873,28.98957603581673],[76.73523647395119,28.991266146389975],[76.73542733314382,28.992807224863945],[76.73437907240289,28.996254660331847],[76.73655664321363,29.007412026328343],[76.73075021414613,29.01010094702787],[76.72631208298927,29.011146416281566],[76.72389312584102,29.014621847466458],[76.72195947285776,29.01588642313607],[76.7214450378436,29.02008897949299],[76.71801419441718,29.02313411975943],[76.71349464336197,29.025744679234943],[76.70655728602242,29.02836562001573],[76.70254084107982,29.031518303091428],[76.69804854819228,29.038881637543454],[76.6900609223085,29.03721209876866],[76.68250558063444,29.03886665566789],[76.67712660383842,29.04031694359885],[76.67064468772858,29.0438244713927],[76.66277629515983,29.047589274400046],[76.65260822739047,29.055089335817524],[76.65116522887561,29.053661870331002],[76.64744547189535,29.05333777297892],[76.646675149475,29.052169558634425],[76.64287600520136,29.052463317812034],[76.64137930985831,29.051947003250838],[76.63703261663082,29.0526952437212],[76.63385897456874,29.05449439634246],[76.62512009898883,29.054074395999752],[76.62306035850725,29.05522429195979],[76.61955081180255,29.054604330265075],[76.61813099114426,29.055624237012445],[76.60746235858383,29.056124150483406],[76.60159310448874,29.057983972397178],[76.59865348236627,29.057394010509647],[76.59417404316778,29.060523725764114],[76.58471525996625,29.06028370705752],[76.57957593280045,29.057993882067308],[76.57662630934087,29.05842383484889],[76.57161695592414,29.05773387152502],[76.56666758557274,29.059033742838803],[76.56369795110908,29.062317518128644],[76.5640844133238,29.063715131062203],[76.56140821255123,29.06918285831298],[76.56131615771213,29.071055769660152],[76.55831858435147,29.07370245942271],[76.55430907901786,29.07799207983175],[76.55065953631339,29.080201876290978],[76.55015959126003,29.082201703852938],[76.54848194412337,29.084951597718202],[76.54863976065585,29.08723127097811],[76.54756989276055,29.088181184174864],[76.54606006838883,29.09202085074985],[76.54215055826491,29.094540624310085],[76.54019079613651,29.09741036979084],[76.53722023304202,29.098099066174353],[76.53419285497188,29.094632469798427],[76.53194312517076,29.094748308654964],[76.52931622379413,29.091710397292566],[76.52688096727488,29.092462047562556],[76.52516390565806,29.088878937748877],[76.52339257903063,29.088241541393185],[76.5223271276753,29.085457339340717],[76.52053078034285,29.084323671813337],[76.51594829573158,29.08575913410718],[76.51070165826303,29.079182023518772],[76.50995311983117,29.0772516961754],[76.50772919382743,29.07830881900805],[76.50134926963909,29.079904590389376],[76.49384369706705,29.083091679767712],[76.49016859378158,29.086031898086073],[76.47749880444754,29.092211374992722],[76.48054496272202,29.10045284150375],[76.48109904791886,29.107010462810234],[76.4824381639723,29.108929161975407],[76.48566723241937,29.11573781532486],[76.48602467227762,29.118709423209648],[76.48548329469621,29.120481056000834],[76.48626497050668,29.122626446857414],[76.4860538390299,29.126617432885503],[76.48665406690448,29.130609246893226],[76.48936369457674,29.136909034879018],[76.49291127420736,29.14332528302827],[76.49816861527755,29.148706881327712],[76.49889167796553,29.151060927541522],[76.50500679985214,29.154580718548342],[76.50529405658796,29.15583565283268],[76.50814461910885,29.156685192722563],[76.51087629647712,29.156076258042415],[76.51082665626727,29.15771961882043],[76.51188874338501,29.163351698144723],[76.50129494327761,29.172932995619625],[76.49715796665332,29.17545855588723],[76.4956140299427,29.178175645769105],[76.49502745640002,29.183807066309782],[76.49563488833091,29.184677745712754],[76.4931463769059,29.1904122564051],[76.49337253408,29.195784497905464],[76.49059662421588,29.206750852857876],[76.48891199409596,29.210348505740946],[76.48214765881757,29.216939949019444],[76.47796540286662,29.222281820477043],[76.47667575167493,29.22860731687462],[76.47668826858924,29.23551834311846],[76.47452019017477,29.238029976441883],[76.48115734562745,29.240697926208327],[76.48312415350476,29.242577431481056],[76.48574707556999,29.240617943391744],[76.4901976362473,29.238998780832137],[76.49304614199612,29.23906810138139],[76.49784553547441,29.236998300559566],[76.50378478284819,29.23495849683193],[76.5068440731519,29.23434211188873],[76.5121037253312,29.232328754289632],[76.5166231449882,29.231818812788003],[76.51866288302925,29.23203880198012],[76.52528203200598,29.231678860977077],[76.52555200011392,29.23107891055831],[76.5239322379061,29.225459386064802],[76.52390253760724,29.22343082361096],[76.52585519573012,29.22015729805937],[76.53235389713613,29.215840374930686],[76.53404219248037,29.214009983064912],[76.54001939570897,29.211442541690914],[76.54337331425654,29.20967633075833],[76.54663777810927,29.20962609031046],[76.54929111861358,29.210374435795586],[76.560050306369,29.20899146700134],[76.56385714271013,29.216670291426748],[76.5639471234385,29.218050173901847],[76.5668367286898,29.222319821358163],[76.56828525858393,29.22680058140448],[76.5889628152287,29.23376446455417],[76.59624175629682,29.237523657204697],[76.60118426871279,29.240885561377812],[76.60890499426418,29.252932915442322],[76.61853616849668,29.260558812466332],[76.61780776104413,29.26599544510672],[76.61238516642503,29.27107879008831],[76.6090668633564,29.27552650696542],[76.60809565223857,29.278067973994236],[76.60136941351061,29.2845597192123],[76.60418158257283,29.287804376504017],[76.60653266143042,29.288907918049745],[76.61085919985783,29.28916784193387],[76.61472362940657,29.28709635046447],[76.62085376997722,29.284767943064836],[76.6240336866844,29.28241329284726],[76.62892843810448,29.27967517269409],[76.63207804277272,29.277265391396384],[76.63423928370032,29.27488556904877],[76.63749735883555,29.274815621382544],[76.64508638585554,29.274055718748873],[76.64676653558405,29.273085243211263],[76.64859595810745,29.26957611347564],[76.65362532675245,29.266346408159496],[76.6602044884668,29.264546590609395],[76.66825152847795,29.263960477736294],[76.67287742707461,29.265830951419307],[76.67899470637728,29.26493566257232],[76.68206008564887,29.269497504558252]]]]}},{"type":"Feature","properties":{"id":"06-221","name":"Yamunanagar","source_name":"Yamunanagar","state_id":"06","source_agency":"Survey of India (SOI)","district_code":"076"},"geometry":{"type":"MultiPolygon","coordinates":[[[[77.58558799190517,30.379557195197076],[77.58773214766532,30.378979026258165],[77.58743626916579,30.377746587465275],[77.59057148246062,30.373523189276927],[77.59344967977498,30.37177366789125],[77.59566992325666,30.37173436211682],[77.60352906445642,30.369216313499603],[77.60430619441065,30.367784399886258],[77.60246435635747,30.362681348617066],[77.60082045810941,30.360700853508995],[77.59648583899997,30.358373286926195],[77.59193565275031,30.354983879539777],[77.59126784653529,30.350162577267774],[77.59018822482481,30.34759048848549],[77.58812903835158,30.345815773759266],[77.58620125267025,30.340199781909256],[77.58400456114363,30.338374825922298],[77.58266526994633,30.335973175146492],[77.57827922428658,30.329869271623625],[77.57841214871718,30.32665946905522],[77.58049463117143,30.3237313119859],[77.58235800886663,30.31995779628438],[77.58605912932384,30.316500258332056],[77.58680300451269,30.31392217476344],[77.58574541152215,30.311322906445223],[77.58264225871363,30.30628444350987],[77.57421707221788,30.30257393771628],[77.57028282102661,30.300325686151027],[77.56463509335788,30.29502008196355],[77.55471872868003,30.28830259962518],[77.55264176348798,30.28610586382958],[77.5453459646172,30.28079861535191],[77.54007693589807,30.279503790368118],[77.53825210115406,30.278573845624155],[77.53693936230066,30.275618486176892],[77.53627638727846,30.271373647740834],[77.53297667975242,30.262486924103435],[77.53211262134867,30.25722828530848],[77.53050771095262,30.252514294504955],[77.52668039597869,30.24807637550503],[77.52057885686125,30.2447608246947],[77.5168858041545,30.2390831585269],[77.51429698069119,30.236122173652056],[77.50908245668316,30.230984839402883],[77.50333655160097,30.223474400762377],[77.50104581838845,30.219512215966883],[77.50033557337892,30.214324660155956],[77.4997476341784,30.213365852813872],[77.49492431548575,30.208890309727668],[77.49111134564755,30.201606469176845],[77.48327611745222,30.193212557258295],[77.47836746622576,30.18547081640659],[77.47724575629923,30.1824335281447],[77.47405327607635,30.180238980787767],[77.47181752865454,30.181946408055182],[77.47014586377236,30.179115003981092],[77.46880511927753,30.18017662628873],[77.46805611787113,30.178123758246628],[77.46559253033321,30.175852878748078],[77.46206401586392,30.170885465702394],[77.45765117150982,30.166399758452275],[77.45517674562905,30.162710706656515],[77.44966663200246,30.165812613483624],[77.44070678935785,30.165034872412797],[77.43811768571139,30.163486194422255],[77.43587422404445,30.16078974928458],[77.43498038522145,30.16096858395338],[77.4348043305691,30.16404551090852],[77.42974865919416,30.16403415358573],[77.42802509015874,30.16282376664347],[77.42718843626399,30.160747699347326],[77.42408187223636,30.157142850475847],[77.42579669745894,30.15488327384894],[77.42389334475016,30.153650166720126],[77.42127482955351,30.149555499689175],[77.42043800543189,30.146692706269775],[77.42118033369111,30.143536212303317],[77.42118271068632,30.139689502086323],[77.41835336361838,30.13497005804278],[77.42350015278528,30.130928579236247],[77.42071238443884,30.128128149261084],[77.41994187299379,30.12630141205988],[77.41764765075554,30.124099555241912],[77.41403769359417,30.115569258714576],[77.4130348403436,30.113863083920556],[77.41106594130298,30.114709425703726],[77.40966823906308,30.11375204732669],[77.4048416728045,30.113959875334434],[77.40254318585933,30.11170964345813],[77.40273879937664,30.110389612647992],[77.40932664070428,30.10506393725459],[77.41207772306976,30.104637833462572],[77.41693364837586,30.105493311793147],[77.41905711773943,30.105117001566157],[77.42257606452421,30.103458358253114],[77.41629913300537,30.097207198942584],[77.40858141964044,30.092166867126195],[77.40579587672264,30.089353347495003],[77.40245352292553,30.08859834278067],[77.40038597699555,30.08983571195993],[77.39424199053902,30.08957069220806],[77.39144049637565,30.090805885880194],[77.38826739891682,30.08789921768701],[77.38254761896147,30.092539899106544],[77.37737093429047,30.09062602420678],[77.3694894041896,30.085059777510743],[77.3645102353915,30.077958822562497],[77.36138950708231,30.07580782841753],[77.35859838315507,30.075590309443797],[77.34818103728668,30.06983770313832],[77.34521490266785,30.069372545243766],[77.34144722219351,30.062443562147674],[77.33931667489702,30.060476361036436],[77.33630583618678,30.055671866267343],[77.33429489441244,30.053790348949843],[77.32946790096551,30.053206954363358],[77.32814017365314,30.054198855094764],[77.31888892728304,30.05655421211861],[77.3084004417804,30.055164709724078],[77.3044026048608,30.055419658086212],[77.30230823902137,30.05491339208153],[77.30027208365276,30.052618044357843],[77.29699376349912,30.053341622643053],[77.29351807972886,30.050465403176222],[77.287861458369,30.044566594208288],[77.28493410122492,30.042449178280215],[77.27852198440645,30.042091249270364],[77.27619586730121,30.039844916381984],[77.27635883020328,30.037603309226697],[77.27925603931091,30.03411478898089],[77.28226065427855,30.029461583621934],[77.27941863522197,30.02006865469401],[77.28021746733953,30.01943330504171],[77.27924987586024,30.01221125712164],[77.27698797053642,30.00918297740526],[77.27554997446008,30.006394443471354],[77.2775915665342,30.00140729719122],[77.27641102561594,29.996681492045827],[77.2754167824869,29.995699959672212],[77.27171038763429,29.994150127590142],[77.2689396505932,29.991028072490156],[77.2669643018335,29.990039969794385],[77.2672188729908,29.987682478184613],[77.26441753489343,29.98672058767263],[77.26306695512962,29.984124892703573],[77.26112730834971,29.98206192145423],[77.25223045209812,29.978272887091023],[77.24693041053177,29.976734879200404],[77.24704561041867,29.96928778808122],[77.24630368703393,29.968475845473765],[77.2455410474624,29.96320900376514],[77.24376485520105,29.959403720777765],[77.24127593225155,29.957195745173763],[77.2368243044425,29.955336757794186],[77.23634809418047,29.951052093106163],[77.23492954828872,29.94928740927826],[77.2313001402737,29.94338381712608],[77.2292973127778,29.939587581206087],[77.2219690257719,29.938302757596666],[77.2090164554033,29.935086265266523],[77.20699189798968,29.935520559183015],[77.20454882790088,29.937145872364393],[77.20168782064326,29.936654407488984],[77.19815108533625,29.938753380190086],[77.19580739528847,29.937746343555606],[77.19162527788141,29.941266735001175],[77.18670716018546,29.944530295253863],[77.1819590331263,29.946584796273797],[77.18460720447442,29.9478969559529],[77.18912913423237,29.952814256173465],[77.18923605453573,29.954736459984183],[77.18606226115284,29.956848930268592],[77.1846742837691,29.95649708430271],[77.18299101951841,29.95754039057529],[77.18254130855783,29.95920046759557],[77.18411976443245,29.960964403576526],[77.18092689639,29.963379293050508],[77.1789446846282,29.96560249619716],[77.17517339580701,29.96554540275333],[77.17148634263202,29.96828912557251],[77.17129532397935,29.969701054926215],[77.16883968015188,29.9695394491728],[77.16491710149909,29.967186265532767],[77.16062797577328,29.967841570905094],[77.15681590624617,29.970179001452326],[77.15223625576904,29.96980115408502],[77.14872354495702,29.96877793373859],[77.14285869025065,29.965756861921687],[77.1386623114197,29.96324051707699],[77.13681297999052,29.96319105820312],[77.13325950440873,29.964558049976617],[77.13146197992343,29.96589780101691],[77.1342421412952,29.969143494270234],[77.13571606376897,29.974246555171533],[77.13439023865861,29.979090942002],[77.13149947380778,29.982397333375697],[77.12713191468723,29.98648850061164],[77.12508521137984,29.986520116762385],[77.12205924979627,29.98894231350834],[77.11744509941325,29.993382254725216],[77.11933347848948,29.994851025761076],[77.12239587737601,29.99547350407701],[77.12263938192557,29.998143730286966],[77.11952495801033,29.999397577295685],[77.11999651143877,30.000385142488227],[77.1185453064172,30.003041708907155],[77.11643905388655,30.002125011739206],[77.11391093835944,30.005113603175406],[77.11159046613447,30.005621247038846],[77.108480662045,30.00805207640859],[77.10880156868866,30.010564479671633],[77.1029596559412,30.01536280827932],[77.10031333669721,30.01689486273757],[77.09968398389674,30.018572697638593],[77.10251253830029,30.02199319957344],[77.10549703084438,30.02732959160763],[77.10508697713453,30.030144098610464],[77.10219928818294,30.032191353178646],[77.09917498609039,30.033545028295446],[77.09444278544187,30.037264145907745],[77.09672812077928,30.040358826262757],[77.09822092771861,30.04135146678005],[77.09291585320652,30.046374941663288],[77.08880859202637,30.049653009735355],[77.08658394682475,30.050757479797447],[77.08848433436378,30.05727567025605],[77.08389380065822,30.061459636833003],[77.08316730849633,30.062984339597364],[77.0808175522648,30.064832907005933],[77.079614934042,30.06389430516803],[77.07942166982811,30.066952327088583],[77.08087756427557,30.069771878241163],[77.0799589811111,30.071431405234538],[77.07805343826104,30.070972902627528],[77.07868948424223,30.06930202201316],[77.07694322729326,30.06634250947223],[77.0754186900373,30.06642766978704],[77.07453119082695,30.06797444436331],[77.07469093032731,30.070017740055334],[77.0734509693955,30.071014071861665],[77.0718959632662,30.069655865872996],[77.06830579070689,30.072694408550152],[77.06858955153022,30.075319637408597],[77.06973383707907,30.0785405365548],[77.06941012406433,30.082437442308212],[77.07007620190286,30.088003616064253],[77.06965987315532,30.090547302914583],[77.0680096674401,30.091899821284052],[77.06826689989695,30.095738313496387],[77.06892998728695,30.09725855467264],[77.07150190197285,30.098946537863505],[77.07626318456596,30.100161701102483],[77.07829687610968,30.099558021975877],[77.08217091470426,30.10165667513559],[77.08572951847366,30.10165776345342],[77.08670962636526,30.10226693145783],[77.08560726761117,30.10381269184542],[77.08800882395329,30.110128967641703],[77.09121954485063,30.11187088591482],[77.0893777989862,30.112032731906588],[77.08534102516538,30.113470424360678],[77.08372184523076,30.114547944688066],[77.08209144732257,30.117767861765227],[77.07936161626819,30.119535040222946],[77.07758230787879,30.118979701167],[77.07446786010934,30.1219373899365],[77.07367321907843,30.12342549878722],[77.07068308999165,30.126270444423472],[77.07150617028493,30.129892574571066],[77.06925346941257,30.131262840085157],[77.06840712015762,30.132353977129597],[77.06804163752182,30.13622833178548],[77.0668009426857,30.137071177614764],[77.06652933910513,30.140124628052718],[77.06534009890927,30.141621611274626],[77.06606455129315,30.145045319397887],[77.0677863662148,30.147143386875562],[77.07139923712633,30.155367379541236],[77.0708441369641,30.15675308603119],[77.07152061944574,30.161420388773802],[77.06874206442485,30.164319440109413],[77.06980547798148,30.16556025298716],[77.07088321309118,30.16903593805286],[77.08485397475707,30.164185401161596],[77.08401334132279,30.16334172616875],[77.08909597006077,30.160636909303328],[77.09543440681826,30.15773827906788],[77.09810724632536,30.155999019098278],[77.09746874596169,30.158523554054923],[77.09990164874408,30.164116942382822],[77.10261606101388,30.165664464189117],[77.10226802648279,30.166548452506117],[77.1037000804245,30.169575155529188],[77.10774816270879,30.17447847950823],[77.10921196334782,30.175570160639584],[77.11005253841624,30.17870498622991],[77.10793884269184,30.1835443704633],[77.1034734706963,30.185974890155904],[77.09848375239692,30.187381258329346],[77.09310929875767,30.190086253042164],[77.08993599216042,30.19294504731223],[77.09003443130808,30.193608081393382],[77.08435836949371,30.19596994593833],[77.07674987963357,30.199706482258733],[77.07771951888063,30.20248070797683],[77.07395323041682,30.20569522841157],[77.07242636840182,30.206069051005805],[77.07471498821249,30.208942959398804],[77.07466691158209,30.211581570344865],[77.07586518908266,30.2126695937199],[77.07760367932987,30.216999558276314],[77.08075100410518,30.216599224739035],[77.08223061887763,30.217763380820077],[77.08428252105541,30.21679434229193],[77.08725694648871,30.220529730081527],[77.08822281348193,30.220971992086188],[77.09329534453882,30.226011360783986],[77.09181440689967,30.22827527766926],[77.09442216425239,30.226990384770296],[77.10580253904665,30.22496282273407],[77.11226343221497,30.22642154116401],[77.11373067514327,30.227121944051195],[77.11602860812421,30.232387890387958],[77.12105918264308,30.2321445958372],[77.12680652375094,30.228256633531412],[77.13022438581693,30.23228878331327],[77.13453014394528,30.229126767363944],[77.1374905565984,30.22811620616935],[77.14137012897312,30.225684696065148],[77.14089201759636,30.22449395845784],[77.14154852104704,30.22152838877726],[77.1410469397273,30.218977774194837],[77.14365875966776,30.216438096478644],[77.15019141702523,30.213992412032066],[77.1546440608376,30.22054944853923],[77.15518494156666,30.222854111155314],[77.15615116133738,30.22333654111951],[77.15742466077205,30.226434808154853],[77.15812701575527,30.229939221729435],[77.16157753815003,30.234065231171932],[77.16326031267893,30.233735513759406],[77.16356267382251,30.236468693200784],[77.16149821582793,30.237466007478517],[77.15983421864482,30.23964052461799],[77.16079071904126,30.24142183980704],[77.15869224235364,30.24216658755254],[77.15226224469798,30.246105672858302],[77.14959220560971,30.246453452306415],[77.14873473414599,30.24559671599046],[77.14490064889192,30.244203650345852],[77.14228723958176,30.242228488725605],[77.14163767586192,30.240821349490968],[77.1389989097914,30.241994374949197],[77.13214226866141,30.246730798097996],[77.13381525814307,30.248994926024494],[77.13212328011421,30.251541189716118],[77.13322067516721,30.25423009158812],[77.13816543020987,30.259981612612275],[77.13931276004689,30.260241821628583],[77.13577074224003,30.261858490599753],[77.13759059197098,30.26487328427481],[77.13318342670304,30.267875520581587],[77.13515799621169,30.271038412214665],[77.13704132234271,30.277787339716607],[77.13918291904467,30.281171686455412],[77.13889229647043,30.282480789374528],[77.1416023296291,30.285962270713217],[77.14339332081268,30.28642717550037],[77.14578861243666,30.285297151047796],[77.14717468834506,30.288818778022026],[77.15031203505866,30.289801606011434],[77.15299129332074,30.291355981726884],[77.15626692893628,30.29245808939689],[77.16078396458384,30.29573954720017],[77.16565081752961,30.293931621531627],[77.16568252615613,30.296536456917966],[77.16658672852758,30.298872671320773],[77.16844011226,30.30113136206131],[77.1678740462026,30.3019821139749],[77.16833565768918,30.307202672485886],[77.16960596713976,30.306258650153097],[77.17288795342127,30.305353042354383],[77.17811706198229,30.3053799757027],[77.18012386612986,30.307518824840063],[77.181867869429,30.306549585821102],[77.1846390303608,30.306614787004115],[77.1867423984814,30.307854204270207],[77.18906920074832,30.307308183150298],[77.19044246408039,30.30798085812081],[77.19208880938099,30.31240360686266],[77.1898952545898,30.31393307231984],[77.19158346529944,30.316960862773616],[77.18721996548382,30.316764644598354],[77.18619371877305,30.31618037468342],[77.18385209413164,30.317909156035007],[77.18163459699522,30.3216039871383],[77.1797055561829,30.322176286679273],[77.18027388396418,30.32528589814567],[77.18261871921132,30.32857880798816],[77.18136749136062,30.330872523628624],[77.18188585951276,30.332324923467894],[77.18118264843156,30.334464912421506],[77.1774479352079,30.33817296210912],[77.17348217576657,30.338906138560173],[77.17107934791788,30.342362403199097],[77.17111855105394,30.34453072369779],[77.17236794131959,30.346625458124823],[77.1730591342645,30.350583058315443],[77.1703666551707,30.356657074401895],[77.17084267160533,30.35911553534214],[77.16967883143491,30.359866823193908],[77.1655096318067,30.353641881792477],[77.16184437452495,30.356087885136905],[77.16192631165002,30.360738361970924],[77.16991264565416,30.36718305004757],[77.17260970642158,30.368869895597914],[77.17959264297215,30.365173908463497],[77.1809174664967,30.36348185819795],[77.18221327282284,30.366953617422563],[77.18381163802434,30.369325744093143],[77.18118955859693,30.371603544305856],[77.18094575979376,30.373902797512258],[77.18456558236748,30.379114248269392],[77.18755219809698,30.38266936325255],[77.18373827195171,30.384704500102238],[77.18495766049853,30.38676273485964],[77.18456000653859,30.38795900309251],[77.18711515664184,30.39408187233365],[77.18674918756578,30.396912776904475],[77.18458987714408,30.39918380857528],[77.18428449913874,30.4010046532238],[77.18033231550278,30.403823847094895],[77.17757787967734,30.404478606760645],[77.17795116482256,30.406089377889728],[77.17483516888186,30.41145107318187],[77.17411544655512,30.417472161724483],[77.1730281914314,30.41946462645193],[77.17040330409631,30.42161298025139],[77.17390442033401,30.424512996434373],[77.17438041557897,30.4261075862833],[77.1735544939473,30.42974759882719],[77.17435251565456,30.43151370227207],[77.17047694162,30.437466956755454],[77.16914508252987,30.441604432357284],[77.170241597357,30.442329669292423],[77.17267104082885,30.441199166484758],[77.17356101589831,30.44273903098771],[77.17296474930747,30.446074974019858],[77.17350260917777,30.448557689330237],[77.17535132331967,30.450829521017447],[77.17461545945554,30.45102250734523],[77.17372942743397,30.45748687438865],[77.17907368892737,30.45809735592678],[77.18048526711215,30.459625070034846],[77.18010331767447,30.462083826014744],[77.18354398347873,30.46446468425475],[77.18346220730106,30.46607469110988],[77.18639578751377,30.471673058275236],[77.18797519813484,30.47209852859204],[77.19090663917906,30.475457090737777],[77.1918741548751,30.477370305107456],[77.19457568747916,30.480531813758382],[77.19742940707552,30.481865855786683],[77.20135345909787,30.480064777561868],[77.202057833125,30.478635723689536],[77.20476121877853,30.483608796237117],[77.20629854899336,30.48853772023917],[77.20803327391864,30.49035285839057],[77.2094510344308,30.489010536769964],[77.20834189669836,30.48753174826919],[77.20766939811612,30.48420657778854],[77.20777771173145,30.474420746054673],[77.20992490524048,30.465541992506093],[77.21235670034346,30.46467928632713],[77.21343711171541,30.46561201993766],[77.21486951903779,30.469132966021704],[77.21752521369407,30.473839426559433],[77.22038116455433,30.47718547671494],[77.22648003480336,30.48045310087226],[77.22818135861478,30.47855862838258],[77.22947881794444,30.47979129547311],[77.23045518428515,30.479020335055996],[77.23486526037911,30.4781897860707],[77.23685778472989,30.478525850847042],[77.24345590627414,30.475630627004477],[77.2462897001172,30.47696872033646],[77.24849042430483,30.476078744052284],[77.25155993689444,30.478548457546847],[77.25645604137613,30.477322438557394],[77.26035518777127,30.479042091504034],[77.2622398411015,30.481159939663115],[77.26358924689572,30.48157090599663],[77.26677184871014,30.480651761427385],[77.27046964055764,30.481239792827115],[77.2738708443467,30.478130339419767],[77.2753110119219,30.475463867509156],[77.27647654211047,30.474823597229655],[77.27670806979144,30.47214841464484],[77.27763566967636,30.470152416016195],[77.27642612342908,30.46586070209249],[77.27749573704726,30.463814660303527],[77.28281966548869,30.463950355913806],[77.28517164606194,30.465153870341315],[77.28873809901013,30.462814273045794],[77.29053264606812,30.462900352064064],[77.29434421929247,30.46644237103547],[77.2955567540104,30.466575347063042],[77.29873158064807,30.464429720651804],[77.29814005394991,30.46165458408497],[77.29890434162006,30.460463953293253],[77.30499474968896,30.45789508983074],[77.30616605427032,30.45595907043487],[77.30543813338932,30.453540327752425],[77.30866477140573,30.453875502637615],[77.31081797199711,30.45139690642401],[77.31317848034843,30.450923245730234],[77.31729591429135,30.44823716837598],[77.31941040514882,30.449084041705557],[77.32099318960158,30.448172507693872],[77.32085422253647,30.445831783786037],[77.32265739307385,30.445937817642765],[77.32729200108349,30.44943707817081],[77.32957781874178,30.45339029376712],[77.33269937393085,30.45409197722862],[77.33387572607487,30.45524789964121],[77.33658339557532,30.455542297968318],[77.3428165265703,30.45745281763141],[77.34748032821257,30.4554103751504],[77.35423387331565,30.458208719127118],[77.35548213562467,30.456760314280857],[77.35536686691592,30.453337768251338],[77.35726153120069,30.452099555124956],[77.36375452148849,30.441259910697745],[77.36429236299237,30.432728571584963],[77.36555849581906,30.43439800140744],[77.36742663464139,30.43909827470118],[77.36741145087254,30.440262395394328],[77.37755829843614,30.438958456795625],[77.37903320450542,30.43947043560353],[77.38546283075404,30.440222584530858],[77.38996290746252,30.439534874829974],[77.38889690408718,30.438051427232175],[77.38954780888237,30.434847881845524],[77.3893553433999,30.432480381461563],[77.39083950498645,30.43002504171344],[77.39502609226058,30.43030427602011],[77.39867699625647,30.429581318450893],[77.39982252236571,30.427287958943268],[77.40263611750626,30.429260717427887],[77.40728103799516,30.42716304927162],[77.40553857192249,30.426380356586574],[77.40516387204408,30.424139842593284],[77.40308841088273,30.42387795865245],[77.40342036967975,30.420784003420774],[77.40131907267711,30.418824162588024],[77.39869635273321,30.417383210476824],[77.3978948104751,30.416199465904498],[77.40277557615994,30.412084725263398],[77.40472285710081,30.40864464800414],[77.40846387274344,30.408796580366506],[77.4075610595617,30.41056467886993],[77.40840589427805,30.414183250431066],[77.41070431130959,30.41637043068143],[77.41386532272395,30.416972964269007],[77.41539734163234,30.420582533903573],[77.41611126641723,30.423925539761917],[77.41711220262245,30.424540361966617],[77.42052453730292,30.423673980327603],[77.42678879442536,30.42736853962074],[77.43412431264609,30.43110139866022],[77.4364399649627,30.434167614821867],[77.44027109586958,30.437346593493498],[77.44328649876468,30.442722941571418],[77.44748501314564,30.44633098525595],[77.44927555584816,30.44612323923494],[77.44991006342417,30.44901559029048],[77.4506880291446,30.449006210516774],[77.45367131280972,30.456089423323967],[77.45799941993185,30.454921416522502],[77.45940068085028,30.452329267550066],[77.46305876676293,30.448947153416533],[77.46345133497366,30.447817652580532],[77.46223620284886,30.44556922198912],[77.45882731780773,30.441869926276578],[77.45939133442371,30.438414255274115],[77.45847861470783,30.437485082454717],[77.45884930767303,30.43285468076375],[77.45303417820936,30.433061053695678],[77.45156837871751,30.432016338479542],[77.45124768635866,30.42870753672628],[77.44904350001255,30.42744530783057],[77.44839035624676,30.425839786713],[77.44652068478673,30.42455023233233],[77.44419481181336,30.421545648248696],[77.443717228095,30.41855280123906],[77.44286787189738,30.4174113320232],[77.43683772761104,30.41582264251858],[77.43196537784527,30.41580828989761],[77.43056889222824,30.412094013467378],[77.42867959654804,30.410637957617908],[77.42464546829983,30.410757832918527],[77.42232268910635,30.409726865171304],[77.42211764041082,30.4052286035302],[77.42141967006782,30.403255545278252],[77.42336836564387,30.40345138575459],[77.42932943443822,30.402371624382013],[77.4340646655899,30.402561273976414],[77.43651348464009,30.40320727673834],[77.43935840817943,30.400829318737227],[77.44324006019619,30.395396363306414],[77.44898303075912,30.39914619871387],[77.45202192496157,30.400046094515325],[77.45592966717446,30.399805569853235],[77.45660719489757,30.400815684750825],[77.46004419398793,30.400239383258718],[77.46301924170189,30.401709037883872],[77.46758523257807,30.399866840900405],[77.47267536091348,30.401194030515036],[77.47625494590307,30.4050561132439],[77.4783060836633,30.406088722752358],[77.48325656800515,30.40724365041964],[77.48600967620098,30.40916043411428],[77.48969995355631,30.410619688081763],[77.49485768146214,30.405009870120153],[77.50248488976047,30.404668442176163],[77.50515928965834,30.408330061891522],[77.50558801495663,30.41453558374334],[77.50538482770277,30.418285600892233],[77.50591151519848,30.426303240623735],[77.50885707941646,30.431558354650708],[77.5127996809201,30.435681166933414],[77.51850026030073,30.44334206676787],[77.52017804944789,30.44272689248001],[77.52360669768935,30.44340016172485],[77.5293285358184,30.43663590252748],[77.5296510176119,30.433467810667587],[77.52870466562452,30.43117371482897],[77.53020294821766,30.424864756505954],[77.5319228474693,30.422547116006317],[77.53232435980222,30.420521475531697],[77.53652642676771,30.4156943930256],[77.54026392458049,30.410437921514557],[77.54364381463188,30.406202912533814],[77.5467292162794,30.40315338704405],[77.55172600564872,30.399004899588974],[77.54984648894579,30.395896687069293],[77.55354463147194,30.392609070492526],[77.55575279060984,30.39011670788799],[77.55893434134141,30.388101839003937],[77.56566434953245,30.385288494965796],[77.57112217350428,30.382434641298033],[77.58103368528526,30.377694631953858],[77.58183324353907,30.37912905463643],[77.58405548887579,30.378684061976944],[77.58558799190517,30.379557195197076]]]]}},{"type":"Feature","properties":{"id":"06-222","name":"Nuh","source_name":"Nuh","state_id":"06","source_agency":"Survey of India (SOI)","district_code":"604"},"geometry":{"type":"MultiPolygon","coordinates":[[[[77.19145296769096,28.208667627488207],[77.18966743756815,28.208006719577227],[77.18914107171267,28.205101476483637],[77.19357352660099,28.199581430294103],[77.19501659102491,28.19980580636557],[77.19848341731432,28.196380142505518],[77.19485739304804,28.19081208722235],[77.19173706420487,28.183547229292774],[77.18672572680713,28.18383330214287],[77.18359173088716,28.18539671063779],[77.1755882229962,28.187899448728114],[77.17245993757606,28.189463642268183],[77.16962692957918,28.18639005972566],[77.1647004434318,28.179804457080667],[77.16400203039875,28.177539717215396],[77.16522332878647,28.17581134602587],[77.16485124197636,28.17472864365327],[77.16823415117773,28.17312148028038],[77.16685307132947,28.169864428975405],[77.16445395707407,28.166522398252507],[77.1569964059216,28.162621136036375],[77.15380348735816,28.15969824862913],[77.15041677476725,28.154275803869037],[77.14449058385381,28.147375573379875],[77.14400548097265,28.142144652166238],[77.13885366934365,28.136568716580708],[77.13801358314574,28.134764134919905],[77.13537196097074,28.13321681997129],[77.1336004078092,28.128971288516674],[77.12928453798384,28.127604530810963],[77.12586439126028,28.124983254368278],[77.12034811010494,28.114669219160533],[77.12431515131524,28.112578408285056],[77.12594647239519,28.11304824562219],[77.12795060107483,28.112444862246317],[77.13103027200735,28.10998804721203],[77.13293690940857,28.10672362277942],[77.13718255342862,28.10637248524174],[77.13952598542072,28.104507768869475],[77.14291402392456,28.10005419701506],[77.1410562431087,28.096002824014548],[77.13655780239984,28.088834049740655],[77.13489378041344,28.0851931207918],[77.13399806764777,28.081182145162703],[77.1341962813419,28.078953312343604],[77.13312744905835,28.07240669774898],[77.13941434775012,28.070628503695833],[77.14096571048162,28.0698522419353],[77.13921718851114,28.06655764870571],[77.14117600741962,28.061694879092872],[77.14693610546449,28.058324355415603],[77.14799015884812,28.055223893001376],[77.14515850825074,28.05146588246043],[77.1447870165337,28.04987777244524],[77.14216738625558,28.04697251373987],[77.13900052647209,28.04153671098689],[77.14175181972706,28.040597369948866],[77.14017717651386,28.03698932246425],[77.14148929496443,28.036464538635126],[77.1457486135198,28.03643684842071],[77.14537659216765,28.03234473007238],[77.14628150040355,28.031297832007233],[77.14552858823549,28.029190841966546],[77.14930599773186,28.027006484505698],[77.14935094247443,28.023415060674786],[77.14823830166083,28.020817161303793],[77.1463676011682,28.020063228681227],[77.14556822077847,28.01422490143759],[77.14023927585261,28.008360271503328],[77.13889689892413,28.00630747712878],[77.13743783036568,28.005964758353418],[77.13557438550383,28.002380169877895],[77.13509965281231,28.000148134327556],[77.13961806655597,28.000922215297937],[77.14494350416429,28.00074404908399],[77.14755620532083,27.999958558979586],[77.1520410941054,27.99561053863009],[77.15198335016926,27.994965268166492],[77.14808264329277,27.989757052013392],[77.14977465874296,27.9874647653003],[77.1498809247599,27.98545692583334],[77.15217738909838,27.982162820202927],[77.15036673768475,27.976491734016626],[77.14444321224245,27.970083656601687],[77.14406360373543,27.96685770694101],[77.14444233740737,27.9638424473893],[77.14640986725374,27.962027182912202],[77.1519885927509,27.958858820493305],[77.1563227100359,27.95793521888726],[77.15568711118425,27.95657052219999],[77.15586413372468,27.953682866137836],[77.15766146049053,27.9490712309258],[77.15894930421948,27.948488919334924],[77.16083524815953,27.950607603716346],[77.16257015985772,27.95054312424185],[77.16468955983399,27.952213070047687],[77.1657105609293,27.951388236927375],[77.16592194596392,27.949139997009198],[77.16739674455687,27.951439809802142],[77.17045635698923,27.951189844794406],[77.17336599705627,27.949699982045487],[77.1756907147761,27.94705021548086],[77.1732699759087,27.944346457624704],[77.178332150311,27.941777992979073],[77.18175613748724,27.941196783449588],[77.18314940109282,27.942225385625143],[77.17981517565002,27.949420035993523],[77.18193906945775,27.950877009191125],[77.18737100883155,27.95147026851421],[77.19291237009107,27.948133300631593],[77.19551037771733,27.945602608696355],[77.20119984019799,27.941667876719414],[77.20179067328469,27.94201042006211],[77.20673050252574,27.93889881165548],[77.20875356307467,27.935700127014332],[77.20865832899278,27.93291784101492],[77.20965234164622,27.933252674221695],[77.21885316411998,27.928103069895712],[77.22164424372768,27.925774845148183],[77.22079997507991,27.92209625421197],[77.22179727273814,27.91887823440697],[77.22434395598444,27.916336610904864],[77.22628653233973,27.913325725820158],[77.22815148792827,27.90883944551518],[77.22952281700846,27.903568416644262],[77.23481388612976,27.900180353843137],[77.23427851401054,27.896204721552724],[77.24030779361422,27.89554481541478],[77.24148083564057,27.89625701448403],[77.24429836159852,27.895624363934136],[77.24715068548858,27.893988563363806],[77.2486670941697,27.892167531512758],[77.24988623982208,27.889063287280184],[77.25061301492198,27.89043225563791],[77.25351848988116,27.8885949545298],[77.25663105906067,27.885005669242002],[77.26631461740257,27.87970106834597],[77.27424319022698,27.876201501921297],[77.27843781378238,27.87476547134436],[77.28341247163792,27.872549069092937],[77.28696042613562,27.876454028939683],[77.28695825865003,27.87912474870029],[77.28851308508514,27.88386286153735],[77.2878729590249,27.88557012925588],[77.29191496156767,27.888869694108337],[77.29615408708858,27.89042881992979],[77.29740421750856,27.890258148994327],[77.30122902138804,27.88781470201107],[77.30582091237694,27.885597199972928],[77.3076492886962,27.88615590754022],[77.31196875438582,27.883886115616697],[77.31472841663839,27.88156632189886],[77.31826799078327,27.87744668378647],[77.32282743022915,27.874196976067],[77.3254543521483,27.869872359899848],[77.32559324324659,27.865928952432935],[77.32415806347608,27.862539929887205],[77.32448460691255,27.85904781977366],[77.32256169426266,27.856491061987462],[77.32518731733748,27.85432856535426],[77.33064589030312,27.85099151841536],[77.33515155238155,27.84688642870617],[77.33515330526963,27.842035183962235],[77.33198763680134,27.83749519386345],[77.33320571631204,27.834176109587876],[77.3352905003451,27.83381051317005],[77.3318628029966,27.832297318766585],[77.33117304417591,27.83108792111982],[77.32472842831679,27.82852298542323],[77.32069504050642,27.82537210522387],[77.31824316315682,27.826648010826577],[77.31752272553506,27.826097261637102],[77.31249717371315,27.828030707833015],[77.31069678067543,27.825839321686225],[77.30647315939993,27.827558602010644],[77.30355617437029,27.825562877184055],[77.29647222135121,27.825252523551136],[77.29640680822567,27.823348091971088],[77.29729250226949,27.819657818985675],[77.2988071093804,27.81635131030146],[77.29732223723077,27.81346737523945],[77.29630739529611,27.813403589766533],[77.29061062977298,27.810864599801604],[77.28497372948983,27.80355158690659],[77.28371052196732,27.801087615837428],[77.27653223824133,27.807259233748276],[77.27071606846086,27.813612405583875],[77.26871346596157,27.814923227951457],[77.2662996072093,27.8100264652249],[77.26442747979539,27.80467828937331],[77.26085935422452,27.80067778018922],[77.2612910251417,27.800226934699005],[77.25481887865347,27.793674518155232],[77.25236639837944,27.79072157677081],[77.25089756318991,27.79099438115127],[77.24889177939785,27.79001899741097],[77.24811663950041,27.792057578310352],[77.24544439402906,27.789125430861137],[77.24260302832293,27.784867706951115],[77.24029017310191,27.78444352967048],[77.23521839132687,27.78595471891441],[77.23393857399043,27.786970289696875],[77.23430356088274,27.789339396666154],[77.23821916436644,27.79313539365121],[77.23259157690066,27.797372165415915],[77.23009141867708,27.79862846806246],[77.22657082123237,27.79944777746215],[77.22519429926326,27.79775226324546],[77.22237224148489,27.796752667002572],[77.22135338187674,27.79781822292436],[77.21342606783217,27.801654194863985],[77.21138608948064,27.801434430966854],[77.21050398299965,27.802377957382724],[77.2122306692414,27.80432158319767],[77.21311730923179,27.808932289257445],[77.20670253648542,27.8146439503226],[77.20487330587936,27.818344885749664],[77.20325535436211,27.8229228694657],[77.20206628945355,27.824627142907932],[77.20167956189478,27.82305723265604],[77.19737698050508,27.817130752898365],[77.19663487236659,27.81534438896177],[77.19402501043798,27.813053700955486],[77.19395339098737,27.81214675203922],[77.19134379486235,27.80995070699827],[77.19264734999479,27.8090431386273],[77.19179955767966,27.807256457221655],[77.19856278388612,27.799691208186953],[77.19267409556576,27.79498822612101],[77.19044680351124,27.795205916885966],[77.1884714849306,27.792386808164608],[77.18328878270016,27.787651487966436],[77.18071686956324,27.788406104082473],[77.17779437664053,27.787965097857832],[77.17701735238333,27.786336565321864],[77.17029186195732,27.790417803679667],[77.16908999666694,27.791767252187185],[77.17356649200028,27.795276111353356],[77.17582092950101,27.799042812614932],[77.17892421720832,27.805250138296785],[77.1828655813899,27.80267675039697],[77.18540288191714,27.80317647820962],[77.18833353717709,27.80803901644407],[77.18974499593932,27.809509333790917],[77.18844174658348,27.810922213862987],[77.18336889038765,27.81393391633121],[77.18255788552196,27.815693936368024],[77.17954698388249,27.817529343344674],[77.17607327975526,27.817546468777746],[77.16828198688366,27.813971163329214],[77.16637900161734,27.813876989844537],[77.16282219942518,27.815384999643193],[77.15994245523211,27.81750735741034],[77.15827047025446,27.816139689918586],[77.15668073730073,27.81171831499733],[77.15654295123974,27.8088141627694],[77.15928752190132,27.80667929449098],[77.16151729409975,27.80335538934701],[77.16059529728234,27.797831997642145],[77.16081103406377,27.793562681353144],[77.15854590366075,27.78821484510835],[77.15600832808484,27.785427013883506],[77.15135646726664,27.78677708519906],[77.14356882427008,27.786462538575734],[77.14060566894923,27.78389105060389],[77.13525045268035,27.775989089884057],[77.13281260271631,27.777051530218763],[77.13197073365549,27.778916452541125],[77.13447236862629,27.785634751376474],[77.1345078548138,27.78690566522514],[77.12626368906426,27.790795378048298],[77.12284413423379,27.793493536428432],[77.1218597704786,27.793367187018397],[77.11309314228899,27.78728456238103],[77.11101320739618,27.786377482328007],[77.10847139956407,27.786345622579343],[77.10244348932619,27.790486808083937],[77.0992363456602,27.793373979731683],[77.09080743156761,27.79823608984229],[77.08907660713763,27.80027510049607],[77.08115293605577,27.804743174784136],[77.08138668444923,27.80749217057514],[77.07683279776327,27.812480917600613],[77.07460926877671,27.814429366709682],[77.072460939082,27.814748969271932],[77.06607444836239,27.81304533911468],[77.06385097114878,27.812134238079217],[77.06071454269117,27.81489287869773],[77.05555116008624,27.818784246968267],[77.05481097534071,27.81765135131342],[77.04736947595794,27.820255396643002],[77.04479022927097,27.821851176030638],[77.0431068338415,27.81857102416384],[77.04574830998466,27.816392172514085],[77.04428672453035,27.812984784611636],[77.04047797776786,27.81337504391413],[77.03869869859149,27.81098712553892],[77.0330250310388,27.79927482881737],[77.03113802326085,27.79268605947209],[77.02863786605938,27.78559596198807],[77.02702141505644,27.783492205208642],[77.02656866144434,27.77927464051872],[77.03441162057449,27.77818574088707],[77.0357591187167,27.781568356305787],[77.04030655906821,27.77903094910743],[77.0428800845405,27.77705617760753],[77.04763523197643,27.7744600613476],[77.05729110256384,27.770575673350642],[77.05742887531363,27.76932142277992],[77.05584478544918,27.763454965834327],[77.05951582206505,27.76096307701388],[77.06123593927376,27.76167575551148],[77.06440641693324,27.764370370196165],[77.06553843056838,27.763903341449314],[77.06958106236469,27.767461048781822],[77.07183703394111,27.764747922032154],[77.0726841867332,27.764689546573933],[77.07463596470488,27.767056855309498],[77.07615395386428,27.766297419008037],[77.0759253671156,27.76484420630177],[77.07740195046995,27.763653497880554],[77.07999106445294,27.75743852001849],[77.07814652186812,27.75385212305947],[77.07818332801588,27.751232126465293],[77.07941133633867,27.74915885668541],[77.08247071392603,27.74591566306308],[77.08182200495983,27.744976994143837],[77.08565332196214,27.738124274283322],[77.07944191630394,27.736466482554125],[77.07566490120193,27.73458363801556],[77.07411939819124,27.731898434057975],[77.06961212798497,27.730484459792518],[77.06824235828,27.731756201871434],[77.06542309761574,27.73143934295587],[77.05962511974646,27.726518500528012],[77.05473061830803,27.72860527207082],[77.05203705784639,27.730295923211234],[77.04886130512156,27.73152148436377],[77.05030982995564,27.735073258789996],[77.04612962478866,27.73733150976678],[77.04684299207082,27.739754828866644],[77.04447808829606,27.742061472505604],[77.04499692845383,27.743388266502286],[77.03899747308613,27.746649120566218],[77.03646527265084,27.74864644142645],[77.03441268640368,27.746772577725686],[77.0338251049128,27.745249384702102],[77.02609070742854,27.746414900005803],[77.02508382541257,27.743937116948384],[77.01980771842109,27.745805732039038],[77.01457190188339,27.736540035022717],[77.01154232514314,27.731823426049218],[77.00553070635874,27.734960628038024],[77.00370829283399,27.736246626702684],[77.00008972399804,27.737004463846812],[76.99941883362023,27.733940182535886],[76.9959505983455,27.72710206332057],[76.99385248807741,27.71794852681113],[76.99198310559714,27.714714949215935],[76.9915293692616,27.71229235575194],[76.99053342418355,27.71117459806881],[76.98884848595719,27.70366753483482],[76.98930780565456,27.7018216982707],[76.98855214881536,27.69885625088748],[76.98692261948536,27.695105271528035],[76.98829530656646,27.692974382447787],[76.98552774223492,27.68852324803824],[76.98504028931453,27.683790336623463],[76.98299094809123,27.67973811067209],[76.98216206690667,27.679195275672285],[76.98085975662197,27.66717796649603],[76.98018758413313,27.664757683758236],[76.98078598130735,27.662850344469703],[76.97996993527187,27.659749429287896],[76.97908747389752,27.653631748294412],[76.9783834726489,27.653870555893107],[76.96797394235749,27.658262335676465],[76.96538017552986,27.658764294920772],[76.96376529743145,27.661177709553417],[76.96238757557235,27.66202684222416],[76.95833708225912,27.66283241500062],[76.95739263327911,27.664002106432914],[76.954969551522,27.66488791462096],[76.95286366287048,27.66649048729965],[76.9528395404174,27.668069739408345],[76.94513908649962,27.672297272483902],[76.94549935572286,27.67296032615074],[76.9420592422858,27.673850661573333],[76.94037456609841,27.670151861645298],[76.93788450081847,27.666692552511865],[76.93729671291293,27.66673795005768],[76.93552782245334,27.661372912953468],[76.93416133371261,27.659655910135584],[76.93266057175417,27.6563008208528],[76.93193983565875,27.658848340909426],[76.92663031271418,27.661291480283445],[76.92533568658655,27.661261182839574],[76.92085024941471,27.656789453966248],[76.91545201089811,27.65261999765844],[76.91067481237192,27.654644241633434],[76.91177609591037,27.658002458874716],[76.90642099991189,27.661726315394606],[76.90788919283392,27.664443907896583],[76.91060894601272,27.66805577361036],[76.90602836328279,27.670944571238472],[76.90283437402279,27.673502381706722],[76.90340911674998,27.674302192404806],[76.89832725898228,27.677599202952468],[76.90594158542066,27.68632635222698],[76.8993784275236,27.68986070579785],[76.89367663106569,27.693674320635452],[76.89117779155701,27.694852278048003],[76.8890625824718,27.69722020683309],[76.88958691316539,27.70078585008682],[76.89430651942068,27.701381595864586],[76.89951778606859,27.69901883352135],[76.90834644554339,27.693716624250364],[76.90971060238064,27.695457881614278],[76.91392323726421,27.695912479189342],[76.91612919392779,27.698163384785992],[76.92032551551264,27.69574807932517],[76.92443849974525,27.699956425500385],[76.92059625238997,27.703420426215434],[76.92057267345449,27.70490298006273],[76.91888022671428,27.706489927931738],[76.91967670624022,27.708129443492478],[76.91875479434042,27.709830772898425],[76.9103507232581,27.71497698318393],[76.90459241870144,27.717351520098482],[76.89722878693549,27.71715278706668],[76.89430951715485,27.717961233696222],[76.8936814746866,27.720886636790965],[76.89407763661688,27.724383421568806],[76.89212059582718,27.725701233822587],[76.89239570120832,27.7334935084479],[76.8937906106447,27.73578545880935],[76.89669168264041,27.73815835519501],[76.8986660656576,27.73805060857382],[76.89957179979223,27.736741097884856],[76.90010721802993,27.741184222933676],[76.9014093102479,27.74400964332329],[76.90028033393855,27.74733793704109],[76.90065945914752,27.751726076621384],[76.90082494733615,27.764968882007313],[76.9016424469234,27.767928106874827],[76.9036311469375,27.76964283739554],[76.90232995884189,27.771200982818794],[76.90225807528525,27.77564865729308],[76.90596211287195,27.77872500656315],[76.90758161619355,27.78266367027037],[76.90731613398711,27.785725155087007],[76.90614744768324,27.788096452403092],[76.90901876286108,27.787220481517338],[76.91332157406967,27.788902315296877],[76.9127090219545,27.792796353077875],[76.9114976608909,27.796401769009304],[76.91353584806842,27.80122971577839],[76.91814211223026,27.803510744741057],[76.91933071082593,27.806614674586598],[76.91787514422457,27.808383761405807],[76.91401867380998,27.808421035939055],[76.91152313105347,27.81169743734294],[76.9099932500872,27.815152972883684],[76.91151151018936,27.822354800997037],[76.91239540833458,27.824542929375664],[76.9120050778516,27.826086160016384],[76.9135652931371,27.832014482142274],[76.9150026855834,27.834852038010574],[76.9215801880375,27.833627222051284],[76.92665391085411,27.831542684785664],[76.93416037171049,27.82980523121663],[76.93565593876737,27.829132909648713],[76.93670428700966,27.831802935577905],[76.93896508953075,27.83560999106368],[76.94229423417143,27.84293306885353],[76.94241984917814,27.849094613843267],[76.94296739666332,27.8537906492556],[76.94146456020073,27.855813444274734],[76.94126687784652,27.864494613722368],[76.93932033870249,27.869567019450894],[76.93725437103865,27.879291256446628],[76.93694839024899,27.885752515889767],[76.93769456806564,27.894063183733262],[76.93763511580124,27.896535696229993],[76.94034253404482,27.897208493349854],[76.94373644163342,27.896541352866702],[76.95045531009292,27.895959620116077],[76.94973509870375,27.900946851422127],[76.94953678444429,27.90799013569417],[76.94978813571518,27.91151376263311],[76.95065467059231,27.91594404585304],[76.95158402194411,27.918345674651153],[76.94930074402201,27.919184313319214],[76.94492735686634,27.91941228686569],[76.9402411857332,27.920139438678277],[76.93498301855288,27.92194372014607],[76.93151402001752,27.922662573735437],[76.9305590740805,27.93255310088116],[76.93019246628349,27.940846155661344],[76.93097888916647,27.94854771342361],[76.9307374601509,27.953271803538303],[76.93143564112333,27.957192336916936],[76.93315284600133,27.96161570676521],[76.93348088571898,27.971173900601233],[76.93537453847006,27.97693928092239],[76.93705873641674,27.98022313938046],[76.9378633299751,27.982988616098698],[76.93347015209027,27.982061588596522],[76.93291608252332,27.98885173325918],[76.93076317968121,27.99294036912774],[76.9338835966383,28.001240997317122],[76.93563109067904,28.008202066413624],[76.93644708517475,28.012695599662266],[76.93674518964036,28.017018707433696],[76.93816663148627,28.023383418588224],[76.93820129367944,28.03037225735255],[76.93928717438294,28.035221955880527],[76.94005303446102,28.044276304245532],[76.94838459932525,28.057988718701747],[76.9509140652469,28.060522972800833],[76.95383508438712,28.062632874974327],[76.95362393920466,28.06602135502548],[76.95456522304178,28.073163031931458],[76.95790036764757,28.0774878911182],[76.95761564629028,28.084310029336883],[76.95794374160992,28.087549256721232],[76.95978958767566,28.092826935979748],[76.96141287767857,28.099616200310287],[76.96146971584844,28.10693888210538],[76.96181368976633,28.110719521551836],[76.96349215493561,28.116015348804385],[76.96633564692408,28.12660712655411],[76.96690331543572,28.129760550466493],[76.97040108202263,28.138460553862952],[76.96469844844513,28.140599356826044],[76.95791483225419,28.142259441931184],[76.95085083006302,28.141480224144697],[76.94794673611918,28.142433893810868],[76.95093325433096,28.149870705999337],[76.94463533100406,28.150577586257736],[76.93563182974465,28.153049837224497],[76.93197686489218,28.15308307949391],[76.92698270358429,28.157526885471718],[76.92756715237446,28.15870639284257],[76.92111478317577,28.164450276976172],[76.91937354642981,28.16719161264853],[76.91105338487472,28.169884541067077],[76.9066431411045,28.17188350554313],[76.9070137945414,28.17298368274785],[76.90318602470458,28.176521801473232],[76.90158324524597,28.17869108171768],[76.90244376859269,28.181146484135827],[76.89609466938363,28.18329073551943],[76.89245664599468,28.183734506257952],[76.89197041311608,28.184712512163674],[76.89161493253407,28.1902831668417],[76.89229436905941,28.193240403638335],[76.8975785612658,28.193103588976257],[76.90003359331482,28.195232669494782],[76.90197350565026,28.198897630025446],[76.90616567369854,28.197342856868314],[76.90675362494196,28.200284610663417],[76.90555724143579,28.200382521989738],[76.89086861914632,28.205001998331394],[76.88881654317098,28.20325406326011],[76.88061140693301,28.20604512217324],[76.87844938677331,28.207141516946653],[76.87537569986283,28.205634635624534],[76.87343793679221,28.20557067962346],[76.87098556666093,28.20662715274511],[76.87305325434505,28.211166002684404],[76.87234521354793,28.211851816064925],[76.87303789718139,28.21582211880083],[76.87489195172942,28.217807329715765],[76.86751631294868,28.219878062287478],[76.86488802106697,28.219219224789008],[76.86243209178105,28.21945811018593],[76.85750712152593,28.221183297367773],[76.85496532743562,28.22016558185798],[76.85281116422742,28.220809152655203],[76.85807651719978,28.227366760843175],[76.85903356359475,28.2302945177161],[76.85823448197833,28.23138488081905],[76.8575001435268,28.23476961105453],[76.86045356563022,28.241881221794515],[76.86506374419726,28.247873203662458],[76.86714522906921,28.249038765929708],[76.86820440513671,28.251726380567526],[76.86851033721993,28.25495370621259],[76.8706452832311,28.254498100863223],[76.8721024333736,28.25726382003382],[76.87609230422278,28.262858434278748],[76.88276233259637,28.259569166030737],[76.88792884018105,28.25558490404323],[76.89283523276235,28.25278262220582],[76.89810357597547,28.252303632864777],[76.90353640830861,28.257048904982724],[76.90610057511613,28.261190116049608],[76.90782348365849,28.26320647786583],[76.91145680356789,28.263169458002658],[76.91309234115151,28.26259601393653],[76.91482594781905,28.265446879144065],[76.91554170190926,28.271749575009384],[76.91794929777063,28.27725759346039],[76.9171443012389,28.277844414381313],[76.91100536066936,28.28481669324146],[76.91101135461614,28.286008857803015],[76.90902024275005,28.288170762722363],[76.91188416041496,28.29020033297367],[76.92208217409376,28.293933823215276],[76.93158257407252,28.296503923555832],[76.93304615213728,28.296567101471446],[76.93814764351558,28.293858162909217],[76.9391996818478,28.293840648276266],[76.94354287723101,28.30362564793329],[76.94399355176867,28.306747847992128],[76.94215139644612,28.309380461601897],[76.93610106144344,28.310420648310043],[76.9379703092712,28.313405755247537],[76.94170295894912,28.317014148459066],[76.94533335366731,28.31768006408372],[76.94861015237161,28.31558938786033],[76.94962066130256,28.31714089025661],[76.95075645875015,28.315534135000703],[76.95066840678699,28.31355350560801],[76.95263103896372,28.31339907094281],[76.95360940558025,28.315736640190853],[76.9523679667866,28.31733897651954],[76.95525844859407,28.31915736194507],[76.95514143156461,28.321774184025625],[76.95884251111072,28.322319457448135],[76.96045193073839,28.326536915666573],[76.96346699044074,28.325562678240075],[76.96855900506357,28.326536078740478],[76.97118898044536,28.325514576342975],[76.97251065361306,28.32736222052909],[76.9732313349794,28.32990911443353],[76.97673098565201,28.330590772685927],[76.97771322878775,28.333888007902267],[76.97853415560563,28.333900926345073],[76.9790095252357,28.32983561343717],[76.98021714666629,28.328991005460672],[76.98425765571356,28.331099242702443],[76.98682863294745,28.32972113477701],[76.98588014911509,28.327213390824884],[76.98789750013022,28.32547477010445],[76.99028346758759,28.32532842999798],[76.99383683869492,28.327188732938318],[76.99689827295117,28.326834081852347],[76.99820202784215,28.325488463156216],[76.99960925002756,28.325514251399415],[77.00044025670012,28.32315286019895],[77.00029341485036,28.318694080547367],[77.00160441865832,28.317443000702088],[77.00354929893626,28.314090542018246],[77.00345982710952,28.31112426803374],[77.008642179041,28.30780049768835],[77.01076047018462,28.305419489630605],[77.00992753820599,28.303859035465504],[77.01243884173648,28.296183057821118],[77.01313378652121,28.288382845731427],[77.01599241006825,28.28472829165169],[77.01747773250443,28.28364551288897],[77.01997338588177,28.276512205200547],[77.02046414405534,28.26844632588083],[77.02009098547025,28.266275898404576],[77.02148891882032,28.26026413251601],[77.02141544095004,28.254482748309094],[77.02065685128753,28.250936415161753],[77.02111230452316,28.248354593177783],[77.02289149330086,28.24728666918222],[77.02784316180872,28.248030135220958],[77.03122913221299,28.247642238890734],[77.0333887755279,28.245372081058655],[77.0396298284974,28.245669336539855],[77.0468653434465,28.244527616949856],[77.05191419224084,28.244764990920245],[77.05631676833637,28.243833308249187],[77.0582192960379,28.240454944725865],[77.05697411462192,28.236666878159213],[77.0573892677835,28.229040380919713],[77.05448338693476,28.22305879356048],[77.06031035275663,28.2195621375058],[77.06057626949722,28.217793667344626],[77.06278767998845,28.216319346255425],[77.0646569193281,28.216423893354982],[77.06533362927358,28.217755198663347],[77.06936911708839,28.21522573998969],[77.07165490852861,28.21437528858963],[77.07280615150769,28.21727996855239],[77.07369735051918,28.21778554048829],[77.07414409048262,28.220834559777465],[77.0762308200381,28.224860909366726],[77.07842008171458,28.227428851740395],[77.08131143154581,28.22994220307486],[77.08644620081529,28.226084540042173],[77.08601608429406,28.22522945725325],[77.0927714262403,28.222731611662184],[77.09229411742,28.22158712702713],[77.09457932924771,28.219397692854894],[77.09599192521867,28.220626175894196],[77.09673433334079,28.222872372872164],[77.09859363471341,28.2244141124749],[77.0993466010546,28.22665143285391],[77.1013487109693,28.2260404625438],[77.10270337373441,28.227534060968384],[77.10629289473326,28.225297560508743],[77.10538609082685,28.22369758676191],[77.1147201300723,28.21899782842645],[77.11634680833838,28.219436634862376],[77.12096702173459,28.218138563831463],[77.12368077288843,28.22124181601524],[77.12477086124355,28.220474848849133],[77.12868809530929,28.224535313904575],[77.12980365491794,28.224458604148246],[77.13414381226616,28.226402911755983],[77.13739357793018,28.224614487099533],[77.13846081557504,28.22523173426801],[77.14361259948988,28.221028446968234],[77.14658671922437,28.21811789948387],[77.14933185552694,28.216596984175986],[77.15269882767777,28.217187307142016],[77.16010859486242,28.213255862066408],[77.16199817618336,28.212880873676472],[77.16525165523869,28.20991118736836],[77.16601866639199,28.20466830695201],[77.1678691387754,28.202291867776747],[77.17157907190763,28.199072101464445],[77.17542978062238,28.20314016562502],[77.1813860115646,28.208064609374453],[77.18236741173392,28.209848582777024],[77.1859678345284,28.20872934747442],[77.18828751079049,28.210789412496176],[77.19145296769096,28.208667627488207]]]]}},{"type":"Feature","properties":{"id":"06-223","name":"Palwal","source_name":"Palwal","state_id":"06","source_agency":"Survey of India (SOI)","district_code":"619"},"geometry":{"type":"MultiPolygon","coordinates":[[[[77.497986560849,28.248061472153452],[77.499118341838,28.24712922153918],[77.49938442716893,28.250147496814304],[77.50121684781969,28.25213006212167],[77.50506041931985,28.25059955380546],[77.50948627368108,28.249470655658865],[77.50828575592672,28.246906782213916],[77.50977781265462,28.246502357998217],[77.51337467697226,28.24713826853073],[77.51618833568392,28.244289936792256],[77.51882523878824,28.242485247352015],[77.52225419375824,28.242302885027907],[77.52475626493597,28.24572353077924],[77.52849815298761,28.24500207301693],[77.53224499290542,28.244978035689325],[77.53753701419741,28.24832745566361],[77.5386725480564,28.248600363122485],[77.54234621473853,28.247594114480318],[77.54461992329519,28.248892942357454],[77.5475632188745,28.24674867765185],[77.54972012075129,28.244307134293003],[77.55041955066673,28.242358450772024],[77.54947754919374,28.24005075437156],[77.54675869269195,28.23802848235212],[77.53981282067434,28.234791019706982],[77.53178213799431,28.231995531240813],[77.52582253772465,28.22902449202961],[77.52260821763493,28.226240899312167],[77.52129046040697,28.224485209713656],[77.52087084967431,28.222029188052236],[77.5214934693836,28.220213796201527],[77.52580035675027,28.218313392360855],[77.53292920667757,28.21443251596998],[77.53520502311605,28.21039483544338],[77.53543240160988,28.206979202933134],[77.53461067984612,28.203848985477208],[77.53268704943751,28.200864933034335],[77.53037332259267,28.19874894466453],[77.52683677797629,28.19663441667972],[77.5243466283884,28.195887209644127],[77.52206805365311,28.196590267124098],[77.52059063767959,28.198591501200802],[77.51917511523263,28.20268749449352],[77.51599427471245,28.205545426674075],[77.50876879152736,28.208882749589982],[77.5036558808749,28.20994796858663],[77.50051788391679,28.20879434258828],[77.49729217754562,28.205965278162342],[77.49711634393951,28.203927517350134],[77.49854027278921,28.197730845699244],[77.49948878015165,28.195948468861975],[77.49950708644334,28.193358737452545],[77.49869440177334,28.191352032738653],[77.49852248822901,28.184593624206617],[77.4996742745175,28.182769267320477],[77.50327715011362,28.18081338360018],[77.50655518785155,28.181726263128905],[77.50761518468644,28.183065540804144],[77.50841150604904,28.18595373443681],[77.51277181915542,28.19118373795979],[77.51563436768942,28.192923407256785],[77.51757169200332,28.19315910733237],[77.51994397816759,28.192405848386453],[77.5260539751629,28.187749718532405],[77.53075216478393,28.185932982752405],[77.53249157690853,28.186517905404653],[77.53535392341139,28.189466161932927],[77.53988989393913,28.1909341879775],[77.54349523333887,28.19129663329095],[77.5452563911827,28.19083152098121],[77.5479691116874,28.18708856430896],[77.5496201062019,28.179874919259746],[77.54861494104269,28.175959184882423],[77.54630078142657,28.172393768617628],[77.54260683850434,28.16874242433346],[77.53681730119395,28.16565053999642],[77.53421178930796,28.165079422916538],[77.52850934622792,28.162515029026093],[77.52529482682793,28.16229020474675],[77.5221788476857,28.16129602052286],[77.51854897151952,28.162992582206606],[77.51563367476888,28.163537496434365],[77.51300131160123,28.166608160493364],[77.5111689342042,28.16688480456171],[77.50207952631031,28.161201477569893],[77.50057920036114,28.15559167967909],[77.50122716848331,28.15309670420303],[77.5038406274472,28.151138270355297],[77.50502218178599,28.14752410820406],[77.50428110437603,28.14558791563319],[77.5023958706646,28.14327876234753],[77.49650454716654,28.14029781186183],[77.49364629843751,28.13950911476558],[77.49139967769278,28.137784066656717],[77.49154039172359,28.13611451199037],[77.49368056760004,28.132929313584622],[77.49709026437306,28.132105543629333],[77.50379269933293,28.132051798943422],[77.50722914283098,28.131146809166502],[77.51129264215426,28.12864645364265],[77.51235216125659,28.1271945261346],[77.51233467880053,28.124989300989633],[77.50939404024594,28.119975862203486],[77.50534359626255,28.11755661350755],[77.50185758958565,28.114870813376637],[77.50023688216191,28.11295067692911],[77.49845753063036,28.108977895112325],[77.49789689020378,28.10449929064343],[77.49836072663184,28.102022409740087],[77.50038399484943,28.097667990237124],[77.50041032620288,28.096260271642528],[77.49899970438852,28.094447877415195],[77.4936574828195,28.09441340320781],[77.49165220441634,28.095643010003357],[77.49067903640353,28.097196506879126],[77.4902242103773,28.10479021996819],[77.48805797680082,28.10690958991091],[77.48214910815041,28.10703667446097],[77.48214086594011,28.101471757924365],[77.48113572474995,28.097625930210377],[77.47876110045782,28.095256567238714],[77.47869213910465,28.091601546966675],[77.47665044467719,28.088800922361],[77.47425646156147,28.087472923511335],[77.47566546728078,28.085049665785068],[77.47824331266118,28.08043151804371],[77.48658918677948,28.07356244097723],[77.48966055247006,28.072630488882414],[77.49665708486377,28.065649113121424],[77.50019871980774,28.06250568759067],[77.501315960055,28.05669791321821],[77.49888253405314,28.052610952946143],[77.495877439182,28.050738202260792],[77.49355950682194,28.047171391195764],[77.49123532130585,28.04707859925517],[77.4877294872061,28.04529941270028],[77.4853386571537,28.044678659539954],[77.48353559500934,28.041864695719237],[77.48363593758205,28.040488543433646],[77.48614688527002,28.037823141545015],[77.48840696071514,28.036735283168863],[77.49583450135779,28.035275755687444],[77.5000660992152,28.03500613041497],[77.51017322791724,28.033345542514507],[77.5127382003336,28.031930734644504],[77.51190780034337,28.027797622652805],[77.50815725784062,28.025195741003728],[77.50836791299561,28.022817833136724],[77.5133727402983,28.019100926210648],[77.5176516209105,28.016335682868448],[77.52041066618705,28.01524080994135],[77.52368415408556,28.010306295153434],[77.52492234164606,28.00695878884632],[77.52512931434312,28.002428279415735],[77.52588264582839,28.000202325143277],[77.52806192286373,27.997913675959715],[77.53272565775724,27.995345053128535],[77.5424051740607,27.989271123998954],[77.54255884076392,27.98524872400262],[77.54119047153291,27.982157887256285],[77.53778948447774,27.979249186926797],[77.52948055639303,27.976379389082442],[77.52127159845176,27.976849309654234],[77.51937185012149,27.975179439271855],[77.516925691739,27.97113074860786],[77.51892196586749,27.965490249642666],[77.51885419413614,27.962398286770927],[77.52253411287262,27.962513893188742],[77.53275382191659,27.961794643610805],[77.53776819269513,27.96309733887679],[77.54405995756021,27.962418975526518],[77.545902296033,27.958238395479963],[77.5450062538839,27.953599604922665],[77.54239311510877,27.948783878323745],[77.5400301088097,27.942768040833585],[77.5368990834018,27.93808277242611],[77.53662791703854,27.93418874594552],[77.53352787405238,27.929354524164832],[77.52938595083833,27.925521054094556],[77.52617549456555,27.92552347332586],[77.52600103399872,27.927540006808076],[77.51718313847788,27.93319147743266],[77.5113841716614,27.9293696863784],[77.5068596612316,27.92579349416705],[77.5056418750244,27.92641404954337],[77.50179753632696,27.92542711638753],[77.49982202706262,27.926880866279227],[77.4998745599345,27.927870825453073],[77.4975575868634,27.92997611415441],[77.49785725838596,27.930632339968653],[77.49453326870028,27.934151191981815],[77.4922051339267,27.938494471882873],[77.4847337741591,27.93498350190075],[77.48417987191111,27.9342496114695],[77.4752795228528,27.92928593153958],[77.47589741541302,27.92774422994954],[77.47749413709246,27.928293728093855],[77.47567113051855,27.924780023448037],[77.47762662103104,27.924097776740886],[77.47964510428221,27.92170045623228],[77.47813023653632,27.91990074999227],[77.47833953793845,27.918700689232615],[77.4770872096056,27.916367762955346],[77.4803777731662,27.915105226629084],[77.4788377949798,27.910916496154524],[77.4790085349053,27.908918032684056],[77.48069772496721,27.90792698857661],[77.47920864540475,27.90574152036922],[77.47911135405236,27.89965493609508],[77.47804691999067,27.898550160753413],[77.47949057549651,27.89789505934271],[77.47777635383721,27.891246456281756],[77.47525007368249,27.887001870284536],[77.47224354544998,27.883691553184065],[77.46562672206319,27.88030831618448],[77.46433545643404,27.878549455197568],[77.46220246711461,27.878045513249283],[77.46083922269791,27.876224966578803],[77.45061717684784,27.871106836145852],[77.44602178213401,27.873667591628973],[77.44545084000501,27.875928473862402],[77.43942251101302,27.879579123108588],[77.43779617911093,27.881176686435996],[77.43673289842832,27.88408667798916],[77.43331331492135,27.887346388611924],[77.43053889574223,27.88866514321229],[77.4282849482867,27.890956821401954],[77.42783688134939,27.88987995164079],[77.42538508262679,27.88979062146962],[77.42197120101747,27.890763699810314],[77.42012729293663,27.89047701778697],[77.417895267324,27.888656206424365],[77.41582049304155,27.883572803310347],[77.41209605062491,27.880616852957456],[77.41038627086489,27.879846907063474],[77.40932709590234,27.87548482329412],[77.40947745476299,27.874024798564125],[77.41209416418602,27.871074748604617],[77.41281689646699,27.869425484240303],[77.41149872052925,27.866820132820873],[77.41414793456987,27.864220515921748],[77.42049233058701,27.859810311028898],[77.42234933258831,27.85740933060396],[77.42175320410001,27.85437473696726],[77.41488979289728,27.852101110461092],[77.410427489406,27.851795565829935],[77.40450885117494,27.85325431670227],[77.40027633404199,27.853762237591148],[77.39701055588537,27.853390288413998],[77.39495130734538,27.85419559992899],[77.39317248138678,27.856037530592438],[77.39053662420163,27.85707216908748],[77.38628580708409,27.85772527408202],[77.38285809641542,27.85752568104581],[77.37701155821362,27.858775596864106],[77.37703293065157,27.8571102663629],[77.37230379104454,27.85600541271595],[77.36737460401649,27.853492054029903],[77.36526204047411,27.85381316890867],[77.36383641978371,27.852345809186843],[77.36104825712437,27.850900367758324],[77.35607939885499,27.8534909727885],[77.35366413393574,27.852827969107608],[77.34931706225643,27.85575949344158],[77.3483271761848,27.85558332451272],[77.34154518535473,27.851358972847617],[77.33515155238155,27.84688642870617],[77.33064589030312,27.85099151841536],[77.32518731733748,27.85432856535426],[77.32256169426266,27.856491061987462],[77.32448460691255,27.85904781977366],[77.32415806347608,27.862539929887205],[77.32559324324659,27.865928952432935],[77.3254543521483,27.869872359899848],[77.32282743022915,27.874196976067],[77.31826799078327,27.87744668378647],[77.31472841663839,27.88156632189886],[77.31196875438582,27.883886115616697],[77.3076492886962,27.88615590754022],[77.30582091237694,27.885597199972928],[77.30122902138804,27.88781470201107],[77.29740421750856,27.890258148994327],[77.29615408708858,27.89042881992979],[77.29191496156767,27.888869694108337],[77.2878729590249,27.88557012925588],[77.28851308508514,27.88386286153735],[77.28695825865003,27.87912474870029],[77.28696042613562,27.876454028939683],[77.28341247163792,27.872549069092937],[77.27843781378238,27.87476547134436],[77.27424319022698,27.876201501921297],[77.26631461740257,27.87970106834597],[77.25663105906067,27.885005669242002],[77.25351848988116,27.8885949545298],[77.25061301492198,27.89043225563791],[77.24988623982208,27.889063287280184],[77.2486670941697,27.892167531512758],[77.24715068548858,27.893988563363806],[77.24429836159852,27.895624363934136],[77.24148083564057,27.89625701448403],[77.24030779361422,27.89554481541478],[77.23427851401054,27.896204721552724],[77.23481388612976,27.900180353843137],[77.22952281700846,27.903568416644262],[77.22815148792827,27.90883944551518],[77.22628653233973,27.913325725820158],[77.22434395598444,27.916336610904864],[77.22179727273814,27.91887823440697],[77.22079997507991,27.92209625421197],[77.22164424372768,27.925774845148183],[77.21885316411998,27.928103069895712],[77.20965234164622,27.933252674221695],[77.20865832899278,27.93291784101492],[77.20875356307467,27.935700127014332],[77.20673050252574,27.93889881165548],[77.20179067328469,27.94201042006211],[77.20119984019799,27.941667876719414],[77.19551037771733,27.945602608696355],[77.19291237009107,27.948133300631593],[77.18737100883155,27.95147026851421],[77.18193906945775,27.950877009191125],[77.17981517565002,27.949420035993523],[77.18314940109282,27.942225385625143],[77.18175613748724,27.941196783449588],[77.178332150311,27.941777992979073],[77.1732699759087,27.944346457624704],[77.1756907147761,27.94705021548086],[77.17336599705627,27.949699982045487],[77.17045635698923,27.951189844794406],[77.16739674455687,27.951439809802142],[77.16592194596392,27.949139997009198],[77.1657105609293,27.951388236927375],[77.16468955983399,27.952213070047687],[77.16257015985772,27.95054312424185],[77.16083524815953,27.950607603716346],[77.15894930421948,27.948488919334924],[77.15766146049053,27.9490712309258],[77.15586413372468,27.953682866137836],[77.15568711118425,27.95657052219999],[77.1563227100359,27.95793521888726],[77.1519885927509,27.958858820493305],[77.14640986725374,27.962027182912202],[77.14444233740737,27.9638424473893],[77.14406360373543,27.96685770694101],[77.14444321224245,27.970083656601687],[77.15036673768475,27.976491734016626],[77.15217738909838,27.982162820202927],[77.1498809247599,27.98545692583334],[77.14977465874296,27.9874647653003],[77.14808264329277,27.989757052013392],[77.15198335016926,27.994965268166492],[77.1520410941054,27.99561053863009],[77.14755620532083,27.999958558979586],[77.14494350416429,28.00074404908399],[77.13961806655597,28.000922215297937],[77.13509965281231,28.000148134327556],[77.13557438550383,28.002380169877895],[77.13743783036568,28.005964758353418],[77.13889689892413,28.00630747712878],[77.14023927585261,28.008360271503328],[77.14556822077847,28.01422490143759],[77.1463676011682,28.020063228681227],[77.14823830166083,28.020817161303793],[77.14935094247443,28.023415060674786],[77.14930599773186,28.027006484505698],[77.14552858823549,28.029190841966546],[77.14628150040355,28.031297832007233],[77.14537659216765,28.03234473007238],[77.1457486135198,28.03643684842071],[77.14148929496443,28.036464538635126],[77.14017717651386,28.03698932246425],[77.14175181972706,28.040597369948866],[77.13900052647209,28.04153671098689],[77.14216738625558,28.04697251373987],[77.1447870165337,28.04987777244524],[77.14515850825074,28.05146588246043],[77.14799015884812,28.055223893001376],[77.14693610546449,28.058324355415603],[77.14117600741962,28.061694879092872],[77.13921718851114,28.06655764870571],[77.14096571048162,28.0698522419353],[77.13941434775012,28.070628503695833],[77.13312744905835,28.07240669774898],[77.1341962813419,28.078953312343604],[77.13399806764777,28.081182145162703],[77.13489378041344,28.0851931207918],[77.13655780239984,28.088834049740655],[77.1410562431087,28.096002824014548],[77.14291402392456,28.10005419701506],[77.13952598542072,28.104507768869475],[77.13718255342862,28.10637248524174],[77.13293690940857,28.10672362277942],[77.13103027200735,28.10998804721203],[77.12795060107483,28.112444862246317],[77.12594647239519,28.11304824562219],[77.12431515131524,28.112578408285056],[77.12034811010494,28.114669219160533],[77.12586439126028,28.124983254368278],[77.12928453798384,28.127604530810963],[77.1336004078092,28.128971288516674],[77.13537196097074,28.13321681997129],[77.13801358314574,28.134764134919905],[77.13885366934365,28.136568716580708],[77.14400548097265,28.142144652166238],[77.14449058385381,28.147375573379875],[77.15041677476725,28.154275803869037],[77.15380348735816,28.15969824862913],[77.1569964059216,28.162621136036375],[77.16445395707407,28.166522398252507],[77.16685307132947,28.169864428975405],[77.16823415117773,28.17312148028038],[77.16485124197636,28.17472864365327],[77.16522332878647,28.17581134602587],[77.16400203039875,28.177539717215396],[77.1647004434318,28.179804457080667],[77.16962692957918,28.18639005972566],[77.17245993757606,28.189463642268183],[77.1755882229962,28.187899448728114],[77.18359173088716,28.18539671063779],[77.18672572680713,28.18383330214287],[77.19173706420487,28.183547229292774],[77.19485739304804,28.19081208722235],[77.19848341731432,28.196380142505518],[77.19501659102491,28.19980580636557],[77.19357352660099,28.199581430294103],[77.18914107171267,28.205101476483637],[77.18966743756815,28.208006719577227],[77.19145296769096,28.208667627488207],[77.1930441183674,28.208580490611908],[77.19828723201013,28.210072921212863],[77.20026357254443,28.21153397737452],[77.20301387831996,28.212459037378654],[77.20187974728007,28.21313828732],[77.20201454711629,28.216119516863397],[77.20370226853767,28.21930575312419],[77.19987798171155,28.220873496213265],[77.19762905058437,28.222459851961254],[77.20145467389337,28.228990039235455],[77.19116411301528,28.234826927885738],[77.19396240147483,28.237765841751596],[77.193721390706,28.23919929176155],[77.19656365578317,28.24303287164705],[77.19538026335997,28.244980263753064],[77.20245611829215,28.249720045901626],[77.20496919837947,28.251131860834672],[77.20919058095231,28.24920445241943],[77.21122974934626,28.252371319621346],[77.21100898901915,28.25316429031089],[77.2134503884132,28.256964071247996],[77.21314335893015,28.259154811018877],[77.21387357162635,28.26173851484054],[77.21901356574848,28.263796822035356],[77.2204400572932,28.263050361087554],[77.22410751308945,28.266180205751926],[77.22877119537434,28.268169354250286],[77.23439748146559,28.270022255422813],[77.2370752830688,28.2700395723786],[77.24159354641962,28.266925459468727],[77.24610537955256,28.262602442361082],[77.2556263115223,28.258168403569993],[77.25703786759763,28.260918807623696],[77.25621937023904,28.263254432722725],[77.25605419986199,28.26746456396706],[77.25714504045196,28.272375333705366],[77.25988160276013,28.27202073872928],[77.27031942634468,28.26888473144029],[77.27328904428869,28.26665935613502],[77.27962663657735,28.269716418697865],[77.28246959011875,28.267706701803235],[77.28611334289168,28.266052492677495],[77.28622390459789,28.26513996468055],[77.2933886041175,28.262817031275357],[77.29787450087355,28.26336940079747],[77.29998755951304,28.26175426811812],[77.30124841069205,28.262252940985675],[77.3070181769702,28.257417173209767],[77.30841819202354,28.255276534583025],[77.31444488593277,28.25985798783491],[77.31771960293217,28.26063144418833],[77.31918423859281,28.2600113282995],[77.32204396280663,28.260318770104753],[77.32684529876829,28.257338429910355],[77.33076649074026,28.25212193538547],[77.33175006800658,28.25012583549899],[77.34102867673813,28.24549396550857],[77.34220183633323,28.241239734217586],[77.3443317468307,28.240040012959955],[77.34477107707524,28.23555548424895],[77.34566789237535,28.23487890985669],[77.34900459024178,28.2353713677484],[77.35159270523042,28.234920645152712],[77.35531144805893,28.23604917990092],[77.36095634592175,28.234195522382155],[77.36485364436494,28.23248592996437],[77.36642598761641,28.235477024368326],[77.36791500914019,28.236961743827685],[77.3734160258997,28.235378960039462],[77.37424169994837,28.229521009109636],[77.37519502716397,28.22649010295852],[77.37768076046444,28.223327350364816],[77.38033964975195,28.221008197704307],[77.38177099526577,28.220638166234473],[77.39172853389374,28.21615263616611],[77.39542619910294,28.215033248216844],[77.39700012886301,28.21515474572569],[77.40550499395815,28.21117373627309],[77.40761467937669,28.21462469216715],[77.4099416420198,28.212255469231525],[77.41146858120183,28.20925028798574],[77.4140703500256,28.206962104531122],[77.4136725214767,28.205333485987847],[77.41180255652449,28.20302845849312],[77.41581477731266,28.200455578123034],[77.41776097554668,28.202322851648987],[77.41982423880576,28.20530745187718],[77.42372696881816,28.207216104701846],[77.42491812315059,28.20594782885792],[77.4342224432747,28.213920914799896],[77.44241003008831,28.209784307947093],[77.4421132129395,28.207546617923843],[77.4456321873283,28.206935749783774],[77.44902953879159,28.207412146667714],[77.45662193758915,28.20550385148551],[77.45664333540869,28.20684389224236],[77.45990067056766,28.21042420875568],[77.46637762389143,28.20856116129369],[77.46816783478886,28.21139782483946],[77.46988020231692,28.212506549206733],[77.47099838925374,28.21556020213028],[77.47848252094958,28.214372848849344],[77.47746355923945,28.216974443205064],[77.47854648453931,28.218386906957868],[77.48294971564056,28.21827701764188],[77.48426755860154,28.221020631995284],[77.48613726015519,28.221303324867346],[77.48710735116371,28.218604528756476],[77.48835248863935,28.217740671066455],[77.49014864590315,28.218994508580604],[77.4890416165007,28.22216262776932],[77.49158610053934,28.224664520637578],[77.49363773966687,28.228159316498832],[77.49561782530573,28.229443904406587],[77.49773509384134,28.22959040504016],[77.49770173557528,28.231652232116392],[77.49351389077302,28.2358247947011],[77.49320156868181,28.243607743662682],[77.49485597504349,28.246895286745268],[77.497986560849,28.248061472153452]]]]}},{"type":"Feature","properties":{"id":"06-224","name":"Charki Dadri","source_name":"Charki Dadri","state_id":"06","source_agency":"Survey of India (SOI)","district_code":"701"},"geometry":{"type":"MultiPolygon","coordinates":[[[[76.33402835928739,28.81348911782884],[76.33458862324993,28.808464154383035],[76.3354949623699,28.80743663124218],[76.34096174314573,28.80495048993029],[76.34962254709947,28.801851699401972],[76.35561161545773,28.8008281633746],[76.35962545260965,28.799555002721426],[76.35846561174155,28.79819511406232],[76.3591455353508,28.795495346862275],[76.36387557597652,28.790843955441638],[76.36363498579874,28.7900258273128],[76.3674245091106,28.7877160386255],[76.3789149117776,28.78335900183371],[76.38304752747229,28.784061408948187],[76.38562220188368,28.78277652625887],[76.386912072327,28.775227170560342],[76.38690192629694,28.770357984273375],[76.39916056354075,28.762698279841047],[76.40607970838735,28.75622885412117],[76.40395000232064,28.752029203106375],[76.40304016378292,28.742460008643825],[76.40179034434982,28.738820312722535],[76.40061050271993,28.737150448910366],[76.39878075621236,28.73286080669815],[76.39747508091608,28.73293847659929],[76.39384139743152,28.731510902182425],[76.39159169522206,28.72972104553048],[76.38881206741858,28.726431314971162],[76.38860210607554,28.72382153345334],[76.3871723024218,28.721401734187584],[76.38255791465303,28.716547129148445],[76.38100344452718,28.71559390255385],[76.37977328827235,28.712852432998343],[76.37954335726408,28.705083088805413],[76.38028327977702,28.701863362745662],[76.39367292889341,28.69033315664999],[76.39742731758642,28.686833341410846],[76.40195058371711,28.684894885445857],[76.40620748864525,28.682594942689327],[76.40341470581704,28.678282522993477],[76.40212473209023,28.674962444771705],[76.40111992836951,28.66642703733128],[76.40666963546559,28.665803271165103],[76.41166193379482,28.66593731479569],[76.41763655248994,28.66650392790768],[76.42549816025875,28.665788375680417],[76.42791731649031,28.665237095941336],[76.42886386767645,28.66581417857706],[76.43301724417164,28.66578535342193],[76.4389706632061,28.66481719831132],[76.44422239551281,28.662793501524433],[76.4462468825647,28.661195340616533],[76.44973900835006,28.659452029032376],[76.45055659598016,28.654856707477045],[76.44952742931795,28.649657899045664],[76.44815654562794,28.6451260296508],[76.44670098511794,28.643691683842817],[76.43801859210186,28.641199353291388],[76.43942600494742,28.63990883372686],[76.439884073758,28.638039310287837],[76.44572521546145,28.63638915496598],[76.44787911413255,28.63439502080736],[76.44843205686836,28.63288716161607],[76.45263201560667,28.628119919569546],[76.45410293880926,28.62593877431467],[76.45802371053189,28.622260399216533],[76.4577565147425,28.620936738230018],[76.46150327992105,28.619550639773003],[76.46102527814342,28.61835547608558],[76.46257126513034,28.616982477427754],[76.46570275943532,28.615441005819378],[76.46555278679887,28.61390113435439],[76.46138509165917,28.610481417146083],[76.45842372337471,28.609081513857873],[76.45396148343916,28.604356906303707],[76.45146308652255,28.605430042647995],[76.4488149910592,28.601242142600817],[76.44823672972817,28.598379847672955],[76.43881840981865,28.600744811985066],[76.43569931538349,28.602245880563256],[76.43281109069652,28.59950194704634],[76.43034002876196,28.595777598365732],[76.42853774316258,28.591313236149716],[76.42770776724517,28.585903360298648],[76.42671790750927,28.583093593207625],[76.42613803582441,28.5719745340464],[76.42646966680533,28.570741474694483],[76.42562813023306,28.566125022666622],[76.42308848992522,28.55861564877353],[76.42120290860483,28.551272266604098],[76.4125398772729,28.55116623949946],[76.40986023134502,28.548976412550427],[76.40784048770196,28.549296379189077],[76.40420094407128,28.55103621898349],[76.4039009648577,28.554995883310955],[76.40288107880137,28.558385591201827],[76.40265108936077,28.562155270269354],[76.40348095997622,28.566994866997224],[76.4029710102394,28.57026458989581],[76.4020411174515,28.572244416137945],[76.40174113122121,28.577663957902068],[76.4039203207159,28.586047887945057],[76.40197103954215,28.59073285306545],[76.40272116152227,28.592704092769385],[76.40146108906944,28.593762597552047],[76.40035879807569,28.596266901164604],[76.39439302672875,28.598798197569018],[76.38914192680416,28.5990882062969],[76.38768426667748,28.598780218206436],[76.37411274579736,28.599515956821183],[76.36987509526114,28.60138183279231],[76.36776047153519,28.6032356823655],[76.36435618650978,28.60444971761997],[76.3601463147305,28.607121308571557],[76.3588173237043,28.612729978425193],[76.35853847843697,28.61679033277593],[76.35695108628214,28.61670318757395],[76.3554622041652,28.613471343729003],[76.35138534077748,28.60843189967056],[76.35029917010898,28.608365622122268],[76.34584712239834,28.602153063287627],[76.34467967015146,28.59815340057191],[76.34484596439866,28.593316759888605],[76.34436931255024,28.58912422457657],[76.3426586787093,28.580103528895158],[76.33483709046104,28.582453186399363],[76.33415692488241,28.582394443392413],[76.3345297279821,28.57823365962827],[76.33544962327832,28.57541389862004],[76.33478122041183,28.572983700780295],[76.33730940276713,28.572234176607786],[76.3400290693884,28.56898446062025],[76.34182793106167,28.565668715548053],[76.34227880841722,28.56300497786821],[76.34155394367443,28.55599847503712],[76.34061907369245,28.55217588218849],[76.33913208428687,28.543487410786767],[76.3356605674982,28.538068239481895],[76.33489783736458,28.530544787667015],[76.33495136620968,28.52659501006115],[76.33322018600188,28.51745879211597],[76.33219035228657,28.510129406470853],[76.33101052083805,28.50645971035322],[76.32930075641427,28.502940003022488],[76.32709023417765,28.49592033213695],[76.32489541111177,28.493510405390232],[76.32248108841084,28.492338658239213],[76.3200519884723,28.492250868539838],[76.31831220756227,28.493060796888564],[76.31421271080507,28.497260429300837],[76.31041319178243,28.49860030159625],[76.30438395745259,28.499790177526524],[76.29814475740187,28.499090214200805],[76.2958550554431,28.49820027989726],[76.29122564550077,28.4985402346392],[76.290415752378,28.497740298921435],[76.2855964165294,28.48727116701384],[76.28352671726772,28.479881782415617],[76.28267683428639,28.478081933489992],[76.28440661956729,28.476512069599583],[76.2852965182629,28.473932291184287],[76.2882661503005,28.471392518045665],[76.29293352120708,28.468730445527942],[76.29084586850323,28.461353375052447],[76.28953604971599,28.458473612065195],[76.29057593699065,28.453953997047435],[76.2901260087666,28.450854257950255],[76.28863121876084,28.44700457754066],[76.28997604524265,28.446544621677244],[76.29070596654108,28.44375485894209],[76.29050600779705,28.439965175960857],[76.2848301170756,28.431592852861552],[76.282767044361,28.430835922952436],[76.27947745783862,28.432065803713858],[76.27373067141855,28.43361521051667],[76.27397407020284,28.43435334818797],[76.26599916710812,28.435355479041814],[76.26574918788937,28.437415302377303],[76.26424623757642,28.43709875278695],[76.25899004654582,28.438285206922558],[76.2582501468928,28.437540267075164],[76.25514319442856,28.437909818862487],[76.25378072458864,28.43593538283314],[76.25075064383313,28.436573021104962],[76.24893633470212,28.437875203147698],[76.24732153899652,28.437875198531618],[76.24512591041622,28.441568495004113],[76.24392457826607,28.441692058613427],[76.24453831842584,28.4510362958323],[76.24516250018164,28.453643977279963],[76.24504924661379,28.45777769855845],[76.2443988346963,28.4590486870296],[76.24063725448957,28.460767708526856],[76.23615125565362,28.463993267683502],[76.23124217558929,28.466372804853542],[76.22113264376644,28.46772422120679],[76.2179771696688,28.468538412806897],[76.21570293384146,28.46362132918536],[76.2144113286021,28.45932351500176],[76.21411271857461,28.452452085335022],[76.21319853503104,28.446846561145193],[76.21175187158471,28.443252064265113],[76.20898920385181,28.44383900082374],[76.20204834647008,28.4434618543633],[76.2018604067061,28.44294075601782],[76.19580600385298,28.442517642423876],[76.19341716974881,28.443172625918134],[76.18892180385934,28.443281149358544],[76.18684169446554,28.438434240324778],[76.1859725069013,28.437515012351053],[76.1854889576736,28.434750267733957],[76.18331644500249,28.429658003425192],[76.17049672158214,28.430881892741137],[76.16552611450344,28.431660736399426],[76.16576263676794,28.433673740666162],[76.1656335271493,28.44112195815203],[76.16376880489864,28.441262681314914],[76.16412413247451,28.445912198998407],[76.16263127375326,28.449664575261956],[76.15859504194724,28.450932182725914],[76.15930468313,28.45181271498785],[76.16146873824891,28.45734553933789],[76.15958564327163,28.45799532635542],[76.15899001822866,28.460452108278513],[76.15952728980672,28.46231087739246],[76.1527719291085,28.46347525540696],[76.15233581801934,28.46122048901676],[76.15013905044322,28.454668805409916],[76.14881395394747,28.451673133527855],[76.14252723343016,28.453102347860202],[76.14154902099511,28.451286915395453],[76.13054369250324,28.45417102038407],[76.12540940738853,28.45338707861832],[76.1195483397954,28.453613359211346],[76.11640023468702,28.453137640559927],[76.1107702435641,28.450325643539987],[76.10775204474054,28.447639820184857],[76.10627057684925,28.44364043574862],[76.10535490322411,28.438937215054203],[76.10197002194138,28.43650873818748],[76.10085492883694,28.43398962995864],[76.09800687095617,28.431258915062116],[76.09685138974444,28.4313643473797],[76.0932000824093,28.428275924155095],[76.09226829178431,28.4244825848862],[76.090399737742,28.423023263464035],[76.08910314455817,28.41907065123518],[76.09051817833466,28.41760470070392],[76.08974411436749,28.41622548029428],[76.09016471607657,28.413021963856934],[76.08718240071944,28.409559859011797],[76.08856496888646,28.406160010511844],[76.08628115222311,28.40269735482916],[76.08349391241303,28.400230503629356],[76.08144315000834,28.396577773067825],[76.08209923317378,28.39277745135711],[76.07136713077293,28.391891344206275],[76.06748183813306,28.39105971783595],[76.05911197707847,28.389904163337732],[76.05490458160786,28.390505591331138],[76.05367413627064,28.391959157377595],[76.04324087317273,28.39180012648675],[76.03911792904708,28.39104297901666],[76.03900081231316,28.389842296346092],[76.03330657736147,28.388799342551458],[76.0315142079591,28.389009504837052],[76.0299006082592,28.387368513633287],[76.02739015304789,28.387563193023325],[76.02727296144431,28.386133649112057],[76.01752458798593,28.386021058426],[76.01780324184705,28.387777848738803],[76.0165792893212,28.387905999715656],[76.01808044267477,28.39386630406091],[76.01451895032099,28.39519828878574],[76.01523097575783,28.3984935379571],[76.01715870389829,28.40395716324037],[76.01835992131987,28.40900552596156],[76.0149620219151,28.409697786769314],[76.0141673520402,28.407852007322038],[76.00997326558264,28.408690768144428],[76.01145444983297,28.420356296623073],[76.01254312835168,28.42556382315943],[76.01292357401661,28.42963584883051],[76.01399180348407,28.43224807242407],[76.01357113298319,28.433973737598098],[76.00809572849134,28.436043576322287],[75.99576815685315,28.438371039471463],[75.99370998060058,28.439892276553504],[75.98933589786692,28.440708987693192],[75.98949616247405,28.44230671819981],[75.9843928287335,28.443264090045194],[75.98327703013547,28.4449521793351],[75.98017755009275,28.444669103822612],[75.97874947170585,28.44326856365004],[75.97481179379378,28.442740002862813],[75.96910506311605,28.442688013067908],[75.95974860180797,28.43798460665876],[75.95339826177786,28.435949285869054],[75.95105383573014,28.435755433366246],[75.94471165685303,28.43695599782428],[75.93592271568446,28.43537932160498],[75.92781721159872,28.435783883702456],[75.9211689140662,28.434383597892502],[75.91318665420847,28.43382949587005],[75.90825081375509,28.432429060420432],[75.9035179544611,28.431772161682655],[75.90260208615601,28.432343956789882],[75.90397623720281,28.434726390842762],[75.90910122726332,28.436979796243467],[75.90826952254831,28.443051376193264],[75.90995138183042,28.45127044571127],[75.91085915757148,28.45444244248201],[75.90968945507949,28.455468968519618],[75.909709141871,28.45792323364089],[75.9041370318113,28.46218527140176],[75.90232446007225,28.465524827172175],[75.89899803166578,28.4704801951612],[75.8952953808189,28.471232118203588],[75.89044304100081,28.474253670007066],[75.88912627022997,28.474573345452196],[75.88599608222678,28.48004033266109],[75.88507404724128,28.483997327230874],[75.88320357456804,28.485032543100594],[75.88029384025391,28.489005670637468],[75.88336252308859,28.489962271933745],[75.89526662887879,28.489643329565517],[75.89905843135058,28.489203972184633],[75.90331712036051,28.487834420806905],[75.90561454587159,28.4866179485719],[75.90969482174158,28.485703452777628],[75.92560575792568,28.48076154425116],[75.93059336557646,28.479041604854082],[75.93372495251532,28.479192031972453],[75.93402077024722,28.48385646905106],[75.93531330773828,28.488833289026903],[75.93624804054488,28.49522318017045],[75.92376010796391,28.497556273043394],[75.90759125540757,28.500247806984657],[75.90280187268831,28.500257716979565],[75.89897348561523,28.500721635525245],[75.89996212699046,28.512946672057403],[75.89979212383824,28.515406472047736],[75.89572316438922,28.515899179868928],[75.88943339072256,28.515188475368394],[75.88906897654225,28.5145447328793],[75.8808645673843,28.513986232008406],[75.87997470296831,28.51107644446427],[75.88007472073134,28.507826699823408],[75.8794348225551,28.50569685634006],[75.87939485884755,28.502127135130014],[75.87818508051791,28.49457770505746],[75.87803380481273,28.490474803347116],[75.8733026891359,28.492027629064655],[75.87141252795433,28.49429569271668],[75.86636669760647,28.496421309436226],[75.86305976139133,28.497105506002242],[75.85347933611055,28.49720445447811],[75.85257531914345,28.499423211828642],[75.84842741001796,28.500254470592232],[75.84416160713239,28.502147101558297],[75.83717837594098,28.502075188961825],[75.83142442263593,28.504318159032003],[75.82543517668202,28.50765785695045],[75.82268131278347,28.5088514668395],[75.82154566193718,28.510497605373626],[75.81685626032247,28.51084756107625],[75.8159363719076,28.512597409631432],[75.82056299520832,28.514643984930274],[75.82132198125278,28.51623853869211],[75.82301128637806,28.516606130306137],[75.82490876412695,28.52922497955454],[75.82446262095178,28.531854688991718],[75.82307164356442,28.535746377897706],[75.82299072669817,28.53890220762026],[75.82493173069065,28.54272562008538],[75.82552588282178,28.545215387878425],[75.82810217571499,28.547192332146277],[75.83084147280103,28.553632726118963],[75.83293575809621,28.55710489804359],[75.83650798372058,28.558789052858224],[75.83908761039726,28.561033895495363],[75.84218386316283,28.562226827818645],[75.84782019008647,28.566400703707718],[75.85005052580408,28.56669786487071],[75.84654145074994,28.571209382928913],[75.846382109826,28.573032754213383],[75.8476519104516,28.576048543930842],[75.84777031677949,28.57871345646193],[75.84705493859148,28.581308123503756],[75.84760995119615,28.58477959833871],[75.84717054154943,28.586951317685365],[75.84991032452517,28.58796866568064],[75.85689866537115,28.591335976148095],[75.86178291145153,28.59333519070298],[75.86424496753806,28.593826346259714],[75.866349533558,28.596421209073164],[75.87083447277833,28.59799722886699],[75.87229551820259,28.597997263361158],[75.8807630225859,28.600311413514913],[75.88314880615692,28.604063317130116],[75.88898725810087,28.605851063743525],[75.89089753108615,28.608330419339172],[75.8948593039547,28.608417855141816],[75.89933773694348,28.60973537391052],[75.904986817186,28.610070235799263],[75.90762120785445,28.61076753467617],[75.91458677315575,28.60913719117898],[75.91797365719269,28.607223384970855],[75.9215733182743,28.606420926116314],[75.92511511517749,28.607195072837428],[75.9333103374969,28.60729514025015],[75.94269810206167,28.60354285890399],[75.94662008189384,28.603850973788596],[75.94922457940628,28.60341011824629],[75.95633162284655,28.604517537060623],[75.96420773612772,28.608182951589257],[75.96442942287888,28.61078049724979],[75.9721825555456,28.61392819907873],[75.97463700273336,28.61565815546653],[75.97935094219503,28.616947030946612],[75.98541059973618,28.616868189094948],[75.99056443719076,28.619445144269758],[75.99325816890656,28.620088999790916],[75.99516870966792,28.622258793870863],[76.00350103020239,28.62426259755277],[76.00607431786051,28.62756282403283],[76.00595164908727,28.63206958192036],[76.00900617465236,28.635185124683893],[76.01279364294847,28.636767344242585],[76.01485418584176,28.637084866675202],[76.01611037884602,28.63879116845572],[76.01941927753596,28.63847795377903],[76.02277233851652,28.64019039253614],[76.03062520567867,28.642406638771348],[76.03253282635917,28.64230420988117],[76.03569252650638,28.643190560737917],[76.0389398815217,28.64318810474435],[76.0398798275822,28.644433828697778],[76.04363824360388,28.645031710913656],[76.044398679276,28.64705329880838],[76.04363465841132,28.649750669206174],[76.04554050205961,28.652057140100286],[76.04658389314014,28.652057741575913],[76.04782998341453,28.654521711779406],[76.05021335551808,28.65465388845975],[76.05024318428896,28.65574112442433],[76.0556688063563,28.657323034246183],[76.0559179452328,28.659538236746787],[76.05942642532632,28.66012193094892],[76.06296428062971,28.662717692168606],[76.06786917706336,28.66344616609466],[76.06872190246449,28.66627520727362],[76.07113104758362,28.666402465350703],[76.07277237310292,28.667675368416674],[76.07690544915697,28.667645279176373],[76.08264513470591,28.66605113171172],[76.08302817920172,28.667913435933404],[76.08575477614907,28.667643563733556],[76.08570414070633,28.66610068541939],[76.08376144903866,28.663352646002718],[76.082294772207,28.660058778120444],[76.08362484703905,28.659445671257483],[76.10115932242685,28.65531732055607],[76.10552720641724,28.654740540207168],[76.10394661146019,28.656044097494156],[76.10441671883203,28.65821872012373],[76.10368514307827,28.65938709640691],[76.10374068014333,28.662784143140247],[76.10294759861809,28.664340471567417],[76.09965313154176,28.665973079369284],[76.0984504922191,28.668381989474565],[76.10027098397701,28.670638009426796],[76.1010324595923,28.673539001307006],[76.09750241528316,28.675144417987003],[76.09869347934097,28.678410953834224],[76.09691319864001,28.6785414198815],[76.09733724277964,28.680882941326384],[76.10132274455087,28.679647561801502],[76.10132309609993,28.677942202703246],[76.10276137806423,28.674184421227345],[76.10541107960125,28.674857053336908],[76.10866977659953,28.67467700733144],[76.11198983825274,28.673563041904966],[76.11449114127889,28.67579186094914],[76.11795945409392,28.675792055578157],[76.11795947549516,28.674912395031107],[76.12121815403681,28.674235750438474],[76.12098293331294,28.671050663956358],[76.12359695230582,28.667446094764276],[76.12697795506715,28.66511360108776],[76.1235662926993,28.658766028262228],[76.12362763472062,28.656072684592054],[76.12274287977876,28.651335674009328],[76.12565811168835,28.65101538590506],[76.1291460877416,28.649066340383587],[76.13279252491347,28.648502249774683],[76.13538124789667,28.657082881277525],[76.13564757759843,28.661021276700723],[76.13514691627864,28.667111818142388],[76.12892721475019,28.67461018984941],[76.12704482887122,28.680258560109763],[76.1242362821772,28.68165258370933],[76.12636963275489,28.682590947966087],[76.13377280848809,28.687305109209994],[76.14241898557843,28.686704198622788],[76.14553469087629,28.68696545429022],[76.14982674866921,28.68525481004965],[76.15014876956991,28.684163009956574],[76.15229203921497,28.68294454964741],[76.1595814743292,28.68055625209095],[76.16356078109636,28.678394214127316],[76.16745854235822,28.67752234265096],[76.16942761601655,28.676380287388284],[76.17174853856643,28.672910160809433],[76.17762903558271,28.668315354318622],[76.17823383965114,28.670760354135002],[76.18297082675838,28.671168856654955],[76.18750254027745,28.67884078090379],[76.19047219847424,28.682863585659636],[76.1925284838248,28.682289575194766],[76.19310704883763,28.68308336869972],[76.1968152956793,28.68188140891562],[76.20394549958678,28.6801540106442],[76.20288341609175,28.67589579776732],[76.21696230163428,28.676816255566955],[76.226300216607,28.676738365979812],[76.23275986193663,28.677327930156803],[76.23286992229649,28.68483482951659],[76.23334437639308,28.68847065679462],[76.23093532218324,28.696036547085342],[76.24323041551204,28.699812885769287],[76.24421908761755,28.705728111905195],[76.24382597008488,28.70968803849276],[76.24221090896062,28.71465177257321],[76.23800141551416,28.721411183855196],[76.23815993476019,28.722728979727314],[76.24586039312352,28.72432096720946],[76.24891999625336,28.725660863491917],[76.24968236406039,28.72783348424027],[76.25172961151384,28.731120410003093],[76.25357934298847,28.737889846043995],[76.25277609370434,28.737969175901345],[76.25543908706392,28.741209567879675],[76.2574088405524,28.74035964814183],[76.26036847318983,28.73779987684623],[76.26437796859739,28.735550082318042],[76.26931731309713,28.740349693682454],[76.27164700773234,28.741799577780647],[76.27355674358047,28.745889239282285],[76.27388947195739,28.748795480112992],[76.27569359678634,28.755076946654437],[76.27395142131593,28.756750354425066],[76.27577305461489,28.75777083854952],[76.27426659528756,28.75839818075215],[76.27456577969009,28.7617279593462],[76.27580517890182,28.763226396500123],[76.27732400042471,28.772987729379064],[76.27776604555166,28.77953640103098],[76.28805605019525,28.77856519105769],[76.29059928960372,28.781591337428676],[76.29042089030476,28.782700676109634],[76.2922572375473,28.785118984559887],[76.29186215347313,28.788325925121676],[76.29256770517114,28.796935678176133],[76.2919777757926,28.80671886817689],[76.2938394497475,28.808458988072662],[76.29990341491822,28.809973843948438],[76.30589535407678,28.80892819612784],[76.30739074177339,28.808996338306276],[76.31205924864862,28.811988214585003],[76.31348940271855,28.814137846078832],[76.3210584762548,28.814552601457763],[76.33232562497133,28.813872472633804],[76.33402835928739,28.81348911782884]]]]}}]}
