{"type":"FeatureCollection","features":[{"type":"Feature","properties":{"id":"37-314","name":"Kargil","source_name":"Kargil","state_id":"37","source_agency":"Survey of India (SOI)","district_code":"006"},"geometry":{"type":"MultiPolygon","coordinates":[[[[77.2742201278639,32.873026253194645],[77.2714275404741,32.871749260897666],[77.26615969217005,32.86753393821172],[77.26292325156707,32.86327188285851],[77.2597930735557,32.86257346181898],[77.25443636543937,32.86308933341893],[77.25550006677362,32.86500565963889],[77.25413316450906,32.8678163445726],[77.24946636290319,32.87199845111917],[77.24450334590294,32.8718462797732],[77.24308272439606,32.8746556643075],[77.23786637217586,32.87932138061487],[77.23755563379652,32.882515296139196],[77.24009349575641,32.88338159795076],[77.24100797260726,32.886692116082536],[77.24330107317515,32.89122694191551],[77.24219087088068,32.89172135998427],[77.23396064504404,32.89357187584199],[77.22510400632297,32.900186573160696],[77.21945481771034,32.90321925437057],[77.21544474188474,32.90331235473329],[77.21061167477322,32.90410865354743],[77.20804284851663,32.90534085013201],[77.20357000070429,32.90548768495041],[77.20183247217267,32.908131782462995],[77.19957391463664,32.90860081589172],[77.19873599756512,32.910655992711355],[77.19530306927864,32.91369113572485],[77.19357008822732,32.91617742410632],[77.19321303705091,32.92257020235868],[77.19136614067784,32.925279282998055],[77.18834702296216,32.92787249042793],[77.18594040190986,32.92619708090296],[77.17884775526048,32.92225516858627],[77.17428635423074,32.912508820947544],[77.17084298334481,32.90981862006348],[77.1689248866337,32.90964113586031],[77.16016530172895,32.911250922694066],[77.15633750390658,32.910625417787806],[77.15663828478135,32.91126313214438],[77.16029612128096,32.912200406386305],[77.16430326228607,32.917382389105995],[77.16440648274134,32.92094557976295],[77.16221000090427,32.92973162464352],[77.16281200720894,32.93271974323216],[77.16484737370631,32.93429712507485],[77.16473667737831,32.93614266366816],[77.15988514370109,32.937477916920784],[77.16150106029646,32.94395888471213],[77.16239031999933,32.94974761549957],[77.16157817731019,32.951802941543065],[77.15822161875585,32.95317108477674],[77.15533014605003,32.95333254038097],[77.14956200447843,32.954895063773705],[77.1491628242387,32.955697486589365],[77.14967964358102,32.959697605675615],[77.14781369214829,32.964681499883774],[77.14978415088382,32.968353151103855],[77.14965082916879,32.9726316639871],[77.151003621654,32.977258480236095],[77.14724970117489,32.97762604960222],[77.14342546327374,32.98024532154957],[77.14191963023963,32.98052739488523],[77.13719972894825,32.97929597166212],[77.13420919225851,32.97918446252409],[77.12668415364494,32.980459182920164],[77.12219024288639,32.982251845005024],[77.11654658145741,32.983763331024],[77.11470354629003,32.980597536069276],[77.11235883014045,32.9786523144144],[77.1112675616109,32.97425635903258],[77.1074479268557,32.97331459907244],[77.10179404758911,32.97120492257223],[77.09582911614501,32.970485177967156],[77.09006149859222,32.97197801193115],[77.08638096426706,32.971714914522146],[77.08239244012077,32.974419299826195],[77.08314365988102,32.97770364860945],[77.08221095157073,32.98013880666803],[77.08032149643657,32.98239463816283],[77.07819008319258,32.98216629740383],[77.07381655790239,32.98350971512043],[77.07170110194605,32.98361965281837],[77.06973770006888,32.9856708765918],[77.067021727471,32.98700650981593],[77.06232156305613,32.988522487587105],[77.0570509959255,32.99115204297801],[77.05460640067868,32.99402584969218],[77.04903940390562,32.99754969539644],[77.04529174392943,32.99768979157123],[77.03949335879679,32.99674657871837],[77.03637129352923,32.992394154914045],[77.03212409418347,32.98887444444411],[77.02530958621169,32.99051910406398],[77.0141520851304,32.988039809291074],[77.01015592384078,32.98787337063554],[77.0066848593638,32.99103841662885],[77.00142608621779,32.99326090572577],[77.0011729367991,32.99447186408628],[76.99772499467579,32.99615291291874],[76.99429411465714,32.99881996383308],[76.99304685064355,33.00099940500773],[76.98975797265348,33.00182481688458],[76.98829691791998,33.00070951530314],[76.98323959685088,33.000006795228515],[76.98124574374079,32.99883403781966],[76.97386586628566,32.99884339018936],[76.97207898267682,32.99952300990239],[76.96890361965556,33.00341509344602],[76.96585772771188,33.00334437267137],[76.96448643200026,33.00439407740392],[76.96136118177586,33.00837726312703],[76.9622537598676,33.010516040767634],[76.9604643140271,33.01453018755098],[76.95149243139848,33.01738561152813],[76.94679886465674,33.02349483494298],[76.9432686559236,33.026747032631675],[76.94179889473823,33.02752381631587],[76.93383376834677,33.02738258254602],[76.93073216744298,33.03059946154605],[76.92954588355379,33.03088709340089],[76.92903795130572,33.03330851279098],[76.92665311555211,33.03748834331687],[76.92737437188853,33.04156070828969],[76.92638674864584,33.04392573398025],[76.92635086030255,33.046628480418626],[76.92357376590698,33.04971748815854],[76.92299726881423,33.05258773494487],[76.91941506659508,33.055747839427546],[76.91672630261911,33.06100151073759],[76.91517559744692,33.06258712693426],[76.91479445831445,33.06762456830007],[76.91218593839564,33.07044683321081],[76.9123217386351,33.07441497477984],[76.91093868246443,33.0757791578267],[76.9068671602407,33.077530559892296],[76.90573145937651,33.08110822475224],[76.90669908961885,33.08419475522355],[76.90828491061849,33.08639472292604],[76.91093579582981,33.08875488987037],[76.91031393165743,33.09297530064248],[76.9078506151803,33.09462933147931],[76.90146835511915,33.09664145736914],[76.89875245001986,33.09783885378628],[76.89852000268849,33.099995896672354],[76.89409895559821,33.10417145002493],[76.89344756656217,33.10604823594361],[76.89431111789222,33.10904204300964],[76.89256385683838,33.1132806012519],[76.88999826803375,33.11637348181613],[76.8874076479271,33.11860975173659],[76.8862196813858,33.12051878056114],[76.88369891885544,33.11906254297061],[76.87832831042726,33.11798918321787],[76.87659792803737,33.11691197186764],[76.87160670923141,33.112513627752456],[76.86983112880277,33.11278678473171],[76.86354412674999,33.11191638910359],[76.85625054686102,33.11359164381646],[76.85551011952293,33.11523888842163],[76.85130363844127,33.11775142058324],[76.85038405440082,33.11962157407926],[76.85106151472648,33.121755109826324],[76.85393056223373,33.1239859938685],[76.85333343579461,33.12581877321135],[76.85010609307183,33.127859028755125],[76.84673792644229,33.12931021043739],[76.84416117472816,33.12951888446124],[76.84409448318067,33.133076139025235],[76.845890733957,33.135371511772014],[76.84514206445881,33.136930289199185],[76.83999316628172,33.14036585673386],[76.8359961313866,33.13981963067152],[76.83126406877015,33.142003569916035],[76.83125387236167,33.14487177284445],[76.83037159016558,33.14621657844193],[76.82663885479097,33.14734321699382],[76.8243688997568,33.14954100164998],[76.82378342148515,33.15101345724517],[76.82180227685832,33.15258748223683],[76.81926759124802,33.15626530588707],[76.81798022755306,33.159477582687984],[76.81867236735393,33.16589057441969],[76.8151833158151,33.16927496567559],[76.81421231939888,33.171053320844635],[76.81514597003857,33.17666115346387],[76.82015471412069,33.1789887786101],[76.82367131258154,33.182676683200086],[76.82372786344223,33.18416441845853],[76.82107480874384,33.18815436868984],[76.82018621537179,33.192231713568795],[76.81875945729216,33.193233327614635],[76.81978546166495,33.19456417306035],[76.82283308382746,33.19630391857329],[76.82501525890913,33.19671666142469],[76.82794224291747,33.20043513701919],[76.8306644065816,33.20230200627824],[76.83580599591235,33.20391151419215],[76.83541174411101,33.207640265105724],[76.83268804528085,33.20897118782769],[76.83314242144536,33.211369085485565],[76.8269514335397,33.21383278882685],[76.82697438631496,33.21473408715292],[76.8297703109011,33.21759346379815],[76.82909898611827,33.22158562316004],[76.83148975431851,33.223759649464505],[76.83174681711961,33.2256573181386],[76.83424795736151,33.22932008609352],[76.83910648979312,33.23299414803013],[76.83977067190233,33.23553196712874],[76.84191880611696,33.23855558125432],[76.8460082922046,33.241220204708874],[76.84457100857406,33.24568919026436],[76.8386353461094,33.246898284762885],[76.83633290275553,33.24684319027729],[76.83216257833332,33.24813933238004],[76.82599410440231,33.24357818936722],[76.8244842022453,33.240704835378466],[76.8238478886223,33.235780843509076],[76.82152122066854,33.234869302376914],[76.8184586432566,33.23668713429652],[76.8082971276287,33.24396315750326],[76.80604905282922,33.248592395410924],[76.80514284537765,33.2515877240181],[76.80062730320363,33.25512634958875],[76.79687274477212,33.255215775695575],[76.79363516072824,33.25585800618007],[76.78840640929423,33.253614944430744],[76.78484653258987,33.25271810481048],[76.78257435293912,33.25333849375036],[76.77723663792027,33.25271358630758],[76.77455066284702,33.25134238721152],[76.77239355450028,33.24832293205158],[76.7706925368534,33.24943656500058],[76.76766844110684,33.24831212129259],[76.76555387876591,33.248725083017554],[76.75921791732698,33.24830463941243],[76.75431355828287,33.248678664156955],[76.75238106313094,33.24958655477383],[76.74999992473163,33.251858712178155],[76.74719300096173,33.2533724164679],[76.74516270760134,33.25574578701468],[76.7404514902706,33.25976700330395],[76.73705093985983,33.26109562056119],[76.7368890016641,33.26445432705052],[76.73816853672349,33.266211338602474],[76.7384829754262,33.26868156933871],[76.73667621578718,33.27004920560195],[76.7358801375015,33.272890094622625],[76.73250231520113,33.275539374641056],[76.73270828351436,33.28151258377404],[76.7277296579115,33.28348233043953],[76.72986143291845,33.28871017208627],[76.7284739181693,33.2910375386664],[76.73020463431429,33.29726629118393],[76.73201534522677,33.29855403653413],[76.73093936499114,33.30107503453031],[76.72923915787014,33.30246047470969],[76.72833487410871,33.30498591691916],[76.72875708916985,33.30778960100849],[76.72523901682176,33.31134040241473],[76.7258769559542,33.31516278155881],[76.72322846416225,33.31865427938075],[76.72158934989343,33.3223116507313],[76.71959903672153,33.324044399984714],[76.71963259816147,33.3251894392266],[76.71774625095227,33.32897319257798],[76.7120825841336,33.33108268540857],[76.70942351432205,33.33024598614276],[76.70408318486098,33.327806069915944],[76.69938463975818,33.32827339333086],[76.69647338872765,33.327806276527006],[76.69367179920555,33.32977335610036],[76.69157768668653,33.330081107651125],[76.68710606274246,33.33273885736473],[76.68327388188605,33.336252462607575],[76.67689477469504,33.33880240497459],[76.67388207897416,33.339267999284836],[76.67098867762863,33.341933477156154],[76.67259812661325,33.348212652802204],[76.67192726485412,33.3497231535323],[76.6681901665815,33.35248352790149],[76.66490873893794,33.35413464868293],[76.6619812895982,33.3547801805972],[76.65929091655804,33.356696947244956],[76.65843212293292,33.35867171933367],[76.65902438293129,33.36207508722477],[76.6577095277253,33.3655062786631],[76.65296134075237,33.369028321715184],[76.65163546333893,33.37272978802529],[76.65242635260329,33.376106188444304],[76.65151348946708,33.37792768978901],[76.6521645319229,33.38063679024993],[76.65148292310158,33.383423059414966],[76.64725482451033,33.3867689662295],[76.64194600269296,33.389893935250065],[76.63983996681583,33.3927163013225],[76.6393730886461,33.397418319957666],[76.6365952224556,33.40218376223179],[76.63840684965432,33.40343224438714],[76.63606899828568,33.40610574069136],[76.63221544961874,33.409277482617604],[76.6361181190748,33.41144331114101],[76.63697876299562,33.415532223281005],[76.63589837198015,33.41716860359315],[76.63242593698592,33.419445397789815],[76.63010921241975,33.42261929707164],[76.62875995470802,33.427600884812875],[76.62946467811231,33.430986481144245],[76.62819580788357,33.432920351326146],[76.62896476005287,33.43489500041339],[76.62520087524504,33.437550141668524],[76.62051216450499,33.43956072983493],[76.61644710754108,33.439916719942495],[76.61378552912603,33.43929440680418],[76.61087716435746,33.43490323538494],[76.60444196835182,33.4310254512221],[76.60020515079549,33.4314348906095],[76.59473845790104,33.427534169365394],[76.59293799986371,33.42559085309289],[76.58184676325487,33.42578585257527],[76.58054986765295,33.428062038880334],[76.57794698982693,33.42956230116185],[76.57832181489141,33.432704500586325],[76.57999095670372,33.438313152274446],[76.5788873456852,33.44089149791272],[76.57706308420929,33.443347695238906],[76.5770347410468,33.446286875105706],[76.5761570415688,33.448369289412256],[76.5764583010694,33.453082518788094],[76.57380206951383,33.45674436166063],[76.57173963359102,33.46109375730926],[76.56948947841241,33.464185269317845],[76.56926262500181,33.46577429170594],[76.56757454957534,33.46449096764203],[76.56284820251247,33.46255930625892],[76.5605887800347,33.46304049887355],[76.55763659493272,33.462029155235435],[76.55546238201447,33.463673368631405],[76.55215405786173,33.46437481002139],[76.54963716674511,33.464053232545076],[76.54547524927787,33.46873461778491],[76.54249992542347,33.46958911241868],[76.53924244040246,33.47280102799146],[76.53578316189889,33.47850146454977],[76.53476810862348,33.48219273797743],[76.52792111240666,33.48343640331478],[76.52434487253205,33.4891947874445],[76.5231136428149,33.49312031142658],[76.51952320000342,33.494659021564026],[76.5148738971704,33.49502457008284],[76.51104088493129,33.49658566286396],[76.50780204465421,33.49956919112144],[76.50805637584365,33.503291152202856],[76.50669672828246,33.50998421132461],[76.50262594386976,33.515529665206664],[76.49926878670792,33.517422191608276],[76.4957374741977,33.51656169555481],[76.49188450476355,33.5169102864851],[76.48495445782716,33.522535848837784],[76.47908492400572,33.526830372317235],[76.47456098459887,33.526863358213525],[76.47104668358516,33.52736653829291],[76.46821141981029,33.528585933515636],[76.46022812832537,33.533099737551005],[76.4584262740212,33.534581873987996],[76.45798726127579,33.537066036788524],[76.46215483090131,33.54338111367387],[76.46467086832601,33.545229821119825],[76.46334331834596,33.547372066768794],[76.46240008656788,33.55161258446972],[76.45934064260926,33.5530504698748],[76.45455544940468,33.55736561104039],[76.45071554036006,33.562495809892695],[76.44735155687013,33.56429432900538],[76.44338477172933,33.559788596993045],[76.44166868795395,33.55486233974002],[76.44068435160746,33.54915348154372],[76.4394308223786,33.54676487022316],[76.43753760080874,33.54549691057182],[76.43587967675083,33.54219559465237],[76.43309825793561,33.54090088669394],[76.42972944767193,33.53844559172714],[76.42492412748284,33.537099784019794],[76.41520039473644,33.539084635088166],[76.41366388389069,33.53990330340699],[76.41023605512159,33.5431275549827],[76.40065686718465,33.54560718217645],[76.39749185850964,33.54785276128804],[76.3840625065341,33.5523693312825],[76.3802801571527,33.55252957106416],[76.37962873457805,33.55355741719202],[76.37927633728252,33.55821193744559],[76.3768238565126,33.56230976092717],[76.37519772647182,33.56402733867449],[76.37475345342334,33.565882383090766],[76.37608356024454,33.56952705120905],[76.37759150235047,33.57190721912358],[76.38013626755952,33.57452178807413],[76.38072353486056,33.57695605356164],[76.37655769586051,33.57891267897872],[76.37407494513063,33.581398811685105],[76.3722598442387,33.58234326317218],[76.37104526403193,33.584085533646835],[76.36675787943973,33.5854355107068],[76.36368455921726,33.589929670887805],[76.36081305785329,33.59317963827375],[76.35894304024632,33.597951150377405],[76.35926802171782,33.60326376843115],[76.35538881980465,33.60486356180047],[76.34692797488515,33.604943176461816],[76.34550786076117,33.60660627260012],[76.3419271987669,33.60856178666956],[76.33624247097097,33.61050762090135],[76.33405368006305,33.6076534322201],[76.32950035087954,33.60427085671709],[76.32218290276168,33.60226649572062],[76.31744429365575,33.60718031823781],[76.31208772000598,33.60924014425448],[76.30651124392493,33.6095550319708],[76.30012633462401,33.600830716560914],[76.29960062786873,33.5982383426977],[76.30057986782377,33.59324410060941],[76.30182438265383,33.58975790081509],[76.30759015220453,33.58328094467142],[76.31013580924376,33.5786052841468],[76.31046118799186,33.57553555453433],[76.30978295665471,33.57146672255167],[76.30529287097427,33.569929363515435],[76.3030169285938,33.56755010501255],[76.30103807796442,33.56728295848004],[76.29408325248839,33.56742292842254],[76.29189493047252,33.56673173765016],[76.28530094936838,33.56680832863167],[76.2809841269421,33.56754445382561],[76.2778742675144,33.567519560997624],[76.26906353603331,33.565979685205754],[76.26259937851626,33.565604332695465],[76.25964388862315,33.565017838388094],[76.258466232201,33.56176874359009],[76.25161872242124,33.552881409731334],[76.24886291303919,33.55070136510744],[76.24763650966956,33.54772735583835],[76.24586221235661,33.5455990785857],[76.24206472083554,33.548034823682734],[76.24029899583157,33.548189792876386],[76.23726546705737,33.546308259337515],[76.2311804600283,33.54515508715759],[76.22771547259465,33.54686202758573],[76.22555708845525,33.54728754463379],[76.22376078780182,33.54893446319799],[76.22169787945992,33.55297973687631],[76.21977294715778,33.55532087374646],[76.21646999901024,33.558127369684414],[76.21345859287814,33.56192984026776],[76.21077345790967,33.56369432295326],[76.20914451546226,33.56646331670312],[76.20549468838476,33.56771455910088],[76.20584320320408,33.571821017569235],[76.20648004763372,33.57327675202152],[76.21384282016177,33.57423631904629],[76.21642184372764,33.57359880216502],[76.21883483706281,33.573899014698554],[76.2221440066884,33.57614595633081],[76.22489167542788,33.57703626516758],[76.22618710793614,33.5795281173799],[76.23018357768763,33.58414995700891],[76.23140432159546,33.58694831537315],[76.2293235404883,33.58998847009557],[76.22910527073154,33.592089382330705],[76.227443921303,33.59470993785108],[76.22412277680704,33.59684041554376],[76.22421832129434,33.600306980326295],[76.22710794581083,33.60216181480136],[76.23070774179335,33.60303784233541],[76.23864764644718,33.6024447081259],[76.240337161418,33.604845867822625],[76.2409630816864,33.609587649291754],[76.23913227907592,33.61442639028662],[76.23504582236974,33.62100272905103],[76.23194556230234,33.62374177473069],[76.22831005403523,33.62517393526794],[76.22937182082299,33.62982521891865],[76.23089863880443,33.631257433539666],[76.24019404227099,33.63479229754189],[76.24617302936436,33.63649054224223],[76.24955952921788,33.63876016867089],[76.25164834637194,33.63794684399252],[76.25647126480929,33.63897005786987],[76.2645743734231,33.64321496779814],[76.26988346233199,33.643016702641056],[76.27202355351753,33.64495917286712],[76.27198899686918,33.646843417742645],[76.27484109257912,33.65320644171357],[76.2800465039873,33.654684628517806],[76.28363406786193,33.65964148728742],[76.28464791178966,33.66184883755531],[76.28010116090614,33.66390565977591],[76.27722820727035,33.665936416113105],[76.2729859059802,33.67005999502493],[76.27228982993238,33.67285434208162],[76.27050464600495,33.675591436888766],[76.26634595317164,33.679029694616084],[76.26641112833028,33.680826060550686],[76.26934071112983,33.68386013494389],[76.26960343655179,33.68509558727763],[76.26471789735128,33.689418851959985],[76.26583647166734,33.691863184127335],[76.2649440423609,33.69392245896823],[76.26569465417545,33.69742576970427],[76.26311491154996,33.703044823496384],[76.26357698900343,33.704429127495025],[76.26571860553435,33.70622744827826],[76.2659139106998,33.70749205043384],[76.26323987436464,33.71072856985905],[76.263433900512,33.712935350775496],[76.26712367261487,33.717090378106825],[76.26748510365833,33.71923865946939],[76.26741361713773,33.72468411550416],[76.2700796170491,33.728423376266754],[76.2711639101619,33.73075038760503],[76.26733388421334,33.73242404027338],[76.26578379050665,33.73377728795974],[76.26538475636272,33.73574916164559],[76.26709559634989,33.73969500090703],[76.26523845807169,33.74687667867381],[76.26021317299896,33.74999652485031],[76.25794925014446,33.75011051616354],[76.25205997163434,33.75138058166659],[76.24892230957774,33.753282023756675],[76.24785630871747,33.75456076013363],[76.2470848641671,33.75853298022137],[76.24126659049354,33.75830872152165],[76.23610921668906,33.75987314933774],[76.23147208256188,33.75902081510587],[76.2179254851444,33.75880639838356],[76.2125795627624,33.76117696888003],[76.21263043782254,33.76351649594103],[76.21148971200617,33.766866614618706],[76.21079773708955,33.77119470148652],[76.20532580980255,33.7725867942513],[76.20131186261395,33.77496497090964],[76.19943587396263,33.777774533256796],[76.20002286561655,33.782290960860855],[76.19943695824807,33.78523496846761],[76.19807359883873,33.78805765069677],[76.19564037723109,33.79005603255491],[76.1938175663218,33.79260850596155],[76.19073679480239,33.79534202053907],[76.18744426193855,33.796655463086154],[76.18416419627829,33.80058342600741],[76.17804621228072,33.80005877987523],[76.1744222701463,33.79871251744453],[76.1664145032838,33.79798071108876],[76.16137858361385,33.80185008691943],[76.16054773990541,33.803554284466344],[76.15964780722457,33.80789099611029],[76.16164209455756,33.81195643224757],[76.16299982527161,33.81696873358792],[76.16597670341982,33.819347833386146],[76.16263994171247,33.8212016989791],[76.1589583303394,33.825665507553616],[76.15681594511526,33.83058851602466],[76.16003181950525,33.83538849656058],[76.15975168623628,33.83725930586992],[76.1542537030179,33.84060101406686],[76.15436345481665,33.84541078935499],[76.15540142371952,33.84724515647021],[76.15197134420083,33.84892736382965],[76.15008052888867,33.84911718190285],[76.14862237666114,33.85116398560867],[76.14954418538487,33.85352133591896],[76.14719187232045,33.85586581744058],[76.14516717505423,33.861780358542134],[76.1421153101751,33.866829601070485],[76.139435186129,33.86797035258779],[76.1376387719657,33.86999233332166],[76.13839294318284,33.871842669615525],[76.13745332695073,33.876733740363434],[76.13667537496892,33.87859997738691],[76.13337888055167,33.88005624754092],[76.13055242657313,33.88215257426709],[76.12501256481337,33.88527658257445],[76.12296411528699,33.88904955032741],[76.11789950528376,33.888720355067925],[76.11529951518307,33.89022122743242],[76.11208332590449,33.89048694717059],[76.10958051282535,33.89193812392725],[76.10725083616063,33.891847707272845],[76.09957920140235,33.89688152511859],[76.09689689606647,33.90041054381227],[76.0919065061207,33.90242883896528],[76.08257523726618,33.903476268421784],[76.079844754385,33.90444897845252],[76.07406385178285,33.90743539040974],[76.06920792398242,33.9090290853712],[76.0664668946672,33.90907738144468],[76.06062725387622,33.910066269559934],[76.05445126510168,33.91217704418356],[76.04841200724921,33.91229064693139],[76.04673554811338,33.91276295681778],[76.04310463145856,33.91604672825072],[76.03803557996585,33.91886959457236],[76.03256822147408,33.919659040654096],[76.03389356153036,33.924167711315164],[76.03535272180874,33.92493509837378],[76.04062487275675,33.92499734589908],[76.04451043975982,33.92753326530729],[76.04615207321743,33.93007218200046],[76.04898441303075,33.93149392075621],[76.04953501069056,33.932711319429266],[76.04831497367283,33.936415939253436],[76.04826279610882,33.9403601457677],[76.04515908041195,33.94539780804326],[76.04315152446839,33.95210840394574],[76.03826548460526,33.959060533137475],[76.03392826330463,33.96293402190687],[76.03320156978718,33.96465993567218],[76.03013028934248,33.96817806391831],[76.02653940029363,33.97163272368594],[76.02643098852474,33.97648282789084],[76.0252177098266,33.9776538832118],[76.02435759020325,33.982124796005266],[76.01873290727299,33.97550283066346],[76.01339420184678,33.97424501389348],[76.00858819397459,33.97531341326454],[76.00617850213908,33.976731086901545],[76.00216549985483,33.97555518517435],[75.99617503759004,33.97448184431746],[75.99053441650022,33.97238675981804],[75.98234749513622,33.97163242877305],[75.980195374959,33.972603382053784],[75.97773806175438,33.97174002401109],[75.97271198023316,33.962521396992194],[75.96917714249511,33.960464209544476],[75.9666390070921,33.9545768294387],[75.96245297343887,33.95528083322691],[75.95870046280183,33.95684759416863],[75.95404717272486,33.9555570371451],[75.94960100272371,33.95588885102854],[75.94782188228224,33.95662927607637],[75.94560095811053,33.95943434090775],[75.94286459007056,33.96046360365008],[75.93505909689635,33.96133319703484],[75.92313159051123,33.96294321859142],[75.91745127852705,33.96294538165488],[75.91419054612626,33.96595315714942],[75.91164823770029,33.966864489814675],[75.90853825862546,33.968884824944354],[75.90478328517041,33.96810145182881],[75.9024570122249,33.96826878120123],[75.89855610855454,33.96744471263118],[75.89675473540986,33.96826546194921],[75.89205887741322,33.96909114838152],[75.88820672999822,33.96864084768427],[75.88524190827974,33.967608932711464],[75.88136257002641,33.964764813803384],[75.87632048098082,33.963615598485916],[75.87355613236345,33.96204689826644],[75.87167887360357,33.96270954623252],[75.8667126923909,33.96254251200159],[75.86261220884613,33.961595598612284],[75.85248501611262,33.962252369012],[75.85038640373799,33.96101681869736],[75.84767199510947,33.95701793463314],[75.84524941623863,33.954466002476536],[75.84046232955913,33.95409068877151],[75.83655607988013,33.95590163364218],[75.83406132998759,33.958127674943626],[75.83065302725043,33.95874405762445],[75.82872613129452,33.96072220506435],[75.82212339517945,33.96557891322738],[75.82148344773505,33.96817504679421],[75.8201465010996,33.96916167221067],[75.81962521167863,33.9722086569892],[75.82560049118362,33.97781417830496],[75.82888408646541,33.98926041010196],[75.83023541470132,33.99240274897832],[75.83433607426964,33.995289088317996],[75.84160797049205,33.99956900255456],[75.8437114640533,34.003239842781824],[75.84158870862929,34.00612426640395],[75.83580231610902,34.00713673221433],[75.82916145176691,34.00628703838546],[75.82643885351212,34.006502416846004],[75.82230298515334,34.007632203752294],[75.8178156982936,34.00786909773978],[75.81429280026602,34.014511733620566],[75.80419752930113,34.02101993516561],[75.80244894676638,34.020969309642794],[75.79983787732122,34.02298266724826],[75.79753980949043,34.025978856548775],[75.79694023222748,34.03044557352659],[75.78946347782177,34.03032795396106],[75.78671227369135,34.03120045570125],[75.78221002831863,34.034050544634326],[75.78072913579427,34.03665486442251],[75.77792225067829,34.03856844608435],[75.7746612341444,34.03976938431521],[75.7702687007092,34.04075736792037],[75.76807867052868,34.04277039241532],[75.76765869418406,34.04520414757412],[75.76866794440163,34.04790060810967],[75.7690894335938,34.05300363882245],[75.76852379440348,34.05491883585564],[75.75985098161989,34.05669610731462],[75.7527025152819,34.056502270940385],[75.74999988096774,34.05484756460736],[75.74454124346119,34.05653862982962],[75.74148081370656,34.056158419067195],[75.73703272405052,34.05890769253703],[75.73651402446247,34.059823208306504],[75.73842297431365,34.06174623291542],[75.74010223395135,34.06593228139109],[75.74155141067249,34.06810801639184],[75.74283046901093,34.07253777134142],[75.73902225533587,34.076390900950614],[75.73607688437484,34.07755212691567],[75.73474611625018,34.078950658674565],[75.73336591982824,34.08411308026913],[75.72886295352329,34.087678020199185],[75.72509998913465,34.089655499221806],[75.72147540990494,34.094395868196116],[75.71974436691953,34.1016364314293],[75.71880323185741,34.103250843865766],[75.71458890425806,34.10456119861963],[75.7120433814956,34.10586580866719],[75.70774487746311,34.10724211977136],[75.69845888718949,34.11275782821042],[75.69683901625949,34.113434939719546],[75.69244967715815,34.11377099243431],[75.68915541665312,34.114786969235645],[75.6873624533875,34.11605004841608],[75.68563175691816,34.12091005423115],[75.69020413555157,34.12528907509392],[75.6909543449887,34.12814200317689],[75.68437062782162,34.13093555480846],[75.68315751091511,34.132432614169254],[75.6822922641132,34.13556133781742],[75.68344778446988,34.13676429016244],[75.68581993371615,34.141297726918246],[75.68570674883487,34.14216323043714],[75.68235231830239,34.14404450327986],[75.67720743344688,34.1439521440978],[75.67361373395994,34.145157212879866],[75.67112479132139,34.14419351231083],[75.66794800115038,34.144289388397716],[75.66858425974819,34.14814312700146],[75.67015752433323,34.149981621844496],[75.67368788581722,34.15132796533437],[75.67860212102524,34.15469761075222],[75.6792404715945,34.160773506810905],[75.68069012895195,34.16356299892358],[75.6844773209637,34.166784064455584],[75.68277726987903,34.17059381235544],[75.684227071147,34.1733381622501],[75.68463123330784,34.17724602545291],[75.68411107863292,34.17801702568255],[75.68805369929115,34.1848619622725],[75.68730133848203,34.186935812651654],[75.6890393034738,34.18996400434908],[75.69071958562716,34.19527297211417],[75.68528726365889,34.19955795276335],[75.68054140303877,34.2009575123611],[75.6707530949422,34.198027235104156],[75.66710814948182,34.19893912070761],[75.66242119493663,34.19913442460678],[75.6607999743485,34.20091537544082],[75.65738843774069,34.202940209569064],[75.65646197172109,34.206321116210084],[75.65490016068131,34.20795773788894],[75.6503220962498,34.21147464931841],[75.64811946423988,34.21200252053914],[75.64395795501194,34.21162014462094],[75.64117960523765,34.20969583419453],[75.63805453237909,34.210273165132044],[75.63209142292433,34.20568958911611],[75.62827196418206,34.203620815805884],[75.62607477142625,34.201308454542236],[75.62179443447796,34.20179079459445],[75.6177908549264,34.19991101912479],[75.6153008289475,34.19986121618355],[75.61264306963005,34.19735936570063],[75.60459866273067,34.195190206719204],[75.59805038417808,34.19759595851041],[75.5933634001254,34.19769411029028],[75.59093187726688,34.200916324918545],[75.58856053510289,34.20231295730001],[75.58618827806269,34.20554868112924],[75.58479785608026,34.20901452153719],[75.58213230877621,34.212191410177034],[75.57993399829772,34.21397106058917],[75.57860461457587,34.21411486849714],[75.57165035625952,34.211515717487],[75.56481921570462,34.21180105301729],[75.5620416548694,34.21141204087656],[75.5592633761972,34.2117486819128],[75.55533006311487,34.21140851996143],[75.55180224994233,34.21280381495937],[75.54866438144661,34.214870850956096],[75.54564984481368,34.21827658979845],[75.54263672982111,34.2199604455682],[75.53823830363598,34.22308109133264],[75.5342710134542,34.22365523534978],[75.52973097992192,34.226834094016525],[75.52708835318141,34.22668783744135],[75.52312959020763,34.22899691716925],[75.51459089958976,34.22671332004191],[75.50988319962501,34.228778007800315],[75.50289639091957,34.23434698497521],[75.5004396622272,34.23408648312403],[75.49535645335285,34.23239787801602],[75.49695622627537,34.237640209274964],[75.49589726852517,34.240972301910354],[75.49472122583899,34.242199504142164],[75.48858320932048,34.24662268019842],[75.48719201093493,34.24949977594928],[75.48238446467303,34.255056645270024],[75.48378968122074,34.25870194568569],[75.4810474304618,34.26239595048778],[75.48189955844614,34.266510501590005],[75.48295073010499,34.269038281496854],[75.48216677659462,34.27164876915792],[75.47864708952856,34.274924249958936],[75.47485482534714,34.27759131532485],[75.47011120113713,34.279389113899754],[75.464410045548,34.27971342151482],[75.45917523108969,34.27941515853661],[75.45809513637245,34.27988022149433],[75.45560601678378,34.283361674704345],[75.45430339282223,34.283957488115504],[75.45361554195344,34.285918650496285],[75.44888943638911,34.28407357546387],[75.44423805247399,34.280326154362214],[75.43949153448327,34.279490397839],[75.43767880553918,34.28076243976739],[75.43736513868377,34.28247994265234],[75.43366709614841,34.28234202829394],[75.43087138292526,34.28356937634649],[75.42612444533566,34.282187670639736],[75.42262844141715,34.28390200315689],[75.42010836568892,34.28311866971513],[75.41922254291259,34.28188843773745],[75.41491681597998,34.282728276420634],[75.41088851944471,34.28469036901798],[75.40608267261076,34.28483138444104],[75.40565330489378,34.283929973145874],[75.40349776377239,34.28468778266392],[75.39738546953646,34.29280701717651],[75.39284077335383,34.29707637638511],[75.39195633475566,34.30121432782424],[75.3889155285635,34.30548322676498],[75.38933450901986,34.30951735465391],[75.39138281447477,34.31230273962964],[75.39539673625448,34.3147661735064],[75.39605015030773,34.316719279031574],[75.39336700434853,34.31848659818541],[75.38970061811676,34.321903746091216],[75.3846707557552,34.328237193966494],[75.3836663594254,34.335386040460484],[75.38397629617353,34.336720236944984],[75.37596170932773,34.34226920548632],[75.37835816179448,34.34451388439276],[75.38199380487984,34.345748749071205],[75.38357550371457,34.348597296780454],[75.38590164582497,34.35036398081385],[75.38475541868465,34.35401514211607],[75.38269580186451,34.35518721679703],[75.38050569652567,34.35829742640732],[75.3836477910648,34.36389088126221],[75.38570816696291,34.366139975382595],[75.38333024113247,34.36704386446412],[75.42699432422974,34.382333369676],[75.45253389228307,34.39280935765414],[75.48223958360524,34.42151693434064],[75.487568706471,34.44119010731374],[75.48996545233494,34.4546302531529],[75.49874870121309,34.469485465963686],[75.50984864557593,34.48336966371172],[75.53548760432017,34.502954058901615],[75.55760027042574,34.51390297857136],[75.6393977069554,34.51494323438194],[75.71155646858779,34.51454655150379],[75.75535341519011,34.51476391371251],[75.77813756495708,34.512646144135566],[75.79497167992301,34.513978747877296],[75.79701548202965,34.515406425408415],[75.80403816587497,34.52184487256071],[75.80814508990076,34.52662107367152],[75.82003494787465,34.52630165558279],[75.83020106823187,34.52767396314504],[75.83664235472996,34.53363411774683],[75.8401835891647,34.53961390788088],[75.84864270818689,34.54411852237701],[75.86223242250924,34.54396035289421],[75.87855933505526,34.55152918073867],[75.88881878315824,34.56130157541456],[75.895680632938,34.57878321459896],[75.90552390762689,34.603206951305566],[75.92356541875279,34.63309159538153],[75.93221178038095,34.654284104279185],[75.94378305477913,34.683521246848294],[75.94644067473261,34.70092205169572],[75.94873143165813,34.71687382011133],[75.9543856787195,34.7205661948153],[75.96328403709309,34.73007786525726],[75.97215043864922,34.73668557248082],[75.97918497003545,34.73691957281188],[75.98480297056106,34.736293567663914],[76.00086933350828,34.727451999120106],[76.02074851030412,34.71451148976072],[76.03469103352245,34.70510256603672],[76.0482595267228,34.69985068064564],[76.06684967482563,34.69707615972122],[76.0819248637328,34.694330070474386],[76.09975605298372,34.68749235419064],[76.11930275003095,34.684077033254574],[76.14784738482896,34.690199244416775],[76.1657574656434,34.68944852859221],[76.18407222237151,34.69246579052596],[76.19044213692185,34.695597564546766],[76.1967832666554,34.696696843872154],[76.20588492444618,34.69428432631283],[76.21454564138718,34.68577822249389],[76.22363274400367,34.68249349536988],[76.23030737615244,34.68242629640729],[76.2469096203066,34.688354849679946],[76.26962443635425,34.70321827914333],[76.2763541205058,34.70663210291136],[76.28692282693802,34.70826299015388],[76.30318331419215,34.7076380196848],[76.30667504741405,34.71096182028101],[76.31284962625232,34.71415267702592],[76.31605687828528,34.71536552470346],[76.32245841657834,34.71695946618521],[76.3315179838378,34.71761470037731],[76.33607447981062,34.71922807418068],[76.34714879882316,34.72580511683715],[76.3541705893289,34.72933097779844],[76.36002860396431,34.733493146151716],[76.36365220759899,34.73442285978342],[76.37372248983897,34.734448290111835],[76.38489268738239,34.735014800081636],[76.39171181155517,34.736323103567734],[76.39496920975867,34.73788274100769],[76.40036819207403,34.739553322343106],[76.40980426356154,34.74173140421415],[76.42010869612882,34.74242088819888],[76.42258790824062,34.743224822757135],[76.42804561737611,34.7477879996589],[76.43481018066755,34.750114543491236],[76.440430457446,34.751066135260494],[76.44824406645292,34.75182988725635],[76.44190076880584,34.74998101617722],[76.43795989461566,34.74845472833456],[76.43611414841921,34.74825280527455],[76.43063606987675,34.7465517984206],[76.42834178147193,34.745083471695835],[76.42647803279282,34.74220875198523],[76.42303112481565,34.73953753629034],[76.41940458379679,34.73741148833814],[76.41959352217093,34.73350832378191],[76.42091871980652,34.73091179286598],[76.42037004585937,34.72592248987129],[76.41971427741382,34.72466083165837],[76.42072883274489,34.723173028634484],[76.42023071531867,34.720892608454726],[76.42097246249828,34.7196303421351],[76.42460073850003,34.716866038858214],[76.42565207316844,34.71337710212075],[76.42810052091623,34.70988747423383],[76.43055612655012,34.70916517546511],[76.43374628259804,34.70532814146403],[76.43469975991201,34.70305602380612],[76.43995532404273,34.69609881576076],[76.44042663825421,34.69177163163306],[76.44325609238794,34.68863760522775],[76.44533188175963,34.684904536522794],[76.44514844535358,34.680938286870465],[76.44599937947747,34.674388867604954],[76.44854531757927,34.67232306970008],[76.44980306219364,34.66955489439107],[76.44793976325433,34.66622527753029],[76.44895567965077,34.661474095767396],[76.4485989395967,34.659022396067066],[76.44999356884449,34.65715103584642],[76.45689967479592,34.65231488790777],[76.45697982171797,34.65064715148618],[76.45959888779862,34.64640411106704],[76.4639538439613,34.643931034731274],[76.46734655859782,34.63952949004445],[76.47089314408181,34.636448327981284],[76.47287471208074,34.633643274745864],[76.47011168207112,34.62592251180087],[76.4730818164851,34.623872660848534],[76.47586643346617,34.622669119103556],[76.4817683409848,34.62138161260634],[76.48821292721391,34.619522235838616],[76.49111742552223,34.618321801239915],[76.49512677214844,34.61486534901413],[76.49853919343126,34.61079304808107],[76.50157423426684,34.60643301438706],[76.51129642328077,34.600434287960276],[76.51683408559254,34.600258092043404],[76.51994349171156,34.597839615640126],[76.52301411430864,34.59633684529571],[76.52546564158315,34.59424639144066],[76.5290941076574,34.58596502345647],[76.52825540025849,34.580745002361176],[76.52837763307267,34.57875740590514],[76.52975594927858,34.57424222592725],[76.53178396406135,34.57341446242087],[76.5384652854749,34.57264404919939],[76.54272613193702,34.57282731530764],[76.54944010004914,34.57193912117549],[76.55834978982018,34.57114652347139],[76.5623769812006,34.569831431167756],[76.5666831055042,34.56648116560726],[76.57182007443039,34.56028264042682],[76.57620478109459,34.55821244519385],[76.58261317141385,34.557900701569885],[76.58532979344112,34.55827732868795],[76.58923434585405,34.56005714006095],[76.59502574079663,34.560392005547655],[76.59860109272486,34.56024311415723],[76.6025229833962,34.55671973855984],[76.60427717669926,34.551693005638086],[76.60657160765003,34.54910992737921],[76.60913549816891,34.54771460901851],[76.61444359295508,34.54362795996049],[76.61852737392773,34.54153736878701],[76.62247149605895,34.53504897929096],[76.62265877569213,34.528567251676584],[76.62582640157702,34.52243462993322],[76.625379096349,34.518207477617075],[76.62682206645056,34.51461607479204],[76.62469164110222,34.512355099675986],[76.6257347454729,34.509663126261096],[76.62215110710186,34.50776699676786],[76.62171344571902,34.50671459078681],[76.62381368667343,34.5047429093612],[76.63003727195532,34.502932209420855],[76.639302258418,34.49880964818867],[76.640504980196,34.497799516658375],[76.6417954603705,34.48878001193133],[76.64612109466616,34.487686556842654],[76.6489284515302,34.48879956330112],[76.65240264012445,34.48852844501847],[76.65835463372431,34.481788088592474],[76.65901122639819,34.47968223133755],[76.65779963161245,34.47138321207446],[76.65402234333988,34.46572202490463],[76.65210611702169,34.461481736609926],[76.65004027300108,34.454061849098],[76.64662601350011,34.44904627810776],[76.63704721531452,34.44107632978149],[76.63195827337559,34.43959719487364],[76.62789565220389,34.437048229862214],[76.62601785811118,34.4346870125818],[76.620568601933,34.423551408674726],[76.61925016212768,34.418507211702426],[76.61685264572051,34.416297337706084],[76.61350167137465,34.41438923695266],[76.60473677646603,34.40756282552582],[76.60260500943676,34.40546862647806],[76.60344857818166,34.403034781455126],[76.60586908053916,34.39996563587021],[76.6090560983323,34.39748248034211],[76.6113404190907,34.394273543924115],[76.61560357765539,34.391614546720966],[76.61825716261956,34.38896886049343],[76.61664266401004,34.385849659988324],[76.62037783335792,34.382947073834515],[76.62399322513446,34.38067544585466],[76.62467831505529,34.37938178270779],[76.63028859527306,34.37787173581852],[76.63942075929779,34.37297141284576],[76.64294849612997,34.37172230730025],[76.6505581106031,34.369661041108166],[76.65698309550653,34.36920874736502],[76.65934115550417,34.36666592109431],[76.65997092925582,34.3649439704222],[76.66395921542335,34.361954321937375],[76.6699577816188,34.35813443852527],[76.6722130727979,34.35765576991605],[76.67645066732894,34.35496762919765],[76.67861899999343,34.35471428798328],[76.68040596484659,34.3529871790021],[76.68211010053595,34.34947960919525],[76.68365232129524,34.34787421250751],[76.68558104073779,34.347174638334494],[76.69160975660532,34.34286241866981],[76.69336512990148,34.34305518499102],[76.69618957405662,34.34159770965006],[76.70637411028181,34.33721909397093],[76.70952260978267,34.33424654918021],[76.71098917898179,34.3337722380297],[76.71766729103373,34.32916979473054],[76.72235393103124,34.32720543487856],[76.71568240024897,34.32249126616593],[76.71324595847929,34.32009963843159],[76.70936242639874,34.31814168733045],[76.70923887647147,34.316834596625235],[76.70721553785144,34.31429379435268],[76.7066046679122,34.31186014846746],[76.703386477509,34.30928858448207],[76.70189556846128,34.30650845053063],[76.70260772715172,34.30126580104939],[76.70351867271515,34.29962448156252],[76.70071177638904,34.29478528075939],[76.70297907946521,34.29173235485993],[76.70001110404633,34.288750262144234],[76.698019190944,34.28380228656552],[76.69822856637941,34.281007527156106],[76.69673609426049,34.27880883932641],[76.69842512682467,34.27599961740514],[76.69733243373815,34.27449935441319],[76.70016890808081,34.27090063376154],[76.69919595345796,34.26668003374886],[76.70124681071194,34.2621014300163],[76.70119474550528,34.25862616322882],[76.6990800461708,34.25532351013492],[76.69830705985603,34.252826844403636],[76.69634054985586,34.25116472838614],[76.69521325906513,34.24681632274406],[76.68978154422156,34.24180702982461],[76.68547229519038,34.24219242070091],[76.68232388108096,34.24170257870241],[76.67886038144489,34.24052779365483],[76.67483275409714,34.239826353143854],[76.6760745475286,34.2380363391351],[76.67624163123158,34.23610258205206],[76.6778842296592,34.23327559760825],[76.67670033808086,34.231869792971686],[76.67521620398979,34.22772352377528],[76.6719750591635,34.22508795796739],[76.67077982724219,34.22259125740924],[76.6722481948809,34.218723249528566],[76.67146030129379,34.2168303757239],[76.67201793038396,34.21461248373376],[76.67530397292059,34.21125760615064],[76.67461923968969,34.209279120692976],[76.6763100484407,34.20611858083719],[76.67874387666023,34.20294424309103],[76.67862272201575,34.200068516019705],[76.68190192103945,34.19577586393546],[76.68087349974601,34.19115611641363],[76.68061399101873,34.18422363938496],[76.68157140839827,34.18045043340257],[76.6783377063939,34.178423550847164],[76.67528197576486,34.174656531046466],[76.67125039580392,34.17100705195146],[76.66801571867815,34.16590564618886],[76.6684039613362,34.161803647417784],[76.6665795285973,34.15671528913944],[76.66696834461246,34.153625201237816],[76.6638551118667,34.15137922426933],[76.66079021528778,34.147751602019724],[76.66474513952963,34.141755359643206],[76.66857552160275,34.13722392007554],[76.6716227875291,34.128870231365816],[76.67302336393047,34.12302336265601],[76.6717161977819,34.121459803294705],[76.67355275517082,34.120115822361434],[76.67306325565433,34.117122975391645],[76.67068291986611,34.11490619670408],[76.67141248986131,34.11122766276291],[76.67259225890103,34.10848214620936],[76.67281228436026,34.104614503748216],[76.67371069841172,34.10277508074515],[76.67732775856351,34.09857244285268],[76.67829022967975,34.095412246740544],[76.68059619485089,34.092044033386685],[76.68092936786599,34.08798699345086],[76.68556528012626,34.085577788987905],[76.68816533234123,34.08500843853617],[76.68724748194083,34.081970846380464],[76.68447205253679,34.07957416276047],[76.68520234299626,34.07806375174124],[76.68412324571143,34.076603852131704],[76.68072610919482,34.075618248515084],[76.67416176827952,34.07723027789374],[76.67235248582053,34.07723102440746],[76.67121349709231,34.074828965805],[76.6694764973204,34.06799603891553],[76.66352821022805,34.06573976790489],[76.66029917509518,34.063667238219935],[76.65792142341571,34.063577788603915],[76.65458532902207,34.064335942664734],[76.64676387869393,34.06284555968688],[76.6437033068041,34.061065556582925],[76.64081648908092,34.060502584123135],[76.63556848764979,34.0612513798499],[76.63210246865164,34.063811979740834],[76.62881462543803,34.06037288325573],[76.62571122264853,34.059304650495264],[76.6225428687276,34.05963364121034],[76.61956403773628,34.06163946855908],[76.61664040033544,34.06493555412486],[76.61023125558721,34.066754920966154],[76.60751240952253,34.066100952482245],[76.6058716733645,34.064031791133345],[76.60115981518423,34.06308890960995],[76.59272266549537,34.05970174373962],[76.58983126671517,34.05791142156209],[76.59079777012681,34.05176329454597],[76.5880206245535,34.04931487661557],[76.58569793107152,34.048376651128706],[76.57930310464347,34.047297075477005],[76.5794721699116,34.04503438082118],[76.58362322202055,34.03832393214675],[76.58521057857784,34.03657994465646],[76.58441168779343,34.03134634604861],[76.58601603362965,34.02738010809948],[76.58567102220564,34.02417511144994],[76.58719884515514,34.02152956798518],[76.58861217401683,34.02039854502487],[76.58583655156708,34.01719733120919],[76.58318518252095,34.01487952801632],[76.58255836531862,34.01256691709226],[76.58397225526852,34.01030450147556],[76.58272815552868,34.00846496727441],[76.57910285407529,34.006205316908826],[76.57525919644738,34.00761924772752],[76.57231203184138,34.003096928342366],[76.56850216055437,34.00236050169854],[76.56358027009719,34.00542785298168],[76.56222596456689,34.00703190007381],[76.56001837524813,34.006003056278054],[76.55543913180276,34.00633411355686],[76.55269153764706,34.003984023496066],[76.55347452683732,33.999550699564104],[76.55181642924842,33.995506372555674],[76.54929032139617,33.99416157934321],[76.54684733034186,33.996639274690075],[76.54114240689103,33.9973883887295],[76.54180042636042,33.9941567683766],[76.54146287252557,33.99066312380424],[76.54240260413076,33.98698095871964],[76.54183554823003,33.985727482948505],[76.53761894522613,33.98164509592765],[76.53330624534773,33.981808848132125],[76.53092135425005,33.98053133973097],[76.53027413877415,33.97866469588117],[76.5314952725333,33.975262259866206],[76.53082985186407,33.97020419175124],[76.52606482390395,33.968996930882604],[76.52530383694146,33.9673419593292],[76.52695468361877,33.96198369290951],[76.53140687992013,33.95701963959816],[76.53597959682834,33.95534613048901],[76.53697188154221,33.95298479678782],[76.53392589781949,33.95103528095294],[76.53451002089706,33.94842574402413],[76.53332624643367,33.94260996402515],[76.53148409422988,33.940697320090095],[76.53188073443914,33.93899370496999],[76.53361354697537,33.93691688634272],[76.53699066995193,33.93460688455014],[76.53784148519999,33.932881075411274],[76.54053572399674,33.93170186152465],[76.54184033452984,33.93030986786933],[76.54127617052877,33.926599619739086],[76.5400014581445,33.925088679156254],[76.53608825569025,33.92338206830533],[76.53595139820872,33.91977124374947],[76.53437496263398,33.9174261576006],[76.52817239961983,33.913382506127164],[76.52536638884655,33.91326309236699],[76.52537009311956,33.91005359985548],[76.52444719329921,33.904071048193664],[76.52229824867163,33.90180195380897],[76.51924020603725,33.90038396242761],[76.51595439888894,33.89537300049774],[76.51101297138592,33.891915661727325],[76.50988146037261,33.889207667762],[76.51577951572128,33.8883497758441],[76.5183272612924,33.886792304485304],[76.52422475291762,33.886278861710544],[76.52757689058005,33.880538678374876],[76.5304436508121,33.878368119729416],[76.52911415978775,33.87350325137059],[76.5290358240331,33.87106903433288],[76.52614734843606,33.868704643031364],[76.52380872468075,33.867683992666244],[76.52114485106381,33.86749705173124],[76.51780191921404,33.86590747559638],[76.51681468843259,33.864536193995164],[76.51690379686416,33.86243572598908],[76.51857555688434,33.86078280514492],[76.52549029314447,33.85738963494021],[76.52478625906485,33.85415253053658],[76.52495654322092,33.85174101734681],[76.52779887633007,33.84652321945942],[76.53567740576945,33.84487486469575],[76.54219324221869,33.8441941841849],[76.54485747604404,33.84324478395917],[76.54746102996813,33.843620545920636],[76.55692176170884,33.84190407469346],[76.56058046147103,33.84001725945022],[76.56366565563063,33.839189459632756],[76.56550876041646,33.837608050072795],[76.56763395776525,33.83421016176157],[76.5663412132269,33.8287957588611],[76.56710424168983,33.826690937310566],[76.5735105781855,33.825774197611004],[76.57654042397652,33.826221646835364],[76.57812240164444,33.82728607723541],[76.5795703569749,33.826484243544634],[76.58503529776166,33.82868137455345],[76.58803336439838,33.8279745714246],[76.59203035748898,33.82799823104903],[76.59484473160622,33.82711544261619],[76.59996985923262,33.82938393354532],[76.60444059750002,33.83597511678454],[76.60484002069053,33.83762955375254],[76.60713515870334,33.840934073957314],[76.61048401988769,33.843296581237645],[76.61252568864651,33.84653342390762],[76.61555611892929,33.849959539577036],[76.61922598954801,33.85210594355545],[76.62340077634728,33.85586507982121],[76.62862017551063,33.8576681166083],[76.63462864815875,33.859227446561256],[76.6401779358586,33.86000669693886],[76.64389029041764,33.86125478711743],[76.64743555188997,33.8634044241459],[76.65097434430731,33.86165469995177],[76.65440551749323,33.86166287971326],[76.65655577741909,33.860999687192766],[76.65995308041984,33.85769002231029],[76.66182094757947,33.85391195977959],[76.66340746298356,33.849633667845374],[76.66722016187326,33.846391243989764],[76.66971001328635,33.84515972002468],[76.67149086930444,33.84159343747105],[76.67347256953775,33.84003300207053],[76.6815301528451,33.83674786326343],[76.6869068925483,33.83183173222728],[76.69138285559993,33.82942220430956],[76.69690193720878,33.828371288130946],[76.69834821112843,33.82665045670996],[76.70165697544637,33.82414661928719],[76.70650622497068,33.8232463639995],[76.7078637320537,33.81960770208245],[76.70919094453953,33.81820934208183],[76.70876251204228,33.816370448181246],[76.7111139782994,33.813249475686426],[76.71414126762693,33.81105203256723],[76.71608719812806,33.807741821155865],[76.71684843672429,33.80755195505032],[76.71690335086619,33.80336862311865],[76.71910908268376,33.800910254926926],[76.73054401783062,33.79540134125433],[76.73538498131806,33.79786285849936],[76.73948474788024,33.79912582546431],[76.74566600091812,33.80208148115013],[76.7488379013317,33.80229282150058],[76.7554457947932,33.805267400485974],[76.76157198715954,33.80527314957929],[76.76588978790517,33.80476308928743],[76.76881593660312,33.80526148647811],[76.77248823167179,33.80721647047307],[76.77567051075489,33.80804399321266],[76.77760175124587,33.807432509392974],[76.77767453210734,33.80513352023312],[76.77870479290351,33.80366255734807],[76.7820586655825,33.8031083902041],[76.79083225371355,33.79853471441643],[76.79306984987012,33.79623943565024],[76.79666134503772,33.795166657377216],[76.80179567782845,33.79551688874949],[76.80953332390413,33.79481345880877],[76.81174770891619,33.793874693161726],[76.81443400166752,33.79362586257953],[76.81987059420024,33.79412874541724],[76.82447098103283,33.7936303746029],[76.82859583855422,33.7937851692807],[76.83250911013629,33.79047562135895],[76.83472267934629,33.79036137616197],[76.84196417620257,33.786434923942366],[76.84362277675326,33.78300714349278],[76.84912452888462,33.78053810384647],[76.85630215301137,33.77768143502538],[76.8596307563297,33.77431447030214],[76.866337703965,33.77393198364605],[76.86790574222707,33.77413941399188],[76.87413495181744,33.77282101090039],[76.87740066288364,33.77484950717857],[76.88206725567196,33.77555926344712],[76.88687728696657,33.77777899468189],[76.88938117538999,33.78104348241431],[76.89261544303896,33.77753031706527],[76.89279049619805,33.775864694566394],[76.8962881347038,33.77459742796591],[76.90118933673364,33.77415688256025],[76.90204728815783,33.77333182592296],[76.90200601143998,33.77086373921129],[76.90855529710889,33.768829058329906],[76.90805937938673,33.76362042448974],[76.91173062953371,33.760001796015004],[76.91370539008159,33.75882913956328],[76.91336138377497,33.755917230801934],[76.91061308089847,33.75272195429216],[76.9095851360819,33.750096614979164],[76.90452303470323,33.74481065451314],[76.90105243877828,33.74191746115033],[76.90608579276065,33.73929269431812],[76.90896697457877,33.73898982148905],[76.9171293250616,33.73617442777133],[76.92085193620714,33.73557352934067],[76.92397474509558,33.73356181770566],[76.9244204075074,33.72985162598784],[76.92771972739065,33.72583377789184],[76.9329413933013,33.72487573751253],[76.93492516460573,33.72271999761369],[76.93624137442413,33.72256608442788],[76.93918310081952,33.717596900744304],[76.9416418457179,33.7162882580148],[76.94452369325981,33.71779226217232],[76.94956538692064,33.715481330855724],[76.95010281127166,33.71322257196426],[76.95340328842008,33.712418087725986],[76.95910571881421,33.71336996167896],[76.96570617856433,33.71150804099196],[76.96925266899295,33.713912527914516],[76.972110794532,33.71797635104309],[76.97373514911392,33.71852506638379],[76.98004093956152,33.72268510901938],[76.98538891537103,33.724136476848514],[76.9866439711421,33.72262970711909],[76.99042610911528,33.722977809144965],[76.9924070254224,33.71981588776276],[76.99774504890034,33.7180526051806],[77.00303089122129,33.7136112927762],[77.00993917170167,33.71077791072765],[77.01276237028006,33.7090945793396],[77.01315231539867,33.70780561881843],[77.01591154211518,33.70543696363471],[77.01917591017698,33.704402919834614],[77.02282659971408,33.705046151589734],[77.02605559314438,33.706653545141435],[77.03187886003262,33.708411609907444],[77.03896063612044,33.70871417253484],[77.04226269895962,33.70764355128595],[77.04495378903368,33.7080330069367],[77.0476302350494,33.70670037848163],[77.05263372580583,33.70895282669934],[77.05778599982418,33.70743199868136],[77.06087804808655,33.70552678697091],[77.06594586257958,33.70071940619362],[77.06902674408367,33.70083126073198],[77.0727132163449,33.69843694873134],[77.07221687820109,33.69421284010902],[77.07341518360398,33.692333497539224],[77.08439335456266,33.68410611850757],[77.08755438683517,33.6812897261871],[77.09132982179655,33.67867169246888],[77.09715475558727,33.67371437313539],[77.10097790232318,33.671952585147025],[77.10694060934917,33.67317067969039],[77.11019672264288,33.67611930458169],[77.11418665272592,33.6753578573839],[77.1199773520748,33.67631838627359],[77.12058659866477,33.677851097988004],[77.11973990699725,33.67966325786095],[77.12186428404733,33.68160619333825],[77.12444174555547,33.682255298250865],[77.12914932638748,33.68537923379313],[77.135166948827,33.683449421401384],[77.14062367029467,33.68228132785947],[77.14239195879266,33.680802458952414],[77.14863577812459,33.6799133239112],[77.14966008192111,33.67938117538743],[77.15305544595893,33.674741804377604],[77.15847195963457,33.66912360809011],[77.15970553672409,33.66673402696969],[77.16576874210693,33.662706614753866],[77.1708032342083,33.66152379010066],[77.17563428853522,33.662878723789284],[77.18076245091876,33.65679984566963],[77.180787575351,33.65393726248254],[77.18328036894286,33.64969416939408],[77.1924912958296,33.64524465509778],[77.19327945282605,33.64333730645583],[77.19910914296295,33.64107543483706],[77.20703570660227,33.639456550504605],[77.20871298812811,33.635168382609166],[77.21013761186644,33.633382257417246],[77.20755974811478,33.62958383922319],[77.20777404735551,33.622700058918376],[77.21112377839519,33.620777398242716],[77.21492672108337,33.619661203294214],[77.2179954206152,33.61723818180891],[77.22361874179626,33.615619908411645],[77.22585251834315,33.61367968643425],[77.22933612660059,33.61172483176675],[77.23268885488494,33.60862503501827],[77.23547962717451,33.604466188511914],[77.23848693651065,33.60124931595822],[77.23819763630254,33.59842760001751],[77.23544141028206,33.59569377899503],[77.23355249214728,33.59286443102036],[77.23315081034028,33.59044399031447],[77.2339360001416,33.589415506064455],[77.23744036998382,33.58775789398453],[77.23913682377813,33.58358648303484],[77.24106461822038,33.57127793660438],[77.24105659253713,33.569267415731126],[77.24229109767765,33.566302218328396],[77.24065885760322,33.56182507413334],[77.2409793920052,33.55995395061464],[77.24763483731878,33.552428235191215],[77.24883236432561,33.54899206646238],[77.25032162902174,33.54668544419753],[77.25199766939865,33.545483487747866],[77.25459200684267,33.54202391652112],[77.25510843766968,33.53832327913283],[77.2551846650855,33.53379732120061],[77.25652672147997,33.532540889689926],[77.25584228866832,33.52921784679071],[77.25765296656019,33.52762374828885],[77.26044591918644,33.52399290728798],[77.2673564854713,33.51986521880024],[77.26962834233112,33.519362199548816],[77.27257198896848,33.51964416889718],[77.27447992449136,33.51726547808907],[77.27666937608363,33.513412921507],[77.28035291961388,33.511116627613106],[77.28197460253692,33.50933721615592],[77.2842457930169,33.50911347009747],[77.28316333131336,33.504784980712486],[77.2817609978594,33.50271477553231],[77.28219814955148,33.50147538113378],[77.28529638254444,33.49942273179307],[77.29282041258165,33.49731997901114],[77.29477291702005,33.495518684560935],[77.2984909956109,33.487837570201094],[77.2998902974171,33.48701730480356],[77.30349938438368,33.487170879557695],[77.30861452737618,33.48557525340554],[77.31060288702686,33.48613391779019],[77.31710146200884,33.49085623584645],[77.32125234342311,33.48940949767871],[77.33204272957651,33.490840722496216],[77.33620424220011,33.49299582546876],[77.3376954302738,33.49282215808292],[77.33990197119287,33.49018674560481],[77.34206687448987,33.48867448422615],[77.34249793064618,33.486165277292095],[77.34383476506692,33.48475303989848],[77.34732860700434,33.482867580531256],[77.35173570230617,33.481566644653114],[77.35745338539996,33.47883059243836],[77.35995447831412,33.47704148897438],[77.36334142782326,33.47677873375297],[77.37251285089013,33.4794833360526],[77.37711091485409,33.48281365507098],[77.3810056540363,33.48304505432749],[77.38298251345797,33.484859318749706],[77.38902540660737,33.486828087273],[77.39151762783415,33.48683409075719],[77.39582912211755,33.48847572631723],[77.39675545318516,33.49285346457413],[77.40215538442492,33.49216376141986],[77.40637955691182,33.49264015142936],[77.40732933792717,33.49357636274537],[77.41155078895514,33.49421131739687],[77.4203352058599,33.49441774138369],[77.42536164740115,33.49386894096904],[77.42970411664133,33.49549496661907],[77.43616137318286,33.495383166536534],[77.43869636721999,33.49574388177191],[77.44227878802374,33.49401615282194],[77.44487890236418,33.486490678177496],[77.44886684231943,33.480132581991235],[77.44926422966846,33.477458926305566],[77.45190136203824,33.46898089889779],[77.45444591613769,33.46362605237217],[77.45760631679322,33.46145599300271],[77.45921947129183,33.45926256836308],[77.4607229472394,33.454428314667],[77.46250520682621,33.4512308456818],[77.46330245685984,33.447326304662305],[77.46667701857127,33.444934567678835],[77.46819360557005,33.44006471521847],[77.46913326265692,33.43875665023464],[77.47181500685187,33.432745323566834],[77.47537823703989,33.426805335532876],[77.4777895414635,33.42452677023451],[77.47855019047772,33.42220895067691],[77.48066530237375,33.419723196233065],[77.48822881328356,33.415330128712164],[77.49381823829451,33.414463787502946],[77.49571493711173,33.41380827194276],[77.49868235814725,33.413927118415074],[77.50297214689057,33.41568489005241],[77.50395183681995,33.41471207814424],[77.50845404800171,33.41256606399403],[77.51664181087455,33.41175294957916],[77.51823011030223,33.409685084722234],[77.52144061836813,33.40836242319939],[77.52242165907062,33.40605962804517],[77.51995156823327,33.399520805244556],[77.5197254142475,33.395382121589336],[77.52019656342796,33.392375697110566],[77.51652461443051,33.389090582115095],[77.51536207600203,33.38624046964273],[77.51670777563552,33.38006554510814],[77.51605523386301,33.37756745218662],[77.51271126656805,33.374792003836006],[77.5137886807379,33.36835087118023],[77.51541823868078,33.36706303375121],[77.52165166045091,33.366013403964956],[77.52492203190967,33.3650130236556],[77.52462371912638,33.360466324782834],[77.52574280246857,33.35894349715422],[77.53227923484843,33.36031447359302],[77.53516222408,33.35692640903748],[77.53878620374648,33.35915599110375],[77.54385671385343,33.35993925881641],[77.54739172972316,33.359905503547],[77.55227683559548,33.357681420296906],[77.55637246205809,33.35498779747615],[77.55795967748959,33.351630154297816],[77.55488998754157,33.34799941270361],[77.55544985178129,33.34647594270018],[77.55963641742994,33.34343070081731],[77.56153723363792,33.3366379222138],[77.5580484318951,33.3337824576762],[77.55153980503786,33.33315670126196],[77.54875391203913,33.331513994843085],[77.54293977961483,33.32924723796648],[77.53993195153696,33.32975016666121],[77.53445406631992,33.32459349393814],[77.53036255493927,33.32423884742193],[77.52696729206123,33.32548500292058],[77.52143080843943,33.32540390045078],[77.51543200757047,33.32575045940514],[77.50976235332156,33.324884307126375],[77.50762621079417,33.32402573744146],[77.50594346159917,33.321472530460774],[77.50255458881854,33.31795286700965],[77.49993506193826,33.31597269023944],[77.49793616923587,33.315867120643716],[77.49459860962057,33.313593804787004],[77.49463694177084,33.310217164351066],[77.49654598652047,33.30852471956608],[77.49929880119119,33.30415918882548],[77.49922790399668,33.301197249879564],[77.49581646002133,33.29743076805968],[77.48995451526942,33.29360441004806],[77.4872511203161,33.291068839169874],[77.48613657863093,33.28842351407444],[77.48220234320749,33.28439216674901],[77.48156584836134,33.28186365139042],[77.48011973627338,33.27994440579177],[77.47618695862168,33.27659808113835],[77.47672697563112,33.274780840350545],[77.4801212396852,33.27228045419403],[77.48285387052589,33.268721129748776],[77.48647061993351,33.26845648440272],[77.48816392434023,33.26644426050181],[77.49099663438699,33.261861365240456],[77.49362833335358,33.2595686890871],[77.4954657102228,33.25333652023395],[77.49305627403022,33.24958636797895],[77.49210397555035,33.247231489252826],[77.4956180483719,33.24323380687597],[77.49922721676242,33.24144147263864],[77.50265537114059,33.23759933463163],[77.5039333110291,33.23285342502796],[77.50517554448108,33.23058697054994],[77.50780693542227,33.22840303246244],[77.50989222529797,33.22532128870236],[77.51167431102343,33.224340184850874],[77.51524215225957,33.22371670058431],[77.52072878769117,33.219600890999516],[77.52075313932603,33.21714843837716],[77.52241971289642,33.213786635671134],[77.5217898864222,33.21123897989808],[77.52303606344388,33.20955393746605],[77.52386519700161,33.20667832571691],[77.52285678843865,33.20223234430647],[77.52326727780907,33.19964050304505],[77.52508342109502,33.19641404011035],[77.52466186625546,33.194569782660516],[77.52866685028212,33.19015489763258],[77.53077439216634,33.1897642706475],[77.53241190111598,33.18770519720472],[77.53299379053475,33.1849510585679],[77.53746386760429,33.18094642779743],[77.53747460988676,33.17550048485776],[77.53547324228724,33.171942053760034],[77.53670890322695,33.16928304331921],[77.53630925434334,33.166821192399404],[77.53713582635947,33.16577591472614],[77.53811562621502,33.16149371566722],[77.53785620365919,33.15820245925051],[77.53580244784087,33.159071141499446],[77.529706632146,33.16057238545502],[77.52425200067022,33.163629311961316],[77.51856085232194,33.171378801297934],[77.51795823966839,33.17327627863713],[77.50984955900928,33.17573510055893],[77.50500973157216,33.17886375391716],[77.49836906247656,33.18154943782935],[77.49419370139022,33.18234246094675],[77.49045452431832,33.18459561302191],[77.48817011410938,33.18842976586745],[77.48427552466522,33.19110665636873],[77.48339957248011,33.19384393699498],[77.47436543856861,33.19471707659207],[77.47015641632036,33.19982826648974],[77.4685920422074,33.20116836944496],[77.46401799595886,33.20126194962396],[77.46076387629213,33.20225157840772],[77.45756988663392,33.20440868344904],[77.45375865184785,33.20624598390217],[77.44844434097539,33.20655584670602],[77.44505369558645,33.204849221574634],[77.44115607325732,33.20629398624007],[77.43283201945161,33.20464822630833],[77.42825663982262,33.20304536036915],[77.4217230379394,33.19945942621674],[77.41917571915856,33.19905463480239],[77.41712035590977,33.195949151472774],[77.41598687778325,33.191441280488185],[77.4129938731566,33.18899880918567],[77.41179107757462,33.184892131130724],[77.41198296308933,33.18239452087627],[77.40695285427586,33.17926270915787],[77.40251696555593,33.17206402875563],[77.40966578577768,33.166142902010534],[77.4102223059128,33.163965181100345],[77.40947003025202,33.159272285290015],[77.40692283582008,33.15608566413439],[77.4085082652213,33.153222509619674],[77.40998586377566,33.1491916557382],[77.40909993106119,33.1449270234955],[77.40952814379973,33.143669168112545],[77.41335374809272,33.14213513651743],[77.41767007184596,33.13623241069513],[77.41555301810378,33.13524575036232],[77.4139070516341,33.13331675925713],[77.41122547764964,33.127434299310856],[77.41193774836951,33.12673530796887],[77.41428637138351,33.11888553508005],[77.41319272060548,33.117321549483634],[77.41326068683286,33.1135435683288],[77.41460419112349,33.110928308999256],[77.41439353930299,33.10702867638514],[77.41534600059762,33.10483279410421],[77.41562301128778,33.101735503313485],[77.41316747533783,33.096448017542535],[77.41019861668315,33.09252222916178],[77.40741106360191,33.08594077687828],[77.40388681353345,33.08482361839639],[77.40010578067341,33.08436007965532],[77.39606189313264,33.082075167127506],[77.393079035973,33.08198550835817],[77.39067999378558,33.08308132069679],[77.38017308183784,33.08573320870199],[77.3758512564278,33.08366393618263],[77.36959091430538,33.081306046715845],[77.36318084751659,33.08038142021068],[77.35724177582746,33.0816610834887],[77.35212667542507,33.085226367691945],[77.3465300800629,33.085554426363636],[77.3386410164682,33.086783176432],[77.33672589374862,33.08176027319035],[77.33499440631546,33.07362673902027],[77.33794162885123,33.06863690680832],[77.33711318767271,33.06491723958504],[77.33794488373559,33.06056246384163],[77.33704725461915,33.056243177982495],[77.33632696454268,33.050571488294196],[77.33387048882689,33.04891612054429],[77.33073356801728,33.04873927035505],[77.32964200526212,33.04792737777638],[77.32817144766294,33.04479348105444],[77.32426515123038,33.04240256345698],[77.31751407641349,33.04410381362401],[77.31610012352738,33.04536554615725],[77.31673193980775,33.03695319587413],[77.31373597931709,33.03475619967443],[77.31025702559252,33.034682370515256],[77.30596216657932,33.03750682935289],[77.30450103200533,33.03742031064621],[77.30175127059054,33.03565599197634],[77.29773239220941,33.03476993597793],[77.29612653741063,33.034913221153246],[77.29382352018271,33.03648071122498],[77.29214835058997,33.03924544516093],[77.2904946278102,33.03613133685846],[77.289199059113,33.03091881948834],[77.29027312378403,33.02701080179024],[77.28720059359497,33.02218921816743],[77.28462306789918,33.02019013320326],[77.28369971681606,33.01777756682944],[77.28407315199101,33.01370675948256],[77.28258110459129,33.00759229400952],[77.2801551851203,33.00449768253965],[77.27939396486079,33.00085438417583],[77.27713779430624,32.99941446143245],[77.27642295605968,32.9974405075224],[77.27706988817734,32.99293259554396],[77.27958151238984,32.990594681622184],[77.27991638345887,32.98755626178785],[77.27932729289311,32.98320518022656],[77.2819084662074,32.98044348616328],[77.28708893184563,32.97792252097911],[77.28591432058427,32.97573512067766],[77.28522202547315,32.972695924011866],[77.28698167435155,32.967336717014376],[77.28747768833601,32.96326588938852],[77.28691719596033,32.96213391208463],[77.28744988517981,32.958843144517054],[77.28679424044081,32.956723691364935],[77.2884642318874,32.95510637714631],[77.2893877281234,32.951229785894796],[77.29309601874947,32.948400951950774],[77.295361174063,32.94474603260236],[77.29630499941244,32.941554618385325],[77.30129604003815,32.93856859493006],[77.30174116099502,32.93688269019746],[77.30055378113265,32.931030040348],[77.30270670468312,32.92626133422575],[77.30643961765557,32.92432927553279],[77.30849540468733,32.92025932114157],[77.30829440349618,32.91727906237547],[77.30892828368766,32.913068539831876],[77.31117823491387,32.90597788550976],[77.31415128389733,32.90391899831955],[77.31468349140185,32.899153772260114],[77.3183206173983,32.894399068405534],[77.31584847623168,32.8911923822863],[77.31155391897141,32.88859792275493],[77.3031052336742,32.88257462019037],[77.297258616364,32.883824456674525],[77.29574498880235,32.88557732200668],[77.29195365247122,32.8828157437994],[77.28567908188501,32.87912800636639],[77.27808740371454,32.878455175930426],[77.27544981223691,32.876753343218624],[77.2742201278639,32.873026253194645]]]]}},{"type":"Feature","properties":{"id":"37-315","name":"Leh Ladakh","source_name":"Leh Ladakh","state_id":"37","source_agency":"Survey of India (SOI)","district_code":"009"},"geometry":{"type":"MultiPolygon","coordinates":[[[[78.40726791467512,32.52610031720888],[78.39950074652567,32.524359650585986],[78.39794746642957,32.524839623144715],[78.39795028998061,32.522222768036706],[78.39631172293475,32.519040290882245],[78.39432417052342,32.517296436443324],[78.39330596077073,32.515025430099904],[78.3919909964786,32.51423897291574],[78.3845677155193,32.51273040435749],[78.38222835342135,32.509988507769954],[78.37845385064746,32.50713499727074],[78.37361502428818,32.50426553174674],[78.37060086137973,32.50327308345827],[78.36477075403906,32.49976217371025],[78.36333101246984,32.49955483355621],[78.36566962072177,32.494626358883636],[78.36514990289295,32.49146001571117],[78.36529322840697,32.48713034671705],[78.36407516858625,32.48426936049781],[78.3619850556526,32.482388027043186],[78.35833860896945,32.48111507708308],[78.3564483091037,32.479868387889375],[78.35050720513559,32.47887670170088],[78.34766863752868,32.47716439903656],[78.34822504130176,32.473472526397714],[78.35138491032247,32.470000263684334],[78.3472434547377,32.46443260570389],[78.34186447347147,32.462862370127986],[78.3388148071531,32.46281633246219],[78.3344898834896,32.46347297264888],[78.33137963898511,32.46457660996891],[78.3267377489731,32.46511542986968],[78.32400134074295,32.45986174046051],[78.32522849074314,32.458458876969004],[78.32603817090848,32.4554025080808],[78.32729899640889,32.453661666116936],[78.33057002858541,32.45249282223928],[78.33278837771185,32.45076643433211],[78.33102241764092,32.446181708150725],[78.32820109409971,32.44370196584413],[78.32650257365225,32.44349567064545],[78.32243663647726,32.444516989504976],[78.31914599433996,32.4441058850419],[78.31631597538386,32.44455918932878],[78.3096762377221,32.44648864778118],[78.30745994726693,32.45060659137632],[78.30469768695683,32.45286585494713],[78.30025305128613,32.454151579388615],[78.2966026728568,32.458111912452935],[78.29619086063742,32.462437793473995],[78.29383338467265,32.463168718716695],[78.28732673097905,32.463790574852005],[78.2856918570853,32.46308846375731],[78.28597623235176,32.46471741388984],[78.28307095088641,32.46864370694431],[78.28396474360358,32.4716358158178],[78.28869850713426,32.474280965531946],[78.28967180718877,32.47605584147117],[78.28784225807193,32.47945715644359],[78.28576784310535,32.4818619062804],[78.28405043667311,32.48251228089239],[78.2882505368159,32.485239364552896],[78.29094240209179,32.490041361934225],[78.29032901438904,32.49506314117026],[78.29077517401976,32.49908590685019],[78.29397828334096,32.501165657236584],[78.29643541703109,32.50205608857604],[78.29461091047892,32.50404935230898],[78.30461713807414,32.51286510759455],[78.30335801797087,32.51570311554306],[78.30320151959685,32.51804695051433],[78.30488024547323,32.52172731684219],[78.30720364714587,32.5251467706213],[78.3064270231311,32.52910532673606],[78.30615773163981,32.53424465287133],[78.30550961142247,32.5371673707965],[78.30664665456031,32.54129039872257],[78.30830522616793,32.543436218136556],[78.3114738594702,32.54470272838078],[78.31390416929513,32.54938672246906],[78.31113231084241,32.55074303536712],[78.31165757215068,32.553593308744546],[78.31158465640947,32.557020924276365],[78.31296386574556,32.55979393444103],[78.31150261938069,32.56338077434232],[78.31199004002204,32.5655085489211],[78.31323232703646,32.566311776986815],[78.31285597726614,32.573676164084674],[78.31860826037355,32.574866353694674],[78.32931527217069,32.57589325685885],[78.33463654119952,32.577807167379916],[78.33941903588898,32.578188188680514],[78.34203449979702,32.579002008557985],[78.34318754069375,32.581590187040504],[78.34676281744218,32.58385442847684],[78.34749455189683,32.587068292086336],[78.34842678588578,32.58834539463572],[78.35160270405726,32.589340400320914],[78.35800997516485,32.58988124504848],[78.3771947282812,32.60134320767566],[78.37829688117763,32.60471503995794],[78.38200440069603,32.6083786544617],[78.38747183571081,32.60940685165676],[78.38846352763103,32.61041387469319],[78.38875686295184,32.614274857582004],[78.3958348492067,32.617333788887095],[78.40058843748204,32.61681738898898],[78.4014001039037,32.61881399677352],[78.40351180255878,32.62020776841913],[78.39227658098811,32.625770938757924],[78.3873212265494,32.63432747376064],[78.38437706705304,32.64715681262771],[78.38333322661089,32.649759476080064],[78.37973758725484,32.65349476091926],[78.37971889852363,32.654396515584004],[78.38211472899539,32.65717410628165],[78.3795980993212,32.66821366745195],[78.38015276613314,32.68176261436235],[78.38408200649589,32.69576643945632],[78.39122850100755,32.709530260278946],[78.38690807273747,32.71150651570532],[78.38613551370233,32.712757731247315],[78.38613474828028,32.7153731527473],[78.38355311626269,32.71898753747931],[78.38232986921972,32.72911522258543],[78.38360057541313,32.73472534757201],[78.38733486817213,32.7398757727421],[78.3871431788499,32.74140600731557],[78.38456381556902,32.744884905249556],[78.38398486403847,32.749655812146315],[78.38578348355472,32.75297387452094],[78.38698383057817,32.75684665252411],[78.38473662818576,32.757151613731644],[78.38178332622903,32.755484768009296],[78.37455380059103,32.75420533378269],[78.37164452294583,32.75555987159317],[78.36650934325306,32.75363486832664],[78.36395295242527,32.7534164312165],[78.36089581321417,32.75418243132482],[78.35646974868668,32.75747054138037],[78.3305368012122,32.74532544666954],[78.30899109705696,32.73620683849131],[78.30795975176791,32.734626548767864],[78.30527000213421,32.733300040845165],[78.31117658944142,32.727954042130875],[78.31463551056243,32.72115451620282],[78.31508379306875,32.71606496264421],[78.31223358587474,32.70912871821612],[78.3013648286391,32.70310601000202],[78.28920559679877,32.69925513069123],[78.27556173065797,32.699259936045884],[78.25302522627304,32.691017664728285],[78.2496824139649,32.68003884372816],[78.24767957913471,32.677259594023006],[78.24759506502318,32.67502585262727],[78.24582127241936,32.67323925228633],[78.24548857489772,32.67138495345942],[78.23990682166989,32.671127997522746],[78.22932936108367,32.6655255138764],[78.21800573106461,32.661536944089875],[78.21135934072176,32.66367914725424],[78.20031326254502,32.66021958603021],[78.19588865730768,32.66678021858404],[78.18686792779148,32.67359518028855],[78.17480690695126,32.675517800162176],[78.16890803251266,32.67542124308207],[78.16081750965806,32.67300513238692],[78.15236543834037,32.666725923066785],[78.1474987849799,32.65744741680892],[78.14745993688113,32.653948026935495],[78.1459514501115,32.65365148479396],[78.14295979847287,32.645486313800184],[78.13779233715704,32.638728754895496],[78.13244858283174,32.63880527500083],[78.1232998253416,32.64614772168714],[78.11558409988591,32.65640103557321],[78.10969575427468,32.65857964111642],[78.10482699982272,32.656265372956845],[78.09527641245711,32.64922042628226],[78.09317517018384,32.646309821306126],[78.09565930722884,32.643988658577676],[78.095968444571,32.64214447688658],[78.09825408085409,32.637807054769084],[78.09905726751295,32.63533951701871],[78.09833401293983,32.63203483849781],[78.09859500341881,32.62996426091414],[78.09144194184411,32.628131890020704],[78.08936926879858,32.625571562770986],[78.08634136017417,32.62398770239022],[78.0845128010058,32.624854244289494],[78.08368146707488,32.6220328125377],[78.08155437728948,32.6206991818713],[78.07524617418757,32.62100822143252],[78.06033050465733,32.625267114928405],[78.05013151426105,32.63207090062355],[78.04896948466929,32.63020722427878],[78.04867331800823,32.6248354080456],[78.0506328573925,32.612084930332394],[78.05295075129501,32.60729341339597],[78.05766030475377,32.60172067919365],[78.05778605091534,32.59564883790873],[78.05194413874837,32.588361432804675],[78.04357838505264,32.58505373651392],[78.03357687234909,32.583449279668905],[78.0031672591915,32.58464205169462],[77.99867937426964,32.582969672816965],[77.99282630963899,32.588404620608976],[77.99109776835894,32.59283436281111],[77.98401139008419,32.60446374552985],[77.97839966009336,32.61029169667177],[77.97564973820526,32.61725420318848],[77.97043401236765,32.62247743794882],[77.97129563630337,32.63134731676705],[77.96886099949272,32.636935979481265],[77.96268883028047,32.63926968605582],[77.9551437200233,32.644586299775966],[77.94339463534683,32.65919567506584],[77.94246770194906,32.663402129363256],[77.93649533373808,32.67612272239492],[77.92725435206103,32.68480701927744],[77.9240382764037,32.68686169147271],[77.92058485443012,32.68799909383102],[77.91835058636066,32.689944198887126],[77.91890321938737,32.69371574855064],[77.91802478578087,32.695598436494144],[77.91948530467305,32.69629818457662],[77.9218451421596,32.70006676387216],[77.92129299535496,32.70257851526712],[77.92242442026087,32.70655088253782],[77.92143653309682,32.70758688207971],[77.92454892164949,32.71257833978052],[77.92457491994313,32.716616242969046],[77.92840868862253,32.7224326647424],[77.93337186550528,32.726320636690986],[77.93160550881963,32.73067620995507],[77.92983388248432,32.731994058340675],[77.9265114684443,32.73333538046405],[77.92661057997712,32.73581727731421],[77.92962510149839,32.736237608379334],[77.92918397760435,32.73965021352767],[77.92973996098344,32.7441537491188],[77.93118983743409,32.74653470931431],[77.93112067657225,32.749875007656826],[77.93238627941491,32.75048334703725],[77.9334444192273,32.753026976341104],[77.93380152945676,32.755873960107465],[77.93333065762947,32.75944217261677],[77.93157563978832,32.761786977695486],[77.92877556943272,32.76282012173042],[77.92685231144561,32.76508601221079],[77.92538007849305,32.76883999651582],[77.91995043782298,32.76963570721703],[77.9159631331136,32.77206226296505],[77.90732905631003,32.7712589581219],[77.9033283520154,32.771210078607815],[77.90248995069692,32.772046165856835],[77.89734444694041,32.77216935776183],[77.89275312805653,32.776782373674045],[77.88871608157763,32.78302878880144],[77.883453579474,32.78707863889866],[77.88549312968489,32.79716827317134],[77.88150872723978,32.80269183820659],[77.88034089781894,32.80827491130963],[77.87779013649389,32.81299018515511],[77.87149932849816,32.81803474559872],[77.86907926244228,32.82202908154296],[77.86414369794439,32.825268789026865],[77.84793782495906,32.83192053453935],[77.84164299984964,32.8367637784832],[77.83537944623849,32.835424296911086],[77.83086714966336,32.83307605727893],[77.82474614469069,32.83293279304236],[77.81556030999793,32.842770846714146],[77.80844178763878,32.84621185677116],[77.80429954017269,32.84670708092218],[77.79744877296375,32.85105965478471],[77.79235715320306,32.85166020449992],[77.78428639668319,32.85544636531549],[77.77799960955016,32.86181338181064],[77.78364105918163,32.88058759860376],[77.7839172384975,32.882305526969624],[77.78714848088899,32.88542990261132],[77.78953724259964,32.890161417627866],[77.79290228554005,32.892251360669036],[77.79814420266781,32.891986627403725],[77.80309371906709,32.892708013436724],[77.80630119298783,32.89470464536651],[77.80838050816683,32.89754998481455],[77.806834644233,32.902430285785556],[77.79841963736942,32.90705691668457],[77.79471606383436,32.91281265935257],[77.7762680103144,32.92447676139641],[77.76435305310889,32.93650760328112],[77.76389901961434,32.93931276452483],[77.76153559498613,32.94297788874688],[77.75316797132942,32.94499101670037],[77.74410217182742,32.95468288540461],[77.73991337798452,32.96151546661743],[77.7292662519716,32.968977703129454],[77.72508264129783,32.96449767765796],[77.72044851969014,32.963299257039495],[77.71664832165229,32.96622642674665],[77.71347316360117,32.97053345965953],[77.7117921622791,32.97501525721942],[77.70765042403065,32.97662509839116],[77.69626007207825,32.975006278826086],[77.69477537320603,32.97794206311885],[77.68765211749515,32.98351543227419],[77.68199132369148,32.98327808861703],[77.68100868015868,32.97866201714378],[77.68191390243165,32.97572404363767],[77.68169842211208,32.973782237846315],[77.6767275597456,32.96618950031761],[77.67360964391517,32.963604168938076],[77.67450923863882,32.96075742790215],[77.67144367481933,32.95956007675673],[77.67001695049431,32.95662293817164],[77.66659654604625,32.9555170947037],[77.66006029443433,32.95508054419606],[77.65520800674993,32.95338672334353],[77.6400518109167,32.94177878548168],[77.63391954062739,32.94124699042301],[77.629616543021,32.938660876814446],[77.62737423952576,32.939555532424905],[77.62282344962907,32.9396725275333],[77.61007588672834,32.93881397409646],[77.60302376610224,32.9371733751868],[77.60197347119252,32.93884735141461],[77.59976577130567,32.93602090241339],[77.59615571893411,32.927342323174955],[77.59418914853639,32.925005420734294],[77.58792133748615,32.92058314901715],[77.58625663617188,32.91891923897165],[77.57042372045088,32.910396038956044],[77.56607303924422,32.91065065130231],[77.56171345697767,32.909168898904845],[77.55860500099877,32.905558184429694],[77.55577473847615,32.9034937636232],[77.55186737795086,32.89957830249833],[77.54761102560761,32.894441313695566],[77.54523411629518,32.89069000926189],[77.53833704946484,32.88514426807514],[77.53329525733514,32.883962381851084],[77.52948778372782,32.88257949962082],[77.52586953141594,32.88016351401901],[77.52074023016488,32.87830332042137],[77.51557949459088,32.87756927116699],[77.51251222992761,32.87647121174415],[77.50937918915848,32.87771582211306],[77.50653295632964,32.881040034110164],[77.50104735751768,32.88386788140936],[77.49824102689978,32.88196057357043],[77.49715140866147,32.87945419089398],[77.49370966685252,32.87888069591347],[77.48965505854997,32.876124670694],[77.48572004993301,32.87239450351141],[77.48086859939713,32.8697051183736],[77.47775800337372,32.86450328207324],[77.47603484254158,32.863116077142266],[77.4753463656294,32.86102848205106],[77.46953203610083,32.85795809586192],[77.46764551015957,32.85762686284481],[77.46038579874444,32.859373021313644],[77.45216051903905,32.86312782195425],[77.44894084914816,32.867389933028804],[77.44740803372189,32.87055933812287],[77.44804708687683,32.874358982667616],[77.44650849685938,32.87586030117767],[77.44492470230854,32.87893841168078],[77.43880477091665,32.878137343306875],[77.43265067892843,32.87481095433164],[77.42741520947018,32.8748389668241],[77.42471358453535,32.875910540195015],[77.42148987393433,32.87841385684805],[77.41862795878497,32.879482031869955],[77.41392872813441,32.883126879093204],[77.41115911764714,32.88284448455036],[77.40735690611425,32.883171848603645],[77.4034090513293,32.8811520721642],[77.39700195588387,32.87736837298654],[77.39530835487037,32.87498924953282],[77.394160087094,32.87038994638253],[77.39221053742341,32.869470532901275],[77.38791941591441,32.86275483173844],[77.38155878705932,32.861090074783604],[77.38053200489087,32.85967123064157],[77.3767171403043,32.85679687095903],[77.37466247252117,32.85400412656462],[77.37595575667467,32.848125265266695],[77.37994650528087,32.844962301626374],[77.37945256463,32.83809933539758],[77.37667282678645,32.836373403065494],[77.37671946347025,32.83294795486769],[77.3740504296826,32.823785153149565],[77.37328295378639,32.822642016109974],[77.37019010440832,32.820683933332155],[77.36652155718559,32.82015653410668],[77.36341303601569,32.81873902072467],[77.36064059182853,32.816787425710096],[77.35674290180435,32.81679605670713],[77.35241931768111,32.81494709407696],[77.34981283599416,32.814621920219814],[77.34657168225758,32.81590652360478],[77.34298220229567,32.81632708746512],[77.33888173919243,32.81597034049444],[77.33762660798594,32.81689075780721],[77.3365343118007,32.81952789678341],[77.33607307364592,32.82429735536205],[77.33317432069916,32.82482241554571],[77.33089053764566,32.82621702908196],[77.3296059159731,32.829932053809884],[77.32706852239566,32.83087039440955],[77.32702448008219,32.832357279089656],[77.32551557238499,32.83462476072157],[77.32647610381785,32.83644843004423],[77.32665216345261,32.839517888119566],[77.32887489650882,32.841999328077364],[77.3253031675775,32.84539539017838],[77.32374462777206,32.84932979708999],[77.320420793533,32.85155877792868],[77.31412043838864,32.84971230739641],[77.3093902460757,32.850739125169994],[77.30464188666654,32.84878994651013],[77.30111001472191,32.849030482347146],[77.29927344511701,32.85151607809056],[77.29140780261584,32.8555863645267],[77.28881018906459,32.85850639917343],[77.28625168065133,32.863681280336685],[77.28159679913635,32.86811355531595],[77.2742201278639,32.873026253194645],[77.27544981223691,32.876753343218624],[77.27808740371454,32.878455175930426],[77.28567908188501,32.87912800636639],[77.29195365247122,32.8828157437994],[77.29574498880235,32.88557732200668],[77.297258616364,32.883824456674525],[77.3031052336742,32.88257462019037],[77.31155391897141,32.88859792275493],[77.31584847623168,32.8911923822863],[77.3183206173983,32.894399068405534],[77.31468349140185,32.899153772260114],[77.31415128389733,32.90391899831955],[77.31117823491387,32.90597788550976],[77.30892828368766,32.913068539831876],[77.30829440349618,32.91727906237547],[77.30849540468733,32.92025932114157],[77.30643961765557,32.92432927553279],[77.30270670468312,32.92626133422575],[77.30055378113265,32.931030040348],[77.30174116099502,32.93688269019746],[77.30129604003815,32.93856859493006],[77.29630499941244,32.941554618385325],[77.295361174063,32.94474603260236],[77.29309601874947,32.948400951950774],[77.2893877281234,32.951229785894796],[77.2884642318874,32.95510637714631],[77.28679424044081,32.956723691364935],[77.28744988517981,32.958843144517054],[77.28691719596033,32.96213391208463],[77.28747768833601,32.96326588938852],[77.28698167435155,32.967336717014376],[77.28522202547315,32.972695924011866],[77.28591432058427,32.97573512067766],[77.28708893184563,32.97792252097911],[77.2819084662074,32.98044348616328],[77.27932729289311,32.98320518022656],[77.27991638345887,32.98755626178785],[77.27958151238984,32.990594681622184],[77.27706988817734,32.99293259554396],[77.27642295605968,32.9974405075224],[77.27713779430624,32.99941446143245],[77.27939396486079,33.00085438417583],[77.2801551851203,33.00449768253965],[77.28258110459129,33.00759229400952],[77.28407315199101,33.01370675948256],[77.28369971681606,33.01777756682944],[77.28462306789918,33.02019013320326],[77.28720059359497,33.02218921816743],[77.29027312378403,33.02701080179024],[77.289199059113,33.03091881948834],[77.2904946278102,33.03613133685846],[77.29214835058997,33.03924544516093],[77.29382352018271,33.03648071122498],[77.29612653741063,33.034913221153246],[77.29773239220941,33.03476993597793],[77.30175127059054,33.03565599197634],[77.30450103200533,33.03742031064621],[77.30596216657932,33.03750682935289],[77.31025702559252,33.034682370515256],[77.31373597931709,33.03475619967443],[77.31673193980775,33.03695319587413],[77.31610012352738,33.04536554615725],[77.31751407641349,33.04410381362401],[77.32426515123038,33.04240256345698],[77.32817144766294,33.04479348105444],[77.32964200526212,33.04792737777638],[77.33073356801728,33.04873927035505],[77.33387048882689,33.04891612054429],[77.33632696454268,33.050571488294196],[77.33704725461915,33.056243177982495],[77.33794488373559,33.06056246384163],[77.33711318767271,33.06491723958504],[77.33794162885123,33.06863690680832],[77.33499440631546,33.07362673902027],[77.33672589374862,33.08176027319035],[77.3386410164682,33.086783176432],[77.3465300800629,33.085554426363636],[77.35212667542507,33.085226367691945],[77.35724177582746,33.0816610834887],[77.36318084751659,33.08038142021068],[77.36959091430538,33.081306046715845],[77.3758512564278,33.08366393618263],[77.38017308183784,33.08573320870199],[77.39067999378558,33.08308132069679],[77.393079035973,33.08198550835817],[77.39606189313264,33.082075167127506],[77.40010578067341,33.08436007965532],[77.40388681353345,33.08482361839639],[77.40741106360191,33.08594077687828],[77.41019861668315,33.09252222916178],[77.41316747533783,33.096448017542535],[77.41562301128778,33.101735503313485],[77.41534600059762,33.10483279410421],[77.41439353930299,33.10702867638514],[77.41460419112349,33.110928308999256],[77.41326068683286,33.1135435683288],[77.41319272060548,33.117321549483634],[77.41428637138351,33.11888553508005],[77.41193774836951,33.12673530796887],[77.41122547764964,33.127434299310856],[77.4139070516341,33.13331675925713],[77.41555301810378,33.13524575036232],[77.41767007184596,33.13623241069513],[77.41335374809272,33.14213513651743],[77.40952814379973,33.143669168112545],[77.40909993106119,33.1449270234955],[77.40998586377566,33.1491916557382],[77.4085082652213,33.153222509619674],[77.40692283582008,33.15608566413439],[77.40947003025202,33.159272285290015],[77.4102223059128,33.163965181100345],[77.40966578577768,33.166142902010534],[77.40251696555593,33.17206402875563],[77.40695285427586,33.17926270915787],[77.41198296308933,33.18239452087627],[77.41179107757462,33.184892131130724],[77.4129938731566,33.18899880918567],[77.41598687778325,33.191441280488185],[77.41712035590977,33.195949151472774],[77.41917571915856,33.19905463480239],[77.4217230379394,33.19945942621674],[77.42825663982262,33.20304536036915],[77.43283201945161,33.20464822630833],[77.44115607325732,33.20629398624007],[77.44505369558645,33.204849221574634],[77.44844434097539,33.20655584670602],[77.45375865184785,33.20624598390217],[77.45756988663392,33.20440868344904],[77.46076387629213,33.20225157840772],[77.46401799595886,33.20126194962396],[77.4685920422074,33.20116836944496],[77.47015641632036,33.19982826648974],[77.47436543856861,33.19471707659207],[77.48339957248011,33.19384393699498],[77.48427552466522,33.19110665636873],[77.48817011410938,33.18842976586745],[77.49045452431832,33.18459561302191],[77.49419370139022,33.18234246094675],[77.49836906247656,33.18154943782935],[77.50500973157216,33.17886375391716],[77.50984955900928,33.17573510055893],[77.51795823966839,33.17327627863713],[77.51856085232194,33.171378801297934],[77.52425200067022,33.163629311961316],[77.529706632146,33.16057238545502],[77.53580244784087,33.159071141499446],[77.53785620365919,33.15820245925051],[77.53811562621502,33.16149371566722],[77.53713582635947,33.16577591472614],[77.53630925434334,33.166821192399404],[77.53670890322695,33.16928304331921],[77.53547324228724,33.171942053760034],[77.53747460988676,33.17550048485776],[77.53746386760429,33.18094642779743],[77.53299379053475,33.1849510585679],[77.53241190111598,33.18770519720472],[77.53077439216634,33.1897642706475],[77.52866685028212,33.19015489763258],[77.52466186625546,33.194569782660516],[77.52508342109502,33.19641404011035],[77.52326727780907,33.19964050304505],[77.52285678843865,33.20223234430647],[77.52386519700161,33.20667832571691],[77.52303606344388,33.20955393746605],[77.5217898864222,33.21123897989808],[77.52241971289642,33.213786635671134],[77.52075313932603,33.21714843837716],[77.52072878769117,33.219600890999516],[77.51524215225957,33.22371670058431],[77.51167431102343,33.224340184850874],[77.50989222529797,33.22532128870236],[77.50780693542227,33.22840303246244],[77.50517554448108,33.23058697054994],[77.5039333110291,33.23285342502796],[77.50265537114059,33.23759933463163],[77.49922721676242,33.24144147263864],[77.4956180483719,33.24323380687597],[77.49210397555035,33.247231489252826],[77.49305627403022,33.24958636797895],[77.4954657102228,33.25333652023395],[77.49362833335358,33.2595686890871],[77.49099663438699,33.261861365240456],[77.48816392434023,33.26644426050181],[77.48647061993351,33.26845648440272],[77.48285387052589,33.268721129748776],[77.4801212396852,33.27228045419403],[77.47672697563112,33.274780840350545],[77.47618695862168,33.27659808113835],[77.48011973627338,33.27994440579177],[77.48156584836134,33.28186365139042],[77.48220234320749,33.28439216674901],[77.48613657863093,33.28842351407444],[77.4872511203161,33.291068839169874],[77.48995451526942,33.29360441004806],[77.49581646002133,33.29743076805968],[77.49922790399668,33.301197249879564],[77.49929880119119,33.30415918882548],[77.49654598652047,33.30852471956608],[77.49463694177084,33.310217164351066],[77.49459860962057,33.313593804787004],[77.49793616923587,33.315867120643716],[77.49993506193826,33.31597269023944],[77.50255458881854,33.31795286700965],[77.50594346159917,33.321472530460774],[77.50762621079417,33.32402573744146],[77.50976235332156,33.324884307126375],[77.51543200757047,33.32575045940514],[77.52143080843943,33.32540390045078],[77.52696729206123,33.32548500292058],[77.53036255493927,33.32423884742193],[77.53445406631992,33.32459349393814],[77.53993195153696,33.32975016666121],[77.54293977961483,33.32924723796648],[77.54875391203913,33.331513994843085],[77.55153980503786,33.33315670126196],[77.5580484318951,33.3337824576762],[77.56153723363792,33.3366379222138],[77.55963641742994,33.34343070081731],[77.55544985178129,33.34647594270018],[77.55488998754157,33.34799941270361],[77.55795967748959,33.351630154297816],[77.55637246205809,33.35498779747615],[77.55227683559548,33.357681420296906],[77.54739172972316,33.359905503547],[77.54385671385343,33.35993925881641],[77.53878620374648,33.35915599110375],[77.53516222408,33.35692640903748],[77.53227923484843,33.36031447359302],[77.52574280246857,33.35894349715422],[77.52462371912638,33.360466324782834],[77.52492203190967,33.3650130236556],[77.52165166045091,33.366013403964956],[77.51541823868078,33.36706303375121],[77.5137886807379,33.36835087118023],[77.51271126656805,33.374792003836006],[77.51605523386301,33.37756745218662],[77.51670777563552,33.38006554510814],[77.51536207600203,33.38624046964273],[77.51652461443051,33.389090582115095],[77.52019656342796,33.392375697110566],[77.5197254142475,33.395382121589336],[77.51995156823327,33.399520805244556],[77.52242165907062,33.40605962804517],[77.52144061836813,33.40836242319939],[77.51823011030223,33.409685084722234],[77.51664181087455,33.41175294957916],[77.50845404800171,33.41256606399403],[77.50395183681995,33.41471207814424],[77.50297214689057,33.41568489005241],[77.49868235814725,33.413927118415074],[77.49571493711173,33.41380827194276],[77.49381823829451,33.414463787502946],[77.48822881328356,33.415330128712164],[77.48066530237375,33.419723196233065],[77.47855019047772,33.42220895067691],[77.4777895414635,33.42452677023451],[77.47537823703989,33.426805335532876],[77.47181500685187,33.432745323566834],[77.46913326265692,33.43875665023464],[77.46819360557005,33.44006471521847],[77.46667701857127,33.444934567678835],[77.46330245685984,33.447326304662305],[77.46250520682621,33.4512308456818],[77.4607229472394,33.454428314667],[77.45921947129183,33.45926256836308],[77.45760631679322,33.46145599300271],[77.45444591613769,33.46362605237217],[77.45190136203824,33.46898089889779],[77.44926422966846,33.477458926305566],[77.44886684231943,33.480132581991235],[77.44487890236418,33.486490678177496],[77.44227878802374,33.49401615282194],[77.43869636721999,33.49574388177191],[77.43616137318286,33.495383166536534],[77.42970411664133,33.49549496661907],[77.42536164740115,33.49386894096904],[77.4203352058599,33.49441774138369],[77.41155078895514,33.49421131739687],[77.40732933792717,33.49357636274537],[77.40637955691182,33.49264015142936],[77.40215538442492,33.49216376141986],[77.39675545318516,33.49285346457413],[77.39582912211755,33.48847572631723],[77.39151762783415,33.48683409075719],[77.38902540660737,33.486828087273],[77.38298251345797,33.484859318749706],[77.3810056540363,33.48304505432749],[77.37711091485409,33.48281365507098],[77.37251285089013,33.4794833360526],[77.36334142782326,33.47677873375297],[77.35995447831412,33.47704148897438],[77.35745338539996,33.47883059243836],[77.35173570230617,33.481566644653114],[77.34732860700434,33.482867580531256],[77.34383476506692,33.48475303989848],[77.34249793064618,33.486165277292095],[77.34206687448987,33.48867448422615],[77.33990197119287,33.49018674560481],[77.3376954302738,33.49282215808292],[77.33620424220011,33.49299582546876],[77.33204272957651,33.490840722496216],[77.32125234342311,33.48940949767871],[77.31710146200884,33.49085623584645],[77.31060288702686,33.48613391779019],[77.30861452737618,33.48557525340554],[77.30349938438368,33.487170879557695],[77.2998902974171,33.48701730480356],[77.2984909956109,33.487837570201094],[77.29477291702005,33.495518684560935],[77.29282041258165,33.49731997901114],[77.28529638254444,33.49942273179307],[77.28219814955148,33.50147538113378],[77.2817609978594,33.50271477553231],[77.28316333131336,33.504784980712486],[77.2842457930169,33.50911347009747],[77.28197460253692,33.50933721615592],[77.28035291961388,33.511116627613106],[77.27666937608363,33.513412921507],[77.27447992449136,33.51726547808907],[77.27257198896848,33.51964416889718],[77.26962834233112,33.519362199548816],[77.2673564854713,33.51986521880024],[77.26044591918644,33.52399290728798],[77.25765296656019,33.52762374828885],[77.25584228866832,33.52921784679071],[77.25652672147997,33.532540889689926],[77.2551846650855,33.53379732120061],[77.25510843766968,33.53832327913283],[77.25459200684267,33.54202391652112],[77.25199766939865,33.545483487747866],[77.25032162902174,33.54668544419753],[77.24883236432561,33.54899206646238],[77.24763483731878,33.552428235191215],[77.2409793920052,33.55995395061464],[77.24065885760322,33.56182507413334],[77.24229109767765,33.566302218328396],[77.24105659253713,33.569267415731126],[77.24106461822038,33.57127793660438],[77.23913682377813,33.58358648303484],[77.23744036998382,33.58775789398453],[77.2339360001416,33.589415506064455],[77.23315081034028,33.59044399031447],[77.23355249214728,33.59286443102036],[77.23544141028206,33.59569377899503],[77.23819763630254,33.59842760001751],[77.23848693651065,33.60124931595822],[77.23547962717451,33.604466188511914],[77.23268885488494,33.60862503501827],[77.22933612660059,33.61172483176675],[77.22585251834315,33.61367968643425],[77.22361874179626,33.615619908411645],[77.2179954206152,33.61723818180891],[77.21492672108337,33.619661203294214],[77.21112377839519,33.620777398242716],[77.20777404735551,33.622700058918376],[77.20755974811478,33.62958383922319],[77.21013761186644,33.633382257417246],[77.20871298812811,33.635168382609166],[77.20703570660227,33.639456550504605],[77.19910914296295,33.64107543483706],[77.19327945282605,33.64333730645583],[77.1924912958296,33.64524465509778],[77.18328036894286,33.64969416939408],[77.180787575351,33.65393726248254],[77.18076245091876,33.65679984566963],[77.17563428853522,33.662878723789284],[77.1708032342083,33.66152379010066],[77.16576874210693,33.662706614753866],[77.15970553672409,33.66673402696969],[77.15847195963457,33.66912360809011],[77.15305544595893,33.674741804377604],[77.14966008192111,33.67938117538743],[77.14863577812459,33.6799133239112],[77.14239195879266,33.680802458952414],[77.14062367029467,33.68228132785947],[77.135166948827,33.683449421401384],[77.12914932638748,33.68537923379313],[77.12444174555547,33.682255298250865],[77.12186428404733,33.68160619333825],[77.11973990699725,33.67966325786095],[77.12058659866477,33.677851097988004],[77.1199773520748,33.67631838627359],[77.11418665272592,33.6753578573839],[77.11019672264288,33.67611930458169],[77.10694060934917,33.67317067969039],[77.10097790232318,33.671952585147025],[77.09715475558727,33.67371437313539],[77.09132982179655,33.67867169246888],[77.08755438683517,33.6812897261871],[77.08439335456266,33.68410611850757],[77.07341518360398,33.692333497539224],[77.07221687820109,33.69421284010902],[77.0727132163449,33.69843694873134],[77.06902674408367,33.70083126073198],[77.06594586257958,33.70071940619362],[77.06087804808655,33.70552678697091],[77.05778599982418,33.70743199868136],[77.05263372580583,33.70895282669934],[77.0476302350494,33.70670037848163],[77.04495378903368,33.7080330069367],[77.04226269895962,33.70764355128595],[77.03896063612044,33.70871417253484],[77.03187886003262,33.708411609907444],[77.02605559314438,33.706653545141435],[77.02282659971408,33.705046151589734],[77.01917591017698,33.704402919834614],[77.01591154211518,33.70543696363471],[77.01315231539867,33.70780561881843],[77.01276237028006,33.7090945793396],[77.00993917170167,33.71077791072765],[77.00303089122129,33.7136112927762],[76.99774504890034,33.7180526051806],[76.9924070254224,33.71981588776276],[76.99042610911528,33.722977809144965],[76.9866439711421,33.72262970711909],[76.98538891537103,33.724136476848514],[76.98004093956152,33.72268510901938],[76.97373514911392,33.71852506638379],[76.972110794532,33.71797635104309],[76.96925266899295,33.713912527914516],[76.96570617856433,33.71150804099196],[76.95910571881421,33.71336996167896],[76.95340328842008,33.712418087725986],[76.95010281127166,33.71322257196426],[76.94956538692064,33.715481330855724],[76.94452369325981,33.71779226217232],[76.9416418457179,33.7162882580148],[76.93918310081952,33.717596900744304],[76.93624137442413,33.72256608442788],[76.93492516460573,33.72271999761369],[76.9329413933013,33.72487573751253],[76.92771972739065,33.72583377789184],[76.9244204075074,33.72985162598784],[76.92397474509558,33.73356181770566],[76.92085193620714,33.73557352934067],[76.9171293250616,33.73617442777133],[76.90896697457877,33.73898982148905],[76.90608579276065,33.73929269431812],[76.90105243877828,33.74191746115033],[76.90452303470323,33.74481065451314],[76.9095851360819,33.750096614979164],[76.91061308089847,33.75272195429216],[76.91336138377497,33.755917230801934],[76.91370539008159,33.75882913956328],[76.91173062953371,33.760001796015004],[76.90805937938673,33.76362042448974],[76.90855529710889,33.768829058329906],[76.90200601143998,33.77086373921129],[76.90204728815783,33.77333182592296],[76.90118933673364,33.77415688256025],[76.8962881347038,33.77459742796591],[76.89279049619805,33.775864694566394],[76.89261544303896,33.77753031706527],[76.88938117538999,33.78104348241431],[76.88687728696657,33.77777899468189],[76.88206725567196,33.77555926344712],[76.87740066288364,33.77484950717857],[76.87413495181744,33.77282101090039],[76.86790574222707,33.77413941399188],[76.866337703965,33.77393198364605],[76.8596307563297,33.77431447030214],[76.85630215301137,33.77768143502538],[76.84912452888462,33.78053810384647],[76.84362277675326,33.78300714349278],[76.84196417620257,33.786434923942366],[76.83472267934629,33.79036137616197],[76.83250911013629,33.79047562135895],[76.82859583855422,33.7937851692807],[76.82447098103283,33.7936303746029],[76.81987059420024,33.79412874541724],[76.81443400166752,33.79362586257953],[76.81174770891619,33.793874693161726],[76.80953332390413,33.79481345880877],[76.80179567782845,33.79551688874949],[76.79666134503772,33.795166657377216],[76.79306984987012,33.79623943565024],[76.79083225371355,33.79853471441643],[76.7820586655825,33.8031083902041],[76.77870479290351,33.80366255734807],[76.77767453210734,33.80513352023312],[76.77760175124587,33.807432509392974],[76.77567051075489,33.80804399321266],[76.77248823167179,33.80721647047307],[76.76881593660312,33.80526148647811],[76.76588978790517,33.80476308928743],[76.76157198715954,33.80527314957929],[76.7554457947932,33.805267400485974],[76.7488379013317,33.80229282150058],[76.74566600091812,33.80208148115013],[76.73948474788024,33.79912582546431],[76.73538498131806,33.79786285849936],[76.73054401783062,33.79540134125433],[76.71910908268376,33.800910254926926],[76.71690335086619,33.80336862311865],[76.71684843672429,33.80755195505032],[76.71608719812806,33.807741821155865],[76.71414126762693,33.81105203256723],[76.7111139782994,33.813249475686426],[76.70876251204228,33.816370448181246],[76.70919094453953,33.81820934208183],[76.7078637320537,33.81960770208245],[76.70650622497068,33.8232463639995],[76.70165697544637,33.82414661928719],[76.69834821112843,33.82665045670996],[76.69690193720878,33.828371288130946],[76.69138285559993,33.82942220430956],[76.6869068925483,33.83183173222728],[76.6815301528451,33.83674786326343],[76.67347256953775,33.84003300207053],[76.67149086930444,33.84159343747105],[76.66971001328635,33.84515972002468],[76.66722016187326,33.846391243989764],[76.66340746298356,33.849633667845374],[76.66182094757947,33.85391195977959],[76.65995308041984,33.85769002231029],[76.65655577741909,33.860999687192766],[76.65440551749323,33.86166287971326],[76.65097434430731,33.86165469995177],[76.64743555188997,33.8634044241459],[76.64389029041764,33.86125478711743],[76.6401779358586,33.86000669693886],[76.63462864815875,33.859227446561256],[76.62862017551063,33.8576681166083],[76.62340077634728,33.85586507982121],[76.61922598954801,33.85210594355545],[76.61555611892929,33.849959539577036],[76.61252568864651,33.84653342390762],[76.61048401988769,33.843296581237645],[76.60713515870334,33.840934073957314],[76.60484002069053,33.83762955375254],[76.60444059750002,33.83597511678454],[76.59996985923262,33.82938393354532],[76.59484473160622,33.82711544261619],[76.59203035748898,33.82799823104903],[76.58803336439838,33.8279745714246],[76.58503529776166,33.82868137455345],[76.5795703569749,33.826484243544634],[76.57812240164444,33.82728607723541],[76.57654042397652,33.826221646835364],[76.5735105781855,33.825774197611004],[76.56710424168983,33.826690937310566],[76.5663412132269,33.8287957588611],[76.56763395776525,33.83421016176157],[76.56550876041646,33.837608050072795],[76.56366565563063,33.839189459632756],[76.56058046147103,33.84001725945022],[76.55692176170884,33.84190407469346],[76.54746102996813,33.843620545920636],[76.54485747604404,33.84324478395917],[76.54219324221869,33.8441941841849],[76.53567740576945,33.84487486469575],[76.52779887633007,33.84652321945942],[76.52495654322092,33.85174101734681],[76.52478625906485,33.85415253053658],[76.52549029314447,33.85738963494021],[76.51857555688434,33.86078280514492],[76.51690379686416,33.86243572598908],[76.51681468843259,33.864536193995164],[76.51780191921404,33.86590747559638],[76.52114485106381,33.86749705173124],[76.52380872468075,33.867683992666244],[76.52614734843606,33.868704643031364],[76.5290358240331,33.87106903433288],[76.52911415978775,33.87350325137059],[76.5304436508121,33.878368119729416],[76.52757689058005,33.880538678374876],[76.52422475291762,33.886278861710544],[76.5183272612924,33.886792304485304],[76.51577951572128,33.8883497758441],[76.50988146037261,33.889207667762],[76.51101297138592,33.891915661727325],[76.51595439888894,33.89537300049774],[76.51924020603725,33.90038396242761],[76.52229824867163,33.90180195380897],[76.52444719329921,33.904071048193664],[76.52537009311956,33.91005359985548],[76.52536638884655,33.91326309236699],[76.52817239961983,33.913382506127164],[76.53437496263398,33.9174261576006],[76.53595139820872,33.91977124374947],[76.53608825569025,33.92338206830533],[76.5400014581445,33.925088679156254],[76.54127617052877,33.926599619739086],[76.54184033452984,33.93030986786933],[76.54053572399674,33.93170186152465],[76.53784148519999,33.932881075411274],[76.53699066995193,33.93460688455014],[76.53361354697537,33.93691688634272],[76.53188073443914,33.93899370496999],[76.53148409422988,33.940697320090095],[76.53332624643367,33.94260996402515],[76.53451002089706,33.94842574402413],[76.53392589781949,33.95103528095294],[76.53697188154221,33.95298479678782],[76.53597959682834,33.95534613048901],[76.53140687992013,33.95701963959816],[76.52695468361877,33.96198369290951],[76.52530383694146,33.9673419593292],[76.52606482390395,33.968996930882604],[76.53082985186407,33.97020419175124],[76.5314952725333,33.975262259866206],[76.53027413877415,33.97866469588117],[76.53092135425005,33.98053133973097],[76.53330624534773,33.981808848132125],[76.53761894522613,33.98164509592765],[76.54183554823003,33.985727482948505],[76.54240260413076,33.98698095871964],[76.54146287252557,33.99066312380424],[76.54180042636042,33.9941567683766],[76.54114240689103,33.9973883887295],[76.54684733034186,33.996639274690075],[76.54929032139617,33.99416157934321],[76.55181642924842,33.995506372555674],[76.55347452683732,33.999550699564104],[76.55269153764706,34.003984023496066],[76.55543913180276,34.00633411355686],[76.56001837524813,34.006003056278054],[76.56222596456689,34.00703190007381],[76.56358027009719,34.00542785298168],[76.56850216055437,34.00236050169854],[76.57231203184138,34.003096928342366],[76.57525919644738,34.00761924772752],[76.57910285407529,34.006205316908826],[76.58272815552868,34.00846496727441],[76.58397225526852,34.01030450147556],[76.58255836531862,34.01256691709226],[76.58318518252095,34.01487952801632],[76.58583655156708,34.01719733120919],[76.58861217401683,34.02039854502487],[76.58719884515514,34.02152956798518],[76.58567102220564,34.02417511144994],[76.58601603362965,34.02738010809948],[76.58441168779343,34.03134634604861],[76.58521057857784,34.03657994465646],[76.58362322202055,34.03832393214675],[76.5794721699116,34.04503438082118],[76.57930310464347,34.047297075477005],[76.58569793107152,34.048376651128706],[76.5880206245535,34.04931487661557],[76.59079777012681,34.05176329454597],[76.58983126671517,34.05791142156209],[76.59272266549537,34.05970174373962],[76.60115981518423,34.06308890960995],[76.6058716733645,34.064031791133345],[76.60751240952253,34.066100952482245],[76.61023125558721,34.066754920966154],[76.61664040033544,34.06493555412486],[76.61956403773628,34.06163946855908],[76.6225428687276,34.05963364121034],[76.62571122264853,34.059304650495264],[76.62881462543803,34.06037288325573],[76.63210246865164,34.063811979740834],[76.63556848764979,34.0612513798499],[76.64081648908092,34.060502584123135],[76.6437033068041,34.061065556582925],[76.64676387869393,34.06284555968688],[76.65458532902207,34.064335942664734],[76.65792142341571,34.063577788603915],[76.66029917509518,34.063667238219935],[76.66352821022805,34.06573976790489],[76.6694764973204,34.06799603891553],[76.67121349709231,34.074828965805],[76.67235248582053,34.07723102440746],[76.67416176827952,34.07723027789374],[76.68072610919482,34.075618248515084],[76.68412324571143,34.076603852131704],[76.68520234299626,34.07806375174124],[76.68447205253679,34.07957416276047],[76.68724748194083,34.081970846380464],[76.68816533234123,34.08500843853617],[76.68556528012626,34.085577788987905],[76.68092936786599,34.08798699345086],[76.68059619485089,34.092044033386685],[76.67829022967975,34.095412246740544],[76.67732775856351,34.09857244285268],[76.67371069841172,34.10277508074515],[76.67281228436026,34.104614503748216],[76.67259225890103,34.10848214620936],[76.67141248986131,34.11122766276291],[76.67068291986611,34.11490619670408],[76.67306325565433,34.117122975391645],[76.67355275517082,34.120115822361434],[76.6717161977819,34.121459803294705],[76.67302336393047,34.12302336265601],[76.6716227875291,34.128870231365816],[76.66857552160275,34.13722392007554],[76.66474513952963,34.141755359643206],[76.66079021528778,34.147751602019724],[76.6638551118667,34.15137922426933],[76.66696834461246,34.153625201237816],[76.6665795285973,34.15671528913944],[76.6684039613362,34.161803647417784],[76.66801571867815,34.16590564618886],[76.67125039580392,34.17100705195146],[76.67528197576486,34.174656531046466],[76.6783377063939,34.178423550847164],[76.68157140839827,34.18045043340257],[76.68061399101873,34.18422363938496],[76.68087349974601,34.19115611641363],[76.68190192103945,34.19577586393546],[76.67862272201575,34.200068516019705],[76.67874387666023,34.20294424309103],[76.6763100484407,34.20611858083719],[76.67461923968969,34.209279120692976],[76.67530397292059,34.21125760615064],[76.67201793038396,34.21461248373376],[76.67146030129379,34.2168303757239],[76.6722481948809,34.218723249528566],[76.67077982724219,34.22259125740924],[76.6719750591635,34.22508795796739],[76.67521620398979,34.22772352377528],[76.67670033808086,34.231869792971686],[76.6778842296592,34.23327559760825],[76.67624163123158,34.23610258205206],[76.6760745475286,34.2380363391351],[76.67483275409714,34.239826353143854],[76.67886038144489,34.24052779365483],[76.68232388108096,34.24170257870241],[76.68547229519038,34.24219242070091],[76.68978154422156,34.24180702982461],[76.69521325906513,34.24681632274406],[76.69634054985586,34.25116472838614],[76.69830705985603,34.252826844403636],[76.6990800461708,34.25532351013492],[76.70119474550528,34.25862616322882],[76.70124681071194,34.2621014300163],[76.69919595345796,34.26668003374886],[76.70016890808081,34.27090063376154],[76.69733243373815,34.27449935441319],[76.69842512682467,34.27599961740514],[76.69673609426049,34.27880883932641],[76.69822856637941,34.281007527156106],[76.698019190944,34.28380228656552],[76.70001110404633,34.288750262144234],[76.70297907946521,34.29173235485993],[76.70071177638904,34.29478528075939],[76.70351867271515,34.29962448156252],[76.70260772715172,34.30126580104939],[76.70189556846128,34.30650845053063],[76.703386477509,34.30928858448207],[76.7066046679122,34.31186014846746],[76.70721553785144,34.31429379435268],[76.70923887647147,34.316834596625235],[76.70936242639874,34.31814168733045],[76.71324595847929,34.32009963843159],[76.71568240024897,34.32249126616593],[76.72235393103124,34.32720543487856],[76.71766729103373,34.32916979473054],[76.71098917898179,34.3337722380297],[76.70952260978267,34.33424654918021],[76.70637411028181,34.33721909397093],[76.69618957405662,34.34159770965006],[76.69336512990148,34.34305518499102],[76.69160975660532,34.34286241866981],[76.68558104073779,34.347174638334494],[76.68365232129524,34.34787421250751],[76.68211010053595,34.34947960919525],[76.68040596484659,34.3529871790021],[76.67861899999343,34.35471428798328],[76.67645066732894,34.35496762919765],[76.6722130727979,34.35765576991605],[76.6699577816188,34.35813443852527],[76.66395921542335,34.361954321937375],[76.65997092925582,34.3649439704222],[76.65934115550417,34.36666592109431],[76.65698309550653,34.36920874736502],[76.6505581106031,34.369661041108166],[76.64294849612997,34.37172230730025],[76.63942075929779,34.37297141284576],[76.63028859527306,34.37787173581852],[76.62467831505529,34.37938178270779],[76.62399322513446,34.38067544585466],[76.62037783335792,34.382947073834515],[76.61664266401004,34.385849659988324],[76.61825716261956,34.38896886049343],[76.61560357765539,34.391614546720966],[76.6113404190907,34.394273543924115],[76.6090560983323,34.39748248034211],[76.60586908053916,34.39996563587021],[76.60344857818166,34.403034781455126],[76.60260500943676,34.40546862647806],[76.60473677646603,34.40756282552582],[76.61350167137465,34.41438923695266],[76.61685264572051,34.416297337706084],[76.61925016212768,34.418507211702426],[76.620568601933,34.423551408674726],[76.62601785811118,34.4346870125818],[76.62789565220389,34.437048229862214],[76.63195827337559,34.43959719487364],[76.63704721531452,34.44107632978149],[76.64662601350011,34.44904627810776],[76.65004027300108,34.454061849098],[76.65210611702169,34.461481736609926],[76.65402234333988,34.46572202490463],[76.65779963161245,34.47138321207446],[76.65901122639819,34.47968223133755],[76.65835463372431,34.481788088592474],[76.65240264012445,34.48852844501847],[76.6489284515302,34.48879956330112],[76.64612109466616,34.487686556842654],[76.6417954603705,34.48878001193133],[76.640504980196,34.497799516658375],[76.639302258418,34.49880964818867],[76.63003727195532,34.502932209420855],[76.62381368667343,34.5047429093612],[76.62171344571902,34.50671459078681],[76.62215110710186,34.50776699676786],[76.6257347454729,34.509663126261096],[76.62469164110222,34.512355099675986],[76.62682206645056,34.51461607479204],[76.625379096349,34.518207477617075],[76.62582640157702,34.52243462993322],[76.62265877569213,34.528567251676584],[76.62247149605895,34.53504897929096],[76.61852737392773,34.54153736878701],[76.61444359295508,34.54362795996049],[76.60913549816891,34.54771460901851],[76.60657160765003,34.54910992737921],[76.60427717669926,34.551693005638086],[76.6025229833962,34.55671973855984],[76.59860109272486,34.56024311415723],[76.59502574079663,34.560392005547655],[76.58923434585405,34.56005714006095],[76.58532979344112,34.55827732868795],[76.58261317141385,34.557900701569885],[76.57620478109459,34.55821244519385],[76.57182007443039,34.56028264042682],[76.5666831055042,34.56648116560726],[76.5623769812006,34.569831431167756],[76.55834978982018,34.57114652347139],[76.54944010004914,34.57193912117549],[76.54272613193702,34.57282731530764],[76.5384652854749,34.57264404919939],[76.53178396406135,34.57341446242087],[76.52975594927858,34.57424222592725],[76.52837763307267,34.57875740590514],[76.52825540025849,34.580745002361176],[76.5290941076574,34.58596502345647],[76.52546564158315,34.59424639144066],[76.52301411430864,34.59633684529571],[76.51994349171156,34.597839615640126],[76.51683408559254,34.600258092043404],[76.51129642328077,34.600434287960276],[76.50157423426684,34.60643301438706],[76.49853919343126,34.61079304808107],[76.49512677214844,34.61486534901413],[76.49111742552223,34.618321801239915],[76.48821292721391,34.619522235838616],[76.4817683409848,34.62138161260634],[76.47586643346617,34.622669119103556],[76.4730818164851,34.623872660848534],[76.47011168207112,34.62592251180087],[76.47287471208074,34.633643274745864],[76.47089314408181,34.636448327981284],[76.46734655859782,34.63952949004445],[76.4639538439613,34.643931034731274],[76.45959888779862,34.64640411106704],[76.45697982171797,34.65064715148618],[76.45689967479592,34.65231488790777],[76.44999356884449,34.65715103584642],[76.4485989395967,34.659022396067066],[76.44895567965077,34.661474095767396],[76.44793976325433,34.66622527753029],[76.44980306219364,34.66955489439107],[76.44854531757927,34.67232306970008],[76.44599937947747,34.674388867604954],[76.44514844535358,34.680938286870465],[76.44533188175963,34.684904536522794],[76.44325609238794,34.68863760522775],[76.44042663825421,34.69177163163306],[76.43995532404273,34.69609881576076],[76.43469975991201,34.70305602380612],[76.43374628259804,34.70532814146403],[76.43055612655012,34.70916517546511],[76.42810052091623,34.70988747423383],[76.42565207316844,34.71337710212075],[76.42460073850003,34.716866038858214],[76.42097246249828,34.7196303421351],[76.42023071531867,34.720892608454726],[76.42072883274489,34.723173028634484],[76.41971427741382,34.72466083165837],[76.42037004585937,34.72592248987129],[76.42091871980652,34.73091179286598],[76.41959352217093,34.73350832378191],[76.41940458379679,34.73741148833814],[76.42303112481565,34.73953753629034],[76.42647803279282,34.74220875198523],[76.42834178147193,34.745083471695835],[76.43063606987675,34.7465517984206],[76.43611414841921,34.74825280527455],[76.43795989461566,34.74845472833456],[76.44190076880584,34.74998101617722],[76.44824406645292,34.75182988725635],[76.440430457446,34.751066135260494],[76.43481018066755,34.750114543491236],[76.42804561737611,34.7477879996589],[76.42258790824062,34.743224822757135],[76.42010869612882,34.74242088819888],[76.40980426356154,34.74173140421415],[76.40036819207403,34.739553322343106],[76.39496920975867,34.73788274100769],[76.39171181155517,34.736323103567734],[76.38489268738239,34.735014800081636],[76.37372248983897,34.734448290111835],[76.36365220759899,34.73442285978342],[76.36002860396431,34.733493146151716],[76.3541705893289,34.72933097779844],[76.34714879882316,34.72580511683715],[76.33607447981062,34.71922807418068],[76.3315179838378,34.71761470037731],[76.32245841657834,34.71695946618521],[76.31605687828528,34.71536552470346],[76.31284962625232,34.71415267702592],[76.30667504741405,34.71096182028101],[76.30318331419215,34.7076380196848],[76.28692282693802,34.70826299015388],[76.2763541205058,34.70663210291136],[76.26962443635425,34.70321827914333],[76.2469096203066,34.688354849679946],[76.23030737615244,34.68242629640729],[76.22363274400367,34.68249349536988],[76.21454564138718,34.68577822249389],[76.20588492444618,34.69428432631283],[76.1967832666554,34.696696843872154],[76.19044213692185,34.695597564546766],[76.18407222237151,34.69246579052596],[76.1657574656434,34.68944852859221],[76.14784738482896,34.690199244416775],[76.11930275003095,34.684077033254574],[76.09975605298372,34.68749235419064],[76.0819248637328,34.694330070474386],[76.06684967482563,34.69707615972122],[76.0482595267228,34.69985068064564],[76.03469103352245,34.70510256603672],[76.02074851030412,34.71451148976072],[76.00086933350828,34.727451999120106],[75.98480297056106,34.736293567663914],[75.97918497003545,34.73691957281188],[75.97215043864922,34.73668557248082],[75.96328403709309,34.73007786525726],[75.9543856787195,34.7205661948153],[75.94873143165813,34.71687382011133],[75.94644067473261,34.70092205169572],[75.94378305477913,34.683521246848294],[75.93221178038095,34.654284104279185],[75.92356541875279,34.63309159538153],[75.90552390762689,34.603206951305566],[75.895680632938,34.57878321459896],[75.88881878315824,34.56130157541456],[75.87855933505526,34.55152918073867],[75.86223242250924,34.54396035289421],[75.84864270818689,34.54411852237701],[75.8401835891647,34.53961390788088],[75.83664235472996,34.53363411774683],[75.83020106823187,34.52767396314504],[75.82003494787465,34.52630165558279],[75.80814508990076,34.52662107367152],[75.80403816587497,34.52184487256071],[75.79701548202965,34.515406425408415],[75.79497167992301,34.513978747877296],[75.77813756495708,34.512646144135566],[75.75535341519011,34.51476391371251],[75.71155646858779,34.51454655150379],[75.6393977069554,34.51494323438194],[75.55760027042574,34.51390297857136],[75.53548760432017,34.502954058901615],[75.50984864557593,34.48336966371172],[75.49874870121309,34.469485465963686],[75.48996545233494,34.4546302531529],[75.487568706471,34.44119010731374],[75.48223958360524,34.42151693434064],[75.45253389228307,34.39280935765414],[75.42699432422974,34.382333369676],[75.38333024113247,34.36704386446412],[75.37845186033104,34.370273710337095],[75.37338018706131,34.371499723918525],[75.37507080942343,34.37487578595859],[75.37675600479164,34.37567359853241],[75.3787840871425,34.382055985656024],[75.37713697280952,34.38714034996076],[75.37327672541575,34.388064385241066],[75.37001980496787,34.389925911197174],[75.36697494723094,34.39103007956813],[75.36660461570116,34.397736995635476],[75.36913297276504,34.4004776194481],[75.37155253032628,34.40869458497335],[75.37276523232323,34.41085815988186],[75.37118797748163,34.41383302460238],[75.36511794153724,34.41847530623709],[75.36151740554769,34.41790702938244],[75.35737833402696,34.417996659105604],[75.35552813812122,34.42210715395653],[75.3538033520038,34.42456331162869],[75.34903799503292,34.425946241075074],[75.3459316489943,34.42732926515921],[75.3431522047163,34.42681024979429],[75.3347686408447,34.429525789132065],[75.33419570609885,34.43323961936564],[75.32857402473056,34.43737546105937],[75.32753908779253,34.43976842534608],[75.32832188673416,34.44084147966771],[75.33276041049587,34.44257387455488],[75.33290512250414,34.4470857416361],[75.33049315526289,34.4502986169976],[75.33260341191395,34.45193105163997],[75.33722849757048,34.451671102637235],[75.33808227861473,34.4528477843374],[75.33919528909298,34.458572424867974],[75.34070158235924,34.461069880157474],[75.34272596882094,34.460944280255],[75.3474813749205,34.46319901722161],[75.34895063060807,34.46340216018419],[75.35318297934145,34.46909120348283],[75.35178389681015,34.4704702383684],[75.34964910535038,34.47529711214645],[75.35024092612579,34.48013807658385],[75.34789421804538,34.48266174475825],[75.3445893947813,34.485049826160285],[75.3429169614203,34.4886868584781],[75.3431831558946,34.49015173828173],[75.34662228939416,34.49402884821789],[75.34732943708448,34.49556154649196],[75.34725661859399,34.50164204336683],[75.34814871190359,34.50438263489222],[75.35019491991856,34.50766434265007],[75.35173398766733,34.514430082633254],[75.35293112612104,34.51758990726262],[75.35445537773212,34.51957786186146],[75.3572049375671,34.52129104550097],[75.36396833676524,34.521913889587715],[75.36611948243467,34.521445284033504],[75.36637509114405,34.52445610542787],[75.36459948285024,34.52738120270106],[75.36429420070895,34.529990953399576],[75.36562806874632,34.53383118905515],[75.36556772072599,34.538099620138986],[75.36111195777472,34.54016800218139],[75.36175986866348,34.5420881936964],[75.35848043337455,34.54406199845154],[75.35561998064621,34.5468741640378],[75.35353296746169,34.54978998971702],[75.35266594838116,34.553152259843195],[75.34801197040022,34.55819948493018],[75.34709070695693,34.56012385083327],[75.34416398068382,34.563030351921775],[75.33790304217875,34.56474142812781],[75.33365708560214,34.568007804393616],[75.3285348587293,34.56879030316302],[75.32365470050989,34.56575497399508],[75.3198957956924,34.5648428787613],[75.31503777912481,34.569645349698455],[75.31438746087707,34.57230427919607],[75.31265307814475,34.57444438251017],[75.31183670708101,34.576796749283375],[75.30984406307304,34.57794503908489],[75.30636133898992,34.57874994060663],[75.30303953530117,34.582304297702336],[75.30106918398893,34.58581871463863],[75.29856069853781,34.587489420709176],[75.29517102400705,34.587306937165685],[75.28970828887716,34.589173769042205],[75.28817013182166,34.590380683253116],[75.28637174031951,34.59543202420103],[75.27799008585761,34.594388995146566],[75.27629444893458,34.594883425321854],[75.27357210783906,34.59695459089317],[75.26911773778467,34.59792437336371],[75.2664804549173,34.601514275115825],[75.26407510979993,34.602715560619586],[75.26082588326135,34.60301455214591],[75.25945612469961,34.60415815979302],[75.25764161413731,34.60362453124537],[75.2533673064032,34.60412523408703],[75.25325889349217,34.60750098435918],[75.25656904989621,34.610456478561254],[75.25833507210278,34.6145867769889],[75.25758795652933,34.61863355021968],[75.25406844986597,34.62828005759143],[75.25036314103525,34.63024596987961],[75.24692952110858,34.63397422977779],[75.2443086944713,34.63544167767495],[75.24150361473798,34.637779126570756],[75.23943698039817,34.63784876253226],[75.2328799735618,34.636155533444175],[75.23064581464476,34.63320080656231],[75.2287589607284,34.63302661521538],[75.22533096138625,34.634634045284784],[75.22061859704837,34.63383113235386],[75.2167003709183,34.636092287696975],[75.21150064913935,34.638561513380516],[75.20817151465735,34.63862919492486],[75.2060687734094,34.64366289168167],[75.20850310947068,34.64563088836493],[75.20948135008764,34.6476674479436],[75.21817934248176,34.651604848326386],[75.2163969726087,34.65269243144324],[75.21039821588343,34.653553230883475],[75.20126230245653,34.653473691890916],[75.19176013361599,34.652573324285044],[75.18729908464762,34.65324280731645],[75.17809693395971,34.66043613279055],[75.1746934999431,34.66081620369681],[75.17008304496001,34.65872668435312],[75.1663401057052,34.65658711199659],[75.16144218195927,34.65701690685668],[75.15910325612255,34.65954166700562],[75.15041896961768,34.65830433706968],[75.14374797599942,34.657926957093714],[75.1396027445334,34.65924821266669],[75.13259349550692,34.65982128151196],[75.12256243209062,34.65363771054028],[75.11706466276424,34.652118538394305],[75.11317571263646,34.6526907026626],[75.10823378704237,34.65473640198598],[75.10406151660763,34.65378476243578],[75.096159081224,34.65109244588754],[75.0916967676538,34.65342603301249],[75.08708787636965,34.65337512410974],[75.08185826416859,34.65132716225786],[75.075354476705,34.64628571638592],[75.06696049696804,34.63914260957081],[75.05861358826306,34.636380011169855],[75.05391171929494,34.637851209478775],[75.04762125362821,34.64103852571618],[75.04191061507927,34.64189119774931],[75.03622252837441,34.64192782818511],[75.03228642110211,34.64068995329727],[75.02739716016134,34.63854523380253],[75.02226171426837,34.637351126091026],[75.01726577659687,34.637887694263384],[75.01019491393971,34.645707316702726],[75.00526775548926,34.645707628933124],[75.00048136232019,34.643612532852785],[75.00017360797858,34.64603034280814],[74.99755773993962,34.651865120350564],[74.99621564595273,34.65302100826301],[74.99438029249794,34.650264958412194],[74.99206211538316,34.64838765113733],[74.98843971778352,34.64818761302956],[74.98505918555752,34.64658962354263],[74.9820645950079,34.647148333688065],[74.98324728925239,34.65018408328749],[74.98039731149977,34.65144179925476],[74.97844039346623,34.654217376627244],[74.96928245239883,34.65798987749017],[74.963484338165,34.66146316372507],[74.96019907107453,34.66250055201876],[74.93688472971245,34.67273219715251],[74.9271494476964,34.67464397948863],[74.90806621122191,34.67407188037992],[74.90026448066284,34.67291145199745],[74.89446599752173,34.67358562121371],[74.86575664696947,34.6747939228429],[74.86580354163098,34.67563273065849],[74.86057487310943,34.68201740514749],[74.85307993000805,34.68524386412517],[74.84492572352653,34.678883084728845],[74.84218084648165,34.67404677270794],[74.81593544129395,34.67492817381139],[74.75629090151115,34.67943085520767],[74.73974685223084,34.67976656885157],[74.73464998601925,34.68299669778997],[74.73165349785035,34.68112145213403],[74.65221536714974,34.70664090931783],[74.60610493052893,34.73776792407541],[74.59978949069324,34.74998171097847],[74.59811972774234,34.75630106760247],[74.59180410211941,34.76529173542179],[74.5816807602868,34.772482629317814],[74.56821376734845,34.77768372429639],[74.56570600271215,34.77834526801723],[74.54480877251115,34.78221550799359],[74.53143433782996,34.78381598453513],[74.52019812881974,34.78305044281861],[74.51323161306678,34.78418056005857],[74.50630540496951,34.78602256301732],[74.49976321509297,34.78825576553513],[74.48552478469355,34.78326241908709],[74.48180909484219,34.782544634749],[74.47737381498729,34.782909013348416],[74.46982194222572,34.78568706220779],[74.46214896304208,34.78798238124186],[74.4562770185639,34.78895102468455],[74.45015730648949,34.787868744432004],[74.44368107664971,34.78498362141676],[74.4376872862697,34.78366178291703],[74.4315689275329,34.78378197621197],[74.42737400789638,34.78462674196586],[74.4226991780024,34.78703995409578],[74.41672336512903,34.788610644265376],[74.41168637388063,34.78861237482003],[74.40137632204137,34.78523930765444],[74.39657960008371,34.78427572012642],[74.3929796580672,34.785001951329534],[74.38578552804046,34.78873475984276],[74.37763457553936,34.79078597131927],[74.37271765188129,34.790303722043895],[74.35971576080773,34.786327629570984],[74.35228084622618,34.78524027333653],[74.34149120118171,34.786080709681514],[74.33501680748645,34.787764435369276],[74.33019248100884,34.79113475157413],[74.34687507584184,34.79616914378908],[74.37710312400739,34.80210622691083],[74.39136329967033,34.804336303969116],[74.41351964419259,34.80985404761767],[74.41820431189242,34.814800106270845],[74.42524515573116,34.81735312160054],[74.42992871603398,34.822388804173244],[74.43197791545235,34.832245156792965],[74.43402642483785,34.84651692239019],[74.44643723159541,34.85312453735743],[74.45631093400583,34.86067954082842],[74.46227685334105,34.86267189993311],[74.47829876388076,34.864921495669016],[74.49020218536049,34.86565932887093],[74.50143041111552,34.87170131630846],[74.50908384322436,34.8718268739124],[74.5235944561364,34.864224078225476],[74.53908459123862,34.86591644205251],[74.54486026996885,34.87141595050363],[74.5548545638126,34.878965007328055],[74.56788325872174,34.88313751456752],[74.57136559466501,34.888599194077436],[74.57283985930745,34.900426939773546],[74.57701123872008,34.913919074860424],[74.57103885916933,34.95401281541228],[74.56975001796346,34.96228234810795],[74.57053208374404,34.97563068081691],[74.57630040686391,34.986535029177446],[74.58100443421394,34.99147529811274],[74.58501629824278,34.997936277933896],[74.58777799081652,35.00635985602149],[74.58509349445991,35.01812156901567],[74.57837421675453,35.02432303927685],[74.56883148343701,35.02471225658339],[74.56047245607398,35.02602068756977],[74.5555247471636,35.03134800985686],[74.54952784728823,35.034675886084656],[74.53073034804133,35.04617624805857],[74.5290730448902,35.051285539568646],[74.53006635726972,35.060131965847006],[74.53885421382648,35.068564069603205],[74.53979732314812,35.07497673565418],[74.52947746908728,35.08463119787396],[74.51973815472077,35.092852402566734],[74.5122402837578,35.103542454866904],[74.49944147474584,35.115586259300414],[74.48310321182457,35.11973071993814],[74.45849977719571,35.12526593787606],[74.43994040149572,35.12594325950318],[74.43873920801948,35.13006754916305],[74.42704687015974,35.119506358810504],[74.41528636178853,35.11173619728969],[74.41061638453857,35.10129402686516],[74.39956169684041,35.091822434752835],[74.39077582551933,35.079506091999576],[74.3819763493932,35.06781974615264],[74.37566430456539,35.06599741395391],[74.36088598955772,35.06510709812416],[74.3475161853115,35.06487069087304],[74.33123539978529,35.066923533406296],[74.31927318096987,35.06733985157992],[74.30523120337908,35.06762735989937],[74.29270583645284,35.06451696358301],[74.29154564436413,35.05467482899673],[74.28822630721707,35.047676643187756],[74.27769382440512,35.04397028204622],[74.26517309243029,35.040857192451824],[74.2558744880477,35.04419963369832],[74.24513409046638,35.052109606220455],[74.241407126221,35.06005921500048],[74.24249682890401,35.07224302659476],[74.24022332606808,35.079138482051796],[74.23522631537307,35.08138789569123],[74.2269789752588,35.07429594500738],[74.22348932860906,35.07359982384809],[74.21993211305613,35.075335078701336],[74.21754709949343,35.08222788236933],[74.22022142040129,35.08858511606826],[74.21514294101291,35.09371536679464],[74.20529198058468,35.092988844945474],[74.19131118758676,35.09092158898353],[74.17232919178613,35.09118964051106],[74.15610562201502,35.0908773202783],[74.14466729166438,35.09579138131673],[74.13374490798815,35.10464679296924],[74.13367076900686,35.11004956240345],[74.1310193013922,35.11376394016051],[74.12793511631115,35.11611926293081],[74.11901801210482,35.11838172868891],[74.11108566733128,35.125206458084904],[74.10586137456656,35.12572519682625],[74.10707462135642,35.130268297309044],[74.11125294194608,35.13393789220113],[74.11364442118547,35.13769162253369],[74.11398797218526,35.14421157704611],[74.11334360795664,35.14783267801626],[74.10984004889158,35.14900997801465],[74.10662877670342,35.14796449302721],[74.09918139602122,35.142423316218164],[74.09581403504616,35.140740513813846],[74.09105544159783,35.14160854021511],[74.08818946251341,35.1455174739922],[74.08517321626256,35.148881032127655],[74.08005979302285,35.14948910514391],[74.07411285684604,35.152621518138055],[74.07213372156944,35.15317447744162],[74.06960580374927,35.152280207973526],[74.0662230935939,35.14875627381115],[74.0634146944361,35.147046509701276],[74.05116156270054,35.146514206337514],[74.04645294895883,35.14811466134061],[74.04410294416758,35.149789137576946],[74.04063731286591,35.14829363979897],[74.03381398992798,35.14686227545649],[74.03075551353167,35.1480171420076],[74.02536124506305,35.15268645063444],[74.01916287811859,35.160338479088416],[74.016558866468,35.163220857142804],[74.01341308596557,35.16474751330569],[74.00896868530968,35.165321692185955],[74.00634360379955,35.166271736030964],[74.00476215258762,35.16772729925989],[74.0052689595534,35.17184453278436],[74.00498277631998,35.17747283752741],[74.00414781939111,35.18165500290539],[74.00282805890306,35.18364782377246],[73.99962938645695,35.18278324577761],[74.00029954422536,35.17998633713478],[73.99300318747589,35.179935992162946],[73.98309980381111,35.18134777963919],[73.97770266475744,35.18064189968323],[73.96946967820868,35.17586575987943],[73.9623576852881,35.1704647914737],[73.95824845886328,35.16817144816923],[73.95684471106152,35.16804498497513],[73.95429638134948,35.17159880695835],[73.95174137806053,35.17279703822737],[73.94749111728356,35.17879045064057],[73.94170104099362,35.186458004754854],[73.93187343149964,35.19665383485894],[73.92454905503747,35.20389702578338],[73.91520885320898,35.20802408006578],[73.89696814526935,35.21169155971037],[73.88408129116219,35.21005589961719],[73.86623457452794,35.20617600697695],[73.86118917006499,35.20714414569015],[73.8567168047661,35.209936651535166],[73.85278431672617,35.2140616124004],[73.84834073232467,35.22178689352216],[73.84537425349282,35.224634421593564],[73.84197628041798,35.22552754364313],[73.83480645436603,35.226220087507954],[73.82844930323091,35.23008304860789],[73.81912634384041,35.23457205150507],[73.80832785438886,35.23949640670164],[73.80443017312628,35.23967071553599],[73.79908533554615,35.238429295182925],[73.7921568737548,35.238245154547904],[73.77567841221251,35.2368822353853],[73.77050842131233,35.236001945245306],[73.76642417280804,35.233346288792724],[73.76171209975935,35.22800459618577],[73.75656714458223,35.22292863542934],[73.74709249566521,35.21829095214983],[73.74115474366047,35.21485309959081],[73.73352517880276,35.20852923104753],[73.72939348667927,35.209698518232166],[73.72023359297185,35.21441989643938],[73.70798494608724,35.222485077403675],[73.71372349172243,35.23209915466213],[73.71906267962544,35.24247215233348],[73.72072904428288,35.24955297736064],[73.72284368947082,35.26117784103316],[73.72413825642573,35.267164781798996],[73.72497371760133,35.27305055280994],[73.72061075033545,35.279901424132376],[73.71519581124794,35.28680033392992],[73.70658156504096,35.30000656675372],[73.69851427411679,35.3101044721532],[73.69484255899647,35.31840590857846],[73.69514085536939,35.332206474752596],[73.69289214335429,35.35080522557974],[73.6939041343374,35.35939424547016],[73.69543899034252,35.36907027438299],[73.69828298679579,35.37572891883321],[73.71053970838841,35.388141085824785],[73.71486314664148,35.39436437184794],[73.72126687471663,35.40703245403868],[73.72325000404794,35.4120016862757],[73.72702309505806,35.41898866976934],[73.73958690084847,35.429041265829945],[73.75240151654096,35.43599843130001],[73.76297628551185,35.440957014495545],[73.77955943626306,35.44786801398334],[73.79029563356599,35.45294060882294],[73.7920372631804,35.454222393978206],[73.78978574768458,35.45888389535413],[73.78855266229073,35.463007504860535],[73.78724721010167,35.470588331445555],[73.78541708444494,35.477082476889365],[73.78384313432491,35.48516834677344],[73.7826920189889,35.49508514822814],[73.78127846421084,35.51241257649346],[73.78030040776862,35.51812858042555],[73.77850474770143,35.522894287074074],[73.76535105675238,35.5247101026619],[73.75248119351711,35.526265423584086],[73.74361520259095,35.52677983709543],[73.73643602443711,35.52771264906729],[73.72961415424219,35.52949253448452],[73.72690182545635,35.531831382655156],[73.72529082310704,35.53486223842956],[73.72529720201825,35.539547193747126],[73.72436051313376,35.54365758409955],[73.72279764588919,35.547425571894564],[73.72125591088661,35.54921952408501],[73.7141443906958,35.54891493859064],[73.69098638957746,35.54548903137054],[73.673430374398,35.54465140720971],[73.66566318906324,35.5458524151953],[73.65883845507072,35.547628564178325],[73.65181630611245,35.55101586417021],[73.64550710837638,35.556098125857154],[73.63795438096258,35.56296004000651],[73.63145324376048,35.567433277279726],[73.62838840489475,35.56904523430378],[73.62212294304736,35.56783595217709],[73.60927550960028,35.558155385748975],[73.6017202804789,35.55564433796147],[73.58667371922421,35.55394733893672],[73.56849359476513,35.548067033808486],[73.56159722210207,35.546388671843765],[73.55679828767968,35.546839943755636],[73.55024715087121,35.55057142844419],[73.54183150988665,35.55820403769324],[73.53673492622794,35.56347574488714],[73.53310559280779,35.56572585000325],[73.52792424982223,35.56730188422148],[73.52211959432033,35.566191621835706],[73.51285879682891,35.56054209295754],[73.50726239372248,35.557942844006135],[73.50150525128852,35.55756945068162],[73.49591895356538,35.559901077128224],[73.48728513733131,35.566552706939184],[73.48487390677035,35.56899671870951],[73.4810925004916,35.57125169538999],[73.47736080525827,35.57190167351005],[73.47020193593883,35.57084600280131],[73.45459592593187,35.56743120741803],[73.43871319788238,35.5643959961108],[73.4245559625021,35.562396712539964],[73.4026686816709,35.5573876815609],[73.39812354991388,35.557082804131],[73.39392790235209,35.56243713892724],[73.39184076176566,35.567699109427494],[73.3731648641142,35.588991089601016],[73.36354872455708,35.59716703319824],[73.36068208391508,35.598325023998235],[73.35244657623629,35.59940290370367],[73.34157616799693,35.60182097222508],[73.331781776101,35.604563964133746],[73.32735490326479,35.60622416025967],[73.31615172614023,35.60816051172001],[73.30628081806233,35.60967186805898],[73.29972998647831,35.611170907483384],[73.288652645012,35.61519539173386],[73.26867792407712,35.624386075750316],[73.25989395250289,35.62893167177345],[73.24959839573016,35.638468198300465],[73.23983898010535,35.64440744870381],[73.23118463752286,35.65116445595098],[73.2238702391786,35.65762064039677],[73.21903519953955,35.66262133096716],[73.2159341218895,35.66631990116994],[73.21261572670412,35.66891768819244],[73.20366239705947,35.67075398290332],[73.19432271123183,35.67371436511048],[73.18393071328941,35.67930427655699],[73.16249258176497,35.693162070088526],[73.15856181696192,35.69732067094441],[73.15766761296028,35.70006528755087],[73.15360490360608,35.700348898096884],[73.13795948835212,35.70663492687273],[73.13291516508052,35.710777315063446],[73.12810733030265,35.71639162378035],[73.12641650756255,35.72101582595723],[73.12636791384759,35.7355611291895],[73.12730419649175,35.75142325791382],[73.12566254977811,35.756910444232744],[73.12581963872427,35.767256799252294],[73.12650045368784,35.77622683024712],[73.12794317748353,35.78529013121497],[73.1312190078573,35.794651136742914],[73.13345904187616,35.801834346370335],[73.13541395829766,35.81186313241181],[73.13720918410912,35.8191868594951],[73.14118915225599,35.82506907743897],[73.14791424965935,35.82874816265497],[73.14866275152582,35.8311858075117],[73.147300161901,35.83370173687122],[73.14076084275138,35.83827204109559],[73.12028791837004,35.847824276905136],[73.10587332621573,35.85750650058534],[73.09604401783018,35.86540650607718],[73.08996047234693,35.87266713073619],[73.08388280971386,35.8774626462125],[73.07984727592383,35.87835865082163],[73.07425780781399,35.87857542273348],[73.06815043126164,35.877702990243414],[73.0658128394252,35.87397351817093],[73.05803889301191,35.86269099202079],[73.0348781008203,35.849659508929314],[73.02882438110055,35.84705807446592],[73.02426542792057,35.84674028317428],[73.01961241112024,35.847411752571226],[73.01230493417717,35.849293776548045],[73.0062904894588,35.85260461344292],[73.0002284552097,35.85777085007121],[72.99438141739367,35.8595321182675],[72.9870777746827,35.85981061336822],[72.98329030819208,35.85931071073697],[72.97764333270476,35.85743206928137],[72.9733046070592,35.85421515753805],[72.95826630723391,35.847216854643634],[72.94662634544277,35.84427550664961],[72.9295854215929,35.84024839846326],[72.91844228012188,35.839057315331004],[72.89836632686571,35.840776610395714],[72.89244750266698,35.844540860430286],[72.88932763259362,35.848845636078956],[72.88904349243256,35.85433022853794],[72.89057213919301,35.86039242398239],[72.89294507420426,35.86738920322948],[72.89356516482773,35.871393155618094],[72.89112688180363,35.87373739585946],[72.88271852075486,35.87550055544334],[72.8727832206741,35.87474352757616],[72.85516544278065,35.871050321127925],[72.84328348533015,35.867303716122734],[72.83931703205403,35.86712835415373],[72.83260411218872,35.87091897212068],[72.82390643989514,35.87816390154828],[72.81915767229142,35.88172031620586],[72.81570266948593,35.880076171937304],[72.81404390667417,35.875145393597094],[72.81253942938507,35.865861171935165],[72.81032452546935,35.86159483840023],[72.80820783104306,35.859096159966896],[72.8034343836187,35.85862731293315],[72.79659613360423,35.86016630827061],[72.79180493547537,35.85937563341307],[72.78914097154578,35.85770183462059],[72.78742865662306,35.855349063815176],[72.78749528597092,35.849388580630404],[72.786521824371,35.84249991928516],[72.78428867114215,35.84145437097867],[72.77940748434297,35.84259891653751],[72.77519184146045,35.84146457768046],[72.76484654520056,35.83314607327538],[72.76143859671402,35.83230394861881],[72.75724661681417,35.835193933200124],[72.7482521093266,35.84067353825296],[72.7429365074939,35.844730957924824],[72.73615092367777,35.84723107121387],[72.73158012060354,35.850455883649865],[72.72657914310902,35.85305195313437],[72.72336818731367,35.852201728904674],[72.71257943294819,35.84292919159869],[72.6998687441866,35.83098734478757],[72.69048631082724,35.82568809179034],[72.68739592957836,35.823383441340034],[72.68438379215219,35.822525160945936],[72.6779236333109,35.82372246378792],[72.6646353643115,35.83031584962207],[72.64967207807041,35.838899554058],[72.64216392500131,35.84641203493745],[72.63083491122454,35.856474470105915],[72.62813964803766,35.857857932656515],[72.62516974499114,35.85780189366844],[72.62250904695338,35.856124703047456],[72.6199945092177,35.853476198750975],[72.61668981024555,35.85455890560473],[72.61148683328763,35.86086091182681],[72.60994155707384,35.86155940194132],[72.60461088861922,35.861747025031235],[72.58510091893147,35.85937260875259],[72.58281668435392,35.86106273598067],[72.5800249108188,35.86438069666357],[72.57418143281707,35.87360162428168],[72.57047485530288,35.88210384536576],[72.56542235152591,35.887593044311515],[72.56056909129997,35.88937477354159],[72.55952402837049,35.89585023817338],[72.55823539243366,35.89766474332297],[72.55646617495617,35.89788731486074],[72.5510234904289,35.89598351469023],[72.54647221354817,35.895980594492045],[72.54303024090878,35.894490006946825],[72.53953392032058,35.89573827659044],[72.53686961961392,35.89776264172989],[72.5344867763269,35.90138721982473],[72.53160785249649,35.90309688039972],[72.52372329640095,35.9036914501841],[72.518472956169,35.905485290446144],[72.51683316382363,35.91197923157882],[72.51606647204666,35.92005556395364],[72.51502669674967,35.92669225881949],[72.51680003095467,35.93033403026852],[72.51689084702244,35.93210276157948],[72.51365014673657,35.93446744812046],[72.51276256303025,35.93643007250664],[72.51307732714827,35.93867301625175],[72.52074118391972,35.94517053876587],[72.5240962342411,35.94875757553129],[72.52635419253586,35.95028952656661],[72.53147602436131,35.94979053840741],[72.53488634935668,35.95063852459373],[72.5353573388306,35.952071153872105],[72.5344490246109,35.95741530401319],[72.53582847483588,35.96107035632547],[72.54241106811735,35.96953584250888],[72.5424577714844,35.97420289236803],[72.53867268133818,35.98512010863187],[72.53932479767732,35.98622443094788],[72.54882741585243,35.98235338010499],[72.55488552658625,35.984557850596595],[72.55996380222342,35.98695711379488],[72.56225564216487,35.989133582654546],[72.55932242406772,35.993580261537545],[72.56728802547909,35.998132182475054],[72.56776670940134,36.00284473077737],[72.56890574338067,36.00569051611568],[72.57111500334678,36.00836700708537],[72.57415834822433,36.010433755785655],[72.58085701714033,36.013302400166644],[72.58352529648323,36.01707396629994],[72.58163508484832,36.02172645649394],[72.58459509342684,36.02507964497858],[72.5826901877013,36.0299464534919],[72.58006230856503,36.033707736769415],[72.57939503971306,36.03582869746841],[72.5738761633961,36.0392490719791],[72.56875932366606,36.04462277748556],[72.56435169072147,36.047230227392426],[72.55833216687033,36.04611147414216],[72.5482387958106,36.04653833169941],[72.5445407825333,36.046379324320164],[72.53574004458534,36.04729127425845],[72.52591771925154,36.05977458502352],[72.51668082398689,36.067336376729806],[72.51852683592541,36.075300394903515],[72.52012270788387,36.08631032165327],[72.52081177817585,36.098306282264666],[72.52368351735684,36.102703589376056],[72.52761512300889,36.110223235789285],[72.5341461598655,36.116657913355745],[72.54037735950772,36.12769414750988],[72.54780737576922,36.130064414630375],[72.55912887663668,36.13738682037363],[72.56170494987231,36.13989000521789],[72.56122742567112,36.14397172480902],[72.5534637195938,36.14671476881204],[72.55071956535637,36.150016688642914],[72.55025384710696,36.15392589409313],[72.55124541750997,36.16131922289969],[72.54913284928953,36.1646443295865],[72.54554764522796,36.16790828449177],[72.53814564942881,36.17152080953335],[72.53592117999425,36.17330690904988],[72.5357764321523,36.17552029375407],[72.54017772249404,36.17912714852791],[72.54248845238563,36.182473177624956],[72.54452232029128,36.186832510825035],[72.54564742459651,36.195424577043795],[72.54913217707458,36.19694107952441],[72.55050235093846,36.19854048969481],[72.54731445270268,36.20540657713332],[72.55028995738854,36.20826796350753],[72.55554509566744,36.211739621451024],[72.55750311358749,36.21404468924151],[72.56486210351008,36.2143598010859],[72.57135681194433,36.22147183411798],[72.57394614339185,36.22380359431612],[72.573524074658,36.22703307009776],[72.57237375831922,36.22852149382526],[72.57220741816484,36.231075735904845],[72.57326946250969,36.23419632859347],[72.57273741450996,36.239127992199066],[72.57694310528768,36.24255361646723],[72.57771744947512,36.246857575083936],[72.58071676504188,36.25262308568912],[72.58465745929057,36.25689112163826],[72.58769069896054,36.258899576029584],[72.59421129555213,36.25917750864394],[72.59867295286755,36.26192988129043],[72.60511640246399,36.263399855853464],[72.61168265317164,36.26948686162555],[72.61886809030797,36.269279637186784],[72.62396089643649,36.26881252733402],[72.63553932648162,36.26264153840315],[72.6444605305916,36.25840711712454],[72.6472060019505,36.25835245071045],[72.65453516752521,36.25917477947662],[72.66219539250856,36.25813174844481],[72.66509427980841,36.25569177888822],[72.67023009421092,36.254541847745806],[72.67686609290159,36.2464511323386],[72.6800184342173,36.24333818187021],[72.68194411144256,36.24290678910294],[72.68483394060081,36.2438825976407],[72.68343169631036,36.2492914892169],[72.67824739720521,36.257783699839145],[72.67416595442953,36.26222495263504],[72.67450972120915,36.2634340386717],[72.67734529747523,36.26526165847093],[72.68056050082743,36.27103386461765],[72.68543183095701,36.27072645179283],[72.68897536252881,36.27138793212826],[72.69264195257098,36.27342097439475],[72.70063627144607,36.27375678902399],[72.70755695144435,36.27438881827846],[72.71123486010711,36.27625109505231],[72.71340751687741,36.278562609174514],[72.7140674779419,36.284739088118464],[72.7197482562063,36.2849770203577],[72.72112686141075,36.28981702249983],[72.72655401467011,36.290727276256405],[72.72985935692525,36.295135279187555],[72.73113673393354,36.29826287404495],[72.73944523844337,36.30031778834017],[72.74825078585154,36.301197511516996],[72.75189313392015,36.300324631661],[72.75651789086697,36.29727237318189],[72.75917766179103,36.29857863194055],[72.76094167098395,36.300701482914064],[72.76090323356198,36.304627885872726],[72.76593714217226,36.308423695163505],[72.77032410291555,36.30911842056927],[72.77390135167491,36.315927284800985],[72.7782454671756,36.31730308068898],[72.78428971766877,36.32182312042222],[72.78887186009511,36.32611148628604],[72.79404770438211,36.327692039995874],[72.79994127328263,36.327936029644015],[72.80334737099132,36.330809124774326],[72.80496209357031,36.33531562239489],[72.8060329797293,36.34509283071434],[72.80861461179812,36.35100494230435],[72.81608189849823,36.35643561607005],[72.82445648272551,36.360878797364066],[72.83512641357753,36.365757426242105],[72.84009413925014,36.36732768208721],[72.84821313372126,36.36578337952601],[72.85366629297748,36.36634879596735],[72.85262026588285,36.369550931938],[72.85096555392701,36.372384306749986],[72.85465932183673,36.374072353165744],[72.85860683478134,36.3750879529308],[72.86406827519586,36.37889708052095],[72.87019114626442,36.385635249422954],[72.87411529173414,36.390405187676116],[72.87554293679814,36.3945629513779],[72.87180096660286,36.40038381133925],[72.87008957263579,36.40748183573879],[72.87066546110314,36.41177289830314],[72.87583187347614,36.4169372790138],[72.87460927687815,36.41961554592969],[72.86771598065387,36.4251369284655],[72.85915525420099,36.433663159455214],[72.85966942921925,36.43556049588724],[72.8637764121439,36.43743556279667],[72.87338297108727,36.43919417722865],[72.8805868862375,36.44221949547479],[72.88658016720466,36.444341679251515],[72.8941722912796,36.451307587691275],[72.90084981652831,36.45601704750766],[72.90460941688104,36.46009538829239],[72.90814949547926,36.460922110537666],[72.91469440255995,36.457604411278965],[72.91865720073882,36.45503485867865],[72.92360989303417,36.45352938358232],[72.92859325334314,36.4549263040061],[72.93877042194737,36.46114139557205],[72.94606150455884,36.46621499286143],[72.94970793412597,36.46192547689004],[72.95557729433582,36.45926161189106],[72.96344841034117,36.45838495472784],[72.96885370076429,36.45638452715129],[72.97344742606263,36.453839220276855],[72.97935898003246,36.457319995842205],[72.9824681900617,36.461711631270795],[72.98264808914307,36.46564391332288],[72.98485086728702,36.46760974596992],[72.98791775911941,36.46926899586049],[72.98748563446401,36.472835589155196],[72.9823020819888,36.474674391338816],[72.97482824124792,36.473529058594934],[72.97422973154355,36.4753731221552],[72.97466221638474,36.47863280205776],[72.97450529214679,36.488011688467296],[72.97474849833706,36.49433496279596],[72.97889158859033,36.49910884920782],[72.98275881321257,36.50148526054448],[72.97879775393803,36.507467176951394],[72.9779132082084,36.511525012769226],[72.98296282372186,36.51189886398294],[72.99028972869506,36.5130465788747],[72.994992234756,36.515624137563705],[72.99915791956754,36.52005672901822],[73.00016716755306,36.518093974684405],[73.0176714216678,36.525029876780955],[73.02532227581062,36.52622654492836],[73.03410276020087,36.529249155231376],[73.03927721052031,36.530346273904215],[73.04477455480884,36.53067684955093],[73.04854594209007,36.532163024332895],[73.05194534854347,36.53296636760299],[73.05366503607462,36.540938484584345],[73.0522585095797,36.54589169770993],[73.0525016018905,36.548684227421454],[73.05854448999334,36.55816351259954],[73.06194673249347,36.56119280117421],[73.07472486194506,36.56659773264373],[73.07801720720654,36.56917700320971],[73.0787168667347,36.57354550860328],[73.07950034000483,36.58559672047074],[73.08272570200168,36.589285945010275],[73.0877276145354,36.593267964993714],[73.08961714410731,36.596236299867954],[73.09395141422561,36.59985771700696],[73.09716682720413,36.605994291695886],[73.09789322914033,36.6099207343292],[73.09629461063192,36.61352703487253],[73.0914800160597,36.61778785581342],[73.08132356073335,36.62361740032598],[73.07410632610603,36.62878536381072],[73.07614901841126,36.6337608900488],[73.07984534332522,36.6388032592443],[73.07888602051172,36.65000320764281],[73.0780211906454,36.65286180264057],[73.08030704560827,36.66519091465777],[73.08042794442073,36.6699807788753],[73.07563194903491,36.673906145751666],[73.07167462510317,36.67764315268021],[73.07071229668314,36.67983009838939],[73.07030755954848,36.68871382668931],[73.06888635896422,36.69388599238347],[73.06764565343782,36.7006225638411],[73.06948468341466,36.69991678441517],[73.07599791539826,36.69505772430298],[73.08449392397955,36.68938682622032],[73.09522078497783,36.683358551502636],[73.10269132950746,36.68543341924949],[73.10584036012482,36.685891373009035],[73.11298250750333,36.684281709531874],[73.11644082015395,36.68419542898179],[73.1193914737142,36.685646542691075],[73.12302091398102,36.68957166880965],[73.12859333219879,36.69335053508062],[73.13410223172117,36.695903016347955],[73.13808873568563,36.69850678283306],[73.14376276077847,36.7006204164722],[73.15271110957596,36.70341826781068],[73.16254434185834,36.707585020829995],[73.16417545903546,36.71031837467814],[73.16788080876567,36.7130214956647],[73.17055207340621,36.719132199274604],[73.17067141295675,36.72403082029683],[73.17504308923955,36.717972780813675],[73.18228203656174,36.71247122017911],[73.18655543200975,36.71030280281291],[73.18549895071563,36.70492159777927],[73.18668964288062,36.701188611193714],[73.19228524906366,36.697733175536186],[73.20139620747379,36.69552922446617],[73.20954703236389,36.695512262860476],[73.21977012296648,36.69780002282059],[73.2288049183342,36.701487178371366],[73.23482678421057,36.70705941108481],[73.2380143107119,36.711520656062305],[73.24611641636982,36.70538242454593],[73.25556119043156,36.704523415396025],[73.26679036096364,36.70617969308605],[73.28571901989879,36.70379306948378],[73.29411981929108,36.704226663194724],[73.29973791028243,36.70499816985977],[73.3039450184006,36.706271610060256],[73.30823791821038,36.71077380655202],[73.31079162091436,36.71431949149301],[73.33358747304209,36.71430011537897],[73.3446147338401,36.71472010189665],[73.34783175588402,36.71639961025242],[73.3488173001524,36.71843908237521],[73.34833322666448,36.72197972193175],[73.35211077427076,36.728240317656116],[73.35157584667152,36.73500408537818],[73.35825847179656,36.734145798132616],[73.36696852399778,36.731695936401984],[73.3737757250737,36.731064206593835],[73.38416910081979,36.732903363979425],[73.3898778821519,36.72978276966965],[73.39442085629874,36.73006559458186],[73.3989466005674,36.73301675822594],[73.40329372938629,36.734292858593975],[73.41017422800947,36.734774599631734],[73.41282195709303,36.736764893803986],[73.4164438394634,36.741015956732475],[73.42144221189751,36.74298328821352],[73.42531500109826,36.74290649283282],[73.42597769682328,36.736259771189964],[73.42795665425187,36.73310811783002],[73.4338821088303,36.730995186657765],[73.44671333330393,36.7289184647823],[73.45339172758874,36.73050307098263],[73.45865960976501,36.73259071824402],[73.4619718861988,36.735049941959865],[73.46640583770167,36.732435358596994],[73.46856622027586,36.72851243995561],[73.47185853066898,36.72652230527118],[73.47680503605362,36.7245937919733],[73.47909908325306,36.72312307228885],[73.47931070804209,36.71946247997974],[73.48143607792052,36.718538411422315],[73.48745299424816,36.7172055254315],[73.49132789937275,36.71468055749936],[73.49763291864265,36.71313559710977],[73.49993812802776,36.71388859370896],[73.50420729273435,36.71894072692615],[73.50983830931732,36.7219301181417],[73.51247665931453,36.721694353786745],[73.51513768403971,36.71623229330439],[73.51989783834807,36.7102917718031],[73.52489825889099,36.709809668217424],[73.534202020524,36.71137728668499],[73.54982073935808,36.71606900685489],[73.55433492892901,36.709562450883915],[73.56345004486239,36.71445802785199],[73.56897602511413,36.716885590783214],[73.57526648467709,36.720453150009405],[73.57930167480085,36.722380699519015],[73.58555604933538,36.70948934285546],[73.58644760691965,36.703513878180395],[73.58654203184332,36.699403325076055],[73.58999458599627,36.69452375727125],[73.5927136616389,36.692843830221086],[73.60682219069187,36.69491738274613],[73.61257322806199,36.693347992885904],[73.6155988385634,36.69112279055431],[73.62158150708565,36.690340121222114],[73.6252528486608,36.69136380747813],[73.6348149700326,36.698163042020234],[73.63800384399799,36.697945429570524],[73.64835798427308,36.6930944397282],[73.65547420479493,36.691795681990335],[73.6632483827584,36.69107659595157],[73.66931127403572,36.688849308589866],[73.67658956791279,36.687110658981574],[73.68311052614895,36.686567810759875],[73.68926930649917,36.68756878227944],[73.6922211729322,36.68912120261277],[73.69278267363217,36.693923983960836],[73.69497975784303,36.699119297843275],[73.69985776356008,36.70329890767174],[73.70361876663385,36.70521380144166],[73.70605916401887,36.70852684262391],[73.70985361296174,36.71233334860872],[73.71720914011657,36.71170804177323],[73.72457957089298,36.71330717559713],[73.72706713134276,36.71328520057744],[73.73290332966435,36.71015810765128],[73.73670507960101,36.70884854757179],[73.74084063623258,36.70899660223586],[73.74895846766182,36.70706270711944],[73.75673309632215,36.70633951463595],[73.76594104184306,36.70466616352156],[73.77478392822498,36.702089623421614],[73.77985325449647,36.710388436114705],[73.78445914889289,36.7145556799592],[73.795551170291,36.71884169726767],[73.80197799279969,36.717512673689505],[73.81248752544757,36.714771003799186],[73.8205392828345,36.71149704127679],[73.83022671577905,36.70861401261534],[73.84031515254763,36.705966974079224],[73.84865924590629,36.702368307578205],[73.85736177409767,36.70234056220544],[73.8669754474948,36.70078739253405],[73.87177612297724,36.701400529841706],[73.87670868984723,36.70468717762181],[73.87865064138322,36.70709053034209],[73.8786374895909,36.7098728506143],[73.87363954555043,36.72059337395839],[73.87543772910695,36.7231026155281],[73.883458727845,36.728053594978995],[73.88529160864918,36.72989921600379],[73.88305126145129,36.73304440390971],[73.88288361542001,36.73615075556971],[73.88410083415228,36.739195511484795],[73.88335772182515,36.74528501786319],[73.88221819220266,36.748470447774714],[73.8793347147726,36.75326102039386],[73.87561701666691,36.75813425336174],[73.87125740331393,36.76209538703999],[73.86798889061366,36.76631694310812],[73.86380869980258,36.76950581169582],[73.85983838227992,36.771367781149365],[73.85322856098789,36.77602756106503],[73.8423267152703,36.7909861775772],[73.840106505967,36.7936872786567],[73.83698687321075,36.795133838313525],[73.83158827375524,36.795277233179895],[73.82697018118641,36.79378047398216],[73.81957621668913,36.789962227821356],[73.814790251538,36.789015026452574],[73.81117317189678,36.78944305703325],[73.80639783288788,36.790830572821875],[73.8015125619773,36.79421745365031],[73.80040522083851,36.79929017454451],[73.79636028831955,36.80248340377572],[73.79591445440607,36.80557808335196],[73.79794040469795,36.81654355951122],[73.79757265178294,36.818198100402455],[73.79420076268873,36.81919002311415],[73.78812928217339,36.818974796350666],[73.78198686131478,36.817534106055874],[73.77396772993268,36.81502605082521],[73.76871219199371,36.815061458492515],[73.7588359758523,36.816154866257264],[73.75629109950175,36.817175751248676],[73.75439938397338,36.818886837710956],[73.74909209658058,36.827367693287],[73.7472736328253,36.82774740727882],[73.74123858414448,36.826864949307655],[73.73865962423113,36.82599469658962],[73.73663245891385,36.83014608343057],[73.73202320508983,36.83098159603149],[73.72529739342983,36.835075748018376],[73.71983520178398,36.83632498357324],[73.71548676287304,36.83494637720874],[73.71178530542844,36.8343689436882],[73.7089512541932,36.83560101358832],[73.70550980166156,36.837813468428585],[73.70696679857845,36.84642234591954],[73.70663602046751,36.854857440365286],[73.7061863785061,36.857953637026725],[73.69953299108242,36.86071495562827],[73.68942324076441,36.86590813225072],[73.68726170037759,36.86994234360269],[73.68250182234586,36.87343828971414],[73.67639299247733,36.87650664304567],[73.66705770279236,36.88085877398464],[73.66551030153293,36.88538293249206],[73.66528812621908,36.89182029508794],[73.66639558914815,36.896749790902014],[73.667715745365,36.90035339668184],[73.67135863242302,36.9044852611033],[73.6710933056095,36.9116983369522],[73.67987568343223,36.91301512157256],[73.69004545313601,36.91427026377702],[73.69723902356597,36.914306727105206],[73.70345129922622,36.91208538067347],[73.71220210981168,36.90651024502706],[73.72055011971779,36.90069790215089],[73.72872508995853,36.897990253060264],[73.73351494322742,36.89893935462596],[73.73876198481014,36.904127142380126],[73.74486262381174,36.90890062993894],[73.75132249464566,36.90968651448292],[73.7558579503599,36.907736899374136],[73.75876062115853,36.905284582112614],[73.76072450259804,36.904798893560546],[73.76554548124219,36.90519260277905],[73.77019433536631,36.901187715669295],[73.77358125281867,36.89630001062873],[73.78693143787405,36.900154008341694],[73.79410212637954,36.90015755856229],[73.79684990389042,36.89837680611903],[73.79960541657432,36.89359322762373],[73.8007193968245,36.88749871815852],[73.80709143005848,36.88784627324661],[73.810168643773,36.88858097301007],[73.81468385972067,36.89437445794433],[73.82044278975883,36.90309102853168],[73.83145693106212,36.901225318061066],[73.83841181899112,36.899466707304434],[73.85190788746674,36.897812106861885],[73.85926115451898,36.8973186110985],[73.87049739755813,36.89420623674415],[73.87645016106255,36.887903824831525],[73.88259161905614,36.88098161667152],[73.89302041324699,36.87546052722149],[73.89607087588692,36.87669365263871],[73.9019086554377,36.88115385154126],[73.90675213422548,36.88382635536962],[73.91490226433987,36.88298262315266],[73.92102878234043,36.87918864791797],[73.9329948703515,36.868209307094254],[73.94127648083716,36.8620949738223],[73.94703055509618,36.85042694173103],[73.95055713345741,36.84577658320051],[73.95438974787338,36.844030523397755],[73.95722909581198,36.8433771312356],[73.96149925393371,36.83926672029015],[73.96848161592665,36.83687749164206],[73.98195635631413,36.82957673532058],[73.99542147427562,36.834171320854516],[74.00070157088614,36.83397000528051],[74.00443525977941,36.834294458903166],[74.00837677768587,36.833773856101686],[74.01713747093025,36.83000945013806],[74.025102932079,36.827397280880696],[74.03153545374641,36.82357904614527],[74.03966273037118,36.81514307198917],[74.04249483847273,36.812979107144514],[74.04652144797669,36.81082176104244],[74.04988315198435,36.81355801303496],[74.05452543164863,36.81830409994777],[74.05896857504382,36.82219108471312],[74.06329632560467,36.82672943132388],[74.0686825274595,36.83130340897779],[74.07244892368071,36.83411819050145],[74.07978598627658,36.83882318818957],[74.085516779542,36.84150732002161],[74.08882687045005,36.84214335295222],[74.10283554973842,36.83933835216643],[74.1136250527866,36.83570312780079],[74.1163145581399,36.835727928470575],[74.12174410246324,36.83951497225914],[74.12596654844194,36.8429991507258],[74.13345904870427,36.84790345192791],[74.13530092737629,36.85012786481519],[74.13623048078068,36.8542222796321],[74.13620686222595,36.85782597386197],[74.13699747199568,36.863029677052175],[74.13988498654707,36.87184210353278],[74.14263437926594,36.886481513508336],[74.14419906219779,36.89092406301369],[74.14720949464622,36.895807920244366],[74.15174112094749,36.90441161445223],[74.15575025815869,36.91050768111778],[74.16092226049768,36.90989371885354],[74.16935563179757,36.90932254778133],[74.17560658221821,36.90835090018456],[74.18895290539055,36.905845236102266],[74.20470855707369,36.90407339881495],[74.2210952431318,36.902714073495645],[74.22588267251504,36.9016268761394],[74.23403124657703,36.89861892631811],[74.24179215237332,36.895204705602985],[74.24693144922978,36.89360428484667],[74.24897082341404,36.89360566493448],[74.25375765565506,36.8957282889927],[74.2617843685889,36.89992245321261],[74.26399521660863,36.90137072520184],[74.27258760226755,36.904075819341585],[74.27814350655923,36.907140032263335],[74.28260894882158,36.90918570307116],[74.29743521542333,36.91772695334382],[74.30443573223414,36.921295665520816],[74.31147866798659,36.92565156098089],[74.31482133480029,36.927332228298134],[74.31868180044052,36.93007777057969],[74.32108910065251,36.93251411328849],[74.32913021690109,36.93814601976295],[74.33014951285013,36.94060277777453],[74.33643793913495,36.94702905339612],[74.34267832521287,36.95279830810463],[74.34686600485587,36.95719100421292],[74.35080322163567,36.96006889993844],[74.3561195101045,36.96312202064839],[74.3628182724834,36.966284838608615],[74.36562828148055,36.96722656933554],[74.37091598951031,36.97086769309564],[74.37568884986278,36.97337863056025],[74.38104525054622,36.97400866502465],[74.38866400721321,36.97346641785495],[74.39571301459583,36.976180508564084],[74.40112574330944,36.97897308254432],[74.40826384096277,36.981609657568754],[74.41259562759065,36.98445437774113],[74.41615791035967,36.99196115222625],[74.41714653779121,36.99343340440209],[74.41986969496901,36.99450233976513],[74.42279791106466,36.99472635937067],[74.42642432250737,36.9956928913579],[74.4380848830995,36.99599716212497],[74.44212228783641,36.99691088802415],[74.4511197329967,36.998243291380625],[74.45683270049341,36.99829275944112],[74.46569798343309,36.99732811355351],[74.47509219002002,36.99723102367624],[74.4845902492313,36.996678271609426],[74.49579698185617,36.996244067793754],[74.5138292183184,36.99648096930341],[74.52031071378435,36.995832011991354],[74.52295745895171,36.99512872764001],[74.53091251412819,36.98764890098989],[74.53430992904758,36.98323579359862],[74.5372865206097,36.97737069731831],[74.53803651201073,36.970318496549616],[74.53928909233761,36.96466108635401],[74.54255070568985,36.96135483483834],[74.54551618004098,36.96079204122784],[74.55106793477562,36.95906504037798],[74.56054386862039,36.9571975328702],[74.56410133940668,36.957897250123786],[74.5657498556508,36.95925827746686],[74.56913688165818,36.970301082441836],[74.57108863613982,36.97939758111142],[74.57415100920518,36.98997284034508],[74.57535437133802,36.998916407666286],[74.57660124151009,37.00121603295798],[74.57925923476752,37.01260712744369],[74.58041834823798,37.02101185219463],[74.58005802873643,37.03102379258677],[74.57881117043365,37.04197162717915],[74.5779051372279,37.04580022400647],[74.57671475068133,37.04807445253175],[74.57310390659157,37.05066120725758],[74.56812448819207,37.05176139317683],[74.57363918481899,37.05453231358642],[74.58166883992193,37.05757460286527],[74.58940793300687,37.059162115275036],[74.60479382389651,37.05924970639841],[74.61039983342563,37.06019260803036],[74.62236459712206,37.061426377414534],[74.63379905077555,37.063703067031],[74.64475951541209,37.06710876631652],[74.65237400876607,37.070086745956495],[74.65500727304853,37.07161216117378],[74.66707687208302,37.07956650239364],[74.67314126285875,37.082929911191364],[74.68117049279395,37.08671380937798],[74.69012295756339,37.088140591135684],[74.69678808341506,37.0883417738344],[74.705742220351,37.08781679645234],[74.70739010067233,37.087288493733496],[74.70782527407971,37.085711722564064],[74.70885759655295,37.07331373088296],[74.7103911061758,37.069457598062975],[74.7119189858223,37.06379455228136],[74.71590968529145,37.053655033266615],[74.71843074415756,37.049897894093206],[74.72088313835557,37.04758662453136],[74.72219195870572,37.04466277178107],[74.72477128778188,37.04156020205278],[74.72635677107358,37.038500002286334],[74.7331672182724,37.03119650938325],[74.74232971386776,37.02334923487786],[74.74713668537024,37.02011359043582],[74.74942400517361,37.019386895007194],[74.75164421065125,37.020103772818075],[74.75318402495029,37.021884494049594],[74.75711618018954,37.030386173862226],[74.76019255844614,37.03597092573302],[74.76305305506982,37.03844127698299],[74.76577376200711,37.04004010456205],[74.76905481298701,37.04122191918537],[74.77688107196094,37.04159929678167],[74.78179295207772,37.04066115345708],[74.78331018231871,37.0409953012031],[74.78906043497712,37.03954279086551],[74.79848194145217,37.036530528392795],[74.80485876262698,37.03499408716934],[74.81256654636837,37.03607967362642],[74.81702500645574,37.03715081724721],[74.82919991416023,37.03902729511755],[74.83263439239168,37.03883924905876],[74.83582846915343,37.03799361511898],[74.83890181916449,37.03584345478738],[74.84087263476954,37.032145542912495],[74.84017580799139,37.029665268573694],[74.83523312031424,37.01947348672548],[74.83346736225606,37.01472338119152],[74.83338136776695,37.00872149756608],[74.83478585039185,37.00526426985007],[74.84794532159691,36.992181894503915],[74.86574559199724,36.9747163612796],[74.896502540936,36.94152391948462],[74.90975939050576,36.92175527443737],[74.91557906733202,36.92025947522308],[74.92271487967031,36.92584939747275],[74.93412726883123,36.938370023449764],[74.95401787826705,36.95461891260771],[75.01567141346821,36.990722950150314],[75.02321798778817,36.992112443115545],[75.03708271141645,36.98899329128656],[75.05519450838791,36.97431875909801],[75.09125028667947,36.96106821858251],[75.1091516828718,36.961898979355105],[75.15296057004633,36.98816484120399],[75.17721154983202,37.020245194707755],[75.1969274706292,37.04243072966293],[75.21095624960928,37.05001680598972],[75.27653575001733,37.06015362490926],[75.32078391569206,37.06428110339112],[75.33628346622945,37.062829800972786],[75.34131369719199,37.06076315556486],[75.34657316197038,37.05272103909051],[75.34884407953177,37.035899853770495],[75.35037399885397,37.01911915970151],[75.34840781381013,37.00491679911401],[75.35442738858427,36.98848285731616],[75.36888844396144,36.9751575957058],[75.37924441038352,36.9745820537945],[75.38768913495696,36.977690221874795],[75.40368630368233,36.982165745955186],[75.41368226380142,36.97743315527987],[75.41844787239371,36.972395899411524],[75.4215789815891,36.965660734088026],[75.42488175648852,36.9523555794617],[75.41106076216306,36.921519616688705],[75.40692084134447,36.908033448297736],[75.40877812305705,36.90375470578187],[75.41764704129238,36.90325871506756],[75.42967842744825,36.904970636268544],[75.44182938038846,36.89951752311597],[75.4498184676535,36.88892910299832],[75.4550343661647,36.86358415891034],[75.45834214470592,36.8419243329187],[75.46326656293593,36.83031329529786],[75.48802012847281,36.816388789170446],[75.54076282215533,36.800270868589045],[75.58552583981933,36.7863778799461],[75.61272425600323,36.77527024759823],[75.63379888229623,36.753770333199434],[75.66281016769788,36.721662478954734],[75.6895362653279,36.682816702599915],[75.70140331699142,36.66671163334145],[75.70783831066822,36.657318880276364],[75.71070936699381,36.65241992483104],[75.72053111501884,36.63834010740429],[75.7346622902098,36.622593352394205],[75.74442368657013,36.60769765116402],[75.76937383414426,36.588923330156454],[75.79032789697189,36.575154095934394],[75.8070215399513,36.56342369086748],[75.83193543237618,36.56075338057812],[75.85243243161392,36.558341235589765],[75.8593022762432,36.55255994546486],[75.86679821728856,36.545547007536655],[75.89077778282757,36.532772828125026],[75.94503801318065,36.51160577591539],[75.981938089558,36.50280989109783],[76.0100628137543,36.49513371841153],[76.05333125319264,36.49130311427947],[76.0711538627961,36.48424232365851],[76.09169029385316,36.47462395297832],[76.11171795738376,36.4596594151656],[76.14462149714602,36.42854921603592],[76.16395310363991,36.4064516449165],[76.17672137194616,36.400881839707516],[76.20072914859452,36.396999667920554],[76.23026433367704,36.38142044832569],[76.24409475841409,36.37159639451279],[76.2665019578791,36.35884296421313],[76.27440442478775,36.356554431129936],[76.32099826522806,36.364963813137976],[76.33992321460553,36.36973833022374],[76.35392723387606,36.369447235668694],[76.37979627743235,36.34689667343292],[76.41339385184465,36.328026613743305],[76.43749990951638,36.31035342442488],[76.4459402720174,36.283526752516],[76.44850030761894,36.272011679545585],[76.4456607863141,36.26562278736697],[76.4367830300222,36.257829468849486],[76.44819676374672,36.246342524251645],[76.4682516099783,36.240271740285564],[76.48098103302493,36.21973462275609],[76.51031694217522,36.210666956685756],[76.54928672057925,36.20216021694187],[76.5653921251161,36.18617251640655],[76.59409381824459,36.178320926298746],[76.61691221639317,36.17801975848178],[76.63432878844168,36.190021220424796],[76.64468217797182,36.19770544922893],[76.65592379850442,36.19218419229143],[76.67030453204973,36.17390546276253],[76.69621192550312,36.153067953003664],[76.71111692765108,36.14012669952275],[76.71644460147034,36.12722251329654],[76.71525816460299,36.108176804481914],[76.72009158211557,36.09769526923141],[76.75217568506758,36.08001737566729],[76.78375022620317,36.07192793671162],[76.79819935482061,36.06199283291513],[76.81368762177348,36.04062877909687],[76.81344968775481,36.03108078322809],[76.8104095821754,36.022916740354546],[76.7876995438395,36.01667180874554],[76.77036468429483,35.9981081241769],[76.75900147116218,35.9803382786372],[76.74404112287579,35.97057877610837],[76.7362569930603,35.96631648222315],[76.73285578694515,35.96176134975306],[76.73213644792871,35.954636101423986],[76.73938981027227,35.946380722446506],[76.75778315761441,35.93199928858193],[76.78302976916065,35.90514347012211],[76.79876594321661,35.87962823556068],[76.80455762553854,35.85711708325201],[76.80748014239191,35.84974556715505],[76.823529592797,35.84148807370553],[76.86114806037796,35.835952568620385],[76.88739419078809,35.81264387078257],[76.90379524261539,35.80793902795953],[76.92504737045596,35.793332901026865],[76.9355985401053,35.78902805790283],[76.95699244745985,35.78994938297381],[76.98243788442238,35.7876032391645],[77.00100395129898,35.77556010563104],[77.01047619102837,35.77490661011683],[77.04521642188665,35.77728830557698],[77.06199088945345,35.783301523010465],[77.09111198657838,35.79503219082442],[77.11565988178518,35.79810513117779],[77.12700730790577,35.79432202410623],[77.13233655256734,35.78916472224898],[77.13504123799851,35.78000420039603],[77.14578218197249,35.77745779609639],[77.15219021929728,35.76863520882148],[77.16207529497625,35.764951091813906],[77.17635182161249,35.76813318472597],[77.16903340854,35.74053741441174],[77.17967968527881,35.73021848905542],[77.19164467136646,35.73236671848207],[77.21301340381625,35.733251949604494],[77.22922538653259,35.72014252170284],[77.24191936117727,35.70847629004403],[77.25834485556108,35.704320184878696],[77.27638534867448,35.70842195398322],[77.28031320925709,35.71771380066296],[77.28743720385765,35.72259053621171],[77.29521909958652,35.713063013496644],[77.29907758771145,35.708002198398376],[77.31239765081644,35.70226583387139],[77.32112791523062,35.701109194875976],[77.33259854486828,35.71278628968626],[77.33554306439213,35.71973984373606],[77.34374854584811,35.72096140810799],[77.36586677352061,35.715187189803665],[77.3780064001395,35.705340917775125],[77.38532728614368,35.69165227665908],[77.40182713275367,35.68148912461825],[77.40280771387964,35.663469538512395],[77.4115565406229,35.65625662251609],[77.42807494082975,35.6598490867977],[77.43793594644289,35.65614367152329],[77.44102589445583,35.63737154892277],[77.44173967156993,35.616976073183636],[77.44012627053374,35.60213410699461],[77.44655612417702,35.593889044537384],[77.45865397144063,35.5906172555983],[77.47188083022505,35.58427019104915],[77.47560831102886,35.57143263484432],[77.47068083168591,35.559823214856664],[77.46522216939451,35.5500474218957],[77.47350148352861,35.53867345224175],[77.48276395421979,35.52962072519038],[77.47980815625489,35.52265495332316],[77.4734159535674,35.517734719067654],[77.45816545869236,35.51884447395878],[77.44299597893058,35.51396233898731],[77.43052180149223,35.51367047973258],[77.41181391432643,35.52340307898806],[77.38865839327063,35.5394373993009],[77.36197147640313,35.543155262010494],[77.34133514625712,35.53506459203221],[77.33204428348058,35.53034607461625],[77.33008171159314,35.525699972943194],[77.34548695912495,35.519208975023005],[77.35292504161411,35.50670686562216],[77.35468007422458,35.49580970422038],[77.36322430783358,35.486817270479335],[77.37676238228032,35.48344812267772],[77.38534111745685,35.47383842122121],[77.41884080142434,35.46664283014509],[77.44366367482517,35.45945584203737],[77.47425863469378,35.46500956571251],[77.49613500784592,35.477776728247015],[77.55663909658138,35.47573724402742],[77.60566396708026,35.469131399625766],[77.6286237011775,35.4650385477654],[77.63713214242419,35.46919639157994],[77.64702550265616,35.47923644435271],[77.65309523235962,35.48118009096791],[77.66536770087154,35.47308556597149],[77.67335004183744,35.46590756703422],[77.68515861366849,35.466823935964634],[77.68575348393288,35.4721667676005],[77.70778893452983,35.47291730680886],[77.72877176689181,35.477334483236106],[77.72719664791227,35.48942406215767],[77.72615673774003,35.51284621781268],[77.73586585826742,35.5210982661143],[77.7491223076677,35.508732339349976],[77.76738924380382,35.49538972526521],[77.78631851501677,35.48798022734598],[77.80347924058071,35.4908776563789],[77.80963098235914,35.49999156382573],[77.82204904339827,35.50623756046536],[77.82924083237141,35.50509551173602],[77.8379926719626,35.491862364380445],[77.85262826139449,35.485366218250576],[77.86257128328708,35.47623104756825],[77.8694906551813,35.47271252260053],[77.87483927622594,35.47470094958685],[77.8861279359433,35.477434866239044],[77.89375491992612,35.46727568809095],[77.91207715542954,35.46109003511946],[77.91889598743946,35.4695502103206],[77.92099466437445,35.487949385890296],[77.92931592634531,35.49030750144531],[77.94852730478374,35.472673764556866],[77.97727345182288,35.44891587256481],[77.98525189907036,35.44830296385993],[77.98600127485997,35.45483152007022],[77.97054216567489,35.46679571112083],[77.96031594338982,35.486139897060745],[77.93926583550132,35.50690904273377],[77.93751582240064,35.51722029015102],[77.95191608781538,35.54066464758875],[77.9634646224225,35.55833922336586],[77.96793558626828,35.571765880878836],[77.95376712910475,35.60158484344453],[77.95780845610527,35.604867531838444],[77.97349827751368,35.594686925277145],[77.99070557146167,35.58498621404191],[78.00139710200445,35.582369077502406],[78.03688107826125,35.58502545385366],[78.05556140073409,35.58178741146769],[78.07494303195637,35.55933353762509],[78.08435169856203,35.55201862766134],[78.09285812511962,35.54956274550572],[78.10575353224779,35.553351505026505],[78.13158082690153,35.5423612411801],[78.1367657502654,35.53656839810219],[78.1490737873194,35.54159624215075],[78.15723525389828,35.54874317461143],[78.16491206667186,35.55173613107998],[78.16045937281723,35.57004684603061],[78.1595993909911,35.581490276089845],[78.1706394537447,35.59439913349194],[78.17341306288594,35.60555847645564],[78.16982508564956,35.62499821157628],[78.17598613085796,35.62751047408258],[78.19743751858928,35.62283850884792],[78.19592485527215,35.63493168121509],[78.20112204173297,35.64170942278618],[78.20770390945674,35.64777972170535],[78.20698896384658,35.66040895968436],[78.21204885889118,35.66599957739106],[78.22865661854799,35.65751180150518],[78.25588273138584,35.645790810867254],[78.2656115058138,35.64741933137151],[78.26867518592258,35.654387254888725],[78.28270164601722,35.66163895737038],[78.28450706354981,35.664490219339136],[78.27718960674667,35.67704276112087],[78.27749284615403,35.69198737325337],[78.27551980543872,35.71249972719327],[78.2769502924321,35.718374140578405],[78.28769654328099,35.72231621572681],[78.29792775643051,35.728094320943505],[78.3192561618073,35.72221657727829],[78.33795537060064,35.71893865068765],[78.36832498481579,35.7273041422575],[78.40386366183186,35.73584933099868],[78.40865564389821,35.73905948173696],[78.40906801689867,35.748606910572086],[78.4124057725649,35.75193302688028],[78.4159430900151,35.76302706953404],[78.4261162340319,35.76820180449],[78.43024090837528,35.77805097475808],[78.44267157863045,35.783642771717474],[78.47543240174345,35.77502807674484],[78.5125444848503,35.77204199531234],[78.52644894858155,35.765531083087694],[78.53416402021753,35.76251278227865],[78.56026961418961,35.777767552517254],[78.58434596433554,35.79437991353377],[78.59969829351463,35.80570896374323],[78.61003270808492,35.81205499530923],[78.6216794911446,35.81110738569349],[78.64643064161008,35.82106713377379],[78.66521949875424,35.83630074679002],[78.6733110626622,35.8542035376556],[78.69523581825077,35.85899644001802],[78.71052921035749,35.85774261167864],[78.72830783109853,35.86466688056663],[78.74892060155236,35.864768010374135],[78.7691741648631,35.86788996419939],[78.7862202694391,35.86887834304156],[78.81999049371966,35.85650121076544],[78.83907085542506,35.85611608596759],[78.87222563412324,35.86234297207446],[78.92512110670395,35.867510212100456],[78.95210778316769,35.87722862891186],[78.96920489693885,35.8901689991428],[78.98239009549292,35.88965968784288],[79.01314779635216,35.85951404879305],[79.03224771604297,35.847717222421544],[79.12721751527903,35.83665796715622],[79.1424242807631,35.83476107598407],[79.16467252934042,35.838186199203896],[79.1652703621959,35.83852747485564],[79.18164429923766,35.853573903242854],[79.21275983405424,35.877865569138464],[79.20951053679968,35.903906974451125],[79.20449495014675,35.927702446390434],[79.2131312089495,35.954519477226675],[79.23089883933287,35.97216418685733],[79.25170090683447,35.98475294623931],[79.28884322665459,35.98694226135304],[79.35803111211192,35.99173278646166],[79.40093204591835,35.9927911688886],[79.41035345540983,35.98597734960081],[79.43027471211921,35.90813622901317],[79.44019981273645,35.89408335852002],[79.46804205332413,35.8874454170286],[79.53622797033734,35.87963863197359],[79.56237975812948,35.86593667337163],[79.59118241098392,35.85558932587159],[79.619250706423,35.845300319554084],[79.68230547901261,35.832474910497965],[79.72837965945806,35.81395178656382],[79.75109059011884,35.796918990659705],[79.82846699789523,35.78692242550711],[79.88708822670668,35.77439325537446],[79.89895948196332,35.775108640898004],[79.90453509578994,35.77819716879101],[79.9153757039536,35.79279680309656],[79.93834122785154,35.80988352945393],[79.96769554743615,35.82518118213475],[79.99969744276886,35.827636654319264],[80.01569235266388,35.8261635793437],[80.0426137013952,35.802690429537336],[80.0621393399479,35.76849966981529],[80.077505658917,35.72569240873743],[80.1005200560149,35.706161432479426],[80.11215989910391,35.689483599596734],[80.12889651598748,35.65673282905462],[80.15169758632338,35.65160555333735],[80.21308208486002,35.63865726767425],[80.26858888898468,35.615433444684875],[80.29501849240566,35.59973661067008],[80.31171197163584,35.58795612743941],[80.31793852562423,35.564564773159454],[80.3134634972563,35.54338729774098],[80.31462835918812,35.536076175936934],[80.32682582713502,35.52891833301343],[80.33459435153733,35.49577591406051],[80.34508361201156,35.461172182141425],[80.3397823583484,35.4496738911977],[80.32120650667373,35.43763658497725],[80.29848467215106,35.41698831756125],[80.29616090420372,35.39020266914358],[80.29747554885499,35.35286837829546],[80.28391956904929,35.31394281936532],[80.26515300311999,35.27430881677145],[80.25120732931197,35.24802046876311],[80.24265702347971,35.208015510616825],[80.22623175800479,35.179558202786446],[80.19916369806042,35.15330432554709],[80.18503256905055,35.13062827878838],[80.18699374256256,35.10283241019584],[80.18805454018285,35.05291068127872],[80.18689509370714,35.007998594072944],[80.17142418129671,34.96503650883871],[80.15278297725467,34.92537285378289],[80.12723516209685,34.8725492729545],[80.0897643481013,34.8280452666471],[80.07499516322225,34.80541788374295],[80.06921253117642,34.76873887990872],[80.0693238023301,34.700886533436545],[80.06531123628763,34.69285774659568],[80.04327843921597,34.685918123241755],[80.00427093316397,34.682362566952435],[79.97371578214435,34.67680772115133],[79.95399889343653,34.66543571732139],[79.94466249624648,34.66090085985115],[79.9215569874502,34.67265131802026],[79.87825965417257,34.674859006127484],[79.8751437436987,34.66794355604972],[79.85823862166615,34.66650300978882],[79.84810646169777,34.65603234835731],[79.82936395295722,34.635549197951015],[79.81613130007926,34.62896345453304],[79.77660426318803,34.610383781912375],[79.77549094134245,34.60208236303416],[79.78991373960301,34.59055468304424],[79.79437565362105,34.58054060519234],[79.77709382662064,34.56531945297217],[79.76881540629127,34.55227248139748],[79.76977587579472,34.5377778076655],[79.78697456723374,34.530796662549534],[79.80910601621915,34.52275871847113],[79.82104480461413,34.51445548030116],[79.81610383579277,34.48309338477221],[79.80384960114483,34.47281564202904],[79.791438731183,34.46675360448831],[79.77115219794307,34.46681662552126],[79.75380900360508,34.46720697712037],[79.74442467886448,34.462063882417],[79.72588293859337,34.46976374218415],[79.7041634917518,34.46994716080626],[79.68180661597133,34.47078523243063],[79.66286434912054,34.475510576831226],[79.65338798552888,34.48057365788014],[79.63350061850387,34.478177540493704],[79.61480047252438,34.47927219352685],[79.59839275411682,34.48675898381858],[79.58353278299312,34.478498765821826],[79.55824433087298,34.47357803630495],[79.54035415903373,34.46978755154026],[79.52215475518292,34.463621850940534],[79.52145558961651,34.45828321921917],[79.52802826617098,34.44208806839427],[79.52755084621374,34.41632328257046],[79.53162878872487,34.40875416044392],[79.54332921728005,34.40409957597667],[79.56669791808143,34.40559363609872],[79.56893697457384,34.400589781103136],[79.56135692009184,34.381466755774966],[79.56997688169903,34.33687124754345],[79.56851109506088,34.32019671556646],[79.57960117267719,34.2999855660314],[79.59696180881977,34.27800393837895],[79.59738897731468,34.26475880797298],[79.59213872577199,34.235820117344566],[79.57101301002025,34.212520950419325],[79.54876574903052,34.19712410570145],[79.54005834370109,34.191307322811255],[79.53242099933068,34.19920002586771],[79.51314184642827,34.20093783545923],[79.50372238758641,34.19518291084489],[79.49368608375019,34.184680747089445],[79.49096201998323,34.147108676649275],[79.49595424116582,34.124448996592015],[79.4858497196656,34.11335237731333],[79.46603320459725,34.09412336034407],[79.4469722713615,34.08622931907312],[79.4275084790586,34.08076983405955],[79.42111312054031,34.07593979673024],[79.41934987611026,34.0622914523291],[79.4156783115797,34.05061455063953],[79.41452918062774,34.041713281356145],[79.42985055978058,34.03193779817564],[79.44287700956478,34.0211653993645],[79.4374499689915,34.012647657380704],[79.41550565991238,33.99900597248636],[79.39883966437098,34.00950075455717],[79.373667696544,34.026754126264265],[79.33288684816762,34.029182561510865],[79.3005062801975,34.029653697287415],[79.28294375562855,34.027606743950436],[79.2604021764859,34.0374004616106],[79.23207607123338,34.04709877184528],[79.21841329328485,34.041698782077766],[79.20599154585078,34.04038953033391],[79.18685344975128,34.04867006272155],[79.17292876688319,34.058291511243596],[79.14800750904777,34.05506943491008],[79.14666540461313,34.03298252311396],[79.13823049560114,34.01751596319099],[79.11265090530765,34.00894457283104],[79.08035096909653,34.00995366295683],[79.04604234527821,34.023729773038795],[79.02482780146953,34.03276495338393],[79.00114894186383,34.033608225815016],[78.97592272343196,34.02197979987692],[78.95320932516009,34.013131250237016],[78.92564963691282,33.98249406947713],[78.91831709784925,33.96392179691622],[78.92269917403989,33.95274631331361],[78.94533884203778,33.92620352992542],[78.95593389317918,33.90129137276177],[78.98672617864294,33.83623158748614],[79.00232638415523,33.80547924149223],[79.00960840666508,33.7946475359017],[79.01318592695382,33.782935626257974],[79.03035196791753,33.78805018780163],[79.04361268605359,33.77909814193203],[79.060454502447,33.7758347273417],[79.06409860667686,33.76471499709225],[79.05872345392278,33.756179973109305],[79.03798036424547,33.745378476296565],[79.01978465126896,33.71454834398669],[79.01610614224538,33.702263924685305],[79.02200456358017,33.68614847853278],[79.03412558271681,33.67969521484425],[79.04631867874659,33.67383453932146],[79.06353956360772,33.67953869974874],[79.07799577239165,33.68608191793135],[79.0817080903196,33.6755548927067],[79.09038256581522,33.63578433638464],[79.1001506143916,33.61632402847435],[79.09537379378132,33.61253988995855],[79.06608534765523,33.6192970556218],[79.03081934613967,33.624165634948525],[78.98945497567394,33.61454780134519],[78.96424756238619,33.61372582293398],[78.94033498940773,33.61758845522319],[78.92716092397869,33.627124384186146],[78.90948663853904,33.62924373563138],[78.90286043480656,33.62201120218785],[78.91452461663675,33.60600632874288],[78.90735220233866,33.582617622878175],[78.90625981345896,33.57370954605444],[78.92324694603604,33.56024608310406],[78.94377379027465,33.52606909206963],[78.94123941720281,33.5112835419653],[78.92747003033737,33.48666346693595],[78.92707797200929,33.4542880155102],[78.93997590584941,33.41356308134102],[78.95537249029799,33.38162214978016],[78.97180415405424,33.36399371458079],[78.97842196726226,33.33640965335702],[78.98703453947938,33.330860470236296],[79.01604057135377,33.328339299221696],[79.05798605709532,33.30907400674399],[79.08155943753522,33.297406847158605],[79.1076913315649,33.289112028145965],[79.14903151187198,33.29388015201926],[79.19707431138036,33.29504027330306],[79.22368286831521,33.29628463419583],[79.26133734341778,33.28873528649563],[79.30012858900834,33.27326689868423],[79.33112367318901,33.275297187474415],[79.35558101398603,33.28211054296837],[79.39392513263479,33.27445837148075],[79.43455685943958,33.26238348145923],[79.44611257160538,33.257734696293404],[79.4517729819627,33.23500216568985],[79.44304461097907,33.20036078540559],[79.42280122737328,33.164959324158616],[79.38856189322733,33.126014715527944],[79.37321698751843,33.10637983920805],[79.36815630082971,33.08341540441178],[79.37954164648714,33.060769949662145],[79.38714523723617,33.042067562137824],[79.38032263266554,33.027669841860295],[79.35673947269903,33.015983736573254],[79.34382807722773,33.015344433916106],[79.32490312237941,33.01224153756637],[79.3299397036816,33.00698492436936],[79.33998345035484,33.00187826746694],[79.34622927316006,32.98930573052376],[79.35337681970057,32.983857870016806],[79.3580823024698,32.98163231306962],[79.36817105591027,32.9825243655306],[79.37171916376624,32.97679937031135],[79.36895323903988,32.96623908214083],[79.37710360730905,32.96310128125272],[79.3976039899593,32.96184920572612],[79.4139477351635,32.94475478635648],[79.42095899117115,32.93270826885884],[79.4333506140683,32.923776391372876],[79.44606441940512,32.911810752277304],[79.4526685588252,32.90220118521088],[79.46549285030571,32.88001242534325],[79.51770928860714,32.82659222800863],[79.5339452779209,32.80348046041071],[79.53811342253361,32.786360688273405],[79.55707671816015,32.76771821593439],[79.5703505884477,32.76589650926252],[79.5881462313176,32.76605945430302],[79.59440544661237,32.75947513088173],[79.59794248329766,32.74833584850176],[79.61186084651865,32.735036057897766],[79.60962296644594,32.72322819751347],[79.59240957121727,32.7110008872063],[79.58020531021911,32.693504194628865],[79.5723431308206,32.687620941500576],[79.5672413220955,32.6700695410958],[79.53748727321444,32.65959143575226],[79.52525734974417,32.63068006810853],[79.49559400470412,32.59856093611808],[79.47472490503841,32.57404173291418],[79.45878881508374,32.5658878582855],[79.45149560999813,32.55874537330075],[79.43865984612192,32.53589065726279],[79.42929013012841,32.52353082178777],[79.41654685359718,32.51808479671449],[79.39662269729976,32.5174949995408],[79.38453336990793,32.52279768226821],[79.37902611937918,32.53530991010148],[79.37299037196995,32.5604824372873],[79.36237136811957,32.56624959441237],[79.33945470263448,32.5701249440817],[79.32496983889494,32.58464606137528],[79.3118670840957,32.58762969640417],[79.30525553642097,32.58582329070953],[79.29357121530984,32.571861521181624],[79.28132580408258,32.54774000871313],[79.25975137692146,32.52265421404549],[79.24093252469703,32.51953838715448],[79.23022985377321,32.51329108120972],[79.19329770156455,32.48416616875414],[79.1820862729536,32.4737573217633],[79.15347136631323,32.471503189129294],[79.1389440726501,32.46859183701357],[79.1319385546235,32.46975846566082],[79.12504496925344,32.46502265486956],[79.12137405488241,32.45812214984048],[79.13516531694982,32.43229856149553],[79.1297559761937,32.41716689259901],[79.11339824265544,32.410813244689706],[79.10386645303487,32.39664710381878],[79.09923758709165,32.382045948516655],[79.09367983231296,32.37713438101376],[79.0454084191171,32.38740639351119],[79.00354542170433,32.37488102116123],[78.98334421205827,32.34843619017063],[78.97118501610139,32.335693588732894],[78.95875623665495,32.34398707816945],[78.9467068421394,32.3612515616029],[78.93014427686562,32.370503409780774],[78.9028205079517,32.3849223331285],[78.85994436791113,32.41022968318929],[78.8394036897738,32.43361979225427],[78.82244718722502,32.4338848976218],[78.8067017850628,32.44424813477378],[78.80455201407732,32.45583890531064],[78.78512489289136,32.48872621581351],[78.77534912041054,32.50403358138398],[78.77483220140273,32.505368004742515],[78.77009776525023,32.52908575194056],[78.76550711329047,32.54383491931097],[78.75915778423894,32.56778926168313],[78.76752511111648,32.57847639402531],[78.78236340017295,32.595810527954846],[78.77545521291462,32.621014023055764],[78.76219592741737,32.62875379091781],[78.74333982007515,32.65497770877488],[78.74974819137329,32.66703433259789],[78.75321434038953,32.684144414077004],[78.75069655187997,32.692763034405516],[78.74057548511016,32.6912275373909],[78.72199807831959,32.66640450479465],[78.7087113606224,32.65613374154285],[78.68026249695505,32.65555459463195],[78.65679932891794,32.64914461333918],[78.64836957967856,32.64385770697993],[78.62933582669046,32.620862961090964],[78.6145938119149,32.59810344456165],[78.60525920720981,32.591090245647166],[78.58770507139918,32.604574851012565],[78.5655138028623,32.6148459579281],[78.54284114832471,32.60894989543341],[78.52430758401141,32.60810413483452],[78.51532626781203,32.60405570374613],[78.50341521044673,32.58704960586754],[78.47556322251336,32.57917521950333],[78.45128282441335,32.57759855343608],[78.42766294175898,32.56336113030831],[78.41620041434412,32.543910982096335],[78.40782380757479,32.52660439467752],[78.40726791467512,32.52610031720888]]]]}}]}
